opis_id,name,city,state,lat,lon,price_per_gallon,source
10058,CITGO,Abbeville,AL,31.571840,-85.250490,3.399000,gazetteer
71578,RACETRAC #2595,Alabaster,AL,33.244280,-86.816380,2.999000,gazetteer
64581,SNEAD SHELL,Altoona,AL,34.026210,-86.326090,3.109000,gazetteer
68282,SUNSTOP #612,Andalusia,AL,31.308080,-86.482430,3.485667,gazetteer
60084,SUNSTOP #625,Ashford,AL,31.182960,-85.236320,3.599000,gazetteer
68476,CREEK TRAVEL PLAZA,Atmore,AL,31.023790,-87.493870,3.135667,gazetteer
66472,DIAMOND #21,Atmore,AL,31.023790,-87.493870,3.259000,gazetteer
66648,CHEVRON,Bessemer,AL,33.401780,-86.954440,3.099000,gazetteer
1621,CIRCLE K #2709337,Birmingham,AL,33.520660,-86.802490,3.489000,gazetteer
66399,CIRCLE K #2723672,Birmingham,AL,33.520660,-86.802490,3.699000,gazetteer
66036,FLYING J TRAVEL PLAZA #602,Birmingham,AL,33.520660,-86.802490,3.559000,gazetteer
4533,SPEEDWAY #1449,Birmingham,AL,33.520660,-86.802490,2.975667,gazetteer
63828,CIRCLE K #2723654,Boaz,AL,34.200650,-86.166370,3.519000,gazetteer
66640,Kent Kwik #928,Brent,AL,32.937350,-87.164720,3.099000,gazetteer
64706,CIRCLE K #2721571,Brewton,AL,31.105180,-87.072190,3.399000,gazetteer
67965,DIAMOND #7,Brewton,AL,31.105180,-87.072190,3.399000,gazetteer
64545,HOBO PANTRY #24,Brundidge,AL,31.720160,-85.816060,3.599000,gazetteer
63829,CALERA CHEVRON,Calera,AL,33.102900,-86.753600,3.199000,gazetteer
71628,QUIKTRIP #7171,Calera,AL,33.102900,-86.753600,2.999000,gazetteer
64546,GRUB MART #13,Centre,AL,34.152040,-85.678850,3.349000,gazetteer
66846,CIRCLE K #2723664,Childersburg,AL,33.278170,-86.354980,3.899000,gazetteer
4927,CIRCLE K #2704886,Clanton,AL,32.838740,-86.629430,3.207333,gazetteer
64592,LOVES TRAVEL STOP #368,Clanton,AL,32.838740,-86.629430,3.337333,gazetteer
64092,ONE9 #4555,Cottondale,AL,33.189563,-87.451670,2.932333,nominatim
71523,QUIKTRIP #7170,Cottondale,AL,33.189563,-87.451670,2.915667,nominatim
588,TA TUSCALOOSA TRAVEL CENTER,Cottondale,AL,33.189563,-87.451670,2.964000,nominatim
66410,SIBLEY FOOD FUEL,Courtland,AL,34.668980,-87.309460,3.399000,gazetteer
72563,RACEWAY #6991,Creola,AL,30.891850,-88.039720,2.949000,gazetteer
6701,JACKS TRUCK STOP,Cullman,AL,34.174820,-86.843610,3.999000,gazetteer
69153,Pilot Travel Center #1550,Cullman,AL,34.174820,-86.843610,3.859000,gazetteer
7492,Mobil dba One9 #1365,Cusseta,AL,32.784852,-85.305778,2.999000,nominatim
67804,SUNSTOP #616,Daleville,AL,31.310170,-85.712990,3.399000,gazetteer
60106,SUNSTOP #619,Daleville,AL,31.310170,-85.712990,3.399000,gazetteer
70122,Circle K #2709301,Decatur,AL,34.605930,-86.983340,3.899000,gazetteer
70420,Circle K #2709302,Decatur,AL,34.605930,-86.983340,3.507333,gazetteer
63523,PILOT TRAVEL CENTER #441,Decatur,AL,34.605930,-86.983340,3.859000,gazetteer
71631,RACEWAY #6891,Decatur,AL,34.605930,-86.983340,3.099000,gazetteer
71056,SPEEDWAY #1044,Decatur,AL,34.605930,-86.983340,3.425667,gazetteer
72647,RACEWAY #6972,Demopolis,AL,32.517640,-87.836400,3.077333,gazetteer
66845,CIRCLE K #2723643,Dothan,AL,31.223230,-85.390490,3.582333,gazetteer
67040,FLYING J TRAVEL PLAZA #603,Dothan,AL,31.223230,-85.390490,3.999000,gazetteer
3096,HOBO PANTRY #6,Dothan,AL,31.223230,-85.390490,3.959000,gazetteer
72885,RACEWAY #6960,Dothan,AL,31.223230,-85.390490,3.199000,gazetteer
64712,SUNSTOP #650,Dothan,AL,31.223230,-85.390490,3.412333,gazetteer
72219,QUICK FILL,Eastaboga,AL,33.605937,-86.021359,3.099000,nominatim
64713,GOOD TO GO,Enterprise,AL,31.315170,-85.855220,3.599000,gazetteer
60114,SUNSTOP #606,Enterprise,AL,31.315170,-85.855220,3.699000,gazetteer
70581,LOVES TRAVEL STOP #773,Eutaw,AL,32.840590,-87.887620,3.137333,gazetteer
66780,DIAMOND #20,Evergreen,AL,31.433500,-86.956920,3.399000,gazetteer
67325,LOVES TRAVEL STOP #225,Evergreen,AL,31.433500,-86.956920,3.339000,gazetteer
64554,FACKLER TEXACO TRUCK STOP,Fackler,AL,34.792583,-85.909977,3.199000,nominatim
52426,J MART #322,Falkville,AL,34.368430,-86.908620,3.199000,gazetteer
67127,LOVES TRAVEL STOP #381,Falkville,AL,34.368430,-86.908620,3.849000,gazetteer
72945,CIRCLE K #2707057,Foley,AL,30.406590,-87.683600,3.092333,gazetteer
72680,RACEWAY #6990,Foley,AL,30.406590,-87.683600,3.075667,gazetteer
66407,CIRCLE K #2723668,Fort Payne,AL,34.444250,-85.719690,3.649000,gazetteer
71111,MAPCO #5167,Fort Payne,AL,34.444250,-85.719690,3.479000,gazetteer
66273,PETRO STOPPING CENTER,Gadsden,AL,34.014340,-86.006390,3.999000,gazetteer
72309,Racetrac #2608,Gadsden,AL,34.014340,-86.006390,2.999000,gazetteer
71095,HOBO PANTRY #29,Gordon,AL,31.141292,-85.096597,3.659000,nominatim
6154,TA MOBILE TRAVEL CENTER,Grand Bay,AL,30.476310,-88.342230,3.135667,gazetteer
71623,Circle K #2706637,Grove Hill,AL,31.708770,-87.777220,3.719000,gazetteer
71199,LOVES TRAVEL STOP #814,Hamilton,AL,34.142320,-87.988640,3.555667,gazetteer
52365,MOORES SUPER STORE,Hamilton,AL,34.142320,-87.988640,3.799000,gazetteer
66900,DODGE CITY PETRO #397,Hanceville,AL,34.060650,-86.767500,3.919000,gazetteer
67344,DODGE CITY SHELL,Hanceville,AL,34.060650,-86.767500,3.952333,gazetteer
67718,SUNSTOP #622,Hartford,AL,31.102400,-85.696880,3.599000,gazetteer
60136,HOBO PANTRY #18,Headland,AL,31.351280,-85.342160,3.599000,gazetteer
6182,Exxon,Heflin,AL,33.648990,-85.587460,3.015667,gazetteer
71490,LOVES TRAVEL STOP #818,Heflin,AL,33.648990,-85.587460,3.207333,gazetteer
66897,FLYING J TRAVEL PLAZA #604,Hope Hull,AL,32.269863,-86.357192,3.309000,nominatim
70100,LOVES TRAVEL STOP #718,Hope Hull,AL,32.269863,-86.357192,3.265667,nominatim
70858,SPEEDWAY #1012,Hope Hull,AL,32.269863,-86.357192,3.052333,nominatim
4311,Saveway Truck Plaza,Hope Hull,AL,32.269863,-86.357192,3.139000,nominatim
69632,Circle K #2709300,Huntsville,AL,34.730400,-86.585940,2.977333,gazetteer
66673,MARATHON,Huntsville,AL,34.730400,-86.585940,2.979000,gazetteer
72477,Racetrac #2618,Huntsville,AL,34.730400,-86.585940,2.950667,gazetteer
72478,Racetrac #2621,Huntsville,AL,34.730400,-86.585940,3.099000,gazetteer
72721,Racetrac #2625,Huntsville,AL,34.730400,-86.585940,2.977333,gazetteer
71259,LOVES TRAVEL STOP #846,Irvington,AL,30.506862,-88.233892,3.165667,nominatim
71833,Circle K #2706636,Jackson,AL,31.509050,-87.894440,3.899000,gazetteer
3167,JASPER FOOD MART,Jasper,AL,33.831220,-87.277510,3.229000,gazetteer
68359,LOVES TRAVEL STOP #466,Jasper,AL,33.831220,-87.277510,3.555667,gazetteer
69930,CONCORDE TRAVEL CENTER,Jemison,AL,32.959850,-86.746650,3.299000,gazetteer
67848,JEMISON EXXON,Jemison,AL,32.959850,-86.746650,3.299000,gazetteer
2982,CIRCLE K #2723726,Knoxville,AL,33.591772,-85.897188,3.089000,nominatim
4826,I-20 Truck Stop,Lincoln,AL,33.613160,-86.118310,2.999000,gazetteer
69681,PILOT TRAVEL CENTER #1549,Lincoln,AL,33.613160,-86.118310,3.109000,gazetteer
67262,PILOT TRAVEL CENTER #497,Lincoln,AL,33.613160,-86.118310,3.109000,gazetteer
63517,TA LINCOLN TRAVEL CENTER,Lincoln,AL,33.613160,-86.118310,3.084000,gazetteer
72430,PATRIOT FUELING CENTER,Lineville,AL,33.310670,-85.754410,3.299000,gazetteer
52663,EXXON,Livingston,AL,32.584300,-88.187250,2.979000,gazetteer
72884,CEFCO #435,Loxley,AL,30.618250,-87.753050,3.025667,gazetteer
64484,LOVES TRAVEL STOP #206,Loxley,AL,30.618250,-87.753050,3.339000,gazetteer
70383,SPEEDWAY #4400,Loxley,AL,30.618250,-87.753050,3.282333,gazetteer
2204,NATURAL BRIDGE SHELL,Lynn,AL,34.047050,-87.549740,3.682333,gazetteer
69931,SHELL,Madison,AL,34.699260,-86.748330,3.349000,gazetteer
72981,Sprint Mart #2301,Madison,AL,34.699260,-86.748330,3.492333,gazetteer
60147,HOP-IN FOOD STORES,Maplesville,AL,32.788970,-86.873530,3.399000,gazetteer
66470,CIRCLE K #9068,Millbrook,AL,32.479860,-86.361920,3.215667,gazetteer
64569,LOVES TRAVEL STOP #624,Mobile,AL,30.694360,-88.043050,3.205667,gazetteer
52262,CIRCLE K #2721577,Monroeville,AL,31.527940,-87.324710,3.434000,gazetteer
72185,Circle K #2709332,Montgomery,AL,32.366810,-86.299970,3.259000,gazetteer
72818,QUIKTRIP #7174,Montgomery,AL,32.366810,-86.299970,2.999000,gazetteer
71519,SPEEDWAY #1506,Montgomery,AL,32.366810,-86.299970,3.042333,gazetteer
7635,TA MONTGOMERY TRAVEL CENTER,Montgomery,AL,32.366810,-86.299970,3.252333,gazetteer
69101,BROMPTON VALERO,Moody,AL,33.590940,-86.490820,3.122333,gazetteer
69059,LOVES TRAVEL STOP #530,Moody,AL,33.590940,-86.490820,3.175667,gazetteer
2889,MOULTON COWBOYS,Moulton,AL,34.481210,-87.293350,3.099000,gazetteer
72660,RACEWAY #6989,Moulton,AL,34.481210,-87.293350,3.049000,gazetteer
60145,OCS QUICK STOP,Mount Vernon,AL,31.085180,-88.013330,3.699000,gazetteer
64572,CIRCLE K #2723730,Northport,AL,33.229010,-87.577230,3.399000,gazetteer
9945,CIRCLE K #2706690,Opelika,AL,32.645410,-85.378280,2.999000,gazetteer
71311,CIRCLE K #708,Opelika,AL,32.645410,-85.378280,3.265667,gazetteer
71776,QUIKTRIP #7172,Opelika,AL,32.645410,-85.378280,2.999000,gazetteer
71941,RACETRAC #2628,Opelika,AL,32.645410,-85.378280,2.999000,gazetteer
66847,CIRCLE K #2723667,Oxford,AL,33.614270,-85.834960,2.999000,gazetteer
71249,RACETRAC #2589,Oxford,AL,33.614270,-85.834960,2.999000,gazetteer
69223,LOVES TRAVEL STOP #566,Ozark,AL,31.459060,-85.640490,3.989000,gazetteer
67798,SUNSTOP #631,Ozark,AL,31.459060,-85.640490,3.599000,gazetteer
908,CIRCLE K #2704888,Pelham,AL,33.285670,-86.809990,3.465667,gazetteer
72591,Quiktrip #7173,Pell City,AL,33.586210,-86.286090,2.999000,gazetteer
72302,TEXACO,Pennington,AL,32.207089,-88.056129,3.197333,nominatim
64578,MARATHON,Phenix City,AL,32.470980,-85.000770,3.249000,gazetteer
64715,CIRCLE K #2709067,Prattville,AL,32.464020,-86.459700,3.499000,gazetteer
5203,OASIS TRAVEL CENTER,Robertsdale,AL,30.553800,-87.711930,3.469000,gazetteer
72086,DELT EXPRESS,SAMSON,AL,31.112950,-86.046050,3.699000,gazetteer
72752,QUIKTRIP #7178,Saraland,AL,30.820740,-88.070560,2.957333,gazetteer
63628,PILOT TRAVEL CENTER #75,Satsuma,AL,30.853240,-88.056110,3.195000,gazetteer
66671,CIRCLE K #2723686,Scottsboro,AL,34.672310,-86.034150,3.265667,gazetteer
68849,Circle K #2706632,Selma,AL,32.407360,-87.021100,3.699000,gazetteer
66784,Texaco #384529,Selma,AL,32.407360,-87.021100,3.299000,gazetteer
69474,LOVES TRAVEL STOP #577,Shorter,AL,32.394861,-85.916902,3.220667,nominatim
46,PETRO STOPPING CENTER #348,Shorter,AL,32.394861,-85.916902,3.154000,nominatim
70643,LOVES TRAVEL STOP #774,Smiths Station,AL,32.540140,-85.098550,3.194000,gazetteer
67292,LOVES TRAVEL STOP #304,Steele,AL,33.939820,-86.201640,3.989000,gazetteer
67345,STEELE SERVICE STATION,Steele,AL,33.939820,-86.201640,3.889000,gazetteer
1699,ALLENS FOOD MART280,Sylacauga,AL,33.173170,-86.251640,3.799000,gazetteer
71870,Circle K #2706479,Sylacauga,AL,33.173170,-86.251640,3.799000,gazetteer
71622,Circle K #2706628,Theodore,AL,30.547690,-88.175280,3.392333,gazetteer
52048,PILOT TRAVEL CENTER #302,Theodore,AL,30.547690,-88.175280,3.159000,gazetteer
72877,QUIKTRIP #7177,Theodore,AL,30.547690,-88.175280,2.882333,gazetteer
68468,SHELL,Theodore,AL,30.547690,-88.175280,3.039000,gazetteer
64718,CUZZS,Thomasville,AL,31.913490,-87.735840,3.532333,gazetteer
71835,CUZZS TRAVEL DEPOT,Thomasville,AL,31.913490,-87.735840,3.599000,gazetteer
67824,CIRCLE K #2723641,Troy,AL,31.808770,-85.969950,3.799000,gazetteer
7636,PILOT TRAVEL CENTER #76,Tuscaloosa,AL,33.209840,-87.569170,2.999000,gazetteer
7629,ARNOLDS TRUCK STOP,Tuscumbia,AL,34.731200,-87.702530,3.169000,gazetteer
69239,LOVES TRAVEL STOP #580,Tuscumbia,AL,34.731200,-87.702530,3.849000,gazetteer
3155,QUIK MART #18,Tuscumbia,AL,34.731200,-87.702530,3.007333,gazetteer
72761,RACETRAC #2629,Tuscumbia,AL,34.731200,-87.702530,2.999000,gazetteer
52557,SPRINT MART #40,Tuscumbia,AL,34.731200,-87.702530,3.189000,gazetteer
6927,TORCH 85 TRUCK PLAZA,Tuskegee,AL,32.424150,-85.690960,3.272333,gazetteer
64719,CIRCLE K #2706697,Valley,AL,32.818740,-85.179390,3.399000,gazetteer
72861,SPRINT MART #4143,Vance,AL,33.174280,-87.233610,3.059000,gazetteer
71007,HAYDEN TRAVEL CENTER,Warrior,AL,33.814270,-86.809440,3.129000,gazetteer
70700,PATRIOT FUELING CENTER,Wetumpka,AL,32.543740,-86.211910,3.199000,gazetteer
66785,WINFIELD TRUCK STOP,Winfield,AL,33.928990,-87.817250,3.659000,gazetteer
52366,ALMA TRAVEL MART,Alma,AR,35.477870,-94.221880,3.332333,gazetteer
70144,LOVES TRAVEL STOP #635,Alma,AR,35.477870,-94.221880,3.459000,gazetteer
67122,WORKMANS TRAVEL CENTER,Alma,AR,35.477870,-94.221880,3.372333,gazetteer
5999,PILOT TRAVEL CENTER #492,Arkadelphia,AR,34.120930,-93.053780,3.499000,gazetteer
10065,ROAD MART,Ashdown,AR,33.674290,-94.131310,3.299000,gazetteer
66879,TA EXPRESS,Atkins,AR,35.246470,-92.936560,3.340667,gazetteer
67425,LITTLEFIELD EXPRESS #15,Bald Knob,AR,35.309810,-91.567910,3.309000,gazetteer
3221,Southern Travel Plaza,Bald Knob,AR,35.309810,-91.567910,3.391000,gazetteer
6111,HAWGS EXXON,Batesville,AR,35.769800,-91.640970,3.359000,gazetteer
72801,CASEYS #4388,Beebe,AR,35.070640,-91.879590,3.189000,gazetteer
67875,EXXON TIGER MART,Beebe,AR,35.070640,-91.879590,3.299000,gazetteer
64679,PILOT TRAVEL CENTERS #118,Benton,AR,34.564540,-92.586830,3.199000,gazetteer
67849,KUM & GO #0379,Black Rock,AR,36.108400,-91.097350,3.199000,gazetteer
66449,CITGO,Blytheville,AR,35.927300,-89.918980,3.389000,gazetteer
69786,LOVES TRAVEL STOP #671,Blytheville,AR,35.927300,-89.918980,3.455667,gazetteer
63854,E-Z MART #4437,Boles,AR,34.779546,-94.049096,3.299000,nominatim
64721,FLASH MARKET #17049,Brinkley,AR,34.887870,-91.194570,3.179000,gazetteer
71830,One9 #1330,Brinkley,AR,34.887870,-91.194570,3.199000,gazetteer
70718,ROAD RANGER #278,Brinkley,AR,34.887870,-91.194570,3.199000,gazetteer
66746,CASEYS #4246,Bryant,AR,34.595930,-92.489050,3.032333,gazetteer
64599,PONY EXPRESS TRAVEL PLAZA #6,Cabot,AR,34.974530,-92.016530,3.499000,gazetteer
63836,Double Bees #109,Carlisle,AR,34.783150,-91.746520,3.139000,gazetteer
72181,LITTLEFIELD EXPRESS #7,Cave City,AR,35.941740,-91.548470,3.349000,gazetteer
64600,Caseys #4552,Clarksville,AR,35.471470,-93.466570,3.244000,gazetteer
71661,Loves Travel Stop #822,Clarksville,AR,35.471470,-93.466570,3.392333,gazetteer
62097,FLASH MARKET #17046,Clinton,AR,35.591470,-92.460440,3.239000,gazetteer
68469,8 MILE STORE,Conway,AR,35.088700,-92.442100,3.399000,gazetteer
936,CASEYS #4254,Conway,AR,35.088700,-92.442100,3.032333,gazetteer
70421,CASEYS #3581,Corning,AR,36.407840,-90.579830,3.282333,gazetteer
64723,CASHS #4470,Dumas,AR,33.887050,-91.491790,3.209000,gazetteer
3264,TA WEST MEMPHIS TRAVEL CENTER,Earle,AR,35.275090,-90.466770,3.367333,gazetteer
52052,EXPRESSWAY MOBIL,El Dorado,AR,33.207630,-92.666270,3.599000,gazetteer
4006,MISSILE MART #1,El Dorado,AR,33.207630,-92.666270,3.499000,gazetteer
66392,MISSILE MART #10,El Dorado,AR,33.207630,-92.666270,3.499000,gazetteer
64724,TOBOS TRAVEL CENTER,Fayetteville,AR,36.062580,-94.157430,3.349000,gazetteer
71518,SPEEDWAY/7Fleet #9305,Forrest City,AR,35.008150,-90.789830,3.174000,gazetteer
28,LITTLEFIELD EXPRESS #2,Fort Smith,AR,35.385920,-94.398550,3.399000,gazetteer
60635,EXXON ON THE RUN,Gassville,AR,36.283120,-92.494050,3.695000,gazetteer
63642,COLTS QUICK DRAW,Greenbrier,AR,35.233970,-92.387650,3.307333,gazetteer
5554,Southfork TRUCK STOP,Gurdon,AR,33.920940,-93.154060,3.459000,gazetteer
68007,Highland oil,Hardy,AR,36.315900,-91.482640,3.269000,gazetteer
68277,WHITE OAK STATION #15,Harrison,AR,36.229790,-93.107680,3.599000,gazetteer
70493,LOVES TRAVEL STOP #759,Hazen,AR,34.780930,-91.580970,3.225667,gazetteer
66428,SHELL,Hensley,AR,34.505372,-92.205704,3.589000,nominatim
64610,KINGS RIVER COUNTRY STORE,Huntsville,AR,36.086190,-93.741300,3.265667,gazetteer
71211,KUM & GO #0138,Jacksonville,AR,34.866200,-92.110150,3.099000,gazetteer
69483,LOVES TRAVEL STOP #607,Jonesboro,AR,35.842300,-90.704280,3.439000,gazetteer
71713,Pilot Dealer #1383,Jonesboro,AR,35.842300,-90.704280,3.439000,gazetteer
66376,SUBS AND GRUBS,Jonesboro,AR,35.842300,-90.704280,3.389000,gazetteer
72990,TA Express Jonesboro,Jonesboro,AR,35.842300,-90.704280,3.392333,gazetteer
72626,MFA OIL,Lake City,AR,35.816190,-90.434270,3.399000,gazetteer
70495,LOVES TRAVEL STOP #689,Lake Village,AR,33.328730,-91.281780,3.269000,gazetteer
66349,CIRCLE K #2741796,Little Rock,AR,34.746480,-92.289590,3.365667,gazetteer
67818,LOVES TRAVEL STOP #457,Little Rock,AR,34.746480,-92.289590,3.242333,gazetteer
71379,QUIKTRIP #7211,Little Rock,AR,34.746480,-92.289590,3.049000,gazetteer
66786,Circle K #2741791,Lonoke,AR,34.783980,-91.899860,3.139000,gazetteer
70179,WORKMANS TRAVEL CENTER,Lowell,AR,36.255350,-94.130760,3.402333,gazetteer
63841,MAGNOLIA TRAVEL CENTER,Magnolia,AR,33.267070,-93.239330,3.599000,gazetteer
68434,Circle K #2741789,Malvern,AR,34.362310,-92.812950,3.439000,gazetteer
6864,JJS TRUCK STOP,Malvern,AR,34.362310,-92.812950,3.315667,gazetteer
70620,LOVES TRAVEL STOP #779,Malvern,AR,34.362310,-92.812950,3.499000,gazetteer
6309,WINNERS CIRCLE #1,Malvern,AR,34.362310,-92.812950,3.352333,gazetteer
63846,71 EXPRESS,Mansfield,AR,35.059540,-94.252710,3.332333,gazetteer
63313,MARION TRAVEL CENTER,Marion,AR,35.214530,-90.196480,3.199000,gazetteer
68890,Circle K #2741795,Maumelle,AR,34.866760,-92.404320,3.185667,gazetteer
559,SHELL MORGAN ROAD TRUCK STOP,Maumelle,AR,34.866760,-92.404320,3.207333,gazetteer
68008,FAST LANE #3,Mc Crory,AR,35.256200,-91.200120,3.399000,fuzzy
52401,LOVES TRAVEL STOP #267,Morrilton,AR,35.150920,-92.744050,3.360667,gazetteer
63803,KOUNTRY XPRESS,Mulberry,AR,35.500640,-94.051590,3.272333,gazetteer
3759,EXXON,Newport,AR,35.604800,-91.281800,4.132333,gazetteer
72959,JORDANS #75,Newport,AR,35.604800,-91.281800,3.299000,gazetteer
69049,CIRCLE K #2741787,North Little Rock,AR,34.769540,-92.267090,3.369000,gazetteer
52601,LOVES TRAVEL STOP #236,North Little Rock,AR,34.769540,-92.267090,3.220667,gazetteer
6755,PETRO STOPPING CENTER #326,North Little Rock,AR,34.769540,-92.267090,3.207333,gazetteer
52458,PILOT TRAVEL CENTER #332,North Little Rock,AR,34.769540,-92.267090,3.237000,gazetteer
71391,QUIKTRIP #7210,North Little Rock,AR,34.769540,-92.267090,3.049000,gazetteer
2209,Roadrunner #471,North Little Rock,AR,34.769540,-92.267090,3.032333,gazetteer
3316,TRUCKOMAT OF N LITTLE ROCK,North Little Rock,AR,34.769540,-92.267090,3.249000,gazetteer
72610,JORDANS KWIK STOP #6,Osceola,AR,35.705080,-89.969530,3.012333,gazetteer
64617,SHELL,Osceola,AR,35.705080,-89.969530,2.999000,gazetteer
52558,LOVES TRAVEL STOP #271,Ozark,AR,35.487030,-93.827700,3.392333,gazetteer
68369,WORKMANS TRAVEL CENTER,Ozark,AR,35.487030,-93.827700,3.297333,gazetteer
71945,DK #13904,Palestine,AR,34.972320,-90.902620,3.015667,gazetteer
52685,LOVES TRAVEL STOP #275,Palestine,AR,34.972320,-90.902620,3.315667,gazetteer
70096,LOVES TRAVEL STOP #661,Pine Bluff,AR,34.228430,-92.003200,3.319000,gazetteer
72157,JORDANS KWIK STOP #52,Pocahontas,AR,36.261460,-90.971230,3.312333,gazetteer
72156,JORDANS KWIK STOP #5,Portia,AR,36.086489,-91.067194,3.375667,nominatim
63690,LOVES TRAVEL STOP #277,Prescott,AR,33.802610,-93.381010,3.475667,gazetteer
72667,LOVES TRAVEL STOP #884,Prescott,AR,33.802610,-93.381010,3.475667,gazetteer
67371,PARAMOUNT TRAVEL PLAZA,Prescott,AR,33.802610,-93.381010,3.379000,gazetteer
66037,TA PRESCOTT TRAVEL CENTER,Prescott,AR,33.802610,-93.381010,3.502333,gazetteer
71213,KUM & GO #0429,Rogers,AR,36.332020,-94.118540,3.009000,gazetteer
70752,CASEYS #3755,Russellville,AR,35.278420,-93.133790,3.419000,gazetteer
52465,FLYING J TRAVEL PLAZA #605,Russellville,AR,35.278420,-93.133790,3.369000,gazetteer
4035,PILOT TRAVEL CENTER #430,Russellville,AR,35.278420,-93.133790,3.375000,gazetteer
69152,LOVES TRAVEL STOP #557,Searcy,AR,35.250640,-91.736250,3.362333,gazetteer
71965,CIRCLE K #2709989,Sheridan,AR,34.307040,-92.401270,3.599000,gazetteer
68480,KUM & GO #0414,Springdale,AR,36.186740,-94.128810,3.142333,gazetteer
71212,KUM & GO #0426,Springdale,AR,36.186740,-94.128810,3.149000,gazetteer
52683,PILOT TRAVEL CENTERS #145,Springdale,AR,36.186740,-94.128810,3.459000,gazetteer
66683,SUPERSTOP Shell,Stuttgart,AR,34.500370,-91.552630,3.415667,gazetteer
63848,CIRCLE K #2706345,Texarkana,AR,33.441790,-94.037690,3.479000,gazetteer
71944,DK #13903,Texarkana,AR,33.441790,-94.037690,3.040667,gazetteer
67823,FLASH MARKET #17032,Trumann,AR,35.673690,-90.507330,3.407333,gazetteer
67892,TURRELL FUEL STOP,Turrell,AR,35.379810,-90.257870,3.465667,gazetteer
72008,CASHS #4469,Warren,AR,33.612610,-92.064580,3.499000,gazetteer
3737,JORDAN'S KWIK STOP #70,West Helena,AR,34.550660,-90.641770,3.399000,gazetteer
10077,FLYING J TRAVEL PLAZA #607,West Memphis,AR,35.146480,-90.184540,3.150667,gazetteer
253,LOVES TRAVEL STOP #450,West Memphis,AR,35.146480,-90.184540,3.325667,gazetteer
195,PETRO STOPPING CENTER #311,West Memphis,AR,35.146480,-90.184540,3.367333,gazetteer
906,PILOT TRAVEL CENTER #429,West Memphis,AR,35.146480,-90.184540,3.291000,gazetteer
72503,QUIKTRIP #7151,West Memphis,AR,35.146480,-90.184540,2.999000,gazetteer
66348,PIT STOP,Wheatley,AR,34.913700,-91.109501,2.999000,nominatim
67676,VALERO,White Hall,AR,34.273990,-92.090980,3.165667,gazetteer
73013,247 TRUCK STOP,Widener,AR,35.023168,-90.683544,2.999000,nominatim
71413,Flyers #3216,Apache Junction,AZ,33.415050,-111.549580,3.422333,gazetteer
72724,ONE9 #484,Ash Fork,AZ,35.224303,-112.483968,3.329000,nominatim
66022,PILOT TRAVEL CENTER #459,Avondale,AZ,33.435600,-112.349600,3.587000,gazetteer
63850,PILOT TRAVEL CENTER #180,Bellemont,AZ,35.237344,-111.820629,3.609000,nominatim
63855,LOVES TRAVEL STOP #460,Benson,AZ,31.967860,-110.294520,3.279000,gazetteer
72499,Bowie Travel Center Chevron dba One9 #1411,Bowie,AZ,32.326261,-109.487014,3.014000,nominatim
67393,LOVES TRAVEL STOP #280,Buckeye,AZ,33.370320,-112.583780,3.569000,gazetteer
68874,QUIKTRIP #492,Buckeye,AZ,33.370320,-112.583780,3.369000,gazetteer
68268,SPEED SMART,Buckeye,AZ,33.370320,-112.583780,3.372333,gazetteer
71412,FLYERS #3215,Chandler,AZ,33.306160,-111.841250,3.352333,gazetteer
71411,Flyers #3214,Chandler,AZ,33.306160,-111.841250,3.352333,gazetteer
66858,LOVES TRAVEL STOP #328,Chandler,AZ,33.306160,-111.841250,3.469000,gazetteer
73079,PILOT #1433,Chandler,AZ,33.306160,-111.841250,3.499000,gazetteer
72112,Flyers #3219,Claypool,AZ,33.411170,-110.842610,3.849000,gazetteer
71271,MAVERIK COUNTRY STORE #672,Dewey,AZ,34.529755,-112.242115,3.219000,nominatim
6351,FLYING J TRAVEL PLAZA #608,Ehrenberg,AZ,33.604190,-114.525230,3.959000,gazetteer
66400,PWI #640,Ehrenberg,AZ,33.604190,-114.525230,3.359000,gazetteer
9941,FLYING J TRAVEL PLAZA #609,Eloy,AZ,32.755900,-111.554840,3.452333,gazetteer
63732,LOVES TRAVEL STOP #265,Eloy,AZ,32.755900,-111.554840,3.434000,gazetteer
71123,ONE9 XPRESS FUEL #1264,Eloy,AZ,32.755900,-111.554840,3.139000,gazetteer
5414,One9 #1216,Eloy,AZ,32.755900,-111.554840,3.199000,gazetteer
121,PETRO STOPPING CENTER #306,Eloy,AZ,32.755900,-111.554840,3.474000,gazetteer
64681,PILOT TRAVEL CENTER #458,Eloy,AZ,32.755900,-111.554840,3.439000,gazetteer
567,TA ELOY TRAVEL CENTER,Eloy,AZ,32.755900,-111.554840,3.459000,gazetteer
63802,CARTERS TRAVEL CENTER,Flagstaff,AZ,35.198070,-111.651270,3.689000,gazetteer
71890,Carter Flagstaff Cardlock (Bulk Plant),Flagstaff,AZ,35.198070,-111.651270,3.689000,gazetteer
6593,LITTLE AMERICA TRAVEL CENTER,Flagstaff,AZ,35.198070,-111.651270,3.539000,gazetteer
71250,NAVAJO BLUE TRAVEL CENTER,Flagstaff,AZ,35.198070,-111.651270,3.609000,gazetteer
63565,LOVES TRAVEL STOP #296,Gila Bend,AZ,32.947820,-112.716830,3.889000,gazetteer
20,PILOT TRAVEL CENTER #1243,Gila Bend,AZ,32.947820,-112.716830,3.899000,gazetteer
60650,SHELL DBA ONE9 #1244,Gila Bend,AZ,32.947820,-112.716830,3.259000,gazetteer
70677,PAC PRIDE,Glendale,AZ,33.538650,-112.185990,4.024000,gazetteer
52236,CHEVRON,Globe,AZ,33.394220,-110.786500,4.299000,gazetteer
7615,HOPI TRAVEL PLAZA CONOCO DBA ONE9 #1270,Holbrook,AZ,34.902250,-110.158180,3.139000,gazetteer
72466,Holbrook Cardlock,Holbrook,AZ,34.902250,-110.158180,3.232333,gazetteer
68979,MAVERIK COUNTRY STORE #478,Holbrook,AZ,34.902250,-110.158180,3.224000,gazetteer
68814,TA HOLBROOK,Holbrook,AZ,34.902250,-110.158180,3.655667,gazetteer
52686,LOVES TRAVEL STOP #278,Joseph City,AZ,34.955860,-110.334010,3.607333,gazetteer
5060,CRAZY FREDS TRUCK SHOP,Kingman,AZ,35.189440,-114.053010,3.539000,gazetteer
7705,FLYING J TRAVEL PLAZA #610,Kingman,AZ,35.189440,-114.053010,3.882333,gazetteer
66040,LOVES TRAVEL STOP #272,Kingman,AZ,35.189440,-114.053010,3.855667,gazetteer
1861,PETRO STOPPING CENTER #315,Kingman,AZ,35.189440,-114.053010,3.899000,gazetteer
4169,TA KINGMAN TRAVEL CENTER,Kingman,AZ,35.189440,-114.053010,3.899000,gazetteer
5419,USA TRAVEL CENTER,Kingman,AZ,35.189440,-114.053010,3.399000,gazetteer
67243,LOVES TRAVEL STOP #386,Lake Havasu City,AZ,34.483900,-114.322450,3.922333,gazetteer
63572,PILOT TRAVEL CENTER #211,Lake Havasu City,AZ,34.483900,-114.322450,3.849000,gazetteer
72796,PILOT DEALER #1399,Litchfield Park,AZ,33.493370,-112.357940,3.584000,gazetteer
70359,PILOT # 1185,Littlefield,AZ,36.884284,-113.936336,3.689000,nominatim
72719,TA EXPRESS LITTLEFIELD,Littlefield,AZ,36.884284,-113.936336,3.679000,nominatim
118,Lupton Truck Stop #567,Lupton,AZ,35.353913,-109.053701,3.299000,nominatim
72645,MAVERIK #723,Marana,AZ,32.436740,-111.225380,3.045667,gazetteer
71030,QUIKTRIP #1469,Marana,AZ,32.436740,-111.225380,3.062333,gazetteer
71047,LOVES TRAVEL STOP #722,Mayer,AZ,34.397810,-112.236270,3.680667,gazetteer
63856,PILOT TRAVEL CENTER #1175,Mayer,AZ,34.397810,-112.236270,3.691500,gazetteer
71410,Flyers #3213,Mesa,AZ,33.422270,-111.822640,3.352333,gazetteer
70673,PAC PRIDE,Mesa,AZ,33.422270,-111.822640,4.024000,gazetteer
70681,PETRO STOP,Mesa,AZ,33.422270,-111.822640,4.015667,gazetteer
72668,LOVES TRAVEL STOP #350,Nogales,AZ,31.340380,-110.934250,3.609000,gazetteer
68798,PILOT DEALER #1179,Nogales,AZ,31.340380,-110.934250,4.249000,gazetteer
71642,MAVERIK COUNTRY STORE #398,Page,AZ,36.914720,-111.455830,3.455667,gazetteer
70714,PILOT TRAVEL CENTER #1281,Page,AZ,36.914720,-111.455830,3.999000,gazetteer
71889,Payson Cardlock,Payson,AZ,34.230870,-111.325140,3.709000,gazetteer
71641,76,Phoenix,AZ,33.448380,-112.074040,3.232333,gazetteer
69912,AMPM,Phoenix,AZ,33.448380,-112.074040,3.282333,gazetteer
970,CIRCLE K #2702885,Phoenix,AZ,33.448380,-112.074040,3.392333,gazetteer
66424,CIRCLE K #2741652,Phoenix,AZ,33.448380,-112.074040,3.369000,gazetteer
68016,Chevron #386730,Phoenix,AZ,33.448380,-112.074040,3.299000,gazetteer
72947,Circle K #9556,Phoenix,AZ,33.448380,-112.074040,3.385667,gazetteer
71405,FLYERS #3201,Phoenix,AZ,33.448380,-112.074040,3.369000,gazetteer
71406,FLYERS #3203,Phoenix,AZ,33.448380,-112.074040,3.319000,gazetteer
71407,FLYERS #3204,Phoenix,AZ,33.448380,-112.074040,3.352333,gazetteer
63720,FLYING J TRAVEL PLAZA #611,Phoenix,AZ,33.448380,-112.074040,3.589000,gazetteer
70313,Flyer's #3207,Phoenix,AZ,33.448380,-112.074040,3.389000,gazetteer
71404,Flyers #3200,Phoenix,AZ,33.448380,-112.074040,3.352333,gazetteer
69933,Flyers #3202,Phoenix,AZ,33.448380,-112.074040,3.369000,gazetteer
71408,Flyers #3205,Phoenix,AZ,33.448380,-112.074040,3.382333,gazetteer
70676,PAC PRIDE,Phoenix,AZ,33.448380,-112.074040,4.036500,gazetteer
70679,PAC PRIDE,Phoenix,AZ,33.448380,-112.074040,4.024000,gazetteer
70680,PAC PRIDE,Phoenix,AZ,33.448380,-112.074040,4.024000,gazetteer
70300,PILOT #1194,Phoenix,AZ,33.448380,-112.074040,6.039000,gazetteer
71378,QUIKTRIP #1410,Phoenix,AZ,33.448380,-112.074040,3.369000,gazetteer
71429,QUIKTRIP #1432,Phoenix,AZ,33.448380,-112.074040,3.369000,gazetteer
67417,QUIKTRIP #444,Phoenix,AZ,33.448380,-112.074040,3.369000,gazetteer
71779,TCI PHOENIX,Phoenix,AZ,33.448380,-112.074040,2.922333,gazetteer
68017,TEXACO,Prescott,AZ,34.540020,-112.468500,3.739000,gazetteer
69646,Arco dba One9 #1258,Quartzsite,AZ,33.663910,-114.229950,3.359000,gazetteer
52687,LOVES TRAVEL STOP #286,Quartzsite,AZ,33.663910,-114.229950,3.949000,gazetteer
977,PILOT TRAVEL CENTER #328,Quartzsite,AZ,33.663910,-114.229950,3.959000,gazetteer
63636,PILOT TRAVEL CENTER #279,Rio Rico,AZ,31.471480,-110.976480,3.614000,gazetteer
71603,FLYERS #3223,Safford,AZ,32.833950,-109.707580,3.862333,gazetteer
67044,PILOT TRAVEL CENTER #1212,Salome,AZ,33.781140,-113.614650,3.959000,gazetteer
52628,Pride Travel Center dba One9 #1215,Salome,AZ,33.781140,-113.614650,3.359000,gazetteer
70654,PILOT #1269,San Simon,AZ,32.266512,-109.227061,3.309000,nominatim
5391,PWI #605,San Simon,AZ,32.266512,-109.227061,2.959000,nominatim
72475,Express 24,Show Low,AZ,34.254210,-110.029830,3.299000,gazetteer
69938,MAVERIK COUNTRY STORE #388,Show Low,AZ,34.254210,-110.029830,3.229000,gazetteer
73051,CIRCLE K #2709540,Sierra Vista,AZ,31.554540,-110.303690,3.629000,gazetteer
72468,Springerville Cardlock,Springerville,AZ,34.133550,-109.288340,3.259000,gazetteer
71402,FIREBIRD FUEL #6196,Surprise,AZ,33.630590,-112.333220,3.383000,gazetteer
70560,PILOT DEALER #1235,Tacna,AZ,32.697550,-113.953540,3.599000,gazetteer
70422,CIRCLE K #2741675,Tolleson,AZ,33.450040,-112.259320,3.519000,gazetteer
69741,LOVES TRAVEL STOP #659,Tolleson,AZ,33.450040,-112.259320,3.569000,gazetteer
60191,PILOT #1180,Tonopah,AZ,33.493804,-112.936905,3.899000,nominatim
2848,TA TONOPAH TRAVEL CENTER,Tonopah,AZ,33.493804,-112.936905,3.939000,nominatim
71416,FLYERS #3225,Tucson,AZ,32.221740,-110.926480,3.359000,gazetteer
71417,Flyers #3227,Tucson,AZ,32.221740,-110.926480,3.355667,gazetteer
69995,PILOT EXPRESS #1178,Tucson,AZ,32.221740,-110.926480,3.219000,gazetteer
68947,PILOT TRAVEL CENTER #593,Tucson,AZ,32.221740,-110.926480,3.302333,gazetteer
73066,QUIKTRIP #1499,Tucson,AZ,32.221740,-110.926480,3.062333,gazetteer
71418,Quick Fuel #3228,Tucson,AZ,32.221740,-110.926480,3.362333,gazetteer
7617,TUCSON TRUCK TERMINAL,Tucson,AZ,32.221740,-110.926480,3.222333,gazetteer
69052,PILOT DEALER #1193,Wikieup,AZ,34.703346,-113.611364,3.839000,nominatim
72574,Loves Travel Stop #831,Willcox,AZ,32.252850,-109.832010,3.332333,gazetteer
52581,TA WILLCOX TRAVEL CENTER,Willcox,AZ,32.252850,-109.832010,3.282333,gazetteer
7624,WILLCOX TRUCK PLAZA,Willcox,AZ,32.252850,-109.832010,3.340667,gazetteer
69426,LOVES TRAVEL STOP #553,Williams,AZ,35.249460,-112.191000,3.595667,gazetteer
72044,Maverik Country Store #709,Williams,AZ,35.249460,-112.191000,3.219000,gazetteer
71242,LAST STOP TRAVEL CENTER,Willow Beach,AZ,35.869780,-114.660065,3.495667,nominatim
70563,PILOT DEALER #1234,Willow Beach,AZ,35.869780,-114.660065,3.839000,nominatim
70916,TA Express White Hills,Willow Beach,AZ,35.869780,-114.660065,3.779000,nominatim
52516,FLYING J TRAVEL PLAZA #612,Winslow,AZ,35.024190,-110.697360,3.624000,gazetteer
69799,MAVERIK COUNTRY STORE #387,Winslow,AZ,35.024190,-110.697360,3.235667,gazetteer
72723,ONE9 #1362,Winslow,AZ,35.024190,-110.697360,3.225667,gazetteer
69053,PILOT #1192,Wittmann,AZ,33.776420,-112.528500,4.899000,gazetteer
72715,FLYING J TRAVEL PLAZA #1372,Yucca,AZ,34.872667,-114.149858,3.849000,nominatim
71281,Pride (One9 Fuel Network) #1213,Yucca,AZ,34.872667,-114.149858,3.559000,nominatim
982,CIRCLE K #2701948,Yuma,AZ,32.725320,-114.624400,3.565667,gazetteer
387,Circle K #2709664,Yuma,AZ,32.725320,-114.624400,3.489000,gazetteer
66955,LOVES TRAVEL STOP #349,Yuma,AZ,32.725320,-114.624400,3.502333,gazetteer
72871,Maverik #727,Yuma,AZ,32.725320,-114.624400,3.179000,gazetteer
52233,SPEEDWAY #2953,Yuma,AZ,32.725320,-114.624400,3.465667,gazetteer
2851,SPEEDWAY #2958,Yuma,AZ,32.725320,-114.624400,3.479000,gazetteer
70321,PILOT TRAVEL CENTER #1132,Brawley,CA,32.978660,-115.530270,4.759000,gazetteer
66475,SPEEDWAY #4346,Calexico,CA,32.678950,-115.498880,4.799000,gazetteer
73078,Shelee's Travel Center,Coachella,CA,33.680300,-116.173890,3.949000,gazetteer
10085,EL CENTRO TRAVEL CENTER,El Centro,CA,32.792000,-115.563050,4.499000,gazetteer
71543,THE SOCO GROUP #4,El Centro,CA,32.792000,-115.563050,4.839000,gazetteer
72368,CHEVRON #352416,Jacumba,CA,32.618585,-116.187466,6.399000,nominatim
67669,CHEVRON DBA ONE9 #1271,Thermal,CA,33.640300,-116.139450,4.259000,gazetteer
70452,LOVES TRAVEL STOP #749,Westmorland,CA,33.037270,-115.621380,4.779000,gazetteer
469,LOAF N JUG #750010,Alamosa,CO,37.469450,-105.870020,3.259000,gazetteer
71625,MAVERIK COUNTRY STORE #679,Alamosa,CO,37.469450,-105.870020,3.349000,gazetteer
198,SINCLAIR,Atwood,CO,40.547762,-103.269657,3.299000,nominatim
52646,FLYING J TRAVEL PLAZA #619,Aurora,CO,39.729430,-104.831920,3.392333,gazetteer
70012,MAVERIK COUNTRY STORE #549,Aurora,CO,39.729430,-104.831920,3.185667,gazetteer
67624,LOVES TRAVEL STOP #300,Bennett,CO,39.758870,-104.427460,3.325667,gazetteer
72486,QUIKTRIP #4216,Bennett,CO,39.758870,-104.427460,3.199000,gazetteer
70280,LOVES TRAVEL STOP #668,Berthoud,CO,40.308320,-105.081090,3.390667,gazetteer
71377,7-ELEVEN #38485,Brighton,CO,39.985260,-104.820530,3.599000,gazetteer
72572,GOOD 2 GO #713 DBA ONE9 #1432,Brighton,CO,39.985260,-104.820530,3.199000,gazetteer
71214,MAVERIK #5317,Brighton,CO,39.985260,-104.820530,3.234000,gazetteer
7553,BRUSH TRAVEL PLAZA,Brush,CO,40.258870,-103.623840,3.699000,gazetteer
70104,LOVES TRAVEL STOP #649,Brush,CO,40.258870,-103.623840,4.089000,gazetteer
66527,TA EXPRESS #648,Brush,CO,40.258870,-103.623840,4.099000,gazetteer
3772,Brake Time Corner Market,Burlington,CO,39.306110,-102.269360,3.499000,gazetteer
69653,LOVES TRAVEL STOP #644,Burlington,CO,39.306110,-102.269360,3.889000,gazetteer
3774,SINCLAIR,Burlington,CO,39.306110,-102.269360,3.889000,gazetteer
72648,Loves Travel Stop #873,Canon City,CO,38.440980,-105.242450,3.509000,gazetteer
67908,CIRCLE K #2744062,Colorado City,CO,37.945290,-104.835260,3.349000,gazetteer
3817,FAST MARKET,Colorado Springs,CO,38.833880,-104.821360,3.159000,gazetteer
70239,GOOD 2 GO #717,Colorado Springs,CO,38.833880,-104.821360,3.479000,gazetteer
72963,MAVERIK #5358,Colorado Springs,CO,38.833880,-104.821360,3.330667,gazetteer
73068,MAVERIK #5369,Colorado Springs,CO,38.833880,-104.821360,3.499000,gazetteer
70404,MAVERIK COUNTRY STORE #602,Colorado Springs,CO,38.833880,-104.821360,3.289000,gazetteer
70494,7-ELEVEN #37570,Commerce City,CO,39.808320,-104.933870,3.639000,gazetteer
63870,CIRCLE K #2744074,Commerce City,CO,39.808320,-104.933870,3.455667,gazetteer
1623,SAPP BROS TRAVEL CENTER,Commerce City,CO,39.808320,-104.933870,3.389000,gazetteer
63630,TA DENVER EAST TRAVEL CENTER,Commerce City,CO,39.808320,-104.933870,3.375667,gazetteer
72791,LOVES TRAVEL STOP #850,Cortez,CO,37.348880,-108.585930,3.482333,gazetteer
70177,MAVERIK COUNTRY STORE #497,Cortez,CO,37.348880,-108.585930,3.415667,gazetteer
69845,Maverik Country Store #5013,Craig,CO,40.515250,-107.546450,3.459000,gazetteer
3781,REATTA TRAVEL STOP,Crook,CO,40.857802,-102.801187,3.382333,nominatim
67886,MAVERIK #5200,De Beque,CO,39.334775,-108.215286,3.442333,nominatim
3783,CIRCLE K #2744095,Denver,CO,39.739150,-104.984700,3.299000,gazetteer
72419,Denver 39th Ave Cardlock,Denver,CO,39.739150,-104.984700,3.490667,gazetteer
72681,MAVERIK #691,Denver,CO,39.739150,-104.984700,3.284000,gazetteer
72788,MAVERIK #700,Denver,CO,39.739150,-104.984700,3.289000,gazetteer
85,DOWNIEVILLE FUEL STOP,Dumont,CO,39.764689,-105.600337,3.459000,nominatim
71653,MAVERIK COUNTRY STORE #701,Durango,CO,37.275280,-107.880070,3.299000,gazetteer
69835,LOVES TRAVEL STOP #653,Eads,CO,38.480560,-102.781860,3.475667,gazetteer
71542,CIRCLE K #2706625,Eaton,CO,40.530260,-104.711350,3.399000,gazetteer
72561,7-ELEVEN #38638,Erie,CO,40.050260,-105.049980,3.399000,gazetteer
2644,FREDERICKS TRAVEL CENTER,Erie,CO,40.050260,-105.049980,3.499000,gazetteer
748,QUIKTRIP #4231,Evans,CO,40.376370,-104.692190,3.172333,gazetteer
72644,MAVERIK COUNTRY STORE #642,Fort Collins,CO,40.585260,-105.084420,3.259000,gazetteer
67779,REATA PETROLEUM,Fort Morgan,CO,40.250260,-103.799950,3.439000,gazetteer
6734,TOMAHAWK TRUCK STOP,Fountain,CO,38.682220,-104.700810,3.299000,gazetteer
63871,Alta Convenience Store #6317,Fruita,CO,39.158870,-108.728990,3.399000,gazetteer
60700,PWI #502,Golden,CO,39.755540,-105.221100,3.199000,gazetteer
70464,GOLDEN GATE PETEROLEUM 24 RD,Grand Junction,CO,39.063870,-108.550650,3.539000,gazetteer
70655,GOLDEN GATE PETROLEUM,Grand Junction,CO,39.063870,-108.550650,3.499000,gazetteer
69142,LOVES TRAVEL STOP #517,Grand Junction,CO,39.063870,-108.550650,3.989000,gazetteer
69151,PILOT #592,Grand Junction,CO,39.063870,-108.550650,3.999000,gazetteer
3138,TA EXPRESS #6264,Grand Junction,CO,39.063870,-108.550650,4.049000,gazetteer
72492,CIRCLE K #2709098,Greeley,CO,40.423310,-104.709130,3.210667,gazetteer
67067,LOVES TRAVEL STOP #377,Hudson,CO,40.073590,-104.643020,3.459000,gazetteer
6640,PETRO STOPPING CENTER JOHNSTOWN,Johnstown,CO,40.336930,-104.912200,3.427333,gazetteer
73101,7-ELEVEN 42279,Keenesburg,CO,40.108320,-104.519960,3.149000,gazetteer
71722,MAVERIK #5392,Keenesburg,CO,40.108320,-104.519960,3.154000,gazetteer
70154,Stinker,Kersey,CO,40.387480,-104.561630,3.499000,gazetteer
73076,MAVERIK #5148,Kremmling,CO,40.058870,-106.388920,3.679000,gazetteer
2765,LOVES TRAVEL STOP #023,Lamar,CO,38.087230,-102.620750,3.462333,gazetteer
3064,PORTS TO PLAINS TRAVEL PLAZA,Lamar,CO,38.087230,-102.620750,3.399000,gazetteer
70124,TA Express Lamar,Lamar,CO,38.087230,-102.620750,3.439000,gazetteer
67069,FLYING J TRAVEL PLAZA #621,Limon,CO,39.263880,-103.692170,3.874000,gazetteer
5523,TA LIMON TRAVEL CENTER,Limon,CO,39.263880,-103.692170,3.920667,gazetteer
66715,7-Eleven #34210,Longmont,CO,40.167210,-105.101930,3.189000,gazetteer
6051,CIRCLE K #2709846,Longmont,CO,40.167210,-105.101930,3.057333,gazetteer
3386,LONGMONT TRUCK STOP,Longmont,CO,40.167210,-105.101930,3.239000,gazetteer
72767,QUIKTRIP #4227,Mead,CO,40.233320,-104.998590,3.147333,gazetteer
64764,CORNER MARKET #62,Meeker,CO,40.037470,-107.913130,3.729000,gazetteer
71036,GOLDEN GATE PETRO,Montrose,CO,38.478320,-107.876170,3.435667,gazetteer
75,Good 2 Go #709,Montrose,CO,38.478320,-107.876170,3.424000,gazetteer
71166,MAVERIK COUNTRY STORE #616,Montrose,CO,38.478320,-107.876170,3.395667,gazetteer
70216,PILOT #1110,Monument,CO,39.091660,-104.872760,3.579000,gazetteer
72707,QUIKTRIP #4299,Monument,CO,39.091660,-104.872760,3.159000,gazetteer
52241,Rocket,Monument,CO,39.091660,-104.872760,3.195000,gazetteer
70224,GOLDEN GATE PETROLEUM,Palisade,CO,39.110260,-108.350920,3.549000,gazetteer
6886,PWI #535,Palisade,CO,39.110260,-108.350920,3.379000,gazetteer
72566,Loves Travel Stop #826,Parachute,CO,39.451920,-108.052850,3.595667,gazetteer
2875,CIRCLE K #2744138,Pueblo,CO,38.254450,-104.609140,3.399000,gazetteer
67411,LOVES TRAVEL STOP #226,Pueblo,CO,38.254450,-104.609140,3.619000,gazetteer
72906,Maverik #734,Pueblo,CO,38.254450,-104.609140,3.289000,gazetteer
69214,MAVERIK #5031,Rifle,CO,39.534700,-107.783120,3.462333,gazetteer
1555,SEIBERT TRAVEL PLAZA,Seibert,CO,39.300990,-102.869614,3.499000,nominatim
70626,GOLDEN GATE PETROLEUM,Silt,CO,39.548590,-107.656170,3.459000,gazetteer
64765,CENEX,Sterling,CO,40.625540,-103.207710,3.415667,gazetteer
60707,REATA TRAVEL STOP,Sterling,CO,40.625540,-103.207710,3.399000,gazetteer
65329,UTE MOUNTAIN TRAVEL CENTER,Towaoc,CO,37.204440,-108.729540,3.457333,gazetteer
4819,Alta Convenience #6333,Trinidad,CO,37.169460,-104.500540,3.399000,gazetteer
71263,Loves Travel Stop # 660,Walsenburg,CO,37.624180,-104.780260,4.249000,gazetteer
60206,TA EXPRESS #649,Walsenburg,CO,37.624180,-104.780260,4.259000,gazetteer
7551,PWI #525,Watkins,CO,39.744341,-104.603199,3.139000,nominatim
69250,MAVERIK #5150,Wellington,CO,40.703870,-105.008590,3.199000,gazetteer
7552,TA DENVER WEST TRAVEL CENTER,Wheat Ridge,CO,39.766100,-105.077210,3.415667,gazetteer
62211,STUBS GAS AND OIL,Wiggins,CO,40.230540,-104.072730,3.559000,gazetteer
71215,MAVERIK #5319,Windsor,CO,40.477480,-104.901360,3.159000,gazetteer
60708,CRVS STORE #6,Wray,CO,40.075820,-102.223250,3.449000,gazetteer
68002,CO RETAIL VENTURE DB,Yuma,CO,40.122210,-102.725210,3.449000,gazetteer
7543,TA NEW HAVEN TRAVEL CENTER,Branford,CT,41.279540,-72.815100,5.069000,gazetteer
72192,MASSEY FUEL,Bridgeport,CT,41.179230,-73.189450,3.399000,gazetteer
71011,Global,Danbury,CT,41.394820,-73.454010,3.459000,gazetteer
71012,ALLTOWN MARKETS #838,Darien,CT,41.078710,-73.469290,3.832333,gazetteer
68995,ALLTOWN MARKETS #839,Darien,CT,41.078710,-73.469290,3.832333,gazetteer
71567,PRIDE CONVENIENCE STORE,East Granby,CT,41.941801,-72.727502,3.649000,nominatim
72690,Noble East Lyme,East Lyme,CT,41.348214,-72.209295,3.759000,nominatim
72764,CUMBERLAND FARMS #004783,East Windsor,CT,41.912320,-72.545090,4.049000,gazetteer
72075,CITGO SAMS FOOD STORE,Hartford,CT,41.763710,-72.685090,3.499000,gazetteer
71201,PRIDE TRAVEL CENTER,Hartford,CT,41.763710,-72.685090,3.509000,gazetteer
70871,ALLTOWN MARKETS #835,Madison,CT,41.279540,-72.598430,4.239000,gazetteer
68825,ALLTOWN MARKETS #832,Milford,CT,41.222320,-73.056500,3.599000,gazetteer
68716,ALLTOWN MARKETS #833,Milford,CT,41.222320,-73.056500,3.599000,gazetteer
7545,CITGO,Milford,CT,41.222320,-73.056500,3.399000,gazetteer
63800,PILOT TRAVEL CENTER #255,Milford,CT,41.222320,-73.056500,4.299000,gazetteer
52155,TA SOUTHINGTON TRAVEL CENTER,Milldale,CT,41.566137,-72.899967,5.199000,nominatim
71112,BERKSHIRE ENERGY,New Haven,CT,41.308150,-72.928160,3.549000,gazetteer
60208,BERKSHIRE PETROLEUM,North Haven,CT,41.390930,-72.859540,3.549000,gazetteer
7546,SHELL DBA PILOT DEALER #882,North Stonington,CT,41.441184,-71.881270,4.299000,nominatim
64674,ZANCO SHELL,Plainfield,CT,41.676490,-71.915070,4.399000,gazetteer
72576,Pride Travel Center South,South Windsor,CT,41.823710,-72.621200,3.909000,gazetteer
68005,WESSON,Waterbury,CT,41.558150,-73.051500,4.179000,gazetteer
72734,7-ELEVEN #41940,West Haven,CT,41.270650,-72.947050,3.999000,gazetteer
71659,Loves Travel Stop #646,Willington,CT,41.875795,-72.264276,4.359000,nominatim
52623,TA WILLINGTON TRAVEL CENTER,Willington,CT,41.875795,-72.264276,5.199000,nominatim
71992,7-ELEVEN #41263,Bridgeville,DE,38.742610,-75.604370,3.399000,gazetteer
66796,ROYAL FARMS #109,Bridgeville,DE,38.742610,-75.604370,3.259000,gazetteer
67844,UNCLE WILLIES #1288,Felton,DE,39.008450,-75.577980,3.219000,gazetteer
68012,ROYAL FARMS #120,Greenwood,DE,38.807060,-75.591320,3.259000,gazetteer
3868,SHORE STOP #279,Greenwood,DE,38.807060,-75.591320,3.239000,gazetteer
77,OASIS TRAVEL PLAZA,Laurel,DE,38.556500,-75.571310,3.229000,gazetteer
72239,ROYAL FARMS #171,Laurel,DE,38.556500,-75.571310,3.259000,gazetteer
63579,301 PLAZA,Middletown,DE,39.449560,-75.716320,3.239000,gazetteer
64773,Sun Gas,Middletown,DE,39.449560,-75.716320,2.999000,gazetteer
79,DELAWARE TRUCK PLAZA,New Castle,DE,39.659480,-75.563590,3.249000,gazetteer
1028,FOUR STATES TRUCK STOP,New Castle,DE,39.659480,-75.563590,3.399000,gazetteer
70919,QUARLES #4422,New Castle,DE,39.659480,-75.563590,3.699000,gazetteer
64775,SHORE STOP #287,New Castle,DE,39.659480,-75.563590,3.289000,gazetteer
67435,7 ELEVEN #40122,Newark,DE,39.683720,-75.749660,3.459000,gazetteer
72004,7-ELEVEN #41578,Seaford,DE,38.641230,-75.611040,3.359000,gazetteer
72554,CEFCO #422,Baker,FL,30.797225,-86.681691,3.299000,nominatim
2283,CIRCLE K #2707321,Bartow,FL,27.896410,-81.843140,3.522333,gazetteer
70256,PILOT TRAVEL CENTER #1128,Bartow,FL,27.896410,-81.843140,3.599000,gazetteer
72041,CHEVRON,Blountstown,FL,30.443790,-85.047440,3.299000,gazetteer
69591,REBEL PLUS #841,Bonita Springs,FL,26.339810,-81.778700,3.539000,gazetteer
64777,4 POINTS MARKET,Boynton Beach,FL,26.525350,-80.066430,3.229000,gazetteer
3889,CIRCLE K #2701686,Bradenton,FL,27.498930,-82.574820,3.439000,gazetteer
71892,Tropic Fleet Bradenton Cardlock,Bradenton,FL,27.498930,-82.574820,3.499000,gazetteer
64778,SUNSTOP #347,Branford,FL,29.959120,-82.928180,3.699000,gazetteer
71667,7-Eleven #38986,Brooksville,FL,28.555540,-82.389910,3.399000,gazetteer
71571,RACETRAC #2587,Brooksville,FL,28.555540,-82.389910,3.299000,gazetteer
64779,SPEEDWAY #6530,Brooksville,FL,28.555540,-82.389910,3.382333,gazetteer
72936,Circle K #2707549,Bushnell,FL,28.664990,-82.112860,3.499000,gazetteer
70105,LOVES TRAVEL STOP #708,Bushnell,FL,28.664990,-82.112860,3.295667,gazetteer
72408,JOURNEY FOOD STORE #2,Callahan,FL,30.562180,-81.830660,3.399000,gazetteer
71617,CIRCLE K #2709087,Chiefland,FL,29.474960,-82.859840,3.582333,gazetteer
67703,SPEEDWAY #6880,Clearwater,FL,27.965850,-82.800100,3.377333,gazetteer
70007,FLYING J #1096,Cocoa,FL,28.386120,-80.742000,3.699000,gazetteer
5474,One9 #88,Cocoa,FL,28.386120,-80.742000,3.375667,gazetteer
67625,LOVES TRAVEL STOP #453,Cottondale,FL,30.797140,-85.376600,3.553000,gazetteer
65962,CIRCLE K #2705937,Dade City,FL,28.364720,-82.195920,3.332333,gazetteer
69679,LOVES TRAVEL STOP #627,Davenport,FL,28.161400,-81.601740,3.552333,gazetteer
71248,RACETRAC #2560,Davenport,FL,28.161400,-81.601740,3.289000,gazetteer
69190,LOVES TRAVEL STOP #561,Defuniak Springs,FL,30.721020,-86.115220,3.609000,gazetteer
81,One9 #89,Ellenton,FL,27.521710,-82.527600,3.439000,gazetteer
67424,FLORIDA 595 TRUCK STOP,Fort Lauderdale,FL,26.122310,-80.143380,3.769000,gazetteer
3927,MICCOSUKEE SERVICE PLAZA,Fort Lauderdale,FL,26.122310,-80.143380,3.665667,gazetteer
3908,SEMINOLE TRUCK STOP,Fort Lauderdale,FL,26.122310,-80.143380,3.699000,gazetteer
72459,7-ELEVEN #34154,Fort Myers,FL,26.621680,-81.840590,3.299000,gazetteer
71289,7-ELEVEN #38835,Fort Myers,FL,26.621680,-81.840590,3.599000,gazetteer
7708,PILOT TRAVEL CENTER #352,Fort Myers,FL,26.621680,-81.840590,3.799000,gazetteer
71286,RACETRAC #2323,Fort Myers,FL,26.621680,-81.840590,3.299000,gazetteer
63612,FLYING J TRAVEL PLAZA #622,Fort Pierce,FL,27.446710,-80.325610,3.499000,gazetteer
52690,LOVES TRAVEL STOP #415,Fort Pierce,FL,27.446710,-80.325610,3.505667,gazetteer
69124,LOVES TRAVEL STOP #467,Fort Pierce,FL,27.446710,-80.325610,3.505667,gazetteer
63623,PILOT TRAVEL CENTERS #90,Fort Pierce,FL,27.446710,-80.325610,3.459000,gazetteer
67645,CIRCLE K #2721416,Gainesville,FL,29.651630,-82.324830,3.899000,gazetteer
71968,BLONDIES FOOD AND FUEL,Grand Ridge,FL,30.712910,-85.023280,3.590667,gazetteer
67432,PILOT TRAVEL CENTERS #471,Haines City,FL,28.114500,-81.620090,3.559000,gazetteer
62238,Circle K #2726278,Hastings,FL,29.718020,-81.508130,3.569000,gazetteer
69789,LOVES TRAVEL STOP #620,Hawthorne,FL,29.591910,-82.087320,3.789000,gazetteer
67957,CITGO,Hialeah,FL,25.857600,-80.278110,3.472333,gazetteer
6082,Palmetto Truck Plaza,Hialeah,FL,25.857600,-80.278110,3.399000,gazetteer
68699,ORGANIC CONNECTION MOBIL,Homestead,FL,25.468720,-80.477560,3.344000,gazetteer
72039,CHEVRON,Hosford,FL,30.387050,-84.799430,3.299000,gazetteer
72310,RACETRAC #2387,Hudson,FL,28.364450,-82.693430,3.315667,gazetteer
71997,7-ELEVEN #41287,Immokalee,FL,26.418690,-81.417300,3.679000,gazetteer
67777,CIRCLE K #2721270,Jacksonville,FL,30.332180,-81.655650,3.342333,gazetteer
66669,CIRCLE K #2726032,Jacksonville,FL,30.332180,-81.655650,3.429000,gazetteer
2935,CIRCLE K #2726163,Jacksonville,FL,30.332180,-81.655650,3.299000,gazetteer
361,CIRCLE K #2726293,Jacksonville,FL,30.332180,-81.655650,3.315667,gazetteer
69451,LOVES TRAVEL STOP #603,Jacksonville,FL,30.332180,-81.655650,3.399000,gazetteer
71124,LOVES TRAVEL STOP #761,Jacksonville,FL,30.332180,-81.655650,3.849000,gazetteer
71976,Loves Travel Stop #828,Jacksonville,FL,30.332180,-81.655650,3.282333,gazetteer
70299,Mr Fuel dba Pilot Express #1149,Jacksonville,FL,30.332180,-81.655650,3.239000,gazetteer
69711,PILOT #1047,Jacksonville,FL,30.332180,-81.655650,3.359000,gazetteer
159,PILOT TRAVEL CENTER #87,Jacksonville,FL,30.332180,-81.655650,3.859000,gazetteer
71737,RACETRAC #2605,Jacksonville,FL,30.332180,-81.655650,3.249000,gazetteer
7534,TA BALDWIN TRAVEL CENTER,Jacksonville,FL,30.332180,-81.655650,3.899000,gazetteer
68465,LOVES TRAVEL STOP #470,Jasper,FL,30.518270,-82.948190,3.327333,gazetteer
69306,PILOT TRAVEL CENTER #500,Jasper,FL,30.518270,-82.948190,3.369000,gazetteer
66799,SHELL DBA ONE9 #1403,Jasper,FL,30.518270,-82.948190,3.244000,gazetteer
66801,SUNSTOP #330,Jennings,FL,30.604100,-83.097920,3.299000,gazetteer
68471,B LINE SHELL,Jupiter,FL,26.934220,-80.094210,3.957333,gazetteer
63876,Mobil,Kissimmee,FL,28.304680,-81.416670,3.449000,gazetteer
71376,7-ELEVEN #41127,Labelle,FL,26.761730,-81.438410,3.559000,gazetteer
72458,7-ELEVEN #41335,Labelle,FL,26.761730,-81.438410,3.599000,gazetteer
72292,SUNSTOP #336,Lake Butler,FL,28.501670,-81.540910,3.592333,gazetteer
70227,LOVES TRAVEL STOP #724,Lake City,FL,30.189680,-82.639290,3.339000,gazetteer
1043,SHELL DBA ONE9 #1401,Lake City,FL,30.189680,-82.639290,3.244000,gazetteer
72983,SUNSTOP #303,Lake City,FL,30.189680,-82.639290,3.550667,gazetteer
3949,SUNSTOP #337,Lake City,FL,30.189680,-82.639290,3.699000,gazetteer
70873,TA LAKE CITY #288,Lake City,FL,30.189680,-82.639290,3.299000,gazetteer
1042,Union 76,Lake City,FL,30.189680,-82.639290,3.562333,gazetteer
52065,76 DBA ONE9 #1415,Lake Panasoffkee,FL,28.777000,-82.120000,3.172333,gazetteer
3956,CIRCLE K #2707451,Lake Placid,FL,27.298340,-81.371240,3.399000,gazetteer
71583,CIRCLE K #2706993,Lake Wales,FL,27.901410,-81.585910,3.799000,gazetteer
70540,LOVES TRAVEL STOP #674,Lake Wales,FL,27.901410,-81.585910,3.552333,gazetteer
72413,TROPIC OIL COMPANY,Lake Wales,FL,27.901410,-81.585910,3.499000,gazetteer
71784,7-ELEVEN #41750,Lakeland,FL,28.039470,-81.949800,3.289000,gazetteer
71994,7-ELEVEN #42058,Lakeland,FL,28.039470,-81.949800,3.482333,gazetteer
66961,CIRCLE K #2707020,Lakeland,FL,28.039470,-81.949800,3.414000,gazetteer
71158,CIRCLE K #2707533,Lakeland,FL,28.039470,-81.949800,3.532333,gazetteer
71276,Circle K #2706617,Lakeland,FL,28.039470,-81.949800,3.250667,gazetteer
68493,FAST TRACK 427,Lamont,FL,30.377479,-83.813686,3.739000,nominatim
67702,SPEEDWAY #6539,Land O Lakes,FL,28.218900,-82.457590,3.495667,fuzzy
72171,LAWTEY SHELL SERVICE,Lawtey,FL,30.044130,-82.071770,3.599000,gazetteer
71868,RACETRAC #2456,Lecanto,FL,28.851650,-82.487600,3.315667,gazetteer
63691,JIMMIES AUTO TRUCK PLAZA,Lee,FL,30.419658,-83.300422,3.847333,nominatim
67120,LOVES TRAVEL STOP #379,Lee,FL,30.419658,-83.300422,3.789000,nominatim
67894,CIRCLE K #2705098,Leesburg,FL,28.810820,-81.877860,3.572333,gazetteer
3008,BUSY BEE,Live Oak,FL,30.294950,-82.984020,3.779000,gazetteer
68020,EXXON,Macclenny,FL,30.282180,-82.122060,3.499000,gazetteer
3975,SUNSTOP #334,Macclenny,FL,30.282180,-82.122060,3.459000,gazetteer
67170,FAST TRACK #410,Madison,FL,30.469380,-83.412930,3.749000,gazetteer
72396,RACETRAC #2624,Marathon,FL,24.713750,-81.090350,3.235667,gazetteer
52551,PILOT TRAVEL CENTERS #374,Marianna,FL,30.774360,-85.226870,3.599000,gazetteer
72293,SUNSTOP INLAND DBA ONE9 #1402,Marianna,FL,30.774360,-85.226870,3.299000,gazetteer
1047,TA MARIANNA TRAVEL CENTER,Marianna,FL,30.774360,-85.226870,3.607333,gazetteer
73014,CIRCLE K #2726298,Mascotte,FL,28.578330,-81.886750,3.539000,gazetteer
70246,7-Eleven #37565,Miami,FL,25.774270,-80.193660,3.249000,gazetteer
64789,KROME EXXON,Miami,FL,25.774270,-80.193660,3.399000,gazetteer
68019,PAC PRIDE CARDLOCK,Miami,FL,25.774270,-80.193660,3.479000,gazetteer
66339,PILOT DEALER #873,Miami,FL,25.774270,-80.193660,3.699000,gazetteer
66141,QUICK FUEL #5102,Miami,FL,25.774270,-80.193660,3.389000,gazetteer
71714,RACETRAC #2576,Miami,FL,25.774270,-80.193660,3.287333,gazetteer
72418,SHELL,Miami,FL,25.774270,-80.193660,3.479000,gazetteer
4080,SHELL DBA PILOT DEALER #874,Miami,FL,25.774270,-80.193660,3.699000,gazetteer
72328,Tropic Fleet Hialeah Cardlock,Miami,FL,25.774270,-80.193660,3.479000,gazetteer
71893,Tropic Fleet Rechtien Cardlock,Miami,FL,25.774270,-80.193660,3.471000,gazetteer
64793,CIRCLE K #2721297,Middleburg,FL,30.068850,-81.860380,3.399000,gazetteer
52649,FLYING J TRAVEL PLAZA #623,Midway,FL,30.406480,-87.005530,3.799000,gazetteer
64595,PILOT TRAVEL CENTERS #425,Midway,FL,30.406480,-87.005530,3.799000,gazetteer
71646,SPEEDWAY #6542,Midway,FL,30.406480,-87.005530,3.599000,gazetteer
67935,CIRCLE K #2707610,Milton,FL,30.632410,-87.039690,3.232333,gazetteer
66496,EXXON FUEL EXPRESS,Milton,FL,30.632410,-87.039690,3.999000,gazetteer
71439,LOVES TRAVEL STOP #802,Milton,FL,30.632410,-87.039690,3.339000,gazetteer
71319,LOVES TRAVEL STOP #868,Mims,FL,28.665270,-80.844780,3.689000,gazetteer
69936,LOVES TRAVEL STOP #683,Moore Haven,FL,26.833120,-81.093120,3.789000,gazetteer
72000,7-ELEVEN #41309,Nokomis,FL,27.119220,-82.444260,3.379000,gazetteer
69178,LOVES TRAVEL STOP #495,North Fort Myers,FL,26.667290,-81.880090,3.789000,gazetteer
71277,CIRCLE K #2706619,Ocala,FL,29.187200,-82.140090,3.457333,gazetteer
4909,CIRCLE K #2723916,Ocala,FL,29.187200,-82.140090,3.459000,gazetteer
67438,LOVES TRAVEL STOPS #363,Ocala,FL,29.187200,-82.140090,3.329000,gazetteer
2883,PILOT TRAVEL CENTERS #293,Ocala,FL,29.187200,-82.140090,3.359000,gazetteer
63792,PILOT TRAVEL CENTERS #424,Ocala,FL,29.187200,-82.140090,3.359000,gazetteer
235,PILOT TRAVEL CENTERS #92,Ocala,FL,29.187200,-82.140090,3.359000,gazetteer
1829,PILOT TRAVEL CENTER #96,Okeechobee,FL,27.243930,-80.829780,3.699000,gazetteer
71806,RACETRAC #2600,Okeechobee,FL,27.243930,-80.829780,3.299000,gazetteer
72308,Racetrac #2609,Okeechobee,FL,27.243930,-80.829780,3.299000,gazetteer
67865,PILOT TRAVEL CENTER #897,Opa Locka,FL,25.902317,-80.250327,3.699000,nominatim
66668,ACME TRUCK STOP,Orlando,FL,28.538340,-81.379240,3.399000,gazetteer
3444,Acme Truck Stop,Orlando,FL,28.538340,-81.379240,3.449000,gazetteer
64795,QUICK FUEL #5101,Orlando,FL,28.538340,-81.379240,3.362333,gazetteer
71512,RACETRAC #2603,Orlando,FL,28.538340,-81.379240,3.299000,gazetteer
66944,LOVES TRAVEL STOP #316,Ormond Beach,FL,29.285810,-81.055890,3.477000,gazetteer
63604,7-ELEVEN #40363,Palatka,FL,29.648580,-81.637580,3.364000,gazetteer
9887,7-ELEVEN #40354,Palm Bay,FL,28.034460,-80.588660,3.215667,gazetteer
69220,CIRCLE K #2705097,Palmetto,FL,27.521430,-82.572320,3.699000,gazetteer
67930,CIRCLE K #2721426,Panama City,FL,30.159460,-85.659830,3.290667,gazetteer
72339,VP RACING FUEL,Panama City,FL,30.159460,-85.659830,3.499000,gazetteer
66134,CIRCLE K #2721591,Pensacola,FL,30.421310,-87.216910,3.222333,gazetteer
66135,CIRCLE K #2721592,Pensacola,FL,30.421310,-87.216910,3.222333,gazetteer
71700,ARCO,Perry,FL,30.117660,-83.582740,3.699000,gazetteer
5971,WACO TRAVEL CENTER,Perry,FL,30.117660,-83.582740,3.699000,gazetteer
72935,Circle K #2722258,Pierson,FL,29.239420,-81.465630,3.402333,gazetteer
67929,Circle K,Plant City,FL,28.018880,-82.114690,3.325667,gazetteer
66364,SHELL,Plant City,FL,28.018880,-82.114690,3.447333,gazetteer
66133,LOVES TRAVEL STOPS #228,Polk City,FL,28.182510,-81.823970,3.389000,gazetteer
3215,SHELL TRUCKSTOP,Polk City,FL,28.182510,-81.823970,3.449000,gazetteer
3222,POMPANO TRUCK STOP,Pompano Beach,FL,26.237860,-80.124770,3.759000,gazetteer
67952,CIRCLE K #2707682,Punta Gorda,FL,26.929780,-82.045370,3.399000,gazetteer
5479,PILOT TRAVEL CENTERS #94,Punta Gorda,FL,26.929780,-82.045370,3.799000,gazetteer
52527,PETRO STOPPING CENTER #323,Reddick,FL,29.366640,-82.197320,3.352333,gazetteer
70590,CIRCLE K #2722291,Saint Augustine,FL,29.894690,-81.314520,3.379000,gazetteer
66017,FLYING J TRAVEL PLAZA #626,Saint Augustine,FL,29.894690,-81.314520,3.449000,gazetteer
72809,LOVES TRAVEL STOP #894,Saint Augustine,FL,29.894690,-81.314520,3.442333,gazetteer
52542,FLYING J TRAVEL PLAZA #624,San Antonio,FL,28.336110,-82.274530,3.599000,gazetteer
71209,RACETRAC #2529,San Antonio,FL,28.336110,-82.274530,3.315667,gazetteer
6310,CIRCLE K #2707515,Sebring,FL,27.495590,-81.440910,3.389000,gazetteer
66802,MOBIL,Sebring,FL,27.495590,-81.440910,3.459000,gazetteer
63641,FLYING J TRAVEL PLAZA #625,Seffner,FL,27.983630,-82.275650,3.442333,gazetteer
66044,TA TAMPA TRAVEL CENTER,Seffner,FL,27.983630,-82.275650,3.395667,gazetteer
66239,Hola,South Bay,FL,26.663960,-80.716170,3.419000,gazetteer
69720,PILOT #1046,South Bay,FL,26.663960,-80.716170,3.799000,gazetteer
71310,CIRCLE K #2722120,Summerfield,FL,29.008592,-82.034809,3.525667,nominatim
69207,CIRCLE K #2705988,Tallahassee,FL,30.438260,-84.280730,3.619000,gazetteer
7535,GIANT #198,Tampa,FL,27.947520,-82.458430,3.257333,gazetteer
64803,MARATHON,Tampa,FL,27.947520,-82.458430,3.422333,gazetteer
66149,QUICK FUEL #5105,Tampa,FL,27.947520,-82.458430,3.500667,gazetteer
66142,QUICK FUEL #5106,Tampa,FL,27.947520,-82.458430,3.492333,gazetteer
71573,RACETRAC #2588,Tampa,FL,27.947520,-82.458430,3.299000,gazetteer
64804,SPEEDLANE,Tampa,FL,27.947520,-82.458430,3.449000,gazetteer
72893,Racetrac #2586,Vero Beach,FL,27.638640,-80.397270,3.159000,gazetteer
6642,TA VERO BEACH TRAVEL CENTER #197,Vero Beach,FL,27.638640,-80.397270,3.484000,gazetteer
69055,PILOT DEALER #1058,Waldo,FL,29.789690,-82.167320,3.799000,gazetteer
67933,SUNOCO,Webster,FL,28.609990,-82.055080,3.335667,gazetteer
64798,RIVIERA TRUCKSTOP,West Palm Beach,FL,26.715340,-80.053370,3.779000,gazetteer
67627,PILOT #4556,Wildwood,FL,28.865420,-82.040580,3.225667,gazetteer
4620,PILOT TRAVEL CENTERS #95,Wildwood,FL,28.865420,-82.040580,3.225667,gazetteer
7533,TA WILDWOOD TRAVEL CENTER,Wildwood,FL,28.865420,-82.040580,3.214000,gazetteer
71988,C AND W GLOBAL,Winter Garden,FL,28.565280,-81.586180,3.074000,gazetteer
6334,231 PLAZA AND TRUCK STOP,Youngstown,FL,30.364360,-85.438260,3.494000,gazetteer
71059,CIRCLE K #2706781,Yulee,FL,30.631900,-81.606490,3.342333,gazetteer
71612,RACEWAY #6898,Yulee,FL,30.631900,-81.606490,3.270667,gazetteer
60220,ZELLWOOD TRUCK STOP,Zellwood,FL,28.731110,-81.601180,3.499000,gazetteer
71967,BLOC STOP TRAVEL CENTER,ALBANY,GA,31.578510,-84.155740,3.799000,gazetteer
71736,Racetrac #2312,Acworth,GA,34.066350,-84.678370,3.209000,gazetteer
63887,QUIKTRIP #757,Adairsville,GA,34.368700,-84.934110,2.887333,gazetteer
7504,TEXACO,Adairsville,GA,34.368700,-84.934110,3.105667,gazetteer
66516,ADEL TRUCK PLAZA,Adel,GA,31.137270,-83.424080,2.999000,gazetteer
70429,BP,Adel,GA,31.137270,-83.424080,2.969000,gazetteer
72666,CIRCLE K #2707043,Adel,GA,31.137270,-83.424080,2.999000,gazetteer
71290,LOVES TRAVEL STOP #808,Albany,GA,31.578510,-84.155740,3.789000,gazetteer
67038,PILOT TRAVEL CENTERS #260,Albany,GA,31.578510,-84.155740,3.799000,gazetteer
67931,Forks 1&23,Alma,GA,31.539370,-82.462360,3.599000,gazetteer
69676,SPEEDWAY #8495,Alpharetta,GA,34.075380,-84.294090,3.349000,gazetteer
68292,GAS N GO,Americus,GA,32.072390,-84.232690,3.299000,gazetteer
64811,SUNSTOP #819,Americus,GA,32.072390,-84.232690,3.699000,gazetteer
63651,CIRCLE K #2723346,Athens,GA,33.960950,-83.377940,3.399000,gazetteer
71511,RACETRAC #2592,Athens,GA,33.960950,-83.377940,3.312333,gazetteer
72939,CIRCLE K #2655872,Atlanta,GA,33.749000,-84.387980,3.505667,gazetteer
52067,PETRO STOPPING CENTER #322,Atlanta,GA,33.749000,-84.387980,3.445667,gazetteer
52539,PILOT TRAVEL CENTERS #331,Atlanta,GA,33.749000,-84.387980,3.599000,gazetteer
64490,QUICK FUEL #2201,Atlanta,GA,33.749000,-84.387980,3.352333,gazetteer
64648,QUICK FUEL #2203,Atlanta,GA,33.749000,-84.387980,3.319000,gazetteer
63893,QUICK FUEL #2204,Atlanta,GA,33.749000,-84.387980,3.275667,gazetteer
4115,QUIKTRIP #707,Atlanta,GA,33.749000,-84.387980,3.340667,gazetteer
64683,QUIKTRIP #777,Atlanta,GA,33.749000,-84.387980,2.972333,gazetteer
70426,BISHOPS TRAVEL CENTER,Attapulgus,GA,30.749593,-84.483871,3.699000,nominatim
71117,AM-PM TRUCK STOP,Augusta,GA,33.470970,-81.974840,3.359000,gazetteer
68033,CIRCLE K #2703175,Augusta,GA,33.470970,-81.974840,3.282333,gazetteer
68030,FIVE STAR EXPRESS,Augusta,GA,33.470970,-81.974840,3.499000,gazetteer
63756,PILOT TRAVEL CENTERS #144,Augusta,GA,33.470970,-81.974840,3.859000,gazetteer
10101,PILOT TRAVEL CENTERS #65,Augusta,GA,33.470970,-81.974840,3.859000,gazetteer
73032,Parkers #110,Augusta,GA,33.470970,-81.974840,3.192333,gazetteer
71083,SPRINT FOOD #701,Augusta,GA,33.470970,-81.974840,3.225667,gazetteer
70430,SPRINT FOODS #715,Augusta,GA,33.470970,-81.974840,3.192333,gazetteer
52546,CIRCLE K #2723910,Bainbridge,GA,30.903800,-84.575470,3.599000,gazetteer
72205,NIC'S,Bainbridge,GA,30.903800,-84.575470,3.379000,gazetteer
2885,SP Truckstop & Travel Center,Bainbridge,GA,30.903800,-84.575470,3.599000,gazetteer
72864,SUNSTOP #430,Bainbridge,GA,30.903800,-84.575470,3.599000,gazetteer
60762,BP,Baxley,GA,31.778250,-82.348460,3.599000,gazetteer
71640,RACETRAC #2544,Bethlehem,GA,33.932060,-83.713780,3.312333,gazetteer
72333,UNITED MARKET,Blackshear,GA,31.306050,-82.242070,3.765667,gazetteer
72557,LITTLE NECK SHELL,Bloomingdale,GA,32.132420,-81.299000,3.099000,gazetteer
72880,PARKERS #97,Bloomingdale,GA,32.132420,-81.299000,3.032333,gazetteer
72651,QUIKTRIP #7132,Bloomingdale,GA,32.132420,-81.299000,3.032333,gazetteer
65842,AM PM TRAVEL CENTER,Blythe,GA,33.292640,-82.201510,3.599000,gazetteer
2219,PILOT TRAVEL CENTER #66,Braselton,GA,34.109270,-83.762670,3.272333,gazetteer
9997,Circle K #2723687,Bremen,GA,33.721220,-85.145500,3.087333,gazetteer
52626,FLYING J TRAVEL PLAZA #627,Brunswick,GA,31.150130,-81.491470,3.395667,gazetteer
52580,LOVES TRAVEL STOP #405,Brunswick,GA,31.150130,-81.491470,3.321000,gazetteer
71886,QUIKTRIP #7136,Brunswick,GA,31.150130,-81.491470,3.074000,gazetteer
69045,TA BRUNSWICK #6258,Brunswick,GA,31.150130,-81.491470,3.460667,gazetteer
64815,BUENA VISTA GAS N GO,Buena Vista,GA,32.319040,-84.517140,3.299000,gazetteer
67997,CIRCLE K #2745137,Byron,GA,32.653760,-83.759630,3.199000,gazetteer
63540,GAS N GO,Byron,GA,32.653760,-83.759630,3.172333,gazetteer
63662,PILOT TRAVEL CENTERS #267,Byron,GA,32.653760,-83.759630,3.365667,gazetteer
69534,CAIRO TRAVEL CENTER,Cairo,GA,30.877510,-84.202140,3.424000,gazetteer
70593,LOVES TRAVEL STOP #735,Calhoun,GA,34.502590,-84.951050,3.279000,gazetteer
63753,PILOT TRAVEL CENTER #4558,Calhoun,GA,34.502590,-84.951050,3.285667,gazetteer
60224,SUNSTOP #419,Camilla,GA,31.231290,-84.210460,3.499000,gazetteer
64535,FLYING J TRAVEL PLAZA #628,Carnesville,GA,34.369830,-83.235160,3.205667,gazetteer
52479,PETRO CARNESVILLE #377,Carnesville,GA,34.369830,-83.235160,3.154000,gazetteer
63509,PILOT #4557,Carnesville,GA,34.369830,-83.235160,3.172333,gazetteer
63894,CIRCLE K #2723653,Cartersville,GA,34.165330,-84.802310,3.224000,gazetteer
3493,CIRCLE K #2723675,Cartersville,GA,34.165330,-84.802310,3.085667,gazetteer
60768,GAS N GO FOOD STORE,Cartersville,GA,34.165330,-84.802310,2.942333,gazetteer
72748,HORIZON TRAVEL PLAZA,Cartersville,GA,34.165330,-84.802310,2.934000,gazetteer
67419,LOVES TRAVEL STOP #359,Cartersville,GA,34.165330,-84.802310,3.555667,gazetteer
52163,PILOT TRAVEL CENTERS #67,Cartersville,GA,34.165330,-84.802310,3.549000,gazetteer
70379,SPEEDWAY #7209,Cartersville,GA,34.165330,-84.802310,3.115667,gazetteer
63725,TA CARTERSVILLE TRAVEL CENTER,Cartersville,GA,34.165330,-84.802310,3.599000,gazetteer
67854,CircleK #2709341,Chatsworth,GA,34.765910,-84.769940,3.499000,gazetteer
63895,KWIK SERV #17,Chatsworth,GA,34.765910,-84.769940,3.499000,gazetteer
60783,CIRCLE K #2723324,Clarkesville,GA,34.612600,-83.524890,3.439000,gazetteer
72263,SPARTAN FUELS,Columbus,GA,32.460980,-84.987710,3.309000,gazetteer
66923,LOVES TRAVEL STOP #765,Commerce,GA,34.204000,-83.457110,3.210667,gazetteer
4872,TA COMMERCE TRAVEL CENTER,Commerce,GA,34.204000,-83.457110,3.215667,gazetteer
64819,CIRCLE K #4174,Conley,GA,33.644830,-84.325760,3.999000,gazetteer
4241,EXXON,Conley,GA,33.644830,-84.325760,3.999000,gazetteer
71484,CIRCLE K #2745064,Cordele,GA,31.963510,-83.782390,2.999000,gazetteer
71072,LOVES TRAVEL STOP #801,Cordele,GA,31.963510,-83.782390,3.309000,gazetteer
63524,PILOT TRAVEL CENTER #416,Cordele,GA,31.963510,-83.782390,3.285667,gazetteer
72918,QUIKTRIP #7076,Cordele,GA,31.963510,-83.782390,3.032333,gazetteer
91,MOLLYS FOOD & FUEL,Crawfordville,GA,33.554020,-82.895980,3.499000,gazetteer
72285,CUSSETA TRAVEL CENTER,Cusseta,GA,32.305430,-84.772700,3.199000,gazetteer
68453,Marathon,Cuthbert,GA,31.771270,-84.789370,3.699000,gazetteer
68382,QUIKTRIP #766,Dacula,GA,33.988720,-83.897960,3.320667,gazetteer
70693,MAPCO #3507,Dalton,GA,34.769800,-84.970220,3.119000,gazetteer
52143,One9 #319,Dalton,GA,34.769800,-84.970220,3.015667,gazetteer
64687,PILOT TRAVEL CENTER #421,Dalton,GA,34.769800,-84.970220,3.285667,gazetteer
67360,BP,Darien,GA,31.370230,-81.433990,3.539000,gazetteer
60226,CIRCLE K #2723903,Dawson,GA,31.773820,-84.448000,3.499000,gazetteer
72663,LOC STOP TRAVEL CENTER,Dawson,GA,31.773820,-84.448000,3.499000,gazetteer
72569,RACETRAC #204,Dawsonville,GA,34.421210,-84.119080,3.319000,gazetteer
64820,Mr Pips,Donalsonville,GA,31.040460,-84.879090,3.199000,gazetteer
72376,SUNOCO,Donalsonville,GA,31.040460,-84.879090,3.499000,gazetteer
67723,JET FOOD STORE #80,Douglas,GA,31.508810,-82.849870,3.457333,gazetteer
4119,JET FOOD STORE #82,Douglas,GA,31.508810,-82.849870,3.440667,gazetteer
72736,FRIENDLY GUS STORE #12,Dublin,GA,32.540440,-82.903750,3.275667,gazetteer
66594,FRIENDLY GUS STORE #23,Dublin,GA,32.540440,-82.903750,3.399000,gazetteer
70621,FRIENDLY GUS STORE #24,Dublin,GA,32.540440,-82.903750,3.399000,gazetteer
66328,LOVES TRAVEL STOP #320,Dublin,GA,32.540440,-82.903750,3.332333,gazetteer
425,Neighbors Express,Dublin,GA,32.540440,-82.903750,3.299000,gazetteer
1075,PILOT TRAVEL CENTERS #68,Dublin,GA,32.540440,-82.903750,3.399000,gazetteer
73073,QUIKTRIP #7075,Dublin,GA,32.540440,-82.903750,2.999000,gazetteer
71574,RACETRAC #2594,Dublin,GA,32.540440,-82.903750,2.999000,gazetteer
71610,FRIENDLY GUS #25,Dudley,GA,32.542390,-83.070430,3.832333,gazetteer
72096,EXPRESS #29,East Dublin,GA,32.548220,-82.871810,3.632333,gazetteer
64647,HOOKS,East Dublin,GA,32.548220,-82.871810,3.399000,gazetteer
66965,EATONTON TRAVEL CENTER,Eatonton,GA,33.326800,-83.388500,3.249000,gazetteer
60779,Marathon,Eatonton,GA,33.326800,-83.388500,3.399000,gazetteer
70411,MARATHON,Elberton,GA,34.111590,-82.868630,3.899000,gazetteer
70787,LOVES TRAVEL STOP #778,Ellabell,GA,32.123537,-81.485667,3.295667,nominatim
67644,PARKERS #31 (DISCOUNT AVAILABLE),Ellabell,GA,32.123537,-81.485667,3.032333,nominatim
73088,Pilot Travel Center #1390,Ellabell,GA,32.123537,-81.485667,3.285667,nominatim
66734,Marathon,Ellenwood,GA,33.610110,-84.287978,3.009000,nominatim
66285,QUIKTRIP #787,Ellenwood,GA,33.610110,-84.287978,3.109000,nominatim
72742,Racetrac #2612,Ellenwood,GA,33.610110,-84.287978,3.109000,nominatim
73065,RACETRAC #2631,Emerson,GA,34.127040,-84.755490,2.887333,gazetteer
64486,GREENWAY STORE #614,Fairburn,GA,33.567060,-84.581040,3.199000,gazetteer
52070,FRIENDLY EXPRESS #31,Folkston,GA,30.830950,-82.011310,3.099000,gazetteer
72716,RACEWAY #7000,Folkston,GA,30.830950,-82.011310,3.099000,gazetteer
7495,RACETRAC #2574,Forest Park,GA,33.622050,-84.369090,3.109000,gazetteer
71627,QUIKTRIP #1730,Forsyth,GA,33.034300,-83.938240,3.089000,gazetteer
68921,GAS N GO,Fort Valley,GA,32.553760,-83.887410,3.182333,gazetteer
64825,EXIT 10 AUTO AND TRUCK STOP,Fortson,GA,33.377891,-84.288812,3.399000,nominatim
523,CIRCLE K #2723322,Gainesville,GA,34.297880,-83.824070,3.265667,gazetteer
71176,QUIKTRIP #1710,Gainesville,GA,34.297880,-83.824070,3.345667,gazetteer
66632,SHELL FOOD MART AND TRUCKSTOP,Gainesville,GA,34.297880,-83.824070,3.399000,gazetteer
68518,CHEVRON,Gordon,GA,32.882090,-83.332380,3.359000,gazetteer
73103,RaceTrac #2654,Greensboro,GA,33.575680,-83.182380,3.399000,gazetteer
72754,RACETRAC #2495,Griffin,GA,33.246780,-84.264090,3.229000,gazetteer
73052,Circle K #2701875,Grovetown,GA,33.450420,-82.198180,3.499000,gazetteer
72072,PARKERS #92,Guyton,GA,32.336300,-81.391500,2.999000,gazetteer
66514,BIGFOOT TRAVEL CENTER,Hahira,GA,30.991310,-83.372660,3.099000,gazetteer
73041,Racetrac #182,Hampton,GA,33.387060,-84.282980,2.999000,gazetteer
71741,SPRINT FOOD STORE #733,Harlem,GA,33.414580,-82.312620,3.599000,gazetteer
60773,NEIGHBORS EXPRESS,Hawkinsville,GA,32.283770,-83.472120,3.399000,gazetteer
62283,Circle K #2745099,Hazlehurst,GA,31.869630,-82.594300,3.529000,gazetteer
73003,GAS PRO TRAVEL CENTER,Hephzibah,GA,33.314030,-82.096790,3.599000,gazetteer
67081,LOVES TRAVEL STOP #376,Hogansville,GA,33.173180,-84.914940,3.689000,gazetteer
73007,VALERO,Hogansville,GA,33.173180,-84.914940,3.665667,gazetteer
63649,ONE TRIP,Homerville,GA,31.036600,-82.747080,3.442333,gazetteer
7792,FLYING J TRAVEL PLAZA #630,Jackson,GA,33.294570,-83.966020,3.384000,gazetteer
70609,JP TRAVEL PLAZA,Jackson,GA,33.294570,-83.966020,3.159000,gazetteer
66138,LOVES TRAVEL STOP #307,Jackson,GA,33.294570,-83.966020,3.385667,gazetteer
64532,PILOT #4560,Jackson,GA,33.294570,-83.966020,3.375667,gazetteer
3128,TA ATLANTA SOUTH TRAVEL CENTER,Jackson,GA,33.294570,-83.966020,3.334000,gazetteer
71479,RACETRAC #118,Jasper,GA,34.467870,-84.429090,3.309000,gazetteer
71692,GXP #200,Jefferson,GA,34.117050,-83.572390,3.239000,gazetteer
63907,QUIKTRIP #737,Jefferson,GA,34.117050,-83.572390,3.119000,gazetteer
70596,SPEEDWAY #7208,Jefferson,GA,34.117050,-83.572390,3.119000,gazetteer
60229,96 TRAVEL PLAZA,Jeffersonville,GA,32.687650,-83.346560,3.399000,gazetteer
70428,PARKERS #63 (DISCOUNT AVAILABLE),Jesup,GA,31.607850,-81.886340,3.115667,gazetteer
63909,GAS2GO,Kingsland,GA,30.799960,-81.689830,3.109000,gazetteer
52482,KING TRAVEL PLAZA,Kingsland,GA,30.799960,-81.689830,3.109000,gazetteer
66769,PETRO STOPPING CENTER #344,Kingsland,GA,30.799960,-81.689830,3.649000,gazetteer
63912,PILOT #4562,Kingsland,GA,30.799960,-81.689830,3.559000,gazetteer
7506,CHAPMANS TRUCK STOP,Lagrange,GA,33.039290,-85.031330,3.915667,gazetteer
71795,CIRCLE K #2654290,Lagrange,GA,33.039290,-85.031330,3.899000,gazetteer
52563,FLYING J TRAVEL PLAZA #631,Lake Park,GA,30.682150,-83.179590,3.322333,gazetteer
5751,TA LAKE PARK TRAVEL CENTER,Lake Park,GA,30.682150,-83.179590,3.315667,gazetteer
71397,RACEWAY #6971,Leesburg,GA,31.732120,-84.170740,3.109000,gazetteer
60787,MARATHON,Lithia Springs,GA,33.794000,-84.660490,2.872333,gazetteer
70214,RACETRAC #688,Lithia Springs,GA,33.794000,-84.660490,2.972333,gazetteer
72933,CHEVRON #385988,Lithonia,GA,33.712330,-84.105190,3.399000,gazetteer
60788,SPRINT FOODS #722,Louisville,GA,33.001540,-82.411240,4.099000,gazetteer
63914,CIRCLE M #12,Lula,GA,34.387600,-83.666290,3.539000,gazetteer
64831,CIRCLE K #2745072,Lumber City,GA,31.929350,-82.679580,3.529000,gazetteer
71066,Circle K #2745067,Macon,GA,32.840690,-83.632400,3.089000,gazetteer
69957,LOVES TRAVE STOP #698,Macon,GA,32.840690,-83.632400,3.369000,gazetteer
60791,MARATHON #9,Macon,GA,32.840690,-83.632400,3.039000,gazetteer
63910,OGMULGEE CHEVRON #419,Macon,GA,32.840690,-83.632400,3.399000,gazetteer
71188,QUIKTRIP #1722,Macon,GA,32.840690,-83.632400,3.089000,gazetteer
72696,QUIKTRIP #1742,Macon,GA,32.840690,-83.632400,3.089000,gazetteer
70887,LOVES TRAVEL STOP #781,Madison,GA,33.595680,-83.467940,3.849000,gazetteer
64530,PILOT TRAVEL CENTERS #420,Madison,GA,33.595680,-83.467940,3.859000,gazetteer
5674,TA MADISON TRAVEL CENTER,Madison,GA,33.595680,-83.467940,3.890667,gazetteer
70063,QUICK FUEL #2206,Marietta,GA,33.952600,-84.549930,3.519000,gazetteer
63648,CIRCLE K #2723333,Mcdonough,GA,33.447340,-84.146860,3.209000,gazetteer
71909,RACETRAC #2604,Mcdonough,GA,33.447340,-84.146860,3.199000,gazetteer
71848,CLIFTON SUPER STOP,Metter,GA,32.397120,-82.060120,3.249000,gazetteer
3415,JAYS EL CHEAPO FUEL STOP,Metter,GA,32.397120,-82.060120,3.249000,gazetteer
66182,CIRCLE K #2706708,Midland,GA,32.574861,-84.827152,3.339000,nominatim
63915,HIGHWAY 80 CHEVRON,Midland,GA,32.574861,-84.827152,3.399000,nominatim
4161,EL CHEAPO,Midway,GA,31.805770,-81.430660,3.525667,gazetteer
52278,NEIGHBORS EXPRESS,Millen,GA,32.804050,-81.949280,3.382333,gazetteer
72313,THOMPSON'S CORNER,Millen,GA,32.804050,-81.949280,3.315667,gazetteer
68290,WALTON TRUCK STOP,Monroe,GA,33.794840,-83.713230,3.999000,gazetteer
64833,QWICKSERV,Moultrie,GA,31.179910,-83.789060,3.599000,gazetteer
64834,SUSIE Q #90,Moultrie,GA,31.179910,-83.789060,3.799000,gazetteer
10104,GEO H GREEN OIL,Newnan,GA,33.380670,-84.799660,3.199000,gazetteer
65490,PILOT TRAVEL CENTER #422,Newnan,GA,33.380670,-84.799660,3.699000,gazetteer
60795,CIRCLE K #2745080,Ocilla,GA,31.594470,-83.251300,3.625667,gazetteer
68512,BP,Palmetto,GA,33.517890,-84.669650,3.249000,gazetteer
60230,CIRCLE K #2745152,Pelham,GA,31.128020,-84.153040,3.499000,gazetteer
3479,FAST MARKET #4550,Perry,GA,32.458210,-83.731570,3.099000,gazetteer
60781,JP PERRY,Perry,GA,32.458210,-83.731570,3.082333,gazetteer
66388,Gas n Go,Pinehurst,GA,32.195997,-83.762953,3.099000,nominatim
71173,ENMARKET #828,Pooler,GA,32.115480,-81.247060,3.082333,gazetteer
71119,PARKER'S #69 (DISCOUNT AVAILABLE),Pooler,GA,32.115480,-81.247060,3.122333,gazetteer
4179,CIRCLE K #2705352,Port Wentworth,GA,32.149090,-81.163170,3.099000,gazetteer
70783,ENMARKET #820,Port Wentworth,GA,32.149090,-81.163170,3.090667,gazetteer
72429,PARKERS #16 (DISCOUNT AVAILABLE),Port Wentworth,GA,32.149090,-81.163170,3.105667,gazetteer
52641,PILOT TRAVEL CENTERS #71,Port Wentworth,GA,32.149090,-81.163170,3.372333,gazetteer
71869,PORT FUEL CENTER,Port Wentworth,GA,32.149090,-81.163170,3.182333,gazetteer
4372,GRADYS TRUCKSTOP,Pulaski,GA,32.390175,-81.956784,3.465667,nominatim
67370,CIRCLE M #43,Rabun Gap,GA,34.957214,-83.386454,3.549000,nominatim
2223,PO JOS GAS N GO,Register,GA,32.367124,-81.884004,3.232333,nominatim
71739,TA EXPRESS #418,Register,GA,32.367124,-81.884004,3.285667,nominatim
4187,FLYING J TRAVEL PLAZA #632,Resaca,GA,34.580360,-84.943280,3.295667,gazetteer
67827,GAS N GO,Richland,GA,32.087930,-84.667420,3.199000,gazetteer
4363,EL CHEAPO #4,Richmond Hill,GA,31.938270,-81.303440,3.095667,gazetteer
66921,LOVES TRAVEL STOP #338,Richmond Hill,GA,31.938270,-81.303440,3.364000,gazetteer
6632,TA SAVANNAH TRAVEL CENTER,Richmond Hill,GA,31.938270,-81.303440,3.350667,gazetteer
71632,Loves Travel Stop #819,Rincon,GA,32.296030,-81.235390,3.330667,gazetteer
52430,CHEVRON FOOD MART,Ringgold,GA,34.915910,-85.109120,2.859000,gazetteer
66805,CIRCLE K #2723553,Ringgold,GA,34.915910,-85.109120,3.075667,gazetteer
68316,CIRCLE K #2723622,Ringgold,GA,34.915910,-85.109120,3.075667,gazetteer
68029,MAPCO #3502,Ringgold,GA,34.915910,-85.109120,3.092333,gazetteer
4204,PILOT TRAVEL CENTER #415,Rising Fawn,GA,34.760079,-85.531076,3.819000,nominatim
64840,BP,Rockmart,GA,34.002600,-85.041610,3.599000,gazetteer
1453,EXPRESS STOP,Rockmart,GA,34.002600,-85.041610,3.319000,gazetteer
72250,RACEWAY #6854,Rockmart,GA,34.002600,-85.041610,3.172333,gazetteer
63330,CIRCLE K #2723678,Rome,GA,34.257040,-85.164670,3.062333,gazetteer
60797,EVANS FOOD MART,Rome,GA,34.257040,-85.164670,3.699000,gazetteer
71478,RACEWAY #6970,Rome,GA,34.257040,-85.164670,3.199000,gazetteer
68841,PILOT TRAVEL CENTER #575,Saint Marys,GA,30.720376,-81.548571,3.599000,nominatim
69887,CIRCLE K #2701869,Savannah,GA,32.083540,-81.099830,3.115667,gazetteer
10007,CIRCLE K #2705346,Savannah,GA,32.083540,-81.099830,3.032333,gazetteer
71438,LOVES TRAVEL STOP #893,Savannah,GA,32.083540,-81.099830,3.289000,gazetteer
3471,ONE9 MR FUEL #72,Savannah,GA,32.083540,-81.099830,3.119000,gazetteer
70427,PARKERS #64 (DISCOUNT AVAILABLE),Savannah,GA,32.083540,-81.099830,3.032333,gazetteer
63904,SUNOCO,Savannah,GA,32.083540,-81.099830,3.632333,gazetteer
72153,Jet Food Store,Soperton,GA,32.377120,-82.592360,3.415667,gazetteer
64843,A TO Z TRUCKSTOP,Statesboro,GA,32.448790,-81.783170,3.599000,gazetteer
64842,Circle K #2745128,Statesboro,GA,32.448790,-81.783170,3.199000,gazetteer
70263,ENMARKET #769,Statesboro,GA,32.448790,-81.783170,3.699000,gazetteer
72120,GAS PRO TRAVEL CENTER,Statesboro,GA,32.448790,-81.783170,3.129000,gazetteer
73016,PARKERS #112,Statesboro,GA,32.448790,-81.783170,3.199000,gazetteer
70410,SPEEDWAY #4107,Stone Mountain,GA,33.808160,-84.170200,3.529000,gazetteer
67281,PARKERS SURRENCY #208,Surrency,GA,31.723626,-82.198562,3.585667,nominatim
72776,MARATHON,Sycamore,GA,31.674350,-83.637390,3.299000,gazetteer
863,Ocean Fuel,Sylvania,GA,32.750440,-81.636780,3.499000,gazetteer
5309,NEWBORN TRUCK STOP,Tallapoosa,GA,33.744550,-85.288010,3.407333,gazetteer
52691,PILOT TRAVEL CENTER #312,Tallapoosa,GA,33.744550,-85.288010,3.389000,gazetteer
72297,T & M FOOD STORE,Taylorsville,GA,34.086294,-84.987858,3.367000,nominatim
63695,FLYING J TRAVEL PLAZA #634,Temple,GA,33.737050,-85.032440,3.419000,gazetteer
63584,PILOT TRAVEL CENTER #417,Temple,GA,33.737050,-85.032440,3.389000,gazetteer
63546,CITGO QUIK MART,Tennille,GA,32.935990,-82.811530,3.465667,gazetteer
4164,CIRCLE K #2723897,Thomasville,GA,30.836580,-83.978780,3.235667,gazetteer
72760,RaceWay #6999,Thomasville,GA,30.836580,-83.978780,3.165667,gazetteer
72290,SUNSTOP,Thomasville,GA,30.836580,-83.978780,3.282333,gazetteer
63922,THOMASVILLE TRAVEL CENTER,Thomasville,GA,30.836580,-83.978780,3.180667,gazetteer
1106,CIRCLE K #2705367,Thomson,GA,33.470690,-82.504570,3.399000,gazetteer
66987,LOVES TRAVEL STOP #354,Thomson,GA,33.470690,-82.504570,3.849000,gazetteer
72737,Mollys Food and Fuel,Thomson,GA,33.470690,-82.504570,3.499000,gazetteer
72700,RACEWAY #6726,Thomson,GA,33.470690,-82.504570,3.399000,gazetteer
73080,Circle K #2707255,Tifton,GA,31.450460,-83.508500,3.062333,gazetteer
66523,LOVES TRAVEL STOP #325,Tifton,GA,31.450460,-83.508500,3.609000,gazetteer
52239,PILOT TRAVEL CENTERS #192,Tifton,GA,31.450460,-83.508500,3.599000,gazetteer
66597,BP,Twin City,GA,32.582940,-82.155120,3.782333,gazetteer
65494,FLYING J TRAVEL PLAZA #633,Union Point,GA,33.615680,-83.074600,3.859000,gazetteer
73085,Loves Travel Stop #550,Valdosta,GA,30.833340,-83.280320,3.222333,gazetteer
63925,PILOT TRAVEL CENTER #4561,Valdosta,GA,30.833340,-83.280320,3.285667,gazetteer
71931,QUIKTRIP #7071,Valdosta,GA,30.833340,-83.280320,3.032333,gazetteer
66518,Racetrac #2622,Valdosta,GA,30.833340,-83.280320,3.032333,gazetteer
72154,JET FOOD STORE #93,Vidalia,GA,32.217690,-82.413460,3.432333,gazetteer
66342,ONE9 #398,Vienna,GA,32.091560,-83.795450,3.109000,gazetteer
9485,PILOT TRAVEL CENTER #4559,Villa Rica,GA,33.732050,-84.919110,3.389000,gazetteer
66292,LOVES TRAVEL STOP #311,Waco,GA,33.702880,-85.183280,3.390667,gazetteer
60804,JET FOOD STORE #4,Wadley,GA,32.866820,-82.404020,3.415667,gazetteer
64850,SHAKE RAG EXPRESS,Wadley,GA,32.866820,-82.404020,3.415667,gazetteer
70599,Jet Food Store,Warrenton,GA,33.407080,-82.662080,3.415667,gazetteer
67394,Circle K #2745133,Waycross,GA,31.213680,-82.355700,3.399000,gazetteer
71120,GAS PRO TRAVEL CENTER,Waynesboro,GA,33.089870,-82.015670,3.799000,gazetteer
72714,LOVES TRAVEL STOP #771,West Point,GA,32.877910,-85.183270,3.679000,gazetteer
70707,TA Express West Point #283,West Point,GA,32.877910,-85.183270,3.665667,gazetteer
67968,WHITESBURG BP,Whitesburg,GA,33.494000,-84.913830,3.699000,gazetteer
66709,CIRCLE K #2709343,Wildwood,GA,34.963410,-85.411071,3.145667,nominatim
66293,One9 #254,Wildwood,GA,34.963410,-85.411071,3.099000,nominatim
67994,Pure,Willacoochee,GA,31.340760,-83.045980,3.465667,gazetteer
7798,CIRCLE K #2745100,Woodbine,GA,30.963960,-81.724160,3.232333,gazetteer
52431,WOODBINE TRAVEL CENTER,Woodbine,GA,30.963960,-81.724160,3.032333,gazetteer
5349,JET FOOD STORE #17,Wrens,GA,33.207650,-82.391790,3.415667,gazetteer
70130,SIDE TRACK,Wrightsville,GA,32.729330,-82.719860,3.315667,gazetteer
72145,JP ZEBULON,Zebulon,GA,33.102350,-84.342700,3.135000,gazetteer
64678,AINSWORTH FOUR CORNERS,Ainsworth,IA,41.288910,-91.552380,3.109000,gazetteer
3460,CHROME TRUCK STOP,Algona,IA,43.069970,-94.233020,3.499000,gazetteer
7398,FLYING J TRAVEL PLAZA #913,Altoona,IA,41.644160,-93.464660,3.342333,gazetteer
71797,KWIK STAR #1186,Altoona,IA,41.644160,-93.464660,3.199000,gazetteer
70333,KWIK STAR #932,Altoona,IA,41.644160,-93.464660,2.959000,gazetteer
71718,KWIK STAR #1158,Ames,IA,42.034710,-93.619940,3.174000,gazetteer
67150,Maverik Country Store #5119,Ames,IA,42.034710,-93.619940,3.082333,gazetteer
67341,CASEYS #3898,Anamosa,IA,42.108340,-91.285160,3.359000,gazetteer
70736,CASEYS #1941,Ankeny,IA,41.729710,-93.605770,3.139000,gazetteer
71339,CASEYS #3934,Ankeny,IA,41.729710,-93.605770,3.099000,gazetteer
72732,KUM & GO #2212,Ankeny,IA,41.729710,-93.605770,3.132333,gazetteer
5230,ONE9 #496,Atalissa,IA,41.571136,-91.165989,3.015667,nominatim
71681,WASPYS TRUCK STOP,Audubon,IA,41.718040,-94.932490,3.315667,gazetteer
63569,Flying J Dealer #893,Avoca,IA,41.476660,-95.338050,3.659000,gazetteer
60807,BATAVIA GARDENS AND GAS,Batavia,IA,40.994180,-92.167400,3.379000,gazetteer
70624,KWIK STAR #929,Bettendorf,IA,41.524480,-90.515690,3.599000,gazetteer
70582,Kwik Star #1039,Bettendorf,IA,41.524480,-90.515690,3.649000,gazetteer
64856,KUM & GO #1056,Bevington,IA,41.360547,-93.790778,3.099000,nominatim
71217,KUM & GO #0185,Bondurant,IA,41.700540,-93.462160,3.095000,gazetteer
52484,KWIK STAR #303,Brooklyn,IA,41.733610,-92.445460,3.129000,gazetteer
67162,PILOT TRAVEL CENTER #495,Brooklyn,IA,41.733610,-92.445460,3.699000,gazetteer
69125,TA BROOKLYN,Brooklyn,IA,41.733610,-92.445460,3.819000,gazetteer
67182,KWIK STAR #817,Calmar,IA,43.183580,-91.864050,3.579000,gazetteer
67431,SPARKYS ONE STOP #32,Carroll,IA,42.065820,-94.866930,3.232333,gazetteer
67613,KWIK STAR #490,Cedar Falls,IA,42.527760,-92.445470,3.524000,gazetteer
67685,CASEYS #2792,Cedar Rapids,IA,42.008330,-91.644070,3.499000,gazetteer
71302,KWIK STAR #1107,Cedar Rapids,IA,42.008330,-91.644070,3.574000,gazetteer
69528,KWIK STAR #283,Cedar Rapids,IA,42.008330,-91.644070,3.532333,gazetteer
70049,KWIK STAR #581,Cedar Rapids,IA,42.008330,-91.644070,3.540667,gazetteer
71433,Kwik Star #1146,Cedar Rapids,IA,42.008330,-91.644070,3.624000,gazetteer
70221,PILOT #1092,Cedar Rapids,IA,42.008330,-91.644070,3.779000,gazetteer
66931,CASEYS #3896,Center Point,IA,42.190830,-91.785180,3.449000,gazetteer
72535,MFA #911310,Centerville,IA,42.092760,-93.935510,3.125667,gazetteer
67861,CASEYS #4308,Chariton,IA,41.013890,-93.306600,3.539000,gazetteer
64857,CHARITON FOOD SHOP,Chariton,IA,41.013890,-93.306600,3.369000,gazetteer
67174,KWIK STAR #419,Charles City,IA,43.066360,-92.672410,3.539000,gazetteer
72279,AMOCO,Clarence,IA,41.888910,-91.056540,3.399000,gazetteer
191,KUM & GO #0302,Clear Lake,IA,43.138020,-93.379370,3.185667,gazetteer
69531,Kwik Star#223,Clear Lake,IA,43.138020,-93.379370,3.079000,gazetteer
67009,PILOT TRAVEL CENTERS #407,Clear Lake,IA,43.138020,-93.379370,3.659000,gazetteer
52684,KWIK STAR #348,Clinton,IA,41.844470,-90.188740,3.624000,gazetteer
9995,LOVES TRAVEL STOP #411,Clive,IA,41.603040,-93.724110,3.340667,gazetteer
70737,CASEYS #2272,Colfax,IA,41.677770,-93.245200,3.099000,gazetteer
66030,Colfax Travel Center,Colfax,IA,41.677770,-93.245200,3.149000,gazetteer
4292,KUM & GO #0032,Colfax,IA,41.677770,-93.245200,3.082333,gazetteer
7007,KUM & GO #0201,Coralville,IA,41.676400,-91.580450,3.294000,gazetteer
71985,Brew #12,Correctionville,IA,42.474990,-95.785570,3.559000,gazetteer
69401,CASEYS #3205,Council Bluffs,IA,41.261940,-95.860830,3.599000,gazetteer
52577,PILOT TRAVEL CENTER #329,Council Bluffs,IA,41.261940,-95.860830,3.659000,gazetteer
184,SAPP BROS TRAVEL CENTER,Council Bluffs,IA,41.261940,-95.860830,3.719000,gazetteer
50,TA COUNCIL BLUFFS TRAVEL CENTER,Council Bluffs,IA,41.261940,-95.860830,3.725667,gazetteer
67175,KWIK STAR #428,Cresco,IA,43.381360,-92.114050,3.524000,gazetteer
70660,CASEYS #3852,Creston,IA,41.058600,-94.361350,3.349000,gazetteer
52405,FLYING J TRAVEL PLAZA #636,Davenport,IA,41.523640,-90.577640,3.872333,gazetteer
69171,KWIK STAR #215,Davenport,IA,41.523640,-90.577640,3.649000,gazetteer
71368,Kwik Star #1071,Davenport,IA,41.523640,-90.577640,3.324000,gazetteer
68708,LOVES TRAVEL STOP #476,Davenport,IA,41.523640,-90.577640,3.862333,gazetteer
71446,SPEEDWAY #4221,Davenport,IA,41.523640,-90.577640,3.749000,gazetteer
71872,KWIK STAR #1189,De Soto,IA,41.531660,-94.009670,3.224000,gazetteer
69746,Maverik Country Store #5014,De Soto,IA,41.531660,-94.009670,3.099000,gazetteer
63699,DEWITT TRAVEL MART,De Witt,IA,41.823360,-90.538190,3.599000,gazetteer
69288,KWIK STAR #207,De Witt,IA,41.823360,-90.538190,3.624000,gazetteer
71563,Kwik Star #1081,Decorah,IA,43.303310,-91.785710,3.579000,gazetteer
62316,BP,Delaware,IA,42.475268,-91.345421,3.299000,nominatim
1112,BC AMPRIDE TRUCK PLAZA,Denison,IA,42.017770,-95.355280,3.399000,gazetteer
70417,CASEYS #3434,Denver,IA,42.671370,-92.337400,3.499000,gazetteer
67178,KWIK STAR #701,Denver,IA,42.671370,-92.337400,3.499000,gazetteer
69850,KUM & GO #0539,Des Moines,IA,41.600540,-93.609110,3.072333,gazetteer
1567,KUM & GO #4110,Des Moines,IA,41.600540,-93.609110,3.027333,gazetteer
69379,Kum & Go #0535,Des Moines,IA,41.600540,-93.609110,2.987333,gazetteer
64859,QUICK FUEL #2901,Des Moines,IA,41.600540,-93.609110,3.137333,gazetteer
52470,QUIKTRIP #562,Des Moines,IA,41.600540,-93.609110,3.047333,gazetteer
67285,CASEY'S #4504,Dows,IA,42.656640,-93.501040,3.299000,gazetteer
64860,BP TRUCK PLAZA,Dubuque,IA,42.500560,-90.664570,3.489000,gazetteer
9851,KWIK STOP #86,Dubuque,IA,42.500560,-90.664570,3.489000,gazetteer
4331,KWIK STOP C STORES,Dubuque,IA,42.500560,-90.664570,3.559000,gazetteer
73120,Kwik Star #1184,Dubuque,IA,42.500560,-90.664570,3.489000,gazetteer
71823,MARKER 126,Duncombe,IA,42.470501,-93.993355,3.059000,nominatim
70774,CASEYS #3079,Early,IA,42.461370,-95.151940,3.299000,gazetteer
71094,BP,Eddyville,IA,41.156500,-92.637390,3.379000,gazetteer
69876,LOVES TRAVEL STOP #684,Ellsworth,IA,42.312760,-93.578820,3.689000,gazetteer
67140,Maverik Country Store #5069,Ellsworth,IA,42.312760,-93.578820,3.095667,gazetteer
71321,Kwik Star #1119,Emmetsburg,IA,43.112740,-94.683040,3.449000,gazetteer
70565,Kwik Star #1025,Estherville,IA,43.401630,-94.832760,3.332333,gazetteer
63580,FLYING J TRAVEL PLAZA #637,Evansdale,IA,42.469150,-92.281020,3.779000,gazetteer
4349,ROAD RANGER #144,Evansdale,IA,42.469150,-92.281020,3.729000,gazetteer
64862,218 FUEL EXPRESS,Floyd,IA,43.127895,-92.736593,3.489000,nominatim
69855,LOVES TRAVEL STOP #670,Floyd,IA,43.127895,-92.736593,3.649000,nominatim
70604,KWIK STAR #940,Forest City,IA,43.262460,-93.637160,3.449000,gazetteer
6434,AMPRIDE ALL ROUND TRUCK STOP,Fort Dodge,IA,42.497470,-94.168020,3.299000,gazetteer
70297,KWIK STAR #509,Fort Dodge,IA,42.497470,-94.168020,3.202333,gazetteer
70325,KWIK STAR #927,Fort Dodge,IA,42.497470,-94.168020,3.202333,gazetteer
64863,FT MADISON FAST BREAK,Fort Madison,IA,40.629760,-91.315150,3.399000,gazetteer
70274,Kwik Star #920,Garner,IA,43.102460,-93.601880,3.399000,gazetteer
70742,CASEYS #3653,Greene,IA,42.895810,-92.802420,3.599000,gazetteer
67141,KUM & GO #0022,Grinnell,IA,41.743050,-92.722410,3.197333,gazetteer
69847,KWIK STAR #145,Guttenberg,IA,42.785820,-91.099570,3.599000,gazetteer
70010,Kwik Star #567,Hampton,IA,42.741920,-93.202420,3.504000,gazetteer
69998,CASEYS #3604,Hinton,IA,42.627770,-96.291690,3.299000,gazetteer
66055,WINDMILL BP,Holland,IA,42.398935,-92.800193,3.599000,nominatim
70431,TA EXPRESS HOLSTEIN #941,Holstein,IA,42.489150,-95.545000,3.559000,gazetteer
71216,Maverik Country Store #5337,Huxley,IA,41.895270,-93.600770,3.092333,gazetteer
63652,CASEYS #3292,Independence,IA,42.468600,-91.889340,3.599000,gazetteer
71698,Kwik Star #1142,Iowa City,IA,41.661130,-91.530170,3.134000,gazetteer
70042,Kwik Star #103,Iowa Falls,IA,42.522480,-93.251310,3.374000,gazetteer
60817,KWIK STAR #712,Janesville,IA,42.646090,-92.462960,3.599000,gazetteer
3530,SPARKYS ONE STOP #22,Jefferson,IA,42.015260,-94.377470,3.232333,gazetteer
187,DUDLEYS CORNER,Latimer,IA,42.763590,-93.368764,3.232333,nominatim
5341,KWIK STAR #1160,Le Mars,IA,42.794160,-96.165580,3.299000,gazetteer
71801,Love's Travel Stop #869,Le Mars,IA,42.794160,-96.165580,3.455667,gazetteer
68349,SAPP BROS TRAVEL CENTER,Le Mars,IA,42.794160,-96.165580,3.269000,gazetteer
68451,CASEYS #3439,Lime Springs,IA,43.448494,-92.280495,3.565667,nominatim
70763,CASEYS #3854,Manchester,IA,42.484150,-91.455430,3.545667,gazetteer
67847,E Z PICKENS,Manchester,IA,42.484150,-91.455430,3.579000,gazetteer
67274,KWIK STAR #790,Manchester,IA,42.484150,-91.455430,3.562333,gazetteer
71143,CASEYS #3904,Manning,IA,41.909150,-95.064990,3.209000,gazetteer
69820,CUBBYS #304,Manson,IA,42.529140,-94.534140,3.299000,gazetteer
66867,KWIK STAR #212,Maquoketa,IA,42.068910,-90.665690,3.624000,gazetteer
68048,CASEYS #3961,Marcus,IA,42.825820,-95.807510,3.299000,gazetteer
71076,Kwik Star #589,Marion,IA,42.034170,-91.597680,3.524000,gazetteer
10109,GIT N GO CONVENIENCE STORE #34,Marshalltown,IA,42.049430,-92.907980,3.119000,gazetteer
64479,YESWAY #1148,Marshalltown,IA,42.049430,-92.907980,3.245667,gazetteer
70600,KWIK STAR #1027,Mason City,IA,43.153570,-93.201040,3.264000,gazetteer
64868,MEDIAPOLIS FAST BREAK,Mediapolis,IA,41.008090,-91.164040,3.349000,gazetteer
73082,KWIK STAR #1153,Milford,IA,43.324690,-95.150000,3.324000,gazetteer
70779,CASEYS #3204,Minden,IA,41.466940,-95.542780,3.159000,gazetteer
69658,Missouri Travel,Missouri Valley,IA,41.556380,-95.887790,3.424000,gazetteer
4389,TAYLOR QUIK-PIK,Missouri Valley,IA,41.556380,-95.887790,3.399000,gazetteer
60242,KWIK STAR #711,Monona,IA,43.051650,-91.389300,3.624000,gazetteer
67151,CASEYS #2523,Monroe,IA,41.522210,-93.101870,3.199000,gazetteer
71088,KARDES,Monticello,IA,42.238340,-91.187090,3.399000,gazetteer
70413,CASEYS #3782,Mount Ayr,IA,40.714710,-94.235230,3.164000,gazetteer
69309,PILOT TRAVEL CENTER #1012,Mount Pleasant,IA,40.963640,-91.557940,3.565667,gazetteer
67416,CASEYS #4025,Muscatine,IA,41.424470,-91.043210,3.299000,gazetteer
71899,LOVES TRAVEL STOP #882,Muscatine,IA,41.424470,-91.043210,3.439000,gazetteer
64871,STEWART ROAD FAST BREAK,Muscatine,IA,41.424470,-91.043210,3.299000,gazetteer
66538,KUM & GO #0023,Neola,IA,41.448880,-95.615560,3.157333,gazetteer
69521,CASEYS #3319,Nevada,IA,42.022770,-93.452430,2.989000,gazetteer
68276,KWIK STAR #895,New Hampton,IA,43.059140,-92.317680,3.449000,gazetteer
4373,KUM & GO #0043,New Virginia,IA,41.180595,-93.730040,3.114000,nominatim
71387,CASEYS #3954,Newton,IA,41.699710,-93.047980,3.249000,gazetteer
70306,KWIK STAR #1001,Newton,IA,41.699710,-93.047980,3.249000,gazetteer
67066,LOVES TRAVEL STOP #361,Newton,IA,41.699710,-93.047980,3.762333,gazetteer
73083,Kwik Star #1213,North Liberty,IA,41.749180,-91.597950,3.159000,gazetteer
69946,KUM & GO #0119,Northwood,IA,43.444120,-93.221040,3.115667,gazetteer
68052,CUBBYS #302,Odebolt,IA,42.312210,-95.250550,3.315667,gazetteer
71813,Kweik Star #1156,Oelwein,IA,42.673320,-91.913500,3.582333,gazetteer
64873,CUBBYS #2301,Onawa,IA,42.026650,-96.097240,3.149000,gazetteer
60243,PETRO MART,Onawa,IA,42.026650,-96.097240,3.157333,gazetteer
66756,CASEYS #2550,Osceola,IA,41.033890,-93.765500,3.339000,gazetteer
64874,OSCEOLA TRAVEL PLAZA,Osceola,IA,41.033890,-93.765500,3.312333,gazetteer
67793,PILOT TRAVEL CENTERS #131,Osceola,IA,41.033890,-93.765500,3.439000,gazetteer
692,BP,Ottumwa,IA,41.020010,-92.411300,3.399000,gazetteer
5030,YESWAY #1030,Ottumwa,IA,41.020010,-92.411300,3.399000,gazetteer
71978,BP,Pacific Junction,IA,41.018690,-95.800309,3.399000,nominatim
70150,LOVES TRAVEL STOP #704,Pacific Junction,IA,41.018690,-95.800309,3.789000,nominatim
1115,KWIK STAR #704,Parkersburg,IA,42.577480,-92.786860,3.582333,gazetteer
64875,CASEYS #2598,Pella,IA,41.408050,-92.916310,3.199000,gazetteer
4335,HIGHWAY 20 AUTO TRUCK PLAZA,Peosta,IA,42.450560,-90.850410,3.489000,gazetteer
69458,PEOSTA KWIK STOP,Peosta,IA,42.450560,-90.850410,3.489000,gazetteer
63937,CUBBYS #305,Percival,IA,40.748842,-95.813191,3.694000,nominatim
64876,PILOT #238,Percival,IA,40.748842,-95.813191,3.799000,nominatim
66023,SAPP BROS TRAVEL CENTER,Percival,IA,40.748842,-95.813191,3.789000,nominatim
72727,CASEYS #4319,Perry,IA,41.838600,-94.107180,3.129000,gazetteer
71710,KWIK STAR #1180,Perry,IA,41.838600,-94.107180,3.060667,gazetteer
71398,KWIK STAR #1089,Polk City,IA,41.771380,-93.713000,3.159000,gazetteer
60822,CASEYS #3639,Postville,IA,43.084700,-91.568200,3.599000,gazetteer
63938,CUBBYS #301,Red Oak,IA,41.009720,-95.225550,3.399000,gazetteer
64877,CASEYS #3900,Riverside,IA,41.479740,-91.581280,3.170667,gazetteer
67418,KUM & GO #0080,Riverside,IA,41.479740,-91.581280,3.097333,gazetteer
72798,Casey's #4539,Rock Rapids,IA,43.427190,-96.175860,3.349000,gazetteer
71107,SPARKYS ONE STOP,Rockwell City,IA,42.395260,-94.633870,3.215667,gazetteer
71148,CASEYS #1892,Sheffield,IA,42.893300,-93.215200,3.152333,gazetteer
69177,LOVES TRAVEL STOP #426,Shelby,IA,41.516100,-95.450280,3.649000,gazetteer
71434,KWIK STAR #1154,Sheldon,IA,43.181090,-95.856130,3.199000,gazetteer
67304,JACKRABBIT JUNCTION,Sibley,IA,43.399140,-95.751960,3.265667,gazetteer
71506,KWIK STAR #1165,Sibley,IA,43.399140,-95.751960,3.224000,gazetteer
70268,CASEYS #3396,Sigourney,IA,41.333340,-92.204630,3.362333,gazetteer
72778,KWIK STAR #1208,Sioux Center,IA,43.079710,-96.175580,3.199000,gazetteer
66110,LOVES TRAVEL STOP #479,Sioux City,IA,42.499990,-96.400310,3.642333,gazetteer
7406,PILOT TRAVEL CENTER #594,Sioux City,IA,42.499990,-96.400310,3.605667,gazetteer
64884,SAPP BROS TRAVEL CENTER,Sioux City,IA,42.499990,-96.400310,3.649000,gazetteer
67977,KUM & GO #4127,Sloan,IA,42.232770,-96.228080,3.109000,gazetteer
67819,BREW #31,Spencer,IA,43.141360,-95.144440,3.465667,gazetteer
64880,CASEYS #2487,Spirit Lake,IA,43.422180,-95.102220,3.382333,gazetteer
70541,Kwik Star#1012,Spirit Lake,IA,43.422180,-95.102220,3.299000,gazetteer
64881,SPARKYS ONE STOP #16,Storm Lake,IA,42.641090,-95.209720,3.232333,gazetteer
67684,CASEYS #2490,Story City,IA,42.187210,-93.595770,3.062333,gazetteer
71027,Kwik Star #1068,Story City,IA,42.187210,-93.595770,2.959000,gazetteer
192,Brew Stuart Truckstop,Stuart,IA,41.503320,-94.318570,3.099000,gazetteer
4427,CASEYS #2654,Stuart,IA,41.503320,-94.318570,3.099000,gazetteer
67404,Meskwaki Travel Plaza,Tama,IA,41.966660,-92.576860,3.234000,gazetteer
67422,KUM & GO #0137,Tiffin,IA,41.705850,-91.662950,3.099000,gazetteer
67395,KUM & GO #0267,Tipton,IA,41.769740,-91.127930,2.982333,gazetteer
4431,CASEYS #2653,Toledo,IA,41.995550,-92.576860,3.349000,gazetteer
71773,KWIK STAR #710,Toledo,IA,41.995550,-92.576860,3.399000,gazetteer
4437,UNDERWOOD TRUCK STOP I 80,Underwood,IA,41.386940,-95.676670,3.000667,gazetteer
68531,CASEYS #2845,Urbana,IA,42.224160,-91.874340,3.449000,gazetteer
66664,CASEYS #3294,Urbana,IA,42.224160,-91.874340,3.449000,gazetteer
7410,PILOT TRAVEL CENTER #373,Urbandale,IA,41.626660,-93.712170,3.342333,gazetteer
70748,CASEYS #3717,Vinton,IA,42.168610,-92.023510,3.199000,gazetteer
71018,KWIK STAR #1076,Vinton,IA,42.168610,-92.023510,3.199000,gazetteer
6164,PILOT TRAVEL CENTER #268,Walcott,IA,41.584750,-90.772090,3.859000,gazetteer
63728,PILOT TRAVEL CENTER #43,Walcott,IA,41.584750,-90.772090,3.859000,gazetteer
7407,TA IOWA 80 TRAVEL PLAZA,Walcott,IA,41.584750,-90.772090,3.902333,gazetteer
64883,KUM & GO #1046,Walnut,IA,41.477490,-95.221940,3.109000,gazetteer
66809,CASEYS #3449,Wapello,IA,41.181420,-91.185430,3.349000,gazetteer
70770,CASEYS #3528,Washington,IA,41.299180,-91.692940,3.271000,gazetteer
4452,CASEYS #2867,Waterloo,IA,42.492760,-92.342960,3.499000,gazetteer
70303,Kwik Star #1004,Waterloo,IA,42.492760,-92.342960,3.574000,gazetteer
70032,Kwik Star #569,Waterloo,IA,42.492760,-92.342960,3.574000,gazetteer
70157,LOVES TRAVEL STOP #702,Waterloo,IA,42.492760,-92.342960,3.769000,gazetteer
70346,Kwik Star #924,Webster City,IA,42.469420,-93.816050,3.202333,gazetteer
67396,Q C MART,Welton,IA,41.908081,-90.595415,3.699000,nominatim
6299,HWY 34 TRUCKSTOP,West Burlington,IA,40.825040,-91.156540,3.374000,gazetteer
4750,BROOKE TRAVEL PLAZA,West Liberty,IA,41.570020,-91.263770,2.987333,gazetteer
64886,WEVER JUNCTION,Wever,IA,40.711488,-91.230431,3.399000,nominatim
63771,FLYING J FUEL STOP #572,Williams,IA,42.487141,-93.544711,3.699000,nominatim
5128,CASEYS #2769,Williamsburg,IA,41.661120,-92.009070,3.142333,gazetteer
4458,KUM & GO #1443,Williamsburg,IA,41.661120,-92.009070,3.130667,gazetteer
72552,VALLEYWIDE COUNTRY STORE,American Falls,ID,42.786020,-112.854440,3.599000,gazetteer
68381,Fast Stop Travel Centers #2241,Blackfoot,ID,43.190470,-112.344980,3.999000,gazetteer
67359,SAGE HILL TRAVEL CENTER,Blackfoot,ID,43.190470,-112.344980,3.569000,gazetteer
981,STINKER #85,Blackfoot,ID,43.190470,-112.344980,3.532333,gazetteer
71150,LOVES TRAVEL STOP #812,Bliss,ID,42.926774,-114.949274,3.785667,nominatim
60245,STINKER #74,Bliss,ID,42.926774,-114.949274,3.634000,nominatim
3464,BOISE PETROLEUM LLC,Boise,ID,43.613500,-116.203450,3.379000,gazetteer
4482,FLYING J FUEL STOP #777,Boise,ID,43.613500,-116.203450,3.765667,gazetteer
70176,MAVERIK COUNTRY STORE #565,Boise,ID,43.613500,-116.203450,3.395667,gazetteer
71369,MR GAS TRAVEL CENTER #21,Boise,ID,43.613500,-116.203450,3.695667,gazetteer
7482,TA BOISE TRAVEL CENTER,Boise,ID,43.613500,-116.203450,3.770667,gazetteer
4492,3 MILE CORNER TRUCK STOP,Bonners Ferry,ID,48.691330,-116.316310,3.734000,gazetteer
63533,FLYING J TRAVEL PLAZA #638,Caldwell,ID,43.662940,-116.687360,3.787333,gazetteer
69532,JACKSONS FOOD STORE #147,Caldwell,ID,43.662940,-116.687360,3.579000,gazetteer
70360,MAVERIK COUNTRY STORE #595,Caldwell,ID,43.662940,-116.687360,3.369000,gazetteer
64887,COUNCIL FOOD AND FUEL,Council,ID,44.729890,-116.438200,3.589000,gazetteer
2805,Fast Stop Travel Centers #1145,Downey,ID,42.428530,-112.124410,3.799000,gazetteer
68499,DUBOIS TRAVEL STOP,Dubois,ID,44.176300,-112.230820,4.299000,gazetteer
1121,TRAVELERS OASIS,Eden,ID,42.605900,-114.209645,3.799000,nominatim
2915,TP TRUCK STOP,Fort Hall,ID,43.033250,-112.438310,3.519000,gazetteer
70351,MAVERIK COUNTRY STORE #606,Franklin,ID,42.013540,-111.807170,3.579000,gazetteer
72046,CHEVRON DBA ONE9 #1429,Fruitland,ID,44.007660,-116.916550,3.349000,gazetteer
68952,MAVERIK COUNTRY STORE #425,Fruitland,ID,44.007660,-116.916550,3.365667,gazetteer
64888,NOMNOM #21,Grangeville,ID,45.926550,-116.122370,3.907333,gazetteer
66888,LOVES TRAVEL STOP #334,Heyburn,ID,42.558520,-113.763900,3.892333,gazetteer
2779,Stinker #121,Heyburn,ID,42.558520,-113.763900,3.560667,gazetteer
68996,BLU / DRIVEN FUELS,Idaho Falls,ID,43.466580,-112.034140,3.479000,gazetteer
5462,BOOZER KWIK STOP,Idaho Falls,ID,43.466580,-112.034140,3.447333,gazetteer
69100,DADS NORTH YELLOWSTONE,Idaho Falls,ID,43.466580,-112.034140,3.599000,gazetteer
66038,FLYING J #1043,Idaho Falls,ID,43.466580,-112.034140,3.699000,gazetteer
71437,GOOD 2 GO #121,Idaho Falls,ID,43.466580,-112.034140,3.479000,gazetteer
68053,KJ TRAVEL CENTER,Idaho Falls,ID,43.466580,-112.034140,3.407333,gazetteer
68734,LOVES TRAVEL STOP #478,Idaho Falls,ID,43.466580,-112.034140,3.755667,gazetteer
72868,MAVERIK #737,Idaho Falls,ID,43.466580,-112.034140,3.405667,gazetteer
69937,MAVERIK COUNTRY STORE #385,Idaho Falls,ID,43.466580,-112.034140,3.425667,gazetteer
70145,MAVERIK COUNTRY STORE #578,Idaho Falls,ID,43.466580,-112.034140,3.402333,gazetteer
73044,Maverik #732,Idaho Falls,ID,43.466580,-112.034140,3.394000,gazetteer
64536,FLYING J TRAVEL PLAZA #640,Jerome,ID,42.724070,-114.518650,3.902333,gazetteer
70217,MR GAS #20,Jerome,ID,42.724070,-114.518650,3.407333,gazetteer
71269,Maverik Country Store #652,Jerome,ID,42.724070,-114.518650,3.394000,gazetteer
69501,VALLEY COUNTRY STORE,Jerome,ID,42.724070,-114.518650,3.432333,gazetteer
72337,VALLEY COUNTRY STORE,Jerome,ID,42.724070,-114.518650,3.432333,gazetteer
2896,NORTH LEWISTON DYNAMART,Lewiston,ID,46.416550,-117.017660,3.669000,gazetteer
4525,STINKER #42,Lewiston,ID,46.416550,-117.017660,3.697333,gazetteer
70878,MAVERIK COUNTRY STORE #630,Malad City,ID,42.191590,-112.250800,3.394000,gazetteer
66552,GEM STOP,Marsing,ID,43.545440,-116.813200,3.585667,gazetteer
67055,FLYING J TRAVEL PLAZA #641,Mccammon,ID,42.650470,-112.193020,3.749000,gazetteer
5202,Chevron #306185,Montpelier,ID,42.322150,-111.297700,3.699000,gazetteer
4818,PILOT TRAVEL CENTERS #350,Mountain Home,ID,43.132950,-115.691200,3.759000,gazetteer
10110,JACKSON'S FOODS DBA ONE9 #1427,Nampa,ID,43.540720,-116.563460,3.370667,gazetteer
68935,JACKSONS FOOD STORES #144,Nampa,ID,43.540720,-116.563460,3.899000,gazetteer
68978,MAVERIK COUNTRY STORE #287,Nampa,ID,43.540720,-116.563460,3.385667,gazetteer
4878,SHELL DBA ONE9 #1426,Nampa,ID,43.540720,-116.563460,3.374000,gazetteer
73119,Stinker #122,Nampa,ID,43.540720,-116.563460,3.402333,gazetteer
68497,JACKSONS FOOD STORE #30,Pocatello,ID,42.871300,-112.445530,3.459000,gazetteer
71245,MAVERIK COUNTRY STORE #651,Pocatello,ID,42.871300,-112.445530,3.402333,gazetteer
4172,FLYING J TRAVEL PLAZA #639,Post Falls,ID,47.717960,-116.951590,3.762333,gazetteer
67623,LOVES TRAVEL STOP #301,Post Falls,ID,47.717960,-116.951590,3.745667,gazetteer
70403,MAVERIK COUNTRY STORE #607,Post Falls,ID,47.717960,-116.951590,3.375667,gazetteer
69888,OASIS STOP N GO #17,Twin Falls,ID,42.562970,-114.460870,3.699000,gazetteer
64892,JACKSONS FOOD STORE #3,Wilder,ID,43.676550,-116.911820,3.579000,gazetteer
72699,Quiktrip #7195,Addison,IL,41.931700,-87.988960,3.079000,gazetteer
72891,GAS N WASH,Alsip,IL,41.668920,-87.738660,3.399000,gazetteer
71682,Gas N Wash,Alsip,IL,41.668920,-87.738660,3.299000,gazetteer
72207,NZT,Alsip,IL,41.668920,-87.738660,3.389000,gazetteer
69542,PILOT #1030,Alsip,IL,41.668920,-87.738660,3.359000,gazetteer
69047,SPEEDWAY #7461,Alsip,IL,41.668920,-87.738660,3.219000,gazetteer
70740,JACK FLASH,Altamont,IL,39.061990,-88.748110,3.099000,gazetteer
68888,Express Lane,Annawan,IL,41.397260,-89.904550,3.299000,gazetteer
135,LOVES TRAVEL STOP #766,Atkinson,IL,41.420870,-90.015110,3.389000,gazetteer
71301,Atlanta IL Visitors Center,Atlanta,IL,40.259480,-89.233420,3.399000,gazetteer
60829,BARRY TRAVEL PLAZA,Barry,IL,39.694210,-91.039020,3.599000,gazetteer
69647,SPEEDWAY #6207,Batavia,IL,41.850030,-88.312570,3.599000,gazetteer
70034,SPEEDWAY #8799,Bedford Park,IL,41.762810,-87.800060,3.599000,gazetteer
72438,QUIKTRIP #7208,Bellwood,IL,41.881420,-87.883120,3.079000,gazetteer
62370,7-ELEVEN #34712,Belvidere,IL,42.263910,-88.844270,3.739000,gazetteer
72349,7-ELEVEN #34713,Belvidere,IL,42.263910,-88.844270,3.659000,gazetteer
73030,SPEED TREK TRAVEL CENTER,Belvidere,IL,42.263910,-88.844270,3.699000,gazetteer
69851,SPEEDWAY #3995,Belvidere,IL,42.263910,-88.844270,3.849000,gazetteer
70180,Gulf,Bensenville,IL,41.955030,-87.940070,3.059000,gazetteer
70085,Pilot #1114,Bensenville,IL,41.955030,-87.940070,3.389000,gazetteer
66810,QUICK FUEL #3145,Bensenville,IL,41.955030,-87.940070,3.449000,gazetteer
69878,SPEEDWAY #7412,Bensenville,IL,41.955030,-87.940070,3.379000,gazetteer
69261,THORNTONS #314,Bensenville,IL,41.955030,-87.940070,3.409000,gazetteer
70172,MACH 1 #3,Benton,IL,37.996720,-88.920070,3.379000,gazetteer
72119,Gas N Wash Cicero,Berwyn,IL,41.850590,-87.793670,3.569000,gazetteer
60833,SPEEDWAY #5400,Bloomingdale,IL,41.957530,-88.080900,3.759000,gazetteer
64894,CIRCLE K #4701251,Bloomington,IL,40.484200,-88.993690,3.399000,gazetteer
4563,PILOT TRAVEL CENTERS #299,Bloomington,IL,40.484200,-88.993690,3.399000,gazetteer
6018,TA BLOOMINGTON TRAVEL CENTER,Bloomington,IL,40.484200,-88.993690,3.449000,gazetteer
69780,Bolingbrook Mart,Bolingbrook,IL,41.698640,-88.068400,3.639000,gazetteer
52255,GREATER CHICAGO I 55,Bolingbrook,IL,41.698640,-88.068400,3.319000,gazetteer
70623,SPEEDWAY #1127,Bolingbrook,IL,41.698640,-88.068400,3.299000,gazetteer
72471,THORNTONS #221335,Bolingbrook,IL,41.698640,-88.068400,3.649000,gazetteer
70663,LENNYS GAS N WASH BOURBONNAIS,Bourbonnais,IL,41.153760,-87.887540,3.299000,gazetteer
72768,ROAD RANGER #287,Bourbonnais,IL,41.153760,-87.887540,3.339000,gazetteer
69314,Circle K #4706799,Bridgeview,IL,41.750030,-87.804220,3.919000,gazetteer
69680,PILOT #1042,Bridgeview,IL,41.750030,-87.804220,3.799000,gazetteer
70735,CASEYS #1778,Brighton,IL,39.039770,-90.140660,3.239000,gazetteer
60834,SPEEDWAY #7422,Burbank,IL,41.733920,-87.779500,3.619000,gazetteer
69637,PILOT TRAVEL CENTER #1041,Carol Stream,IL,41.912530,-88.134790,3.699000,gazetteer
71774,CASEYS #4292,Carrollton,IL,39.302270,-90.407060,3.239000,gazetteer
69497,MACH ONE FOOD SHOP #10,Casey,IL,39.299200,-87.992530,3.199000,gazetteer
72815,QUIKTRIP #7194,Champaign,IL,40.116420,-88.243380,3.099000,gazetteer
65847,ROAD RANGER #132,Champaign,IL,40.116420,-88.243380,3.409000,gazetteer
71167,LOVES TRAVEL STOP #768,Channahon,IL,41.429480,-88.228670,3.349000,gazetteer
67130,Pilot Travel Centers #473,Channahon,IL,41.429480,-88.228670,3.359000,gazetteer
70607,SPEEDWAY #8544,Channahon,IL,41.429480,-88.228670,3.249000,gazetteer
69803,THORNTONS #319,Channahon,IL,41.429480,-88.228670,3.249000,gazetteer
72340,WARREN OIL,Channahon,IL,41.429480,-88.228670,3.629000,gazetteer
72412,KELLEYS MARKET,Cherry Valley,IL,42.234740,-88.948990,3.699000,gazetteer
66440,BP CONNECT #4701,Chicago,IL,41.850030,-87.650050,3.569000,gazetteer
69683,GOOD TO GO #88,Chicago,IL,41.850030,-87.650050,3.619000,gazetteer
73127,Gas N Wash,Chicago,IL,41.850030,-87.650050,3.399000,gazetteer
1653,ROAD RANGER #187,Chicago,IL,41.850030,-87.650050,3.569000,gazetteer
70666,Thorntons #322,Chicago,IL,41.850030,-87.650050,3.599000,gazetteer
71096,GAS N WASH,Chicago Heights,IL,41.506150,-87.635600,3.499000,gazetteer
70605,SPEEDWAY #1042,Cicero,IL,41.845590,-87.753940,3.569000,gazetteer
72318,THORNTONS #330,Cicero,IL,41.845590,-87.753940,3.549000,gazetteer
72319,THORNTONS #5,Cicero,IL,41.845590,-87.753940,3.599000,gazetteer
60865,Truckquest,Cicero,IL,41.845590,-87.753940,3.599000,gazetteer
72785,GAS N WASH,Crest Hill,IL,41.554750,-88.098670,3.299000,gazetteer
70577,SPEEDWAY #3715,Crest Hill,IL,41.554750,-88.098670,3.299000,gazetteer
70632,CIRCLE K #4706705,Crete,IL,41.444480,-87.631430,3.499000,gazetteer
72315,THORNTONS #221343,Crystal Lake,IL,42.241130,-88.316200,3.449000,gazetteer
66034,FAS MART #5134,Decatur,IL,39.840310,-88.954800,3.459000,gazetteer
70374,LOVES TRAVEL STOP #746,Decatur,IL,39.840310,-88.954800,3.449000,gazetteer
67058,PILOT TRAVEL CENTER #368,Decatur,IL,39.840310,-88.954800,3.459000,gazetteer
72350,7-ELEVEN #34709,Dekalb,IL,41.929470,-88.750360,4.439000,gazetteer
69596,SPEEDWAY #4250,Des Plaines,IL,42.033360,-87.883400,3.289000,gazetteer
1140,CIRCLE K #4701398,Divernon,IL,39.565610,-89.657320,3.499000,gazetteer
72799,CASEYS #4384,Dixon,IL,41.838920,-89.479550,3.479000,gazetteer
66819,ROAD RANGER #265,Dixon,IL,41.838920,-89.479550,3.479000,gazetteer
64902,DOWNS TRAVEL MART,Downs,IL,40.396980,-88.870630,3.499000,gazetteer
72259,SHELL,Dundee,IL,42.098914,-88.271469,3.279000,nominatim
71074,Speedway #7764,Dundee,IL,42.098914,-88.271469,3.279000,nominatim
66447,CIRCLE K #4701207,Dwight,IL,41.094480,-88.425060,3.349000,gazetteer
72741,Caseys #4298,Dwight,IL,41.094480,-88.425060,3.349000,gazetteer
68257,LOVES TRAVEL STOP #292,Dwight,IL,41.094480,-88.425060,3.349000,gazetteer
66929,FLYING J TRAVEL PLAZA #642,East Saint Louis,IL,38.624500,-90.150940,3.389000,gazetteer
70682,LOVES TRAVEL STOP #758,East Saint Louis,IL,38.624500,-90.150940,3.379000,gazetteer
7469,PILOT TRAVEL CENTER #313,East Saint Louis,IL,38.624500,-90.150940,3.379000,gazetteer
60839,FREEDOM OIL #18,Edwards,IL,40.745870,-89.744270,3.399000,nominatim
66026,FLYING J TRAVEL PLAZA #643,Effingham,IL,39.120040,-88.543380,3.299000,gazetteer
1204,PETRO STOPPING CENTER #321,Effingham,IL,39.120040,-88.543380,3.349000,gazetteer
64487,PILOT TRAVEL CENTERS #165,Effingham,IL,39.120040,-88.543380,3.299000,gazetteer
72592,QUIKTRIP #7191,Effingham,IL,39.120040,-88.543380,2.999000,gazetteer
70091,SPEEDWAY #7503,Effingham,IL,39.120040,-88.543380,3.199000,gazetteer
7457,TA EFFINGHAM TRAVEL CENTER,Effingham,IL,39.120040,-88.543380,3.349000,gazetteer
128,THE EFFINGHAM CHROME SHOP,Effingham,IL,39.120040,-88.543380,3.349000,gazetteer
62355,MINIT MART #600630,El Paso,IL,40.739200,-89.016460,3.599000,gazetteer
72267,SHELL SERVICE STATION,Elgin,IL,42.037250,-88.281190,3.279000,gazetteer
72986,THE PRIDE OF ELGIN,Elgin,IL,42.037250,-88.281190,3.499000,gazetteer
71318,LOVES TRAVEL STOP #800,Elk Grove Village,IL,42.003920,-87.970350,3.379000,gazetteer
71101,FOOD N FUEL,Elwood,IL,41.403920,-88.111720,3.499000,gazetteer
69057,MACH ONE FOOD SHOP #18,Fairfield,IL,42.219190,-88.061470,3.729000,gazetteer
60890,JACK FLASH,Farina,IL,38.834210,-88.772280,3.099000,gazetteer
69688,CASEYS #3431,Farmer City,IL,40.243370,-88.642570,3.339000,gazetteer
66488,HUCKS FOOD & FUEL #54,Farmer City,IL,40.243370,-88.642570,3.269000,gazetteer
66439,JACK FLASH,Farmersville,IL,39.443390,-89.651760,3.199000,gazetteer
68533,MACH ONE FOOD SHOP #17,Flora,IL,38.668940,-88.485600,3.899000,gazetteer
70432,GAS N WASH,Frankfort,IL,41.495870,-87.848660,3.499000,gazetteer
68797,SPEEDWAY #1412,Frankfort,IL,41.495870,-87.848660,3.359000,gazetteer
68701,SPEEDWAY #1421,Frankfort,IL,41.495870,-87.848660,3.299000,gazetteer
69880,Speedway #6809,Franklin Park,IL,41.935310,-87.865620,3.329000,gazetteer
70328,Thorntons #7,Franklin Park,IL,41.935310,-87.865620,3.329000,gazetteer
72235,ROC ONE STOP #1,Galatia,IL,37.840600,-88.609220,3.559000,gazetteer
68294,BP,Galesburg,IL,40.947820,-90.371240,3.499000,gazetteer
66537,BECKS EXPRESS MART #26,Geneseo,IL,41.448090,-90.154280,3.269000,gazetteer
72130,GILBERTS SHELL,Gilberts,IL,42.103360,-88.372860,3.279000,gazetteer
68266,FREDS FUEL AND FOOD #2,Gilman,IL,40.766700,-87.992260,3.049000,gazetteer
5422,K AND H TRUCK PLAZA,Gilman,IL,40.766700,-87.992260,3.099000,gazetteer
69390,MINIT MART #600625,Gilman,IL,40.766700,-87.992260,3.399000,gazetteer
4332,PILOT TRAVEL CENTER #468,Gilman,IL,40.766700,-87.992260,3.399000,gazetteer
64907,FREEDOM OIL #77,Goodfield,IL,40.629760,-89.274810,3.659000,gazetteer
66119,FLYING J TRAVEL PLAZA #645,Granite City,IL,38.701440,-90.148720,3.559000,gazetteer
71390,SPEEDWAY #7269,Granite City,IL,38.701440,-90.148720,3.379000,gazetteer
71392,Loves Travel Stop #834,Grant Park,IL,41.241140,-87.646150,3.329000,gazetteer
69305,ROAD RANGER #268,Grayville,IL,38.257550,-87.993640,3.799000,gazetteer
69921,LOVES TRAVEL STOP #688,Greenup,IL,39.247820,-88.163370,3.289000,gazetteer
4885,LOVES TRAVEL STOP #384,Greenville,IL,38.892270,-89.413140,3.689000,gazetteer
6659,GURNEE TRUCK STOP,Gurnee,IL,42.370300,-87.902020,3.289000,gazetteer
72232,RICKY ROCKETS FUEL,HICKORY HILLS,IL,41.725590,-87.825060,3.899000,gazetteer
72118,GAS N WASH,HOMER GLEN,IL,41.600030,-87.938110,3.599000,gazetteer
69307,LOVES TRAVEL STOP #578,Hamel,IL,38.888940,-89.845380,3.419000,gazetteer
70423,LOVES TRAVEL STOP #763,Hampshire,IL,42.097800,-88.530360,3.449000,gazetteer
66224,ROAD RANGER #235,Hampshire,IL,42.097800,-88.530360,3.369000,gazetteer
69723,SPEEDWAY #5036,Hampshire,IL,42.097800,-88.530360,3.369000,gazetteer
6374,TA ELGIN WEST TRAVEL CENTER,Hampshire,IL,42.097800,-88.530360,3.459000,gazetteer
72991,THORNTONS #221345,Hanover Park,IL,41.999470,-88.145070,3.759000,gazetteer
69143,MACH 1 #21,Harrisburg,IL,37.738380,-88.540610,3.689000,gazetteer
67071,FAS MART #5154,Hartford,IL,38.833380,-90.095940,3.279000,gazetteer
67784,HAVANA CONVENIENCE,Havana,IL,40.300040,-90.060950,3.799000,gazetteer
70210,CASEYS #3889,Henry,IL,41.111420,-89.356480,3.349000,gazetteer
60255,HUCKS FOOD & FUEL #186,Heyworth,IL,40.313370,-88.973690,3.479000,gazetteer
60846,EXPRESS LANE #50,Hillsdale,IL,41.613640,-90.172900,3.699000,gazetteer
72348,7-ELEVEN #34718,Hinsdale,IL,41.800860,-87.937010,3.719000,gazetteer
72631,THORNTONS #221348,Homer Glen,IL,41.600030,-87.938110,3.849000,gazetteer
71386,CASEYS #3952,Hoopeston,IL,40.467260,-87.668360,3.189000,gazetteer
66322,LOVES TRAVEL STOP #318,Ina,IL,38.151160,-88.903960,3.389000,gazetteer
1132,SPEEDWAY #7423,Ina,IL,38.151160,-88.903960,3.249000,gazetteer
72436,Ricky Rockets,Itasca,IL,41.975030,-88.007290,3.399000,gazetteer
69874,LOVES TRAVEL STOP #687,Jacksonville,IL,39.733940,-90.229010,3.489000,gazetteer
69058,FOOD N FUEL,Joliet,IL,41.525190,-88.083400,3.499000,gazetteer
71683,GAS N WASH,Joliet,IL,41.525190,-88.083400,3.799000,gazetteer
72623,LENNYS FOOD N FUEL,Joliet,IL,41.525190,-88.083400,3.299000,gazetteer
63946,MINIT MART #600644,Joliet,IL,41.525190,-88.083400,3.599000,gazetteer
69566,PILOT TRAVEL CENTER #1024,Joliet,IL,41.525190,-88.083400,3.799000,gazetteer
70340,PIT STOP,Joliet,IL,41.525190,-88.083400,3.499000,gazetteer
72385,GAS N WASH,Kankakee,IL,41.120030,-87.861150,3.599000,gazetteer
68154,LOVES TRAVEL STOP #395,Kankakee,IL,41.120030,-87.861150,3.379000,gazetteer
68026,MINIT MART #600627,Kankakee,IL,41.120030,-87.861150,3.449000,gazetteer
72979,RICKY ROCKETS,Kankakee,IL,41.120030,-87.861150,3.379000,gazetteer
67114,SPEEDWAY #1415,Kankakee,IL,41.120030,-87.861150,3.339000,gazetteer
69908,LOVES TRAVEL STOP #685,Knoxville,IL,40.908370,-90.284850,3.889000,gazetteer
66487,COMPASS,La Grange,IL,41.805030,-87.869230,3.549000,gazetteer
63763,Flying J Travel Plaza #644,La Salle,IL,41.333370,-89.091750,3.299000,gazetteer
71230,THE PRIDE OF LAKE COUNTY,Lake Zurich,IL,42.196970,-88.093410,3.349000,gazetteer
72988,Thorntons #221354,Lake Zurich,IL,42.196970,-88.093410,3.349000,gazetteer
72577,QUIKTRIP #7205,Lansing,IL,41.564760,-87.538930,3.079000,gazetteer
67813,LEROY TRUCK PLAZA,Le Roy,IL,40.351980,-88.764240,3.479000,gazetteer
63353,LOVES TRAVEL STOP #367,Le Roy,IL,40.351980,-88.764240,3.389000,gazetteer
73026,Gas N Wash,Lemont,IL,41.673640,-88.001730,3.299000,gazetteer
71141,CASEYS #3901,Lexington,IL,40.641420,-88.783400,3.339000,gazetteer
72585,GAS N WASH GREEN OAKS,Libertyville,IL,42.283080,-87.953130,3.559000,gazetteer
69200,BECKS EXPRESS MART #22,Lincoln,IL,40.148380,-89.364820,3.299000,gazetteer
4637,THORNTONS #369 DBA PILOT TRAVEL CENTER #514,Lincoln,IL,40.148380,-89.364820,3.399000,gazetteer
65880,MR FUEL DBA ONE9 #1245,Litchfield,IL,39.175330,-89.654260,3.199000,gazetteer
73093,GAS N WASH,Lockport,IL,41.589480,-88.057840,3.399000,gazetteer
71029,CASEYS #6445,Lombard,IL,41.880030,-88.007840,3.349000,gazetteer
60851,SPEEDWAY #7382,Lombard,IL,41.880030,-88.007840,3.249000,gazetteer
70131,THORNTONS #323,Lombard,IL,41.880030,-88.007840,3.299000,gazetteer
66319,ROAD RANGER #211,Loves Park,IL,42.320020,-89.058160,3.469000,gazetteer
64913,Circle K #4701331,Macomb,IL,40.459210,-90.671800,3.499000,gazetteer
4574,Circle K #4701432,Mahomet,IL,40.195310,-88.404220,3.669000,gazetteer
63762,MINIT MART #600643,Manteno,IL,41.250590,-87.831430,3.249000,gazetteer
69861,HUCKS FOOD & FUEL #379,Marion,IL,37.730610,-88.933130,2.929000,gazetteer
71073,LOVES TRAVEL STOP #803,Marion,IL,37.730610,-88.933130,3.739000,gazetteer
7466,PILOT #595,Marion,IL,37.730610,-88.933130,3.759000,gazetteer
71053,ROAD RANGER #279,Marion,IL,37.730610,-88.933130,3.379000,gazetteer
4642,MARSHAL JUNCTION,Marshall,IL,39.391430,-87.693640,3.199000,gazetteer
70539,PILOT #1174,Marshall,IL,39.391430,-87.693640,3.299000,gazetteer
69315,ROAD RANGER #269,Marshall,IL,39.391430,-87.693640,3.249000,gazetteer
64914,Martinsville Food and Fuel,Martinsville,IL,39.335590,-87.881980,3.489000,gazetteer
69051,PILOT TRAVEL CENTER #1225,Mascoutah,IL,38.490330,-89.793150,3.799000,gazetteer
69587,LAMBOS #3,Mattoon,IL,39.483090,-88.372830,3.399000,gazetteer
7471,ROAD RANGER #185,Mc Lean,IL,40.314480,-89.169810,3.349000,fuzzy
72316,THORNTONS #221344,Mchenry,IL,42.333350,-88.266750,3.649000,gazetteer
70342,AF TRUCK CENTER,Melrose Park,IL,41.900590,-87.856730,3.459000,gazetteer
72206,NORTHLAKE BP,Melrose Park,IL,41.900590,-87.856730,3.599000,gazetteer
10053,BECKS #27,Mendota,IL,41.547250,-89.117590,3.269000,gazetteer
66225,ROAD RANGER #140,Mendota,IL,41.547250,-89.117590,3.269000,gazetteer
4569,METROPOLIS TRUCK STOP,Metropolis,IL,37.151170,-88.732000,3.599000,gazetteer
70108,RICKY ROCKETS FUEL CENTER,Midlothian,IL,41.625310,-87.717550,3.099000,gazetteer
66834,ROAD RANGER #186,Minonk,IL,40.904480,-89.034520,3.339000,gazetteer
63577,PILOT TRAVEL CENTERS #236,Minooka,IL,41.455310,-88.261730,3.799000,gazetteer
69895,Shell,Minooka,IL,41.455310,-88.261730,3.149000,gazetteer
4644,CIRCLE K #4706703,Mokena,IL,41.526140,-87.889220,3.339000,gazetteer
68698,GAS N WASH,Mokena,IL,41.526140,-87.889220,3.499000,gazetteer
69203,SPEEDWAY #1414,Mokena,IL,41.526140,-87.889220,3.339000,gazetteer
5842,PETRO STOPPING CENTER #6367,Monee,IL,41.420030,-87.741710,3.399000,gazetteer
52605,PILOT TRAVEL CENTERS #39,Monee,IL,41.420030,-87.741710,3.399000,gazetteer
71099,THORNTONS #336,Monee,IL,41.420030,-87.741710,3.349000,gazetteer
66932,CIRCLE K #4701444,Monmouth,IL,40.911430,-90.647360,3.399000,gazetteer
71024,LOVES TRAVEL STOP #804,Monmouth,IL,40.911430,-90.647360,3.349000,gazetteer
71654,LOVES TRAVEL STOP #851,Monroe Center,IL,42.098358,-89.000655,3.749000,nominatim
67923,MONROE CENTER BP OASIS,Monroe Center,IL,42.098358,-89.000655,3.599000,nominatim
71804,GAS N WASH,Montgomery,IL,41.730580,-88.345900,3.599000,gazetteer
68031,ORCHARD STOP BP,Montgomery,IL,41.730580,-88.345900,3.549000,gazetteer
71877,LOVES TRAVEL STOP #859,Morris,IL,41.357250,-88.421180,3.789000,gazetteer
69221,PILOT TRAVEL CENTER #483,Morris,IL,41.357250,-88.421180,3.799000,gazetteer
7459,TA Morris Travel Center,Morris,IL,41.357250,-88.421180,3.849000,gazetteer
70705,CASEYS #3464,Morrisonville,IL,39.420050,-89.455650,3.759000,gazetteer
64664,CIRCLE K #4701424,Morton,IL,40.612820,-89.459260,3.599000,gazetteer
70434,HUCKS FOOD & FUEL #371,Mount Vernon,IL,38.317270,-88.903120,3.099000,gazetteer
5537,HUCKS TRAVEL CENTER #51 DBA FLYING J #889,Mount Vernon,IL,38.317270,-88.903120,3.359000,gazetteer
71515,LOVES TRAVEL STOP #824,Mount Vernon,IL,38.317270,-88.903120,3.349000,gazetteer
66227,Pilot Travel Center #482,Mount Vernon,IL,38.317270,-88.903120,3.359000,gazetteer
72674,QUIKTRIP #7190,Mount Vernon,IL,38.317270,-88.903120,3.099000,gazetteer
70652,ROADYS MACH 1 #14,Mount Vernon,IL,38.317270,-88.903120,3.099000,gazetteer
5670,TA MOUNT VERNON TRAVEL CENTER,Mount Vernon,IL,38.317270,-88.903120,3.449000,gazetteer
70772,CASEYS #3554,Mulberry Grove,IL,38.925050,-89.268960,3.489000,gazetteer
2227,SPEEDWAY #7448,Naperville,IL,41.785860,-88.147290,3.299000,gazetteer
66465,Knapp Truck Stop,Nashville,IL,38.343660,-89.380640,3.299000,gazetteer
2640,LITTLE NASHVILLE,Nashville,IL,38.343660,-89.380640,3.299000,gazetteer
69459,LOVES TRAVEL STOP #583,New Baden,IL,38.535050,-89.700650,3.849000,gazetteer
63955,ROAD RANGER #266,New Berlin,IL,39.725330,-89.910660,3.439000,gazetteer
72113,Food N Fuel,New Lenox,IL,41.511980,-87.965610,3.399000,gazetteer
71879,Gas N Wash Schoolhouse,New Lenox,IL,41.511980,-87.965610,3.699000,gazetteer
71898,Loves Travel Stop #867,Normal,IL,40.514200,-88.990630,3.389000,gazetteer
855,SPEEDWAY #7459,North Chicago,IL,42.325580,-87.841180,3.289000,gazetteer
70323,LOVES TRAVEL STOP #750,Oakwood,IL,40.116150,-87.778360,3.389000,gazetteer
1136,PILOT TRAVEL CENTER #171,Oakwood,IL,40.116150,-87.778360,3.399000,gazetteer
70595,SPEEDWAY #6509,Oakwood,IL,40.116150,-87.778360,3.199000,gazetteer
66393,VILLAGE PANTRY #5210,Oakwood,IL,40.116150,-87.778360,3.179000,gazetteer
71021,Amoco,Oglesby,IL,41.295310,-89.059530,3.199000,gazetteer
69112,LOVES TRAVEL STOP #529,Oglesby,IL,41.295310,-89.059530,3.389000,gazetteer
5951,ROAD RANGER #157,Okawville,IL,38.434220,-89.550370,3.799000,gazetteer
71151,LOVES TRAVEL STOP #880,Olney,IL,38.730880,-88.085320,3.189000,gazetteer
60857,RED ROOSTER TERMINAL,Olney,IL,38.730880,-88.085320,3.189000,gazetteer
69553,SPEEDWAY #2120,Oswego,IL,41.682810,-88.351460,3.249000,gazetteer
67397,EXPRESS LANE #51,Ottawa,IL,41.345590,-88.842580,3.599000,gazetteer
67795,ROAD RANGER #263,Ottawa,IL,41.345590,-88.842580,3.219000,gazetteer
71229,THE PRIDE OF PALATINE,Palatine,IL,42.110300,-88.034240,3.399000,gazetteer
72958,Jack Flash Pana,Pana,IL,39.388930,-89.080080,3.099000,gazetteer
68522,MINIT MART #600632,Pekin,IL,40.567540,-89.640660,3.739000,gazetteer
66718,Bartonville SHELL,Peoria,IL,40.693650,-89.588990,4.299000,gazetteer
72743,PEOTONE TRAVEL CENTER,Peotone,IL,41.332260,-87.785320,3.459000,gazetteer
72501,QUIKTRIP #7203,Peru,IL,41.327530,-89.128970,2.969000,gazetteer
557,SAPP BROS TRAVEL CENTER,Peru,IL,41.327530,-89.128970,3.289000,gazetteer
70026,SPEEDWAY #8883,Peru,IL,41.327530,-89.128970,3.149000,gazetteer
70433,GAS N WASH,Plainfield,IL,41.626970,-88.203950,3.599000,gazetteer
72855,GAS N WASH,Plainfield,IL,41.626970,-88.203950,3.559000,gazetteer
69594,SPEEDWAY #8480,Plainfield,IL,41.626970,-88.203950,3.279000,gazetteer
72500,GAS N WASH,Plano,IL,41.662810,-88.537020,3.499000,gazetteer
67721,J AND D COUNTRYSIDE MARTHON,Poplar Grove,IL,42.368350,-88.822050,3.499000,gazetteer
70615,THORNTONS #0334,Posen,IL,41.631700,-87.681440,3.399000,gazetteer
68626,BECKS EXPRESS MART #14,Princeton,IL,41.368090,-89.464810,3.249000,gazetteer
66123,ROAD RANGER #225,Princeton,IL,41.368090,-89.464810,3.289000,gazetteer
69102,CIRCLE K #4701445,Rantoul,IL,40.308370,-88.155880,3.599000,gazetteer
72194,Mobil,Riverdale,IL,41.633370,-87.633100,3.699000,gazetteer
71818,TA EXPRESS RIVERTON #433,Riverton,IL,39.844220,-89.539540,3.409000,gazetteer
66667,CIRCLE K #4701408,Rochelle,IL,41.923920,-89.068710,3.499000,gazetteer
64920,KWIK STAR #1530,Rochelle,IL,41.923920,-89.068710,3.499000,gazetteer
70406,LOVES TRAVEL STOP #754,Rochelle,IL,41.923920,-89.068710,3.749000,gazetteer
70731,PILOT TRAVEL CENTERS #1181,Rochelle,IL,41.923920,-89.068710,3.759000,gazetteer
10116,Petro Stopping Center #359,Rochelle,IL,41.923920,-89.068710,3.759000,gazetteer
63718,ROAD RANGER #210,Rochelle,IL,41.923920,-89.068710,3.699000,gazetteer
63716,EXPRESS LANE #34,Rockford,IL,42.271130,-89.094000,3.549000,gazetteer
72410,KELLEYS MARKET,Rockford,IL,42.271130,-89.094000,2.969000,gazetteer
71142,LOVES TRAVEL STOP #775,Rockford,IL,42.271130,-89.094000,3.229000,gazetteer
72873,QUIKTRIP #7206,Rockford,IL,42.271130,-89.094000,2.969000,gazetteer
63609,ROAD RANGER #203,Rockford,IL,42.271130,-89.094000,3.219000,gazetteer
71097,THORNTONS #329,Romeoville,IL,41.647530,-88.089510,3.309000,gazetteer
66747,LOVES TRAVEL STOP #322,Roscoe,IL,42.413350,-89.009270,3.789000,gazetteer
70336,SPEEDWAY #3962,Roscoe,IL,42.413350,-89.009270,3.469000,gazetteer
71118,THORNTONS #0331,Roscoe,IL,42.413350,-89.009270,3.419000,gazetteer
70283,SPEEDWAY #3996,Round Lake,IL,42.353360,-88.093410,3.399000,gazetteer
71291,HUCKS FOOD & FUEL #351,Salem,IL,38.626990,-88.945620,3.099000,gazetteer
70508,7-ELEVEN #34715,Schiller Park,IL,41.955860,-87.870900,4.579000,gazetteer
70767,CASEYS #3493,Shannon,IL,42.154750,-89.739840,3.699000,gazetteer
63775,FLYING J #646,South Beloit,IL,42.493070,-89.036780,3.799000,gazetteer
72779,KWIK TRIP #1276,South Beloit,IL,42.493070,-89.036780,3.299000,gazetteer
66057,ROAD RANGER #205,South Beloit,IL,42.493070,-89.036780,3.469000,gazetteer
70027,SPEEDWAY #8851,South Elgin,IL,41.994190,-88.292300,3.559000,gazetteer
69837,LOVES TRAVEL STOP #606,South Holland,IL,41.600870,-87.606990,3.329000,gazetteer
64491,QUICK FUEL #1803,South Holland,IL,41.600870,-87.606990,3.829000,gazetteer
70044,Thorntons #325,South Holland,IL,41.600870,-87.606990,3.699000,gazetteer
70768,CASEYS #3497,South Pekin,IL,40.494480,-89.651770,3.619000,gazetteer
63336,ROAD RANGER #118,Springfield,IL,39.801720,-89.643710,3.299000,gazetteer
67794,ROAD RANGER #181,Springfield,IL,39.801720,-89.643710,3.299000,gazetteer
67408,STOCKTON TRAVEL CENTER,Stockton,IL,42.349740,-90.006790,3.599000,gazetteer
71977,BP,Sugar Grove,IL,41.761420,-88.443690,3.599000,gazetteer
70653,MACH 1 #24,Tilton,IL,40.095310,-87.647520,3.199000,gazetteer
71207,GAS N WASH,Tinley Park,IL,41.573370,-87.784490,3.499000,gazetteer
70764,CASEYS #3856,Tonica,IL,41.215870,-89.066750,3.069000,gazetteer
52692,PILOT TRAVEL CENTER #249,Troy,IL,38.729210,-89.883150,3.379000,gazetteer
67008,TA ST LOUIS EAST TRAVEL CENTER,Troy,IL,38.729210,-89.883150,3.379000,gazetteer
3608,FUEL MART #787,Tuscola,IL,39.799200,-88.283100,3.199000,gazetteer
69169,LAMBOS #5,Tuscola,IL,39.799200,-88.283100,3.229000,gazetteer
71064,LOVES TRAVEL STOP #798,Tuscola,IL,39.799200,-88.283100,3.289000,gazetteer
66122,ROAD RANGER #139,Tuscola,IL,39.799200,-88.283100,3.229000,gazetteer
73072,QUIKTRIP #7204,University Park,IL,41.442980,-87.683600,3.079000,gazetteer
70744,CASEYS #3686,Utica,IL,41.340590,-89.010080,2.969000,gazetteer
66357,LOVES TRAVEL STOP #351,Utica,IL,41.340590,-89.010080,3.289000,gazetteer
67155,PILOT TRAVEL CENTER #1219,Vandalia,IL,38.960600,-89.093680,3.699000,gazetteer
72985,THE PRIDE OF VILLA PARK,Villa Park,IL,41.889750,-87.988950,3.299000,gazetteer
69686,CASEYS #3472,Virginia,IL,39.951160,-90.212340,3.659000,gazetteer
67650,VIRGINIA FAST STOP,Virginia,IL,39.951160,-90.212340,3.759000,gazetteer
70877,LOVES TRAVEL STOP #770,Wadsworth,IL,42.428630,-87.923970,3.759000,gazetteer
52153,PILOT TRAVEL CENTER #1412,Wadsworth,IL,42.428630,-87.923970,3.769000,gazetteer
1128,TA CHICAGO NORTH TRAVEL CENTER,Wadsworth,IL,42.428630,-87.923970,3.769000,gazetteer
63959,SPEEDWAY #1429,Warrenville,IL,41.817810,-88.173400,3.499000,gazetteer
72314,THORNTONS #0333,Warrenville,IL,41.817810,-88.173400,3.549000,gazetteer
70084,SPEEDWAY #4440,Waukegan,IL,42.363630,-87.844790,3.659000,gazetteer
66918,MINIT MART #647,Wenona,IL,41.052530,-89.050360,3.499000,gazetteer
60871,WENONA BP,Wenona,IL,41.052530,-89.050360,3.499000,gazetteer
70036,Speedway #3994,West Chicago,IL,41.884750,-88.203960,3.599000,gazetteer
71086,THORNTONS #318,West Chicago,IL,41.884750,-88.203960,3.649000,gazetteer
70391,MACH 1 #12,West Frankfort,IL,37.897830,-88.931460,3.199000,gazetteer
66125,LOVES TRAVEL STOP #249,Williamsville,IL,39.954220,-89.548710,3.389000,gazetteer
70574,SPEEDWAY #3961,Williamsville,IL,39.954220,-89.548710,3.299000,gazetteer
64928,SPEEDWAY #1432,Willow Springs,IL,41.740870,-87.860330,3.859000,gazetteer
69636,PETRO WILMINGTON,Wilmington,IL,41.307810,-88.146720,3.399000,gazetteer
63608,ROAD RANGER #206,Winnebago,IL,42.266130,-89.241220,3.219000,gazetteer
64930,THORNDALE SHELL,Wood Dale,IL,41.963360,-87.978960,3.459000,gazetteer
64929,KARTAR TRUCK STOP,Woodhull,IL,41.178930,-90.315960,3.599000,gazetteer
4860,PILOT TRAVEL CENTER #476,Woodhull,IL,41.178930,-90.315960,3.899000,gazetteer
60442,Circle K #4706716,Yorkville,IL,41.641140,-88.447290,3.499000,gazetteer
71139,GAS N WASH,Yorkville,IL,41.641140,-88.447290,3.599000,gazetteer
69186,LOVES TRAVEL STOP #551,Angola,IN,41.634770,-84.999410,3.889000,gazetteer
70295,SPEEDWAY #8080,Angola,IN,41.634770,-84.999410,3.599000,gazetteer
71383,Caseys #3940,Ashley,IN,41.526200,-85.066780,3.597333,gazetteer
72483,Circle K #4700047,Austin,IN,38.758390,-85.808030,3.799000,gazetteer
72342,WHITE RIVER,Bloomfield,IN,39.026990,-86.937510,3.759000,gazetteer
63957,SUNMART FOOD STORE,Bloomington,IN,39.165330,-86.526390,3.499000,gazetteer
72082,COUNTRYMARK,Bluffton,IN,40.738660,-85.171640,3.765667,gazetteer
72949,BOURBON TRAVEL PLAZA,Bourbon,IN,41.295600,-86.116390,3.499000,gazetteer
63639,PILOT TRAVEL CENTERS #444,Brazil,IN,39.523650,-87.125020,3.939000,gazetteer
7425,Petro Brazil,Brazil,IN,39.523650,-87.125020,3.989000,gazetteer
3619,ROAD RANGER #141,Brazil,IN,39.523650,-87.125020,3.659000,gazetteer
70037,SPEEDWAY #8738,Brazil,IN,39.523650,-87.125020,3.699000,gazetteer
62399,Rebel Plus #882,Bristol,IN,41.721440,-85.817490,3.575667,gazetteer
65859,SPEEDWAY #6662,Bristol,IN,41.721440,-85.817490,3.549000,gazetteer
63960,BUTLER ONE STOP,Butler,IN,41.429770,-84.871350,3.519000,gazetteer
7421,MIDLAND #1901,Cambridge City,IN,39.812550,-85.171630,3.432333,gazetteer
278,CARLISLE PLAZA,Carlisle,IN,38.968380,-87.405570,3.499000,gazetteer
64538,PILOT TRAVEL CENTERS #445,Chesterton,IN,41.610590,-87.064200,3.799000,gazetteer
9467,TA PORTER TRAVEL CENTERS,Chesterton,IN,41.610590,-87.064200,3.849000,gazetteer
67117,MCCLURE OIL #65,Cicero,IN,40.123930,-86.013320,3.889000,gazetteer
7429,TA CLAYTON,Clayton,IN,39.689210,-86.522500,3.939000,gazetteer
4894,CLOVERDALE TRAVEL PLAZA,Cloverdale,IN,39.514770,-86.793900,3.699000,gazetteer
1404,ONE9 #339,Covington,IN,40.141700,-87.394740,3.262333,gazetteer
72859,CASEYS #4286,Crawfordsville,IN,40.041150,-86.874450,3.562333,gazetteer
67340,MCCLURE,Crawfordsville,IN,40.041150,-86.874450,3.615667,gazetteer
66346,PILOT TRAVEL CENTERS #247,Crawfordsville,IN,40.041150,-86.874450,3.899000,gazetteer
52616,PILOT TRAVEL CENTERS #28,Daleville,IN,40.121150,-85.558030,3.519000,gazetteer
63614,PILOT TRAVEL CENTERS #446,Daleville,IN,40.121150,-85.558030,3.514000,gazetteer
147,SPEEDWAY #8039,Daleville,IN,40.121150,-85.558030,3.624000,gazetteer
69354,CIRCLE K #4702411,Danville,IN,39.760600,-86.526390,3.789000,gazetteer
64933,MCCLURE OIL #66,Decatur,IN,40.830600,-84.929130,3.699000,gazetteer
71906,COMPASS TRAVEL CENTER,Demotte,IN,41.195040,-87.198640,3.242333,gazetteer
67628,LOVES TRAVEL STOP #394,Demotte,IN,41.195040,-87.198640,3.512333,gazetteer
66267,TA DEMOTTE TRAVEL CENTER,Demotte,IN,41.195040,-87.198640,3.447333,gazetteer
52640,SPEEDWAY #8316,Dyer,IN,41.494200,-87.521710,3.649000,gazetteer
72125,GETGO #7520,Edinburgh,IN,39.354220,-85.966660,3.359000,gazetteer
63962,7-ELEVEN #40505,Elkhart,IN,41.681990,-85.976670,4.115667,gazetteer
66266,7-ELEVEN #40508,Elkhart,IN,41.681990,-85.976670,3.999000,gazetteer
72142,CASEYS #3990,Elkhart,IN,41.681990,-85.976670,3.629000,gazetteer
72191,MARATHON RIVERSIDE GAS,Elkhart,IN,41.681990,-85.976670,3.499000,gazetteer
68040,MISHAWAKA ROAD FLEET SITE,Elkhart,IN,41.681990,-85.976670,3.689000,gazetteer
69437,CountryMark,Evansville,IN,37.974760,-87.555850,3.699000,gazetteer
72683,HUCKS FOOD & FUEL #383,Evansville,IN,37.974760,-87.555850,3.759000,gazetteer
67143,ALL AMERICAN STORES #7,Fort Wayne,IN,41.130600,-85.128860,3.559000,gazetteer
63966,PHILS ONE STOP,Fort Wayne,IN,41.130600,-85.128860,3.675667,gazetteer
572,PILOT TRAVEL CENTERS #881,Fort Wayne,IN,41.130600,-85.128860,3.879000,gazetteer
149,RAYS TRUCK WASH,Fort Wayne,IN,41.130600,-85.128860,3.592333,gazetteer
69747,SUNOCO,Fort Wayne,IN,41.130600,-85.128860,3.604000,gazetteer
69748,SUNOCO,Fort Wayne,IN,41.130600,-85.128860,3.597333,gazetteer
70222,GOOD TO GO #45,Fowler,IN,40.616700,-87.320850,3.699000,gazetteer
63965,GOOD TO GO #11,Frankfort,IN,40.279480,-86.510840,3.549000,gazetteer
3427,JOHNNYS MARKET,Fremont,IN,41.730880,-84.932740,3.699000,gazetteer
66046,PETRO STOPPING CENTER #345,Fremont,IN,41.730880,-84.932740,3.899000,gazetteer
2772,PILOT TRAVEL CENTERS #29,Fremont,IN,41.730880,-84.932740,3.899000,gazetteer
10122,LOVES TRAVEL STOP #417,Gary,IN,41.593370,-87.346430,3.809000,gazetteer
68298,MR FUEL #719,Gary,IN,41.593370,-87.346430,3.565667,gazetteer
3979,PETRO GARY 369,Gary,IN,41.593370,-87.346430,3.830667,gazetteer
9862,PILOT TRAVEL CENTERS #271,Gary,IN,41.593370,-87.346430,3.799000,gazetteer
70030,SPEEDWAY #3991,Gary,IN,41.593370,-87.346430,3.712333,gazetteer
566,TA GARY TRAVEL CENTER,Gary,IN,41.593370,-87.346430,3.830667,gazetteer
66813,MCCLURE OIL #59,Gas City,IN,40.487260,-85.613030,3.639000,gazetteer
7412,PETRO STOPPING CENTER #374,Gaston,IN,40.313930,-85.500530,3.535667,gazetteer
70741,CASEYS #3590,Geneva,IN,40.591990,-84.957190,3.594000,gazetteer
60881,GAS AND STUFF,Georgetown,IN,40.740600,-86.504730,3.799000,gazetteer
70324,LOVES TRAVEL STOP #729,Goshen,IN,41.582270,-85.834440,3.722333,gazetteer
60882,SPEEDWAY #6666,Goshen,IN,41.582270,-85.834440,3.815667,gazetteer
69162,Shell,Goshen,IN,41.582270,-85.834440,3.549000,gazetteer
1149,PILOT TRAVEL CENTER #30,Greenfield,IN,39.785040,-85.769420,3.959000,gazetteer
69554,SPEEDWAY #8047,Greenfield,IN,39.785040,-85.769420,3.599000,gazetteer
7437,PETRO STOPPING CENTER #379,Greensburg,IN,39.337270,-85.483580,3.999000,gazetteer
72324,TREE CITY TRAVEL PLAZA,Greensburg,IN,39.337270,-85.483580,3.989000,gazetteer
66121,ROAD RANGER #226,Greenwood,IN,39.613660,-86.106650,3.600667,gazetteer
71495,SPEEDWAY #1212,Greenwood,IN,39.613660,-86.106650,3.597333,gazetteer
7417,SKY CITGO,Grovertown,IN,41.375043,-86.504734,3.499000,nominatim
372,GAS DEPOT,Hammond,IN,41.583370,-87.500040,3.999000,gazetteer
1647,SPEEDWAY #8305,Hammond,IN,41.583370,-87.500040,3.765667,gazetteer
69342,WARREN OIL,Hammond,IN,41.583370,-87.500040,3.439000,gazetteer
69499,HANKS TRUCK STOP,Hanna,IN,41.411986,-86.780021,3.499000,nominatim
65883,FLYING J TRAVEL PLAZA #647,Haubstadt,IN,38.205040,-87.574190,3.959000,gazetteer
52636,LOVES TRAVEL STOP #414,Haubstadt,IN,38.205040,-87.574190,3.949000,gazetteer
63745,PILOT TRAVEL CENTER #447,Haubstadt,IN,38.205040,-87.574190,3.959000,gazetteer
167,FLYING J TRAVEL PLAZA #653,Hebron,IN,41.318650,-87.200310,3.435667,gazetteer
63789,PILOT TRAVEL CENTERS #448,Hebron,IN,41.318650,-87.200310,3.354000,gazetteer
203,PILOT TRAVEL CENTERS #31,Highland,IN,41.553650,-87.451980,3.799000,gazetteer
5167,SPEEDWAY #7575,Hobart,IN,41.532260,-87.255040,3.632333,gazetteer
63972,7-ELEVEN #40506,Howe,IN,41.721440,-85.420540,3.899000,gazetteer
69765,7-ELEVEN #40509,Howe,IN,41.721440,-85.420540,3.899000,gazetteer
71169,LOVES TRAVEL STOP #879,Huntington,IN,40.883100,-85.497480,3.500667,gazetteer
69945,BP,Indianapolis,IN,39.768380,-86.158040,3.799000,gazetteer
10057,Flying J Travel Plaza #649,Indianapolis,IN,39.768380,-86.158040,3.899000,gazetteer
52511,JOES JUNCTION #9,Indianapolis,IN,39.768380,-86.158040,3.459000,gazetteer
64684,MR FUEL #721,Indianapolis,IN,39.768380,-86.158040,3.319000,gazetteer
52145,Pilot Travel Center #318,Indianapolis,IN,39.768380,-86.158040,3.899000,gazetteer
64651,QUICK FUEL #2101,Indianapolis,IN,39.768380,-86.158040,3.869000,gazetteer
64492,QUICK FUEL #2103,Indianapolis,IN,39.768380,-86.158040,3.309000,gazetteer
69048,QUICK FUEL #2104,Indianapolis,IN,39.768380,-86.158040,3.662333,gazetteer
72755,RACETRAC #2620,Indianapolis,IN,39.768380,-86.158040,3.159000,gazetteer
73047,RACETRAC #2642,Indianapolis,IN,39.768380,-86.158040,3.259000,gazetteer
69879,SPEEDWAY #3700,Indianapolis,IN,39.768380,-86.158040,3.319000,gazetteer
69395,SPEEDWAY #3766,Indianapolis,IN,39.768380,-86.158040,3.599000,gazetteer
69592,SPEEDWAY #6131,Indianapolis,IN,39.768380,-86.158040,3.799000,gazetteer
69091,SPEEDWAY #6670,Indianapolis,IN,39.768380,-86.158040,3.229000,gazetteer
72603,THORNTONS #170,Indianapolis,IN,39.768380,-86.158040,3.599000,gazetteer
60887,STERNBERG CITGO TRUCK STOP,Jasper,IN,38.391440,-86.931110,3.759000,gazetteer
70611,Shell,Kendallville,IN,41.441440,-85.264980,3.499000,gazetteer
69496,LOVES TRAVEL STOP #601,Knightstown,IN,39.795600,-85.526360,3.949000,gazetteer
1151,SPEEDWAY #8061,Knightstown,IN,39.795600,-85.526360,3.759000,gazetteer
52081,MCCLURE OIL #9,Kokomo,IN,40.486430,-86.133600,3.839000,gazetteer
68372,SPEEDWAY #8062,Kokomo,IN,40.486430,-86.133600,3.799000,gazetteer
66604,GALLOPS,La Porte,IN,41.607740,-86.713890,3.549000,gazetteer
65858,SPEEDWAY #6661,La Porte,IN,41.607740,-86.713890,3.599000,gazetteer
1428,CIRCLE K #4702408,Lafayette,IN,40.416700,-86.875290,3.432333,gazetteer
71676,CIRCLE K #4702409,Lafayette,IN,40.416700,-86.875290,3.157333,gazetteer
64938,FAMILY EXPRESS #41 (DISCOUNT AVAILABLE),Lafayette,IN,40.416700,-86.875290,3.432333,gazetteer
72351,LOVES TRAVEL STOP #874,Lafayette,IN,40.416700,-86.875290,3.672333,gazetteer
164,FLYING J TRAVEL PLAZA #650,Lake Station,IN,41.575040,-87.238920,3.809000,gazetteer
3179,MR FUEL #1020,Lake Station,IN,41.575040,-87.238920,3.565667,gazetteer
1590,ROAD RANGER #240,Lake Station,IN,41.575040,-87.238920,3.559000,gazetteer
9468,TA LAKE STATION,Lake Station,IN,41.575040,-87.238920,3.849000,gazetteer
243,SAVE,Lake Village,IN,41.137530,-87.448640,3.179000,gazetteer
4220,KENNETT TRUCK STOP,Lawrenceburg,IN,39.090890,-84.849950,3.424000,gazetteer
63977,CAREFREE FOOD MART,Leavenworth,IN,38.199787,-86.344144,3.499000,nominatim
71492,LOVES TRAVEL STOP #839,Leavenworth,IN,38.199787,-86.344144,3.949000,nominatim
6393,PILOT TRAVEL CENTER #478,Leavenworth,IN,38.199787,-86.344144,3.959000,nominatim
63606,FLYING J TRAVEL PLAZA #652,Lebanon,IN,40.048370,-86.469170,3.640667,gazetteer
5618,MCCLURE OIL #52,Lebanon,IN,40.048370,-86.469170,3.584000,gazetteer
71932,MCCLURE OIL #60,Logansport,IN,40.754480,-86.356670,3.799000,gazetteer
72506,CASEYS #4273,Madison,IN,38.735890,-85.379960,3.699000,gazetteer
69819,FLYING J #1086,Marion,IN,40.558370,-85.659140,3.489000,gazetteer
66601,LOVES TRAVEL STOP #323,Marion,IN,40.558370,-85.659140,3.575667,gazetteer
72966,MCCLURE STORE #15,Marion,IN,40.558370,-85.659140,3.694000,gazetteer
71913,Circle K #4702456,Martinsville,IN,39.427830,-86.428330,3.599000,gazetteer
64939,FAMILY EXPRESS #27 (DISCOUNT AVAILABLE),Medaryville,IN,41.080600,-86.891960,3.649000,gazetteer
66953,LOVES TRAVEL STOP #355,Memphis,IN,38.483400,-85.761630,3.949000,gazetteer
10126,PILOT TRAVEL CENTERS #152,Memphis,IN,38.483400,-85.761630,3.959000,gazetteer
70527,THORNTONS #164,Memphis,IN,38.483400,-85.761630,3.625667,gazetteer
68337,SPEEDWAY #1426,Merrillville,IN,41.482810,-87.332810,3.885667,gazetteer
68055,Gallops,Michigan City,IN,41.707540,-86.895030,3.399000,gazetteer
72756,Loves Travel Stop #876,Michigan City,IN,41.707540,-86.895030,3.789000,gazetteer
66315,SPEEDWAY #6748,Michigan City,IN,41.707540,-86.895030,3.682333,gazetteer
71594,BP,Middlebury,IN,41.675330,-85.706100,3.799000,gazetteer
63978,Gallops,Middlebury,IN,41.675330,-85.706100,3.549000,gazetteer
66659,MARATHON,Mitchell,IN,38.732830,-86.473600,3.599000,gazetteer
69687,CASEYS #3470,Monon,IN,40.867820,-86.878900,3.779000,gazetteer
67815,LOVES TRAVEL STOP #254,Mooresville,IN,39.612820,-86.374160,3.929000,gazetteer
72378,EB SUNOCO,Muncie,IN,40.193380,-85.386360,3.799000,gazetteer
68623,FLYING J TRAVEL PLAZA #304,New Haven,IN,41.070600,-85.014410,3.859000,gazetteer
3176,BP,New Paris,IN,41.500330,-85.828050,3.657333,gazetteer
70140,CASEYS #3593,North Vernon,IN,39.006170,-85.623580,3.592333,gazetteer
69392,LOVES TRAVEL STOP #600,Pendleton,IN,39.997540,-85.746640,3.575667,gazetteer
7418,JJS TRAVEL PLAZA,Peru,IN,40.753650,-86.068880,3.444000,gazetteer
69338,SPEEDWAY #6139,Pierceton,IN,41.200320,-85.705540,3.729000,gazetteer
66369,LOVES TRAVEL STOP #319,Pittsboro,IN,39.863930,-86.466940,3.889000,gazetteer
69150,BLU STATION,Plainfield,IN,39.704210,-86.399440,3.479000,gazetteer
69652,LOVES TRAVEL STOP #633,Plymouth,IN,41.343660,-86.309730,3.849000,gazetteer
66993,PILOT TRAVEL CENTER #198,Plymouth,IN,41.343660,-86.309730,3.859000,gazetteer
1646,SPEEDWAY #8310,Plymouth,IN,41.343660,-86.309730,3.609000,gazetteer
6284,7-ELEVEN #40513,Portage,IN,41.575870,-87.176150,3.999000,gazetteer
347,7-ELEVEN #40514,Portage,IN,41.575870,-87.176150,3.990667,gazetteer
66812,FAMILY EXPRESS #47 (DISCOUNT AVAILABLE),Remington,IN,40.760870,-87.150850,3.552333,gazetteer
7435,PETRO STOPPING CENTER #375,Remington,IN,40.760870,-87.150850,3.699000,gazetteer
3432,PILOT TRAVEL CENTERS #34,Remington,IN,40.760870,-87.150850,3.659000,gazetteer
6646,FAMILY EXPRESS #35 (DISCOUNT AVAILABLE),Rensselaer,IN,40.936700,-87.150860,3.132333,gazetteer
7416,GOOD TO GO #40,Rensselaer,IN,40.936700,-87.150860,3.200667,gazetteer
64520,LOVES TRAVEL STOP #222,Richmond,IN,39.828940,-84.890240,3.949000,gazetteer
70080,FLYING J #1117,Rochester,IN,41.064760,-86.215830,3.859000,gazetteer
9860,PARADISE AUTO TRUCK PLAZA,Rochester,IN,41.064760,-86.215830,3.405667,gazetteer
68447,JUMPIN JACKS 419,Rockport,IN,37.883110,-87.049440,3.999000,gazetteer
1364,7- ELEVEN #40507,Rolling Prairie,IN,41.670880,-86.615850,3.982333,gazetteer
60900,7-ELEVEN #40504,Rolling Prairie,IN,41.670880,-86.615850,3.999000,gazetteer
72276,STAR 001,SOUTH BEND,IN,41.683380,-86.250010,3.732333,gazetteer
71655,79 ONE STOP,Saint Croix,IN,38.223953,-86.586339,3.499000,nominatim
67279,LOVES TRAVEL STOP #391,Saint Paul,IN,39.428100,-85.628310,3.989000,gazetteer
72326,CIRCLE K #4700101,Seymour,IN,38.959220,-85.890250,3.499000,gazetteer
49,TA SEYMOUR TRAVEL CENTER,Seymour,IN,38.959220,-85.890250,3.959000,gazetteer
71145,CASEYS #3905,Shelbyville,IN,39.521440,-85.776920,3.599000,gazetteer
1156,CIRCLE K #4700028,Shelbyville,IN,39.521440,-85.776920,3.599000,gazetteer
1531,CircleK #4702365,Shelbyville,IN,39.521440,-85.776920,3.509000,gazetteer
66962,PILOT TRAVEL CENTERS #242,Shelbyville,IN,39.521440,-85.776920,3.999000,gazetteer
3614,PILOT TRAVEL CENTERS #35,South Bend,IN,41.683380,-86.250010,3.799000,gazetteer
60902,SPEEDWAY #6674,South Bend,IN,41.683380,-86.250010,3.690667,gazetteer
64672,FLYING J TRAVEL PLAZA #655,Spiceland,IN,39.838380,-85.438860,3.959000,gazetteer
68796,MR FUEL #731,Spiceland,IN,39.838380,-85.438860,3.699000,gazetteer
67862,SUNOCO TRUCK STOP,Spiceland,IN,39.838380,-85.438860,3.399000,gazetteer
4729,MINIT MART #600244,Straughn,IN,39.808935,-85.291356,3.859000,nominatim
281,CIRCLE K #4700065,Taylorsville,IN,39.295880,-85.950830,3.399000,gazetteer
69454,SPEEDWAY #6092,Taylorsville,IN,39.295880,-85.950830,3.357333,gazetteer
69823,LOVES TRAVEL STOP #664,Terre Haute,IN,39.466700,-87.413910,3.949000,gazetteer
1157,One9 #297,Terre Haute,IN,39.466700,-87.413910,3.435667,gazetteer
70287,LOVES TRAVEL STOP #710,Tipton,IN,40.282260,-86.041100,3.847333,gazetteer
1158,PILOT TRAVEL CENTER #36,Valparaiso,IN,41.473090,-87.061140,3.859000,gazetteer
71115,FASTBREAK #6,Vincennes,IN,38.677270,-87.528630,4.039000,gazetteer
71486,HUCKS FOOD & FUEL #338,Vincennes,IN,38.677270,-87.528630,3.959000,gazetteer
72489,CASEYS #3987,Wanatah,IN,41.430600,-86.898360,3.715667,gazetteer
546,PLAZA 30,Wanatah,IN,41.430600,-86.898360,3.499000,gazetteer
3699,WARREN TRAVEL PLAZA,Warren,IN,40.682820,-85.427200,3.399000,gazetteer
60270,CHUCKLES #27,Washington,IN,38.659220,-87.172790,3.339000,gazetteer
71721,HUCKS FOOD & FUEL #314,Washington,IN,38.659220,-87.172790,3.462333,gazetteer
64946,MORNING STAR AUTO TRUCK PLAZA,Waterloo,IN,41.431990,-85.019970,3.699000,gazetteer
70035,SPEEDWAY #8064,West Lafayette,IN,40.425870,-86.908070,3.582333,gazetteer
64673,WESTVILLE TRUCKSTOP,Westville,IN,41.541430,-86.900580,3.585667,gazetteer
66152,Flying J Travel Plaza #656,Whiteland,IN,39.550050,-86.079710,3.959000,gazetteer
52632,LOVES TRAVEL STOP #451,Whiteland,IN,39.550050,-86.079710,3.949000,gazetteer
9855,PILOT TRAVEL CENTER #37,Whiteland,IN,39.550050,-86.079710,3.959000,gazetteer
5117,CIRCLE K #4702361,Whitestown,IN,39.997260,-86.345830,3.292333,gazetteer
72128,GETGO #7545,Whitestown,IN,39.997260,-86.345830,3.302333,gazetteer
67943,LOVES TRAVEL STOP #459,Whitestown,IN,39.997260,-86.345830,3.622333,gazetteer
7436,TA WHITESTOWN,Whitestown,IN,39.997260,-86.345830,3.570667,gazetteer
10028,GOOD TO GO #10,Winamac,IN,41.051430,-86.603060,3.914000,gazetteer
69440,LOVES TRAVEL STOP #592,Woodburn,IN,41.125330,-84.853300,3.849000,gazetteer
456,THE COUNTRY OASIS,Woodburn,IN,41.125330,-84.853300,3.399000,gazetteer
72126,GETGO #7526,Yorktown,IN,40.173650,-85.494140,3.343000,gazetteer
70601,24/7 TRAVEL STORE,Abilene,KS,38.917220,-97.213910,2.994000,gazetteer
70254,LOVES TRAVEL STOP #732,Abilene,KS,38.917220,-97.213910,3.762333,gazetteer
71922,Plaza of The Flint Hills,Alma,KS,39.016670,-96.289160,3.299000,gazetteer
66737,THE JUNCTION,Atchison,KS,39.563050,-95.121640,3.279000,gazetteer
66363,LOVES TRAVEL STOP #178,Belle Plaine,KS,37.393910,-97.281150,3.329000,gazetteer
70726,CASEYS #1195,Belleville,KS,39.824450,-97.632540,3.339000,gazetteer
69743,LOVES TRAVEL STOP #647,Belleville,KS,39.824450,-97.632540,3.815667,gazetteer
67682,CASEYS #2739,Beloit,KS,39.456120,-98.106160,3.359000,gazetteer
4199,PWI #574,Bunker Hill,KS,38.875844,-98.703965,2.959000,nominatim
69906,LOVES TRAVEL STOP #692,Chanute,KS,37.679210,-95.457200,3.275667,gazetteer
292,PETES #56,Cherryvale,KS,37.270340,-95.552480,3.232333,gazetteer
68993,SHORT STOP #22,Clay Center,KS,37.519460,-96.771140,2.972333,gazetteer
72973,PETE'S 49,Coffeyville,KS,37.037300,-95.616370,3.214000,gazetteer
60273,24-7,Colby,KS,39.395840,-101.052380,3.055667,gazetteer
66230,PETRO COLBY TRUCKSTOP,Colby,KS,39.395840,-101.052380,3.599000,gazetteer
67129,PILOT TRAVEL CENTER #920,Colby,KS,39.395840,-101.052380,3.634000,gazetteer
5407,CASEYS #4535,Concordia,KS,39.570840,-97.662540,2.912333,gazetteer
69904,LOVES TRAVEL STOP #695,Cunningham,KS,37.643907,-98.431188,3.657333,nominatim
267,CORNER MARKET #117,Dodge City,KS,37.752800,-100.017080,3.399000,gazetteer
62075,FLYING J TRAVEL PLAZA #657,Dodge City,KS,37.752800,-100.017080,3.799000,gazetteer
69141,LOVES TRAVEL STOP #558,Dodge City,KS,37.752800,-100.017080,3.789000,gazetteer
70754,CASEYS #3758,Douglass,KS,37.519460,-97.012810,3.264000,gazetteer
71320,TA EXPRESS EDGERTON #284,Edgerton,KS,38.764730,-95.008020,3.699000,gazetteer
66750,LOVES TRAVEL STOP #177,El Dorado,KS,37.817240,-96.862250,3.255667,gazetteer
67168,LOVES TRAVEL STOP #455,Ellis,KS,38.938070,-99.560670,3.623000,gazetteer
72916,CASEYS #2562,Ellsworth,KS,38.730560,-98.228110,3.465667,gazetteer
66751,FAST N FRIENDLY,Emporia,KS,38.403900,-96.181660,3.657333,gazetteer
63568,FLYING J TRAVEL PLAZA #658,Emporia,KS,38.403900,-96.181660,3.252333,gazetteer
1163,SHORT STOP #13,Emporia,KS,38.403900,-96.181660,2.839000,gazetteer
71991,TA Express Fairview #943,Fairview,KS,39.841111,-95.728042,3.299000,nominatim
10006,FLINT HILLS FUEL MART,Florence,KS,38.244462,-96.928079,3.499000,nominatim
69929,PETES #14,Fort Scott,KS,37.839760,-94.708300,3.199000,gazetteer
10128,PETES #20,Fort Scott,KS,37.839760,-94.708300,3.199000,gazetteer
63988,Petes #47,Fredonia,KS,37.533940,-95.826650,3.299000,gazetteer
69167,HOBO TRUCK STOP 2,Garden City,KS,37.971690,-100.872660,3.399000,gazetteer
60913,J Mart #1,Garden City,KS,37.971690,-100.872660,3.529000,gazetteer
71503,LOVES TRAVEL STOP #093,Garden City,KS,37.971690,-100.872660,3.729000,gazetteer
64480,TA Garden City,Garden City,KS,37.971690,-100.872660,3.730667,gazetteer
71568,QUIKTRIP #294,Gardner,KS,38.810840,-94.927190,2.999000,gazetteer
63992,SANDRAS QUICK STOP,Garnett,KS,38.280580,-95.241920,3.319000,gazetteer
52621,CORNER MARKET #111,Goodland,KS,39.350830,-101.710170,3.059000,gazetteer
52620,GOODLAND 24/7 STORE,Goodland,KS,39.350830,-101.710170,3.087333,gazetteer
2761,PONY EXPRESS SERVICE CENTER,Hanover,KS,39.893890,-96.879470,2.955667,gazetteer
250,GOLDEN OX TRUCK STOP,Hays,KS,38.879180,-99.326770,3.499000,gazetteer
67686,CASEYS #2956,Hesston,KS,38.138340,-97.431430,3.199000,gazetteer
64950,CASEYS #2957,Hiawatha,KS,39.852500,-95.535820,3.150667,gazetteer
69618,LOVES TRAVEL STOP #656,Holcomb,KS,37.986140,-100.989330,3.729000,gazetteer
70755,CASEYS #3809,Hugoton,KS,37.175300,-101.349600,3.392333,gazetteer
64949,PETES #36,Iola,KS,37.924480,-95.399980,3.205667,gazetteer
64952,AMPRIDE,Johnson,KS,37.570570,-101.751000,3.399000,gazetteer
63635,SAPP BROS TRAVEL CENTER,Junction City,KS,39.028610,-96.831400,3.709000,gazetteer
63994,U STOP #38,Junction City,KS,39.028610,-96.831400,3.355667,gazetteer
67652,ON THE GO TRAVEL CENTER,Kansas City,KS,39.114170,-94.627460,3.999000,gazetteer
309,QUIKTRIP #231,Kansas City,KS,39.114170,-94.627460,3.199000,gazetteer
71841,Quick Fuel #3193,Kansas City,KS,39.114170,-94.627460,3.345667,gazetteer
70270,CASEYS #3685,Lakin,KS,37.940580,-101.254890,3.192333,gazetteer
289,LOVES TRAVEL STOP #173,Lawrence,KS,38.971670,-95.235250,3.229000,gazetteer
68822,CASEYS #3919,Lebo,KS,38.416680,-95.853040,3.089000,gazetteer
63782,FUEL EXPRESSO #11,Lebo,KS,38.416680,-95.853040,3.172333,gazetteer
9451,TA BETO JUNCTION TRAVEL CENTER,Lebo,KS,38.416680,-95.853040,3.230667,gazetteer
64493,QUICK FUEL #2801,Lenexa,KS,38.953620,-94.733570,3.369000,gazetteer
63997,LEON GROCERY,Leon,KS,37.690300,-96.782250,3.399000,gazetteer
71775,Caseys #3950,Liberal,KS,37.043080,-100.921000,3.319000,gazetteer
69744,LOVES TRAVEL STOP #632,Liberal,KS,37.043080,-100.921000,3.665667,gazetteer
1720,TOOT N TOTUM #120,Liberal,KS,37.043080,-100.921000,3.015667,gazetteer
9843,MAPLE HILL TRUCK STOP,Maple Hill,KS,39.084720,-96.028050,3.052333,gazetteer
70436,CASEYS #3492,Marysville,KS,39.841110,-96.647240,3.299000,gazetteer
293,LOVES TRAVEL STOP #176,Matfield Green,KS,38.159184,-96.560566,3.255667,nominatim
69439,LOVES TRAVEL STOP #608,Mcpherson,KS,38.370840,-97.664210,3.324000,gazetteer
10135,YESWAY #1116,Mcpherson,KS,38.370840,-97.664210,3.259000,gazetteer
5435,MEADE AUTO AND TRUCK PLAZA,Meade,KS,37.285580,-100.340150,3.799000,gazetteer
68902,CASEYS #3062,Medicine Lodge,KS,37.281130,-98.580360,3.114000,gazetteer
9842,Petes #03,Moran,KS,37.916150,-95.170250,3.265667,gazetteer
67634,54 TRUCK STOP,Mullinville,KS,37.586131,-99.475674,3.465667,nominatim
4858,PILOT TRAVEL CENTER #1346,Newton,KS,38.046680,-97.345040,3.311500,gazetteer
72786,QUIKTRIP #333,Newton,KS,38.046680,-97.345040,2.949000,gazetteer
5245,CASEYS #3842,Norton,KS,39.833890,-99.891510,3.157333,gazetteer
69798,LOVES TRAVEL STOP #060,Norton,KS,39.833890,-99.891510,3.109000,gazetteer
5207,JJ TRAVEL PLAZA,Oakley,KS,39.133340,-100.863760,3.615667,gazetteer
7387,TA Oakley,Oakley,KS,39.133340,-100.863760,3.649000,gazetteer
60926,CENEX,Oberlin,KS,39.818340,-100.528200,3.159000,gazetteer
66111,CROSSROADS EXPRESS,Oberlin,KS,39.818340,-100.528200,3.089000,gazetteer
5255,7-ELEVEN #35788,Olathe,KS,38.881400,-94.819130,3.339000,gazetteer
69522,FUEL EXPRESSO 17,Ottawa,KS,38.615570,-95.267750,3.172333,gazetteer
67636,LOVES TRAVEL STOPS #258,Ottawa,KS,38.615570,-95.267750,3.239000,gazetteer
70775,CASEYS #3576,Overbrook,KS,38.780560,-95.557200,3.195667,gazetteer
67833,PETES #05,Parsons,KS,37.340340,-95.261080,3.299000,gazetteer
72143,Caseys #4023,Phillipsburg,KS,39.756120,-99.323990,3.292333,gazetteer
69862,CASEYS #3503,Pleasanton,KS,38.177810,-94.711350,3.199000,gazetteer
64961,SAC AND FOX TRUCK STOP,Powhattan,KS,39.761462,-95.633583,2.984000,nominatim
5282,CASEYS #3548,Pratt,KS,37.643910,-98.737590,3.140667,gazetteer
67906,ON THE GO,Prescott,KS,38.063644,-94.695515,3.199000,nominatim
52085,RUSSELL 24/7,Russell,KS,38.895270,-98.861030,3.007333,gazetteer
67665,ALL STAR,Sabetha,KS,39.902220,-95.800820,3.499000,gazetteer
68992,SHORT STOP #24,Saint Marys,KS,39.194160,-96.071100,2.967333,gazetteer
63587,24/7 TRAVEL PLAZA,Salina,KS,38.840280,-97.611420,2.974000,gazetteer
52483,FLYING J TRAVEL PLAZA #659,Salina,KS,38.840280,-97.611420,3.772333,gazetteer
217,NORTH 9TH 24/7,Salina,KS,38.840280,-97.611420,3.025667,gazetteer
199,PETRO STOPPING CENTER #366,Salina,KS,38.840280,-97.611420,3.805667,gazetteer
6057,PILOT TRAVEL CENTER #903,Salina,KS,38.840280,-97.611420,3.759000,gazetteer
70634,CORNER MARKET #101,Scott City,KS,38.482520,-100.907090,3.359000,gazetteer
69671,LOVES TRAVEL STOP #655,Scott City,KS,38.482520,-100.907090,3.637333,gazetteer
70773,CASEYS #3575,Seneca,KS,39.834160,-96.064170,3.159000,gazetteer
64001,PETES #53,Severy,KS,37.622255,-96.228053,3.249000,nominatim
70776,CASEYS #3579,Smith Center,KS,39.779180,-98.785070,3.179000,gazetteer
60280,JUMP START #9,South Haven,KS,37.049727,-97.401332,3.069000,nominatim
69975,LOVES TRAVEL STOP #703,South Hutchinson,KS,38.028070,-97.940330,3.300667,gazetteer
66881,PLAZAGO TRUCKSTOP,South Hutchinson,KS,38.028070,-97.940330,3.269000,gazetteer
67426,Spearville Truck Stop,Spearville,KS,37.850020,-99.756790,3.465667,gazetteer
64963,FLINT HILLS ONE STOP,Strong City,KS,38.397236,-96.536951,2.919000,nominatim
64964,U PUMP IT,Sublette,KS,37.481690,-100.843770,3.679000,gazetteer
66478,LOVES TRAVEL STOP #175,Tecumseh,KS,39.048056,-95.579145,3.289000,nominatim
70756,CASEYS #3780,Tonganoxie,KS,39.109720,-95.087750,3.159000,gazetteer
70638,LOVES TRAVEL STOP #769,Topeka,KS,39.048330,-95.678040,3.284000,gazetteer
60282,CRVS #7,Tribune,KS,38.469740,-101.752670,3.399000,gazetteer
70749,CASEYS #3719,Ulysses,KS,37.581410,-101.355170,3.409000,gazetteer
68065,Caseys #4450,Ulysses,KS,37.581410,-101.355170,3.399000,gazetteer
68446,J J OIL #07,Ulysses,KS,37.581410,-101.355170,3.399000,gazetteer
7385,WAKEENEY 24 7 STORE #3,Wakeeney,KS,39.025010,-99.879570,3.090667,gazetteer
68994,SHORT STOP #25,Washington,KS,39.818060,-97.050860,2.902333,gazetteer
63990,TREX MART #4,Wathena,KS,39.759160,-94.949690,2.999000,gazetteer
1930,CASEYS #3058,Wellington,KS,37.265300,-97.371710,3.299000,gazetteer
71531,BERT'S TRAVEL PLAZA,Wellsville,KS,38.718340,-95.081640,3.315667,gazetteer
66573,Brake Time Corner Market,Wichita,KS,37.692240,-97.337540,3.299000,gazetteer
689,FLYING EAGLE,Wichita,KS,37.692240,-97.337540,3.499000,gazetteer
72669,Quiktrip #356,Wichita,KS,37.692240,-97.337540,3.194000,gazetteer
71106,SECURITY OIL,Wichita,KS,37.692240,-97.337540,3.299000,gazetteer
65917,CUMBERLAND CORNER MART,Albany,KY,36.690900,-85.134680,3.574000,gazetteer
62467,SUPER QUIK #9,Ashland,KY,38.478410,-82.637940,3.669000,gazetteer
67306,150 QUICK STOP,Bardstown,KY,37.809230,-85.466900,3.172333,gazetteer
64003,HUCKS Food & Fuel #305,Beaver Dam,KY,37.401990,-86.875830,3.599000,gazetteer
5424,WK TRUCK STOP,Beaver Dam,KY,37.401990,-86.875830,3.399000,gazetteer
69400,CASEYS #4411,Benton,KY,36.857280,-88.350310,3.199000,gazetteer
63351,76 FUEL CENTER,Berea,KY,37.568690,-84.296320,2.999000,gazetteer
68534,BG FOOD MART,Bowling Green,KY,36.990320,-86.443600,3.057333,gazetteer
70243,CASEYS #4415,Bowling Green,KY,36.990320,-86.443600,2.999000,gazetteer
66051,Caseys #4419,Bowling Green,KY,36.990320,-86.443600,3.025667,gazetteer
69414,FLEX MARKET,Bowling Green,KY,36.990320,-86.443600,2.999000,gazetteer
72144,HUCKS FOOD & FUEL #397,Bowling Green,KY,36.990320,-86.443600,3.499000,gazetteer
52297,IGA EXPRESS SHELL #874,Bowling Green,KY,36.990320,-86.443600,2.999000,gazetteer
66956,LOVES TRAVEL STOP #348,Calvert City,KY,37.033390,-88.350040,3.689000,gazetteer
71307,Speedway #1221,Calvert City,KY,37.033390,-88.350040,3.449000,gazetteer
64969,ALLSTAR FOOD MART,Campbellsville,KY,37.343400,-85.341910,3.159000,gazetteer
5436,PARKWAY MARATHON,Caneyville,KY,37.424220,-86.488310,3.732333,gazetteer
66016,FLYING J TRAVEL PLAZA #660,Catlettsburg,KY,38.404800,-82.600440,3.765667,gazetteer
70556,ZIP ZONE EXPRESS,Catlettsburg,KY,38.404800,-82.600440,3.699000,gazetteer
72089,CASEYS #4567,Columbia,KY,37.102840,-85.306350,3.159000,gazetteer
71856,GO TIME #7,Corbin,KY,36.948700,-84.096880,2.999000,gazetteer
66065,LOVES TRAVEL STOP #321,Corbin,KY,36.948700,-84.096880,3.599000,gazetteer
4921,PILOT TRAVEL CENTERS #231,Corbin,KY,36.948700,-84.096880,3.609000,gazetteer
69016,SPEEDWAY #7606,Corbin,KY,36.948700,-84.096880,3.519000,gazetteer
5491,49ER FUEL CENTER,East Bernstadt,KY,37.189530,-84.117710,2.999000,gazetteer
70170,LOVES TRAVEL STOP #716,Elizabethtown,KY,37.693950,-85.859130,3.599000,gazetteer
71442,RACETRAC #2597,Elizabethtown,KY,37.693950,-85.859130,2.919000,gazetteer
7382,TA FLORENCE TRAVEL CENTER,Florence,KY,38.998950,-84.626610,3.070667,gazetteer
71510,RACETRAC #2601,Frankfort,KY,38.200910,-84.873280,2.919000,gazetteer
52590,FLYING J TRAVEL PLAZA #661,Franklin,KY,36.722260,-86.577220,3.169000,gazetteer
7379,KEYSTOP TRAVEL CENTER,Franklin,KY,36.722260,-86.577220,2.899000,gazetteer
5165,ONE9 #046,Franklin,KY,36.722260,-86.577220,3.085667,gazetteer
10142,PILOT TRAVEL CENTERS #438,Franklin,KY,36.722260,-86.577220,3.169000,gazetteer
5299,Sudden Service #62,Franklin,KY,36.722260,-86.577220,3.084000,gazetteer
1176,PILOT TRAVEL CENTERS #353,Georgetown,KY,38.209800,-84.558830,3.205667,gazetteer
52652,PILOT TRAVEL CENTERS #47,Georgetown,KY,38.209800,-84.558830,3.205667,gazetteer
4460,EXIT 62 TRUCKSTOP,Glencoe,KY,38.714509,-84.822726,3.165667,nominatim
63812,PETRO STOPPING CENTER #330,Glendale,KY,37.601728,-85.905519,3.599000,nominatim
5464,PILOT TRAVEL CENTERS #48,Glendale,KY,37.601728,-85.905519,3.609000,nominatim
52478,LOVES TRAVEL STOP #418,Grayson,KY,38.332580,-82.948500,3.755667,gazetteer
1962,SUPER QUIK,Grayson,KY,38.332580,-82.948500,3.799000,gazetteer
739,Arco #364420,Greenup,KY,38.573130,-82.830170,3.649000,gazetteer
70218,LOVES TRAVEL STOP #725,Hanson,KY,37.417270,-87.480830,3.599000,gazetteer
127,CIRCLE K #4700095,Henderson,KY,37.836150,-87.590010,3.609000,gazetteer
71914,HUCKS FOOD & Fuel #309,Hopkinsville,KY,36.865610,-87.491170,3.474000,gazetteer
66480,LOVES TRAVEL STOP #360,Horse Cave,KY,37.179500,-85.906920,3.429000,gazetteer
64980,DOUBLE KWIK MARKET #1044,Isom,KY,37.187876,-82.898772,3.749000,nominatim
66334,Hucks Travel Center #052,Kuttawa,KY,37.058940,-88.132530,3.699000,gazetteer
1179,PILOT TRAVEL CENTERS #399,Lebanon Junction,KY,37.834510,-85.731900,3.609000,gazetteer
64002,SPEEDWAY #9567,Lebanon Junction,KY,37.834510,-85.731900,3.165667,gazetteer
67768,SHELL,Lewisport,KY,37.937000,-86.902210,3.499000,gazetteer
63581,CASEYS #4453,Lexington,KY,37.988690,-84.477720,3.224000,gazetteer
72993,H AND R OIL COMPANY,Lexington,KY,37.988690,-84.477720,3.249000,gazetteer
70597,SPEEDWAY #9394,Lexington,KY,37.988690,-84.477720,3.129000,gazetteer
69563,SPEEDWAY #9651,Lexington,KY,37.988690,-84.477720,3.149000,gazetteer
6441,GRAND OIL,London,KY,37.128980,-84.083260,3.499000,gazetteer
7715,LONDON AUTO TRUCK CENTER,London,KY,37.128980,-84.083260,3.399000,gazetteer
71010,KEYSTOPS,Louisville,KY,38.254240,-85.759410,3.195667,gazetteer
63702,QUICK FUEL #2501,Louisville,KY,38.254240,-85.759410,3.082333,gazetteer
71866,RACETRAC #2615,Louisville,KY,38.254240,-85.759410,2.919000,gazetteer
70273,SPEEDWAY #5457,Louisville,KY,38.254240,-85.759410,3.029000,gazetteer
66725,SPEEDWAY #9662,Louisville,KY,38.254240,-85.759410,3.029000,gazetteer
72317,THORNTONS #261169,Louisville,KY,38.254240,-85.759410,3.280667,gazetteer
70437,Thorntons #155,Louisville,KY,38.254240,-85.759410,2.905667,gazetteer
68552,HUCKS FOOD & FUEL #368,Madisonville,KY,37.328100,-87.498890,3.399000,gazetteer
52088,CASEYS #4459,Mayfield,KY,36.741720,-88.636720,3.249000,gazetteer
72596,Hucks Food & Fuel #401 dba Pilot #1360,Mayfield,KY,36.741720,-88.636720,3.599000,gazetteer
64982,FAS MART #5260,Maysville,KY,38.641190,-83.744370,3.364000,gazetteer
52510,Valero,Maysville,KY,38.641190,-83.744370,3.599000,gazetteer
66890,CASEYS #4223,Middlesboro,KY,36.608420,-83.716580,3.489000,gazetteer
67695,MOREHEAD TRUCKSTOP,Morehead,KY,37.271150,-87.176380,3.599000,gazetteer
64016,SHELL,Morgantown,KY,37.225600,-86.683600,3.799000,gazetteer
66876,PILOT TRAVEL CENTERS #156,Mortons Gap,KY,37.236710,-87.475280,3.629000,gazetteer
66927,PILOT TRAVEL CENTER #41,Mount Sterling,KY,38.056470,-83.943260,3.759000,gazetteer
63640,SUPER EXPRESS STOP,Mount Sterling,KY,38.056470,-83.943260,3.859000,gazetteer
231,DERBY CITYS TRUCK PLAZA,Mount Vernon,KY,38.025630,-84.495220,2.999000,gazetteer
64677,MOUNT VERNON FUEL CENTER,Mount Vernon,KY,38.025630,-84.495220,2.999000,gazetteer
66815,MAXS #132,Murray,KY,36.610330,-88.314760,3.399000,gazetteer
64984,DOUBLE KWIK MARKET #1062,Nicholasville,KY,37.880630,-84.573000,3.499000,gazetteer
63349,FLYING J TRAVEL PLAZA #662,Oak Grove,KY,37.344210,-86.754710,3.152333,gazetteer
70725,LOVES TRAVEL STOP #782,Oak Grove,KY,37.344210,-86.754710,3.142333,gazetteer
3216,MAXS #124,Oak Grove,KY,37.344210,-86.754710,3.042333,gazetteer
63744,PILOT TRAVEL CENTERS #439,Oak Grove,KY,37.344210,-86.754710,3.152333,gazetteer
63594,PILOT TRAVEL CENTERS #49,Oak Grove,KY,37.344210,-86.754710,3.152333,gazetteer
62462,HAWESWAY TRUCKSTOP,Owensboro,KY,37.774220,-87.113330,3.599000,gazetteer
5601,BP,Paducah,KY,37.083390,-88.600050,3.429000,gazetteer
66073,EXXON,Paducah,KY,37.083390,-88.600050,3.157333,gazetteer
10144,PILOT TRAVEL CENTERS #358,Paducah,KY,37.083390,-88.600050,3.699000,gazetteer
63747,PILOT TRAVEL CENTERS #440,Pendleton,KY,38.462288,-85.303568,3.759000,nominatim
64527,PILOT TRAVEL CENTERS #50,Pendleton,KY,38.462288,-85.303568,3.759000,nominatim
66235,LOVES TRAVEL STOP #291,Richmond,KY,37.747860,-84.294650,3.599000,gazetteer
72344,WOW FOOD MART,Richmond,KY,37.747860,-84.294650,3.609000,gazetteer
64990,LAKE COUNTRY OUTDOORS,Russell Springs,KY,37.056180,-85.088570,3.199000,gazetteer
68366,MARATHON,Russellville,KY,36.845320,-86.887220,3.199000,gazetteer
69585,LOVES TRAVEL STOP #618,Sadieville,KY,38.389239,-84.537442,3.139000,nominatim
70249,Caseys #4466,Scottsville,KY,36.753380,-86.190540,3.312333,gazetteer
66021,LOVES TRAVEL STOP #238,Shepherdsville,KY,37.988400,-85.715790,3.599000,gazetteer
7825,PILOT TRAVEL CENTERS #356,Shepherdsville,KY,37.988400,-85.715790,3.609000,gazetteer
72243,Racetrac #2611,Shepherdsville,KY,37.988400,-85.715790,2.959000,gazetteer
6308,Pilot Travel Centers #354,Simpsonville,KY,38.222570,-85.355230,3.759000,gazetteer
70606,SPEEDWAY #7179,Smiths Grove,KY,37.052550,-86.207760,3.065667,gazetteer
7370,TA SMITHS GROVE,Smiths Grove,KY,37.052550,-86.207760,3.432333,gazetteer
67119,EASTWAY TRUCKSTOP,Somerset,KY,37.092020,-84.604110,3.599000,gazetteer
7371,One9 #392,Sonora,KY,37.524226,-85.893019,3.195667,nominatim
67139,LOVES TRAVEL STOP #383,Sparta,KY,38.688077,-84.898804,3.749000,nominatim
67821,FAS MART #5261,Tollesboro,KY,38.559520,-83.576026,3.352333,nominatim
67758,CLARKS PUMP N SHOP #47,Vanceburg,KY,38.599240,-83.318800,3.599000,gazetteer
63605,FLYING J TRAVEL PLAZA #663,Waddy,KY,38.137015,-85.074398,3.759000,nominatim
5651,LOVES TRAVEL STOP #303,Waddy,KY,38.137015,-85.074398,3.749000,nominatim
70538,SPEEDWAY #9329,Waddy,KY,38.137015,-85.074398,3.149000,nominatim
2937,FLYING J TRAVEL PLAZA #664,Walton,KY,38.875620,-84.610220,3.085667,gazetteer
1860,MR FUEL #278,Walton,KY,38.875620,-84.610220,3.019000,gazetteer
52149,PILOT TRAVEL CENTERS #321,Walton,KY,38.875620,-84.610220,3.085667,gazetteer
7372,TA WALTON #28,Walton,KY,38.875620,-84.610220,3.002333,gazetteer
10146,PILOT TRAVEL CENTERS #437,Williamsburg,KY,36.743420,-84.159660,3.609000,gazetteer
64994,E Z STOP,Willisburg,KY,37.809789,-85.126347,3.379000,nominatim
6286,APPLE MARKET #526,Winchester,KY,37.990080,-84.179650,2.915667,gazetteer
67855,FAS MART #5262,Winchester,KY,37.990080,-84.179650,2.907333,gazetteer
72132,GO TIME 4,Winchester,KY,37.990080,-84.179650,2.907333,gazetteer
4239,SPEEDWAY #8256,Winchester,KY,37.990080,-84.179650,2.922333,gazetteer
64020,LEEBOS # 9,Alexandria,LA,31.311290,-92.445140,3.215667,gazetteer
64021,CM AMITE,Amite,LA,30.726570,-90.508980,3.399000,gazetteer
67075,CM FOREST GOLD,Amite,LA,30.726570,-90.508980,3.399000,gazetteer
66307,CM ST HELENA,Amite,LA,30.726570,-90.508980,3.399000,gazetteer
69127,TALL TIMBERS TRUCK STOP,Amite,LA,30.726570,-90.508980,2.999000,gazetteer
70439,CHEVRON,Arcadia,LA,32.549040,-92.920160,3.189000,gazetteer
67699,GAP FARMS TRAVEL CENTER,Arcadia,LA,32.549040,-92.920160,3.249000,gazetteer
67925,CHEVRON,Baton Rouge,LA,30.443320,-91.187470,3.899000,gazetteer
64030,STATE OIL,Belle Chasse,LA,29.854930,-89.990630,3.432333,gazetteer
68693,SUPER STOPS,Belle Rose,LA,30.050480,-91.041490,3.499000,gazetteer
67883,CASH MAGIC HOLLYWOOD,Berwick,LA,29.694650,-91.218990,3.399000,gazetteer
67305,RELAY STATION,Bethany,LA,32.373768,-94.037965,3.122333,nominatim
64999,I 220 TRAVEL PLAZA,Bossier City,LA,32.515990,-93.732120,2.992333,gazetteer
71325,QUIKTRIP #7223,Bossier City,LA,32.515990,-93.732120,2.892333,gazetteer
69017,SHELL,Bossier City,LA,32.515990,-93.732120,2.999000,gazetteer
70192,LOVES TRAVEL STOP #720,Boyce,LA,31.390460,-92.669310,3.174000,gazetteer
66371,RAPIDES STATION TRUCK STOP,Boyce,LA,31.390460,-92.669310,3.099000,gazetteer
70438,BREAU BRIDGE TRUCKSTOP AND CASINO,Breaux Bridge,LA,30.273530,-91.899280,3.229000,gazetteer
6251,BREAUX BRIDGE VALERO #1408,Breaux Bridge,LA,30.273530,-91.899280,3.499000,gazetteer
66820,CM BREAUX BRIDGE,Breaux Bridge,LA,30.273530,-91.899280,3.299000,gazetteer
6179,HENDERSON TRAVEL PLAZA,Breaux Bridge,LA,30.273530,-91.899280,3.385667,gazetteer
60294,LITTLE CAPITOL EXXON,Breaux Bridge,LA,30.273530,-91.899280,3.899000,gazetteer
64488,PILOT TRAVEL CENTERS #274,Breaux Bridge,LA,30.273530,-91.899280,3.142333,gazetteer
65000,SILVERS TRAVEL CENTER,Breaux Bridge,LA,30.273530,-91.899280,3.369000,gazetteer
72982,SUNOCO,Breaux Bridge,LA,30.273530,-91.899280,2.855667,gazetteer
66460,CASH MAGIC BROUSSARD NORTH,Broussard,LA,30.147150,-91.961230,3.399000,gazetteer
67077,CASH MAGIC BROUSSARD SOUTH,Broussard,LA,30.147150,-91.961230,3.399000,gazetteer
65002,FOOD N FUN #11,Broussard,LA,30.147150,-91.961230,3.302333,gazetteer
63979,Jaks Oil,Broussard,LA,30.147150,-91.961230,3.049000,gazetteer
65969,PILOT #1105,Bunkie,LA,30.953250,-92.182630,3.212333,gazetteer
68080,SAMMYS TRUCK AUTO PLAZA,Bunkie,LA,30.953250,-92.182630,3.399000,gazetteer
1661,CHEVRON,Calhoun,LA,32.512650,-92.358470,3.159000,gazetteer
65005,USA TRAVEL CENTER,Calhoun,LA,32.512650,-92.358470,3.215667,gazetteer
71234,CHEVRON #352305,Chalmette,LA,29.942960,-89.965370,3.139000,gazetteer
64029,SUNSHINE SUPER STOP TRUCKS,Convent,LA,30.020760,-90.829820,3.399000,gazetteer
67797,CHEVRON,Coushatta,LA,32.014880,-93.342120,3.155667,gazetteer
60295,EXIT 80 TRAVEL PLAZA,Crowley,LA,30.214090,-92.374580,3.109000,gazetteer
62480,CM GALLIANO,Cut Off,LA,29.542720,-90.338140,3.499000,gazetteer
64028,DELCAMBRE FUEL DEPOT,Delcambre,LA,29.948260,-91.988730,2.999000,gazetteer
66680,BIG TOP TRAVEL CENTER,Delhi,LA,32.457640,-91.493170,2.969000,gazetteer
72247,SEVEN MART,Delhi,LA,32.457640,-91.493170,3.199000,gazetteer
65036,WAVERLY TRUCKSTOP,Delhi,LA,32.457640,-91.493170,2.964000,gazetteer
3003,CHEVRON,Delta,LA,32.327407,-90.925083,2.994000,nominatim
67076,CASH MAGIC LUCKY MAGNOLIA,Denham Springs,LA,30.487400,-90.957530,3.399000,gazetteer
67078,CASH MAGIC SILVER FOX,Denham Springs,LA,30.487400,-90.957530,3.399000,gazetteer
160,PILOT TRAVEL CENTERS #79,Denham Springs,LA,30.487400,-90.957530,3.232333,gazetteer
244,BIG D TRUCK TRAVEL PLAZA,Duson,LA,30.235760,-92.185400,2.982333,gazetteer
63737,I 10 DUSON TRUCK STOP,Duson,LA,30.235760,-92.185400,3.410667,gazetteer
66029,Roady's Lucky Deuces,Duson,LA,30.235760,-92.185400,3.035667,gazetteer
576,PETRO STOPPING CENTER #343,Egan,LA,30.236870,-92.505970,3.624000,gazetteer
72976,RED DOG,Egan,LA,30.236870,-92.505970,3.049000,gazetteer
5232,CM EUNICE,Eunice,LA,30.494370,-92.417630,3.399000,gazetteer
65006,GOLDMINE TRUCKSTOP,Eunice,LA,30.494370,-92.417630,3.199000,gazetteer
69446,SUPER SAVE #4,Farmerville,LA,32.773470,-92.405700,3.479000,gazetteer
64034,BOONES CHEVRON,Franklin,LA,29.796040,-91.501500,3.899000,gazetteer
60958,NORTH WEST TRUCK STOP,Franklin,LA,29.796040,-91.501500,3.399000,gazetteer
67241,RELAY STATION 3,Frierson,LA,32.251825,-93.689901,3.259000,nominatim
68562,CHEVRON,Galliano,LA,29.442160,-90.299250,3.499000,gazetteer
68556,MONICARLO FUEL STOP,Garyville,LA,30.056040,-90.619260,3.199000,gazetteer
72789,RACETRAC #237,Gonzales,LA,30.238530,-90.920100,3.172333,gazetteer
65007,GOLDEN GROVE TRUCK PLAZA,Gramercy,LA,30.047420,-90.689810,3.419000,gazetteer
60298,BEAU CHENE TRUCK STOP,Grand Coteau,LA,30.419920,-92.046510,3.399000,gazetteer
66721,USA SPEEDTRAC,Grand Coteau,LA,30.419920,-92.046510,3.399000,gazetteer
65008,BIG WHEELS TRAVEL CENTER,Gray,LA,29.697710,-90.786480,3.499000,gazetteer
67934,WHISPERING PINES,Greensburg,LA,30.830740,-90.671760,3.099000,gazetteer
52402,FLYING J TRAVEL PLAZA #665,Greenwood,LA,32.442930,-93.972960,3.145667,gazetteer
66126,LOVES TRAVEL STOP #209,Greenwood,LA,32.442930,-93.972960,3.134000,gazetteer
4618,OUTPOST TRAVEL CENTER,Greenwood,LA,32.442930,-93.972960,2.899000,gazetteer
67065,TA GREENWOOD TRAVEL CENTER,Greenwood,LA,32.442930,-93.972960,3.165667,gazetteer
6745,TIGER TRUCK STOP,Grosse Tete,LA,30.411030,-91.433720,3.059000,gazetteer
72941,CIRCLE K #2740389,Hammond,LA,30.504630,-90.462930,3.249000,gazetteer
66448,HAMMOND TRAVEL CENTER,Hammond,LA,30.504630,-90.462930,3.099000,gazetteer
5570,PETRO STOPPING CENTER #310,Hammond,LA,30.504630,-90.462930,3.249000,gazetteer
10150,PILOT TRAVEL CENTERS #300,Hammond,LA,30.504630,-90.462930,3.232333,gazetteer
5258,PT TRUCK STOP,Hammond,LA,30.504630,-90.462930,3.249000,gazetteer
65857,PILOT TRAVEL CENTERS #199,Haughton,LA,32.532650,-93.504060,3.145667,gazetteer
72806,TA HOSSTON #939,Hosston,LA,32.887639,-93.878513,2.922333,nominatim
63760,CASH MAGIC CITGO HOUMA,Houma,LA,29.595770,-90.719530,3.565667,gazetteer
68462,CHEVRON,Houma,LA,29.595770,-90.719530,3.099000,gazetteer
64036,CM PROSPECT STATION,Houma,LA,29.595770,-90.719530,3.599000,gazetteer
67711,HOUMA COTEAU TRAVEL PLAZA,Houma,LA,29.595770,-90.719530,3.062333,gazetteer
65011,PLANTATION TRUCK PLAZA,Houma,LA,29.595770,-90.719530,3.115667,gazetteer
69707,SUPER S TRAVEL PLAZA,Ida,LA,33.002853,-93.893000,3.059000,nominatim
63731,LOVES TRAVEL STOP #243,Iowa,LA,30.236870,-93.013760,3.587333,gazetteer
64040,PILOT #1051,Iowa,LA,30.236870,-93.013760,3.599000,gazetteer
68076,JENNINGS TRUCKSTOP,Jennings,LA,30.222430,-92.657080,2.999000,gazetteer
66502,SHOP RITE #82,Jennings,LA,30.222430,-92.657080,3.589000,gazetteer
52089,SHELL,Jonesville,LA,31.626560,-91.818180,3.399000,gazetteer
67887,AIRLINE CHEVRON,Kenner,LA,29.994090,-90.241740,3.099000,gazetteer
68886,BEBO'S,Kentwood,LA,30.938240,-90.508980,3.015667,gazetteer
66396,CIRCLE K #2723988,Kentwood,LA,30.938240,-90.508980,3.299000,gazetteer
64042,LA PLACE TRAVEL CENTER,La Place,LA,30.066980,-90.481470,3.259000,fuzzy
4920,TA LAPLACE,La Place,LA,30.066980,-90.481470,3.227333,fuzzy
5979,TA LAFAYETTE TRAVEL CENTER,Lafayette,LA,30.224090,-92.019840,3.134000,gazetteer
5597,CM LAKE CHARLES FUEL STOP 36,Lake Charles,LA,30.213090,-93.204400,3.299000,gazetteer
64049,Cash Magic CITGO LAROSE,Larose,LA,29.572440,-90.381750,3.399000,gazetteer
68070,PAULS TRUCK STOP,Leesville,LA,31.143520,-93.261000,3.449000,gazetteer
69859,BIG BOSS TRAVEL PLAZA,Livingston,LA,30.502130,-90.747870,3.165667,gazetteer
64043,COUNTRY AUTO TRUCK STOP,Mansfield,LA,32.037660,-93.700180,3.259000,gazetteer
72352,LOVES TRAVEL STOP #858,Mansfield,LA,32.037660,-93.700180,3.245667,gazetteer
69630,MANSFIELD TRAVEL PLAZA,Mansfield,LA,32.037660,-93.700180,3.019000,gazetteer
5608,SHOP A LOTT #3,Mansfield,LA,32.037660,-93.700180,3.135667,gazetteer
65017,Y NOT STOP MANSURA,Mansura,LA,31.057970,-92.049010,3.399000,gazetteer
64050,WESTWOOD TRUCK PLAZA,Marrero,LA,29.899370,-90.100350,3.279000,gazetteer
68081,SHELL,Mathews,LA,29.686320,-90.546750,3.459000,gazetteer
67922,EXXON,Minden,LA,32.615430,-93.286840,3.399000,gazetteer
66997,LOVES TRAVEL STOP #289,Minden,LA,32.615430,-93.286840,3.149000,gazetteer
67237,OUTPOST TRAVEL CENTER,Minden,LA,32.615430,-93.286840,3.132333,gazetteer
67866,QUICK DRAW TRAVEL PLAZA,Minden,LA,32.615430,-93.286840,3.012333,gazetteer
66385,TA EXPRESS MINDEN,Minden,LA,32.615430,-93.286840,3.114000,gazetteer
2968,E-Z MART #4460,Monroe,LA,32.509310,-92.119300,3.129000,gazetteer
71314,Loves Travel Stop #806,Monroe,LA,32.509310,-92.119300,3.167333,gazetteer
64998,CM BAYOU VISTA,Morgan City,LA,29.699370,-91.206770,3.399000,gazetteer
52090,SHOP A LOTT #10,Natchitoches,LA,31.760720,-93.086270,3.125667,gazetteer
68572,FOOD N FUN #17,New Iberia,LA,30.003540,-91.818730,3.067000,gazetteer
68463,SPANISH LAKE TRUCK AND CASINO PLAZA,New Iberia,LA,30.003540,-91.818730,3.329000,gazetteer
63530,BIG EASY TRAVEL PLAZA,New Orleans,LA,29.954650,-90.075070,3.799000,gazetteer
64044,DISCOUNT ZONE,New Orleans,LA,29.954650,-90.075070,3.149000,gazetteer
63942,Discount Zone,New Orleans,LA,29.954650,-90.075070,3.279000,gazetteer
67308,FUEL STAR,New Orleans,LA,29.954650,-90.075070,3.279000,gazetteer
248,Mardi Gras Truck Stop,New Orleans,LA,29.954650,-90.075070,3.729000,gazetteer
63571,Palace Truckstop,New Orleans,LA,29.954650,-90.075070,3.299000,gazetteer
72346,Y-NOT STOP,Oakdale,LA,30.816030,-92.660420,3.699000,gazetteer
10154,I 49 TRUCK STOP,Opelousas,LA,30.533530,-92.081510,3.199000,gazetteer
72586,Loves Travel Stop #875,Opelousas,LA,30.533530,-92.081510,3.085667,gazetteer
65021,OPELOUSAS 190 TRUCK STOP,Opelousas,LA,30.533530,-92.081510,2.870667,gazetteer
66109,QUARTERS TRAVEL PLAZA,Opelousas,LA,30.533530,-92.081510,3.184000,gazetteer
71860,PILOT #1347,Pearl River,LA,30.376030,-89.748400,3.164000,gazetteer
66422,PLAQUEMINE TRUCK STOP,Plaquemine,LA,30.290050,-91.234970,3.999000,gazetteer
52299,415 TRUCK STOP,Port Allen,LA,30.452140,-91.210110,3.089000,gazetteer
72943,CIRCLE K #2706805,Port Allen,LA,30.452140,-91.210110,3.359000,gazetteer
240,LA 1 SOUTH TRUCKSTOP,Port Allen,LA,30.452140,-91.210110,3.039000,gazetteer
63722,LOVES TRAVEL STOP #240,Port Allen,LA,30.452140,-91.210110,3.232333,gazetteer
64047,LUCKY LOUIES TRUCK STOP,Port Allen,LA,30.452140,-91.210110,3.065667,gazetteer
68318,NINOS TRUCK PLAZA,Port Allen,LA,30.452140,-91.210110,3.039000,gazetteer
63566,PORT ALLEN TRUCKSTOP,Port Allen,LA,30.452140,-91.210110,3.259000,gazetteer
64048,Pilot #1439,Port Allen,LA,30.452140,-91.210110,3.215667,gazetteer
64045,SILVERS TRAVEL PLAZA - Port Allen,Port Allen,LA,30.452140,-91.210110,3.332333,gazetteer
68595,SUPER LUCKY LOUIES,Port Allen,LA,30.452140,-91.210110,3.032333,gazetteer
69494,TMI FUEL STOP,Port Allen,LA,30.452140,-91.210110,3.065667,gazetteer
7360,KINGS TRUCK STOP,Port Barre,LA,30.560200,-91.954010,3.189000,gazetteer
69824,LOVES TRAVEL STOP #663,Port Barre,LA,30.560200,-91.954010,3.124000,gazetteer
65022,CM RACELAND,Raceland,LA,29.727430,-90.598980,3.299000,gazetteer
63624,FROG CITY TRAVEL PLAZA,Rayne,LA,30.234930,-92.268460,3.365667,gazetteer
69099,LOVES TRAVEL STOP #523,Rayne,LA,30.234930,-92.268460,3.149000,gazetteer
65023,SHOP RITE #85,Rayne,LA,30.234930,-92.268460,3.149000,gazetteer
52364,PILOT TRAVEL CENTERS #335,Rayville,LA,32.477360,-91.754850,3.212333,gazetteer
66454,Fast Stop Shell,Reserve,LA,30.053810,-90.551750,3.799000,gazetteer
72188,MARATHON,Reserve,LA,30.053810,-90.551750,3.749000,gazetteer
68689,CHEVRON,Roanoke,LA,30.236870,-92.747090,3.609000,gazetteer
71493,NEW TRAVEL PLAZA,Ruston,LA,32.523210,-92.637930,3.065667,gazetteer
73037,TA EXPRESS #567,Ruston,LA,32.523210,-92.637930,3.114000,gazetteer
62487,Fred's Food Mart,Saint Francisville,LA,30.779900,-91.376500,3.799000,gazetteer
1196,SOUTHERN BELLE TRUCK STOP,Saint Francisville,LA,30.779900,-91.376500,3.384000,gazetteer
64654,Fast Stop,Saint Gabriel,LA,30.257700,-91.099270,3.699000,gazetteer
66456,TEXACO #383124,Saint James,LA,29.981870,-90.831760,2.969000,gazetteer
65019,Hwy 31 Truck Stop,Saint Martinville,LA,30.125200,-91.833450,3.329000,gazetteer
66749,BIG RIVER #18,Saint Rose,LA,29.946870,-90.323130,3.099000,gazetteer
71287,RACETRAC #482,Saint Rose,LA,29.946870,-90.323130,3.125667,gazetteer
65026,TA ST Rose #06480,Saint Rose,LA,29.946870,-90.323130,3.225667,gazetteer
68684,Rebecca Plantation Truck Plaza,Schriever,LA,29.742150,-90.810370,2.999000,gazetteer
61483,CM SILVER DOLLAR,Shreveport,LA,32.525150,-93.750180,3.299000,gazetteer
65025,ELSIE AUTO AND TRUCK PLAZA,Shreveport,LA,32.525150,-93.750180,2.949000,gazetteer
72702,Loves Travel Stop #854,Shreveport,LA,32.525150,-93.750180,2.937333,gazetteer
5446,PETRO STOPPING CENTER #308,Shreveport,LA,32.525150,-93.750180,3.175667,gazetteer
4233,QUIKTRIP #7220,Shreveport,LA,32.525150,-93.750180,2.892333,gazetteer
67239,RELAY STATION,Shreveport,LA,32.525150,-93.750180,3.132333,gazetteer
71696,SUPER SAVE #10,Shreveport,LA,32.525150,-93.750180,3.199000,gazetteer
67655,CIRCLE K #2706627,Slidell,LA,30.275190,-89.781170,3.189000,gazetteer
66137,CIRCLE K #2721594,Slidell,LA,30.275190,-89.781170,3.170667,gazetteer
7357,TA SLIDELL TRAVEL CENTER,Slidell,LA,30.275190,-89.781170,3.154000,gazetteer
5649,Fast Stop,Sorrento,LA,30.184360,-90.859260,3.699000,gazetteer
52304,Fast Stop,Sorrento,LA,30.184360,-90.859260,3.699000,gazetteer
64059,CM SPRINGHILL,Springhill,LA,33.005970,-93.466840,3.399000,gazetteer
65027,STARKS TRUCK STOP,Starks,LA,30.315480,-93.661830,3.599000,gazetteer
52435,CM WINNERS CHOICE,Sulphur,LA,30.236590,-93.377380,3.299000,gazetteer
66495,SUPER SAVER EXPRESS,Sulphur,LA,30.236590,-93.377380,2.999000,gazetteer
67974,TALL TIMBERS TRUCKSTOP,Sulphur,LA,30.236590,-93.377380,3.832333,gazetteer
66039,LOVES TRAVEL STOP #237,Tallulah,LA,32.408480,-91.186780,3.259000,gazetteer
2862,TA TALLULAH TRAVEL CENTER,Tallulah,LA,32.408480,-91.186780,3.209000,gazetteer
67668,ADVENTURE TRUCK PLAZA,Thibodaux,LA,29.795760,-90.822870,3.399000,gazetteer
65030,CASH MAGIC THIBODAUX,Thibodaux,LA,29.795760,-90.822870,3.399000,gazetteer
68850,SPRINT MART #67,Vidalia,LA,31.565440,-91.425950,3.082333,gazetteer
71522,Y NOT STOP BARBER SPUR,Ville Platte,LA,30.687970,-92.271520,3.499000,gazetteer
62500,CASH MAGIC VINTON,Vinton,LA,30.190760,-93.581270,3.284000,gazetteer
64058,DELTA TOWN TRUCK STOP,Vinton,LA,30.190760,-93.581270,2.799000,gazetteer
52302,LONGHORN TRUCK AND CAR PLAZA,Vinton,LA,30.190760,-93.581270,3.274000,gazetteer
66613,LOVES TRAVEL STOP #362,Vinton,LA,30.190760,-93.581270,3.305667,gazetteer
60979,TOBACCO PLUS #5,Vinton,LA,30.190760,-93.581270,2.999000,gazetteer
64060,CM VIVIAN,Vivian,LA,32.871530,-93.987400,3.265667,gazetteer
65037,CIRCLE K #2707783,West Monroe,LA,32.518480,-92.147640,2.957333,gazetteer
63619,PILOT TRAVEL CENTERS #428,West Monroe,LA,32.518480,-92.147640,3.205667,gazetteer
71858,QUIKTRIP #7224,West Monroe,LA,32.518480,-92.147640,2.892333,gazetteer
64996,AVONDALE TRUCK STOP,Westwego,LA,29.906040,-90.142300,3.449000,gazetteer
68806,SHELL,Westwego,LA,29.906040,-90.142300,3.065667,gazetteer
3413,COUNTRY GIRL TRUCK STOP,Winnfield,LA,31.925580,-92.641310,3.319000,gazetteer
70311,RACING MART,Adams,MA,42.624250,-73.117600,3.699000,gazetteer
70674,ALLTOWN FRESH #769,Ayer,MA,42.561200,-71.589790,3.649000,gazetteer
66195,MOBIL,Berlin,MA,42.381200,-71.637010,3.699000,gazetteer
60989,Blandford Service Plaza Westbound,Blandford,MA,42.180607,-72.927913,3.919000,nominatim
60988,GULF OIL LP #5020,Blandford,MA,42.180607,-72.927913,3.914000,nominatim
72635,GULF,Boylston,MA,42.391760,-71.703680,3.839000,gazetteer
68672,24 NORTH MOBIL,Bridgewater,MA,41.990380,-70.975040,3.699000,gazetteer
66247,GULF OIL #5045,Charlton,MA,42.135650,-71.970070,3.909000,gazetteer
66595,GULF OIL LP #5040,Charlton,MA,42.135650,-71.970070,3.909000,gazetteer
5660,Pride Convenience Store,Chicopee,MA,42.148700,-72.607870,3.509000,gazetteer
71840,NEON MARKETPLACE,Fall River,MA,41.701490,-71.155050,3.949000,gazetteer
60993,GULF #5165,Framingham,MA,42.279260,-71.416170,4.065667,gazetteer
70310,LANCASTER CONVENIENCE,Lancaster,MA,42.455650,-71.673120,3.705667,gazetteer
66579,GULF OIL LP #5010,Lee,MA,42.304250,-73.248160,3.914000,gazetteer
1199,ALLTOWN MARKETS #306,Leominster,MA,42.525090,-71.759790,3.682333,gazetteer
66571,LEXINGTON GULF,Lexington,MA,42.447320,-71.224500,4.299000,gazetteer
60998,GULF OIL #5030,Ludlow,MA,42.160090,-72.475920,3.909000,gazetteer
60997,GULF OIL #5035,Ludlow,MA,42.160090,-72.475920,3.914000,gazetteer
67247,CIRCLE K #4707512,Methuen,MA,42.726200,-71.190890,3.799000,gazetteer
66299,XTRA MART #10093,Millbury,MA,42.193980,-71.760070,3.649000,gazetteer
68919,GULF MART 5150,Natick,MA,42.283430,-71.349500,4.065667,gazetteer
66069,128 NEWTON GAS,Newton Lower Falls,MA,42.329260,-71.253670,4.299000,gazetteer
68941,ALLTOWN MARKETS #2743,North Billerica,MA,42.585262,-71.287764,3.682333,nominatim
64063,Mobil,North Oxford,MA,42.150095,-71.868405,3.582333,nominatim
71328,IRVING,Norwood,MA,42.194540,-71.199500,3.694000,gazetteer
68588,SHELL,Orange,MA,42.590360,-72.309810,3.649000,gazetteer
7344,BEST QUICK STOP,Peabody,MA,42.527870,-70.928660,3.615667,gazetteer
71013,ALLTOWN MARKETS #647,Plymouth,MA,41.958440,-70.667260,3.959000,gazetteer
68036,MOBIL,Salisbury,MA,42.841760,-70.860610,3.599000,gazetteer
68826,HIGHWAY SERVICE,Seekonk,MA,41.808430,-71.337000,3.319000,gazetteer
6842,FLYNNS TRUCK PLAZA,Shrewsbury,MA,42.295930,-71.712850,3.615667,gazetteer
304,FL Roberts,Springfield,MA,42.101480,-72.589810,3.599000,gazetteer
67356,PRIDE CONVENIENCE STORE,Springfield,MA,42.101480,-72.589810,3.559000,gazetteer
61004,Applegreen,Sturbridge,MA,42.108430,-72.078690,3.999000,gazetteer
73005,NOBLE,Sturbridge,MA,42.108430,-72.078690,3.999000,gazetteer
52250,PILOT TRAVEL CENTERS #222,Sturbridge,MA,42.108430,-72.078690,4.159000,gazetteer
67409,XTRA MART #7025,Sutton,MA,42.150100,-71.762850,3.649000,gazetteer
64062,XTRA MART #10098,Uxbridge,MA,42.077320,-71.629510,3.649000,gazetteer
61006,GULF OIL LP #5155,Westborough,MA,42.269540,-71.616180,3.909000,gazetteer
68899,XTRAMART,Westborough,MA,42.269540,-71.616180,3.649000,gazetteer
65048,Irving,Westminster,MA,42.545920,-71.910630,3.749000,gazetteer
6704,FL Roberts,Whately,MA,42.439810,-72.634810,3.559000,gazetteer
7341,INTERSTATE TRAVEL PLAZA,Wrentham,MA,42.066770,-71.328110,3.699000,gazetteer
72802,Racing Mart Store,Wrentham,MA,42.066770,-71.328110,3.899000,gazetteer
69076,A PLUS MINI MARKET,Aberdeen,MD,39.509560,-76.164120,3.832333,gazetteer
4704,THE RIDGE,Accident,MD,39.628952,-79.320844,4.199000,nominatim
70910,QUARLES #4409,Baltimore,MD,39.290380,-76.612190,3.499000,gazetteer
70915,QUARLES #4414,Baltimore,MD,39.290380,-76.612190,3.449000,gazetteer
65059,ROYAL FARMS #111,Baltimore,MD,39.290380,-76.612190,3.209000,gazetteer
72238,ROYAL FARMS #169,Baltimore,MD,39.290380,-76.612190,3.259000,gazetteer
1610,TA BALTIMORE TRAVEL CENTER,Baltimore,MD,39.290380,-76.612190,4.759000,gazetteer
70906,QUARLES #4403,Beltsville,MD,39.034830,-76.907470,3.899000,gazetteer
65062,AC & T BIG POOL,Big Pool,MD,39.623707,-78.015834,3.659000,nominatim
70909,QUARLES #4408,Bladensburg,MD,38.939280,-76.933860,3.699000,gazetteer
64069,301 BP,Brandywine,MD,38.696780,-76.847750,3.259000,gazetteer
70914,QUARLES #4413,Capitol Heights,MD,38.885110,-76.915810,3.899000,gazetteer
5003,TRAILWAY TRUCK STOP,Centreville,MD,39.041780,-76.066330,3.259000,gazetteer
70921,QUARLES #4424,Clinton,MD,38.765110,-76.898310,3.899000,gazetteer
69575,LOVES TRAVEL STOP #537,Cumberland,MD,39.652870,-78.762520,4.249000,gazetteer
70912,QUARLES #4411,Curtis Bay,MD,39.226770,-76.588020,3.499000,gazetteer
70918,QUARLES #4417,Curtis Bay,MD,39.226770,-76.588020,3.499000,gazetteer
66821,DENTON GOOSE CREEK,Denton,MD,38.884560,-75.827160,3.259000,gazetteer
72237,ROYAL FARMS #135,Denton,MD,38.884560,-75.827160,3.339000,gazetteer
52346,QUARLES #4436,Dundalk,MD,39.250660,-76.520520,3.699000,gazetteer
72281,SUNOCO,Edgewood,MD,39.418720,-76.294400,3.299000,gazetteer
71014,Global,Elkridge,MD,39.212610,-76.713580,3.099000,gazetteer
70907,QUARLES #4404,Elkridge,MD,39.212610,-76.713580,3.499000,gazetteer
6655,BP DBA TA ELKTON TRAVEL CENTER,Elkton,MD,39.606780,-75.833270,4.969000,gazetteer
5236,FLYING J #875,Elkton,MD,39.606780,-75.833270,4.199000,gazetteer
72440,Rutters #84,Emmitsburg,MD,39.704540,-77.326930,3.915667,gazetteer
70934,QUARLES #4509,Frederick,MD,39.414270,-77.410540,3.599000,gazetteer
70935,QUARLES #4511,Frederick,MD,39.414270,-77.410540,3.599000,gazetteer
71837,RUTTERS #86,Frederick,MD,39.414270,-77.410540,3.899000,gazetteer
70923,QUARLES #4426,Gaithersburg,MD,39.143440,-77.201370,3.759000,gazetteer
70920,QUARLES #4423,Glen Burnie,MD,39.162610,-76.624690,3.699000,gazetteer
256,BFS FOODS #66,Grantsville,MD,39.695080,-79.151140,3.899000,gazetteer
62701,PILOT TRAVEL CENTERS #408,Grantsville,MD,39.695080,-79.151140,4.259000,gazetteer
65064,A C AND T SHARPSBURG PIKE,Hagerstown,MD,39.641760,-77.719990,3.799000,gazetteer
69572,AC & T GARLAND GROH,Hagerstown,MD,39.641760,-77.719990,3.559000,gazetteer
6577,AC & T TRAVEL CENTER,Hagerstown,MD,39.641760,-77.719990,3.659000,gazetteer
69927,LOVES TRAVEL STOP #682,Hagerstown,MD,39.641760,-77.719990,3.949000,gazetteer
63774,PILOT TRAVEL CENTERS #150,Hagerstown,MD,39.641760,-77.719990,3.959000,gazetteer
67082,PILOT TRAVEL CENTERS #179,Hagerstown,MD,39.641760,-77.719990,3.959000,gazetteer
70931,QUARLES #4505,Hagerstown,MD,39.641760,-77.719990,3.899000,gazetteer
5492,BFS FOODS #68,Hancock,MD,39.698980,-78.179730,4.129000,gazetteer
72240,ROYAL FARMS #191,Hunt Valley,MD,39.499830,-76.641080,4.199000,gazetteer
65066,HURLOCK CITGO,Hurlock,MD,38.624280,-75.854380,3.259000,gazetteer
70922,QUARLES #4425,Hyattsville,MD,38.955940,-76.945530,3.899000,gazetteer
70928,QUARLES #4435,Jessup,MD,39.149270,-76.775250,3.499000,gazetteer
5721,TA BALTIMORE SOUTH TRAVEL CENTER,Jessup,MD,39.149270,-76.775250,4.599000,gazetteer
61019,MARDELA GOOSE CREEK FOOD STORE,Mardela Springs,MD,38.459839,-75.759099,3.979000,nominatim
68043,CARROLL MOTOR FUELS,Middle River,MD,39.334270,-76.439410,3.139000,gazetteer
6607,TRANSIT TRUCK STOP,Millersville,MD,39.059554,-76.648022,3.465667,nominatim
65067,SUNOCO,Newburg,MD,38.377348,-76.953305,3.379000,nominatim
69194,CHESAPEAKE HOUSE SUNOCO,North East,MD,39.600110,-75.941330,3.832333,gazetteer
52466,FLYING J TRAVEL PLAZA #784,North East,MD,39.600110,-75.941330,4.199000,gazetteer
72242,ROYAL FARMS #311,Nottingham,MD,39.363996,-76.452184,3.269000,nominatim
1202,ONE9 #290,Perryville,MD,39.560110,-76.071340,3.599000,gazetteer
70913,QUARLES #4412,Rockville,MD,39.084000,-77.152760,3.759000,gazetteer
70917,QUARLES #4416,Salisbury,MD,38.360670,-75.599370,3.659000,gazetteer
2144,Mountain View Truck Stop,Thurmont,MD,39.623710,-77.410820,4.099000,gazetteer
72063,CIRCLE K #2655785,Upper Marlboro,MD,38.815950,-76.749690,3.999000,gazetteer
70908,QUARLES #4407,Upper Marlboro,MD,38.815950,-76.749690,3.899000,gazetteer
70894,QUARLES #4009,Waldorf,MD,38.624560,-76.939140,3.759000,gazetteer
70884,RUTTERS #75,Walkersville,MD,39.486210,-77.351930,3.932333,gazetteer
61021,WESTOVER GOOSE CREEK,Westover,MD,38.124011,-75.706317,3.259000,nominatim
60313,WHITE MARSH TRUCK STOP,White Marsh,MD,39.383720,-76.432180,3.369000,gazetteer
71972,BOWMAN,Williamsport,MD,39.600650,-77.820550,3.832333,gazetteer
65069,CIRCLE K #4707056,Auburn,ME,44.097850,-70.231170,3.899000,gazetteer
72957,IRVING,Augusta,ME,44.310620,-69.779490,3.899000,gazetteer
70304,Rusty Lantern,Augusta,ME,44.310620,-69.779490,3.887333,gazetteer
66243,CIRCLE K #4707000,Baileyville,ME,45.154952,-67.405013,3.899000,nominatim
7353,DYSARTS SERVICE,Bangor,ME,44.798840,-68.772650,3.799000,gazetteer
64534,CIRCLE K #4707045,Biddeford,ME,43.492580,-70.453380,3.957333,gazetteer
70625,BROWNVILLE IRVING,Brownville,ME,45.307000,-69.033370,3.932333,gazetteer
72006,CIRCLE K #4707123,Canaan,ME,44.761730,-69.561440,3.759000,gazetteer
70286,ROBINSONS IRVING,Corinna,ME,44.921170,-69.261710,3.932333,gazetteer
70284,ROBINSON CORINTH IRVING,Corinth,ME,45.003743,-69.023444,3.932333,nominatim
70285,IRVING MAINWAY,Dover Foxcroft,ME,45.183390,-69.226990,3.865667,fuzzy
66816,CIRCLE K #4707082,Fairfield,ME,44.588400,-69.598660,3.899000,gazetteer
9206,CIRCLE K #4707005,Farmington,ME,44.670620,-70.151170,3.899000,gazetteer
70322,INDIAN HILL IRVING,Greenville,ME,45.459490,-69.590610,3.865667,gazetteer
66252,CIRCLE K #4707023,Holden,ME,44.752850,-68.678920,3.732333,gazetteer
69324,CIRCLE K #4707006,Houlton,ME,46.126160,-67.840300,3.899000,gazetteer
7354,CIRCLE K #4707065,Kittery,ME,43.088140,-70.736160,3.899000,gazetteer
73055,CIRCLE K #4707124,Liberty,ME,44.389240,-69.302820,4.099000,gazetteer
67265,CIRCLE K #4707048,Lincoln,ME,45.362280,-68.505020,3.732333,gazetteer
65074,CIRCLE K #4707004,Medway,ME,45.608940,-68.530860,3.502333,gazetteer
9818,CIRCLE K #4707002,Newport,ME,44.835340,-69.273940,3.899000,gazetteer
65075,CIRCLE K #4707017,Portland,ME,43.657370,-70.258900,3.742333,gazetteer
67264,CIRCLE K #4707016,Princeton,ME,45.223410,-67.572220,3.882333,gazetteer
66625,EXIT 43 QUICK STOP,Richmond,ME,44.087300,-69.798930,3.765667,gazetteer
66248,CIRCLE K #4707046,Scarborough,ME,43.578140,-70.321720,3.909000,gazetteer
60316,CIRCLE K #4707001,Sherman,ME,45.871160,-68.417810,3.932333,gazetteer
67041,CIRCLE K #4707040,Skowhegan,ME,44.765060,-69.719220,3.725667,gazetteer
72373,Rusty Lantern,Turner,ME,44.256460,-70.256170,3.899000,gazetteer
72256,SHELL,Warren,ME,44.120360,-69.240050,3.999000,gazetteer
72374,Rusty Lantern,West Paris,ME,44.324230,-70.573950,3.965667,gazetteer
68093,MARATHON,Adrian,MI,41.897550,-84.037170,3.599000,gazetteer
72347,MARATHON,Albion,MI,42.243100,-84.753030,3.699000,gazetteer
64072,EZ MART #110,Alma,MI,43.378920,-84.659730,3.649000,gazetteer
52474,PILOT TRAVEL CENTERS #17,Battle Creek,MI,42.317300,-85.178160,3.959000,gazetteer
7337,TA BATTLE CREEK,Battle Creek,MI,42.317300,-85.178160,3.979000,gazetteer
61028,MARATHON,Bay City,MI,43.594470,-83.888860,3.199000,gazetteer
65121,BP TRAVEL CENTER AND TRUCK PLAZA,Belleville,MI,42.204760,-83.485210,4.199000,gazetteer
1866,PRI MART FUEL CENTER,Benton Harbor,MI,42.116710,-86.454190,3.499000,gazetteer
5691,Pilot Travel Center #666,Benton Harbor,MI,42.116710,-86.454190,3.059000,gazetteer
71826,KWIK TRIP #1183,Bessemer,MI,46.481340,-90.052950,3.139000,gazetteer
5700,BEACON & BRIDGE #18,Big Rapids,MI,43.698080,-85.483660,3.319000,gazetteer
70424,LOVES TRAVEL STOP #743,Bridgeport,MI,43.359470,-83.881640,3.279000,gazetteer
63500,SPEEDWAY #8723,Bridgeport,MI,43.359470,-83.881640,3.249000,gazetteer
105,TA SAGINAW I 75 TRAVEL CENTER,Bridgeport,MI,43.359470,-83.881640,3.269000,gazetteer
263,CASEYS #3956,Bridgman,MI,41.943100,-86.556970,3.559000,gazetteer
61038,SPEEDWAY #8753,Burton,MI,42.999470,-83.616340,3.089000,gazetteer
1855,EXIT 76 AUTO TRUCK PLAZA,Byron Center,MI,42.812250,-85.722810,3.499000,gazetteer
68072,FAMILY FARE #834 (DISCOUNT AVAILABLE),Byron Center,MI,42.812250,-85.722810,3.739000,gazetteer
10157,J AND H OIL,Byron Center,MI,42.812250,-85.722810,3.499000,gazetteer
65084,BEACON & BRIDGE #19,Cadillac,MI,44.251950,-85.401160,3.239000,gazetteer
70255,J&H FAMILY STORE #152,Cadillac,MI,44.251950,-85.401160,3.259000,gazetteer
71160,CIRCLE K #4706316,Caledonia,MI,42.789200,-85.516690,3.639000,gazetteer
61030,HAGGERTY JOY MOBIL,Canton,MI,42.308650,-83.482160,3.699000,gazetteer
70174,LOVES TRAVEL STOP #701,Capac,MI,43.012530,-82.927990,3.949000,gazetteer
69510,CLARK #3121,Caro,MI,43.490730,-83.398850,3.399000,gazetteer
65086,FRED MOORE BP,Casco,MI,42.752532,-82.671584,4.099000,nominatim
52363,SPEEDWAY #2376,Cedar Springs,MI,43.223360,-85.551420,3.899000,gazetteer
65088,Circle K #2746528,Champion,MI,46.513825,-87.963468,3.819000,nominatim
61032,MARATHON,Clare,MI,43.819470,-84.768630,3.289000,gazetteer
71694,J&H Family Store,Coopersville,MI,43.063910,-85.934770,3.499000,gazetteer
68458,SPEEDWAY #6278,Coopersville,MI,43.063910,-85.934770,3.499000,gazetteer
65092,BP,Dearborn,MI,42.322260,-83.176310,3.199000,gazetteer
65091,WYOMING FUEL PLAZA,Dearborn,MI,42.322260,-83.176310,3.599000,gazetteer
60324,FUEL MART OF AMERICA,Detroit,MI,42.331430,-83.045750,3.499000,gazetteer
66614,MARATHON,Detroit,MI,42.331430,-83.045750,3.699000,gazetteer
61034,MOTOR CITY TRUCK STOP,Detroit,MI,42.331430,-83.045750,3.499000,gazetteer
52348,SHELL,Detroit,MI,42.331430,-83.045750,3.699000,gazetteer
72251,SHELL,Detroit,MI,42.331430,-83.045750,3.699000,gazetteer
10161,SPEEDWAY #8740,Dewitt,MI,42.842260,-84.569150,3.599000,gazetteer
6173,PILOT TRAVEL CENTERS #21,Dexter,MI,42.338340,-83.889540,3.579000,gazetteer
52142,PILOT TRAVEL CENTERS #296,Dexter,MI,42.338340,-83.889540,3.499000,gazetteer
9808,TA ANN ARBOR TRAVEL CENTER,Dexter,MI,42.338340,-83.889540,3.499000,gazetteer
66314,PS FOOD MART #1042,Dundee,MI,41.957270,-83.659660,3.429000,gazetteer
68813,SPEEDWAY #8741,Eagle,MI,42.809901,-84.791054,3.789000,nominatim
70366,FAST STOP,Escanaba,MI,45.745250,-87.064580,3.399000,gazetteer
61037,HEARTLAND MOBIL,Fenton,MI,42.797810,-83.704950,3.849000,gazetteer
65848,Mobil,Flint,MI,43.012530,-83.687460,3.199000,gazetteer
60328,SPEEDWAY #8748,Flint,MI,43.012530,-83.687460,3.339000,gazetteer
70223,SPEEDWAY #8749,Flint,MI,43.012530,-83.687460,3.089000,gazetteer
69527,Exxon,Fowlerville,MI,42.660590,-84.073010,3.749000,gazetteer
62547,MARATHON,Gaylord,MI,45.027510,-84.674750,3.799000,gazetteer
65094,MARATHON,Gaylord,MI,45.027510,-84.674750,3.799000,gazetteer
68982,SHELL,Grand Blanc,MI,42.927530,-83.629950,3.799000,gazetteer
70038,SPEEDWAY #1830,Grand Haven,MI,43.063070,-86.228390,3.899000,gazetteer
66294,FLYING J TRAVEL PLAZA #667,Grand Ledge,MI,42.753370,-84.746380,3.959000,gazetteer
64116,GRAND LEDGE,Grand Ledge,MI,42.753370,-84.746380,3.789000,gazetteer
70708,LOVES TRAVEL STOP #785,Grand Ledge,MI,42.753370,-84.746380,3.949000,gazetteer
72970,PAC PRIDE,Grand Rapids,MI,42.963360,-85.668090,3.659000,gazetteer
68100,REFINED MARKETERS,Grand Rapids,MI,42.963360,-85.668090,3.739000,gazetteer
60329,CHARLIES COUNTRY CORNER,Grayling,MI,44.661400,-84.714750,3.799000,gazetteer
72611,Kwik Trip # 1722,Gwinn,MI,46.281060,-87.440970,3.819000,gazetteer
69362,HART MARATHON,Hart,MI,43.698340,-86.363970,3.449000,gazetteer
70345,LOVES TRAVEL STOP #742,Holland,MI,42.787520,-86.108930,4.089000,gazetteer
68892,OLIVE EXXON,Holland,MI,42.787520,-86.108930,3.799000,gazetteer
69565,PILOT #1021,Holland,MI,42.787520,-86.108930,3.999000,gazetteer
70409,SPEEDWAY #6512,Holland,MI,42.787520,-86.108930,3.899000,gazetteer
6526,TULIP CITY TRUCK STOP,Holland,MI,42.787520,-86.108930,3.739000,gazetteer
68095,ALEXS MARKET AND GRILL,Holly,MI,42.791970,-83.627730,4.699000,gazetteer
69128,BEACON & BRIDGE #34,Houghton Lake,MI,44.314740,-84.764750,3.399000,gazetteer
1773,M-46 AUTO TRUCK PLAZA,Howard City,MI,43.395580,-85.467820,3.099000,gazetteer
68895,J & H FAMILY STORE #103,Hudsonville,MI,42.870860,-85.865040,3.399000,gazetteer
66320,SPEEDWAY #8772,Imlay City,MI,43.024750,-83.077720,3.779000,gazetteer
62560,ONE9 #23,Ionia,MI,42.987250,-85.071120,3.439000,gazetteer
72677,KWIK TRIP #1256,Iron Mountain,MI,45.820230,-88.065960,3.279000,gazetteer
71794,KWIK TRIP #1174,Ironwood,MI,46.454670,-90.171010,3.139000,gazetteer
65974,BEACON & BRIDGE #13,Ithaca,MI,43.291700,-84.607500,3.649000,gazetteer
10168,Express Stop,Jackson,MI,42.245870,-84.401350,3.589000,gazetteer
71300,SPEEDWAY #1407,Jackson,MI,42.245870,-84.401350,3.549000,gazetteer
61042,CITGO,Kalamazoo,MI,42.291710,-85.587230,3.499000,gazetteer
1208,D AVENUE FUEL PLAZA,Kalamazoo,MI,42.291710,-85.587230,3.099000,gazetteer
71267,LOVES TRAVEL STOP #878,Kalamazoo,MI,42.291710,-85.587230,3.589000,gazetteer
66631,SPEEDWAY #3589,Lake Odessa,MI,42.784760,-85.138340,3.599000,gazetteer
69562,SPEEDWAY #8796,Lansing,MI,42.732530,-84.555530,3.699000,gazetteer
67307,CMS FUELING CENTER,Lapeer,MI,43.051420,-83.318830,3.899000,gazetteer
64082,SPEEDWAY #8797,Lennon,MI,42.984450,-83.930020,3.379000,gazetteer
64494,QUICK FUEL #1704,Lincoln Park,MI,42.250590,-83.178540,3.619000,gazetteer
64495,QUICK FUEL #1702,Livonia,MI,42.368370,-83.352710,3.799000,gazetteer
68893,J & H FAMILY STORE,Lowell,MI,42.933640,-85.341960,3.789000,gazetteer
66525,BP,Luna Pier,MI,41.806990,-83.442430,3.399000,gazetteer
60333,LAKESHORE BP,Manistique,MI,45.957750,-86.246250,3.499000,gazetteer
5730,SCOTTS QUICK STOP,Marlette,MI,43.326970,-83.080220,3.399000,gazetteer
72640,Kwik Trip # 1721,Marquette,MI,46.543540,-87.395420,3.819000,gazetteer
5830,115 TRUCKSTOP #5001,Marshall,MI,42.272260,-84.963310,3.429000,gazetteer
4981,JOHNNYS MARKET,Marshall,MI,42.272260,-84.963310,3.499000,gazetteer
66892,LOVES TRAVEL STOP #336,Marshall,MI,42.272260,-84.963310,3.489000,gazetteer
65849,PS FOOD MART #1034,Marshall,MI,42.272260,-84.963310,3.429000,gazetteer
3964,SPEEDWAY #6604,Mattawan,MI,42.209480,-85.784450,3.489000,gazetteer
44228,I-69 TRUCKSTOP TRAVEL CENTER,Memphis,MI,42.896420,-82.768810,3.499000,gazetteer
60326,SUNRISE CONVENIENCE STORE #29,Memphis,MI,42.896420,-82.768810,3.499000,gazetteer
66451,EZ MART #304,Middleton,MI,42.985860,-84.144970,3.699000,fuzzy
70656,LOVES TRAVEL STOP #757,Milan,MI,42.085320,-83.682440,3.489000,gazetteer
70281,LOVES TRAVEL STOP #645,Monroe,MI,41.916430,-83.397710,3.239000,gazetteer
269,PILOT TRAVEL CENTERS #24,Monroe,MI,41.916430,-83.397710,3.249000,gazetteer
5739,PILOT TRAVEL CENTERS #284,Monroe,MI,41.916430,-83.397710,3.249000,gazetteer
4762,TA MONROE TRAVEL CENTER,Monroe,MI,41.916430,-83.397710,3.249000,gazetteer
52099,BEACON & BRIDGE #7,Mount Morris,MI,43.118640,-83.694960,3.379000,gazetteer
71149,KOUNTRY KORNER,Mount Pleasant,MI,43.597810,-84.767510,3.619000,gazetteer
69046,SPEEDWAY #6303,Muskegon,MI,43.234180,-86.248390,3.279000,gazetteer
3688,SPEEDWAY #2314,New Baltimore,MI,42.681140,-82.736860,3.559000,gazetteer
62550,Sunoco,New Boston,MI,42.162541,-83.402989,3.399000,nominatim
65108,PICKLEMANS ONE STOP-ZEPHYR,Newberry,MI,46.355000,-85.509560,3.699000,gazetteer
66512,MARATHON #1554,Newport,MI,42.002267,-83.308542,3.299000,nominatim
1873,JDS TRUCKSTOP,Niles,MI,41.829770,-86.254180,3.749000,gazetteer
64083,BIG DADDYS TRUCKSTOP,Ottawa Lake,MI,41.764152,-83.749387,3.499000,nominatim
63766,PILOT TRAVEL CENTERS #26,Ottawa Lake,MI,41.764152,-83.749387,3.579000,nominatim
64084,RPF OIL #92 PARMA TRAVEL CENTER,Parma,MI,42.258370,-84.599690,3.499000,gazetteer
1210,ROADHAWK TRAVEL CENTER,Paw Paw,MI,42.217820,-85.891120,3.559000,gazetteer
5754,ROAD TRIP OASIS PERRY,Perry,MI,42.826420,-84.219410,3.699000,gazetteer
7523,EXPRESS STOP FOOD STORE #4644,Pinconning,MI,43.853630,-83.964990,3.639000,gazetteer
5758,SPEEDY Q MARKET #8206,Port Huron,MI,42.970860,-82.424910,3.899000,gazetteer
6172,SPEEDWAY #2319,Portland,MI,42.869200,-84.903050,3.549000,gazetteer
61057,CIRCLE K #2746537,Rapid River,MI,45.926909,-86.967085,3.319000,nominatim
52541,PANTRY TRUCKSTOP,Rapid River,MI,45.926909,-86.967085,3.319000,nominatim
72101,EXXON,Redford,MI,42.383370,-83.296600,3.699000,gazetteer
70155,MARATHON,Redford,MI,42.383370,-83.296600,4.999000,gazetteer
65113,NORTHWIND TRAVEL CENTER,Reed City,MI,43.875020,-85.510050,3.499000,gazetteer
65083,SUNOCO,Riverview,MI,42.174210,-83.179370,3.639000,gazetteer
68894,ROCKFORD MOBIL MART,Rockford,MI,43.120030,-85.560030,3.299000,gazetteer
64085,MADCO TRUCK PLAZA,Romulus,MI,42.222260,-83.396600,3.399000,gazetteer
64496,QUICK FUEL #1703,Romulus,MI,42.222260,-83.396600,3.519000,gazetteer
73129,SHEETZ #837,Romulus,MI,42.222260,-83.396600,3.099000,gazetteer
71261,Una Travel Center,Roseville,MI,42.497260,-82.937140,3.899000,gazetteer
10172,EXPRESS STOP FOOD STORE #4647,Saginaw,MI,43.419470,-83.950810,3.399000,gazetteer
66405,FLYING J FUEL STOP #668,Saginaw,MI,43.419470,-83.950810,3.289000,gazetteer
70572,LOVES TRAVEL STOP #745,Saint Clair,MI,42.820870,-82.486020,3.949000,gazetteer
66507,ST IGNACE TRUCKSTOP,Saint Ignace,MI,45.866140,-84.727510,3.799000,gazetteer
66517,ADMIRAL PETROLEUM #5796,Sault Sainte Marie,MI,46.497673,-84.347658,3.799000,nominatim
66068,HOLIDAY STATIONSTORE #2746262,Sault Sainte Marie,MI,46.497673,-84.347658,3.799000,nominatim
5771,DUNES AUTO TRUCK PLAZA,Sawyer,MI,41.885321,-86.589467,3.499000,nominatim
7335,TA SAWYER TRAVEL CENTER,Sawyer,MI,41.885321,-86.589467,3.689000,nominatim
72926,Amoco,Scottville,MI,43.954730,-86.280080,3.359000,gazetteer
62559,EXPRESS FOOD DEPOT,Smiths Creek,MI,42.913919,-82.603808,3.629000,nominatim
68378,PILOT TRAVEL CENTERS #596,Smiths Creek,MI,42.913919,-82.603808,3.959000,nominatim
67846,CEDAR RIVER PLAZA,Stephenson,MI,45.415250,-87.607620,3.419000,gazetteer
73094,MARATHON,Taylor,MI,42.240870,-83.269650,3.499000,gazetteer
61063,PS Food Mart,Tekonsha,MI,42.093380,-84.985810,3.519000,gazetteer
60341,SNAPPY FOOD MART,Tekonsha,MI,42.093380,-84.985810,3.589000,gazetteer
7327,TA TEKONSHA,Tekonsha,MI,42.093380,-84.985810,3.589000,gazetteer
71050,GILL MART CORNER STORE,Three Rivers,MI,41.943940,-85.632490,3.699000,gazetteer
60342,True North #254,Traverse City,MI,44.763060,-85.620630,3.729000,gazetteer
7332,FLYING J #895,Trenton,MI,42.139490,-83.178260,3.249000,gazetteer
64120,HOLIDAY STATIONSTORE #2746185,Wakefield,MI,46.475230,-89.939890,3.139000,gazetteer
70440,MOUND MINI MART,Warren,MI,42.490440,-83.013040,3.699000,gazetteer
64498,QUICK FUEL #1705,Warren,MI,42.490440,-83.013040,3.749000,gazetteer
64087,SAHARA PETRO,Warren,MI,42.490440,-83.013040,3.699000,gazetteer
60344,DORR TRUCK STOP,Wayland,MI,42.673920,-85.644740,3.499000,gazetteer
69333,SPEEDWAY #3578,Wayland,MI,42.673920,-85.644740,3.499000,gazetteer
63676,CORNER EXPRESS,Wellston,MI,44.216951,-85.957853,3.499000,nominatim
66513,SUNRISE STORE,West Branch,MI,44.276410,-84.238610,3.199000,gazetteer
72560,AMOCO,White Pigeon,MI,41.798110,-85.643320,3.559000,gazetteer
68079,NORTH FORK TRUCK STOP,White Pigeon,MI,41.798110,-85.643320,3.559000,gazetteer
63616,SPEEDWAY #8876,Whitmore Lake,MI,42.439700,-83.745300,3.499000,gazetteer
63700,WIXOM FUEL STOP,Wixom,MI,42.524760,-83.536330,3.999000,gazetteer
65127,PITSTOP MOBIL MART,Wyoming,MI,42.913360,-85.705310,3.549000,gazetteer
67924,KUM & GO #0026,Adrian,MN,43.634970,-95.932800,3.190667,gazetteer
60347,KWIK TRIP #875,Albert Lea,MN,43.648010,-93.368270,3.324000,gazetteer
67030,LOVES TRAVEL STOP #337,Albert Lea,MN,43.648010,-93.368270,4.089000,gazetteer
7326,PETRO STOP #398,Albert Lea,MN,43.648010,-93.368270,4.099000,gazetteer
3707,SPEEDWAY #4704,Albert Lea,MN,43.648010,-93.368270,3.299000,gazetteer
5799,STAPLES OIL,Alden,MN,43.670230,-93.576050,3.299000,gazetteer
65129,HOLIDAY STATIONSTORE #2746345,Alexandria,MN,45.885240,-95.377540,3.499000,gazetteer
67414,PILOT TRAVEL CENTERS #590,Alexandria,MN,45.885240,-95.377540,3.465667,gazetteer
73063,HOLIDAY STATIONSTORE #2746223,Andover,MN,45.233300,-93.291340,3.499000,gazetteer
70608,KWIK TRIP #1017,Anoka,MN,45.197740,-93.387180,3.624000,gazetteer
71656,CASEYS #3268,Appleton,MN,45.196910,-96.019770,3.445667,gazetteer
1217,KWIK TRIP #250,Austin,MN,43.666630,-92.974640,3.374000,gazetteer
67271,KWIK TRIP #330,Belle Plaine,MN,44.622740,-93.768570,3.379000,gazetteer
65132,PETES PLACE SOUTH,Bemidji,MN,47.473560,-94.880280,3.415667,gazetteer
4171,PETRO SERVE USA #11,Bemidji,MN,47.473560,-94.880280,3.499000,gazetteer
67195,KWIK TRIP #646,Blue Earth,MN,43.637460,-94.102180,3.324000,gazetteer
70182,SHELL,Blue Earth,MN,43.637460,-94.102180,3.299000,gazetteer
69201,CASEYS #3654,Brainerd,MN,46.358020,-94.200830,3.445667,gazetteer
69881,KWIK TRIP #458,Buffalo,MN,45.171910,-93.874690,3.549000,gazetteer
67614,KWIK TRIP #622,Byron,MN,44.032740,-92.645460,3.574000,gazetteer
68861,KWIK TRIP #733,Caledonia,MN,43.634690,-91.496810,3.490667,gazetteer
71629,KWIK TRIP #1139,Cambridge,MN,45.572740,-93.224390,3.399000,gazetteer
71674,Kwik Trip #1177,Cambridge,MN,45.572740,-93.224390,3.424000,gazetteer
70043,KWIK TRIP #571,Carlton,MN,46.663830,-92.424910,3.319000,gazetteer
68950,KWIK TRIP #608,Chatfield,MN,43.845520,-92.189050,3.482333,gazetteer
68925,KWIK TRIP #874,Chisago City,MN,45.373580,-92.889940,3.327333,gazetteer
65142,HOLIDAY STATIONSTORE #2746376,Circle Pines,MN,45.148580,-93.151610,3.549000,gazetteer
65135,CIRCLE K #3819,Clara City,MN,44.954960,-95.366400,3.332333,gazetteer
6742,Holiday #3810,Clearwater,MN,45.419410,-94.048870,3.220667,gazetteer
70143,KWIK TRIP #104,Clearwater,MN,45.419410,-94.048870,3.277333,gazetteer
66856,Speedway #4800,Clearwater,MN,45.419410,-94.048870,3.199000,gazetteer
69296,KWIK TRIP #234,Cloquet,MN,46.721610,-92.459360,3.319000,gazetteer
64126,CASEYS #3471,Cohasset,MN,47.263560,-93.620220,3.449000,gazetteer
71827,KWIK TRIP #1188,Cokato,MN,45.075800,-94.189980,3.474000,gazetteer
71154,KWIK TRIP #489,DUNDAS,MN,44.429410,-93.201880,3.499000,gazetteer
5669,KWIK TRIP #497,Dakota,MN,43.913886,-91.359848,3.474000,nominatim
70644,KWIK TRIP #1031,Delano,MN,45.041910,-93.789130,3.524000,gazetteer
69570,CENEX CONVENIENCE,Detroit Lakes,MN,46.817180,-95.845330,3.499000,gazetteer
67311,HOLIDAY STATIONSTORE #2746409,Duluth,MN,46.783270,-92.106580,3.499000,gazetteer
65136,HOLIDAY STATIONSTORE #2746422,Duluth,MN,46.783270,-92.106580,3.499000,gazetteer
71829,KWIK TRIP #1043,Duluth,MN,46.783270,-92.106580,3.499000,gazetteer
70302,KWIK TRIP #117,Duluth,MN,46.783270,-92.106580,3.499000,gazetteer
69234,KWIK TRIP #220,Duluth,MN,46.783270,-92.106580,3.499000,gazetteer
69289,KWIK TRIP #224,Duluth,MN,46.783270,-92.106580,3.499000,gazetteer
69550,KWIK TRIP #273,Duluth,MN,46.783270,-92.106580,3.499000,gazetteer
70552,KWIK TRIP #941,Duluth,MN,46.783270,-92.106580,3.499000,gazetteer
69809,KWIK TRIP #162,Elk River,MN,45.303850,-93.567180,3.297333,gazetteer
69559,CASEYS #3424,Ellendale,MN,43.872740,-93.301320,3.499000,gazetteer
67056,Arco,Erskine,MN,47.666983,-96.009960,3.399000,nominatim
67196,KWIK TRIP #753,Eyota,MN,43.988300,-92.228500,3.615667,gazetteer
67186,KWIK TRIP #424,Fairmont,MN,43.652180,-94.461080,3.399000,gazetteer
2152,SPEEDWAY #4709,Fairmont,MN,43.652180,-94.461080,3.299000,gazetteer
71910,KWIK TRIP #793,Faribault,MN,44.294960,-93.268830,3.424000,gazetteer
5860,SPEEDWAY #4610,Faribault,MN,44.294960,-93.268830,3.759000,gazetteer
4582,BIG CHIEF TRUCK STOP,Fergus Falls,MN,46.283020,-96.077560,3.235667,gazetteer
61076,Holiday StationStore #2746408,Forest Lake,MN,45.278860,-92.985220,3.399000,gazetteer
71719,LOVES TRAVEL STOP #832,Forest Lake,MN,45.278860,-92.985220,3.362333,gazetteer
67716,HWY 19 SCALE,Gaylord,MN,44.553020,-94.220530,3.465667,gazetteer
70619,KWIK TRIP #1049,Glencoe,MN,44.769130,-94.151640,3.524000,gazetteer
60358,PETRO SERVE USA #54,Glyndon,MN,46.875240,-96.578960,3.449000,gazetteer
68319,HOLIDAY STATIONSTORE #2746484,Hastings,MN,44.743300,-92.852430,3.569000,gazetteer
68824,EXPRESSWAY,Heron Lake,MN,43.794960,-95.320280,3.299000,gazetteer
69546,KWIK TRIP #186,Hinckley,MN,46.011340,-92.944370,3.352333,gazetteer
71873,KWIK TRIP #1182,Hugo,MN,45.159970,-92.993270,3.377333,gazetteer
67626,KWIK TRIP #316,Hutchinson,MN,44.887740,-94.369710,3.279000,gazetteer
72222,RAINY LAKE OIL,International Falls,MN,48.601050,-93.410980,3.379000,gazetteer
7838,PILOT #581,Inver Grove Heights,MN,44.848020,-93.042720,3.579000,gazetteer
70352,KWIK TRIP #1019,Isanti,MN,45.490240,-93.247730,3.474000,gazetteer
71948,19 AND 75 FILLING STATION,Ivanhoe,MN,44.463300,-96.247260,3.394000,gazetteer
3794,SPEEDWAY #4701,Jackson,MN,43.620790,-94.988600,3.299000,gazetteer
70759,CASEYS #3832,Janesville,MN,44.116080,-93.708000,3.582333,gazetteer
65141,KWIK TRIP #619,Kasson,MN,44.029960,-92.750740,3.549000,gazetteer
71393,CASEYS #3303,Kimball,MN,45.312460,-94.300270,3.199000,gazetteer
67615,KWIK TRIP #844,Lake City,MN,44.449680,-92.268200,3.549000,gazetteer
71077,COMMUNITY CO OPS LAKE PARK,Lake Park,MN,46.886350,-96.094500,3.509000,gazetteer
1879,HOLIDAY STATIONSTORE #3552,Lakeville,MN,44.649690,-93.242720,3.549000,gazetteer
64091,Circle K 2746398,Little Falls,MN,45.976350,-94.362500,3.399000,gazetteer
68307,EXPRESSWAY LUVERNE,Luverne,MN,43.654140,-96.212810,3.239000,gazetteer
63776,KWIK TRIP #334,Mankato,MN,44.159060,-94.009150,3.549000,gazetteer
71566,Mankato Travel Center,Mankato,MN,44.159060,-94.009150,3.499000,gazetteer
5873,SOUTHERN VALLEY COOP,Mankato,MN,44.159060,-94.009150,3.499000,gazetteer
66608,CASEYS #2650,Melrose,MN,45.674690,-94.807520,3.179000,gazetteer
72797,KWIK TRIP #1215,Melrose,MN,45.674690,-94.807520,3.327333,gazetteer
70559,KWIK TRIP #1026,Milaca,MN,45.755800,-93.654410,3.369000,gazetteer
73021,Circle K #2746245,Minneapolis,MN,44.979970,-93.263840,3.599000,gazetteer
68116,Circle K #2746335,Minneapolis,MN,44.979970,-93.263840,3.799000,gazetteer
68831,KWIK TRIP #896,Minneapolis,MN,44.979970,-93.263840,3.599000,gazetteer
65978,KWIK TRIP #623,Minnesota City,MN,44.093852,-91.749596,3.399000,nominatim
69567,KWIK TRIP #166,Moose Lake,MN,46.454110,-92.761870,3.319000,gazetteer
70476,KWIK TRIP #1037,Mora,MN,45.876900,-93.293840,3.394000,gazetteer
4837,SHELL,Motley,MN,46.336630,-94.646120,3.399000,gazetteer
70745,CASEYS #3752,Mountain Lake,MN,43.938850,-94.929710,3.402333,gazetteer
71058,KWIK TRIP #1090,New Prague,MN,44.543300,-93.576070,3.349000,gazetteer
70279,KWIK TRIP #926,New Prague,MN,44.543300,-93.576070,3.290667,gazetteer
71340,KWIK TRIP #180,New Ulm,MN,44.312460,-94.460530,3.349000,gazetteer
61080,CO-OP SERVICE,New York Mills,MN,46.518020,-95.376150,3.499000,gazetteer
70629,KWIK TRIP #930,North Branch,MN,45.511350,-92.980220,3.402333,gazetteer
70649,KWIK TRIP #931,North Branch,MN,45.511350,-92.980220,3.427333,gazetteer
5310,FLYING J #576,Northfield,MN,44.458300,-93.161600,3.859000,gazetteer
67185,KWIK TRIP #385,Northfield,MN,44.458300,-93.161600,3.499000,gazetteer
71019,KWIK TRIP #489,Northfield,MN,44.458300,-93.161600,3.524000,gazetteer
69175,KWIK TRIP #854,Norwood Young America,MN,44.773570,-93.921630,3.674000,gazetteer
69605,CASEYS #3305,Ogilvie,MN,45.832183,-93.426342,3.371000,nominatim
70661,CASEYS #3238,Oronoco,MN,44.166080,-92.534910,3.515667,gazetteer
71144,CASEYS #3675,Ortonville,MN,45.304690,-96.444780,3.379000,gazetteer
63777,KWIK TRIP #403,Owatonna,MN,44.083850,-93.226040,3.499000,gazetteer
71372,Simonson Station,Park Rapids,MN,46.922180,-95.058630,3.599000,gazetteer
70163,KWIK TRIP #598,Paynesville,MN,45.380520,-94.711950,3.399000,gazetteer
3206,PERHAM OASIS,Perham,MN,46.594400,-95.572540,3.499000,gazetteer
1218,CASEYS #3658,Pillager,MN,46.326382,-94.474923,3.299000,nominatim
68107,SPEEDWAY #4500,Pine City,MN,45.826070,-92.968540,3.549000,gazetteer
70727,CASEYS #2998,Pipestone,MN,44.000530,-96.317530,3.449000,gazetteer
69504,KWIK TRIP #245,Plainview,MN,44.164970,-92.171560,3.624000,gazetteer
70344,KWIK TRIP #928,Princeton,MN,45.569970,-93.581630,3.399000,gazetteer
70743,CASEYS #3659,Randall,MN,46.091080,-94.503620,3.485667,gazetteer
67275,KWIK TRIP #481,Red Wing,MN,44.562470,-92.533800,3.324000,gazetteer
72687,Kwik Trip #1203,Redwood Falls,MN,44.539400,-95.116940,3.349000,gazetteer
70011,KWIK TRIP #279,Rochester,MN,44.021630,-92.469900,3.549000,gazetteer
67192,KWIK TRIP #464,Rochester,MN,44.021630,-92.469900,3.540667,gazetteer
70058,KWIK TRIP #590,Rochester,MN,44.021630,-92.469900,3.624000,gazetteer
68659,KWIK TRIP #659,Rochester,MN,44.021630,-92.469900,3.549000,gazetteer
4445,TA Rogers,Rogers,MN,45.188850,-93.553010,3.274000,gazetteer
68122,CENEX,Roseau,MN,48.846090,-95.762770,3.499000,gazetteer
5901,ROTHSAY TRUCK STOP,Rothsay,MN,46.473955,-96.280863,3.209000,nominatim
70307,KWIK TRIP #592,Rush City,MN,45.685510,-92.965490,3.377333,gazetteer
67193,KWIK TRIP #609,Rushford,MN,43.808300,-91.752930,3.499000,gazetteer
71198,LOVES TRAVEL STOP #844,Saint Charles,MN,43.969410,-92.064330,3.569000,gazetteer
5909,SINCLAIR,Saint Charles,MN,43.969410,-92.064330,3.529000,gazetteer
70780,CASEYS #3306,Saint Cloud,MN,45.560800,-94.162490,3.249000,gazetteer
69992,KWIK TRIP #120,Saint Cloud,MN,45.560800,-94.162490,3.277333,gazetteer
69797,KWIK TRIP #149,Saint Cloud,MN,45.560800,-94.162490,3.210667,gazetteer
69784,KWIK TRIP #158,Saint Cloud,MN,45.560800,-94.162490,3.277333,gazetteer
71608,Loves Travel Stop #842,Saint Cloud,MN,45.560800,-94.162490,3.290667,gazetteer
2167,PILOT TRAVEL CENTERS #134,Saint Cloud,MN,45.560800,-94.162490,3.287333,gazetteer
64124,Shell,Saint Cloud,MN,45.560800,-94.162490,3.362333,gazetteer
52307,CASEYS #3002,Saint James,MN,43.982460,-94.626920,3.219000,gazetteer
70168,KWIK TRIP #575,Saint Joseph,MN,45.564960,-94.318330,3.302333,gazetteer
63761,7Fleet #46589,Saint Michael,MN,45.209960,-93.664960,3.309000,gazetteer
67629,KWIK TRIP #681,Saint Michael,MN,45.209960,-93.664960,3.297333,gazetteer
71401,KWIK TRIP #1169,Saint Paul,MN,44.944410,-93.093270,3.515667,gazetteer
63778,KWIK TRIP #662,Saint Paul,MN,44.944410,-93.093270,3.629000,gazetteer
68112,QUICK FUEL #3138,Saint Paul,MN,44.944410,-93.093270,3.617333,gazetteer
71726,Kwik Trip #1152,Saint Peter,MN,44.323580,-93.958010,3.724000,gazetteer
5903,Circle K #2746447,Sauk Centre,MN,45.737470,-94.952520,3.189000,gazetteer
7323,TRUCKERS INN,Sauk Centre,MN,45.737470,-94.952520,3.225667,gazetteer
69825,KWIK TRIP #154,Sauk Rapids,MN,45.591910,-94.166100,3.302333,gazetteer
70720,SPEEDWAY #4453,Sauk Rapids,MN,45.591910,-94.166100,3.189000,gazetteer
71666,Circle K#2746513,Savage,MN,44.779130,-93.336340,3.799000,gazetteer
63376,Circle K #2746246,Shakopee,MN,44.798020,-93.526900,3.599000,gazetteer
5907,SPEEDWAY #4035,Shakopee,MN,44.798020,-93.526900,3.599000,gazetteer
67302,KUM & GO #0187,Sherburn,MN,43.652180,-94.726920,3.187333,gazetteer
70258,CASEYS #3677,Slayton,MN,43.987740,-95.755850,3.299000,gazetteer
70771,CASEYS #3545,Sleepy Eye,MN,44.297180,-94.724150,3.332333,gazetteer
69549,KWIK TRIP #178,South Saint Paul,MN,44.892740,-93.034940,3.607333,gazetteer
3545,STOCKMENS TRUCK PLAZA,South Saint Paul,MN,44.892740,-93.034940,3.499000,gazetteer
69211,KWIK TRIP #213,Stacy,MN,45.398020,-92.987440,3.377333,gazetteer
71342,CASEYS #3505,Stewart,MN,44.724680,-94.485820,3.369000,gazetteer
66093,KWIK TRIP #414,Stewartville,MN,43.855520,-92.488510,3.557333,gazetteer
70033,KWIK TRIP #111,Stillwater,MN,45.056360,-92.806040,3.540667,gazetteer
61090,Northdale Oil,Thief River Falls,MN,48.119140,-96.181150,3.239000,gazetteer
52393,CASEYS #3004,Truman,MN,43.827730,-94.437190,3.299000,gazetteer
69852,KWIK TRIP #141,Two Harbors,MN,47.022710,-91.670730,3.499000,gazetteer
71937,KWIK TRIP #1173,Waconia,MN,44.850800,-93.786910,3.607333,gazetteer
65153,7Fleet #46516,Waite Park,MN,45.557190,-94.224160,3.459000,gazetteer
72481,CASEYS #4323,Wanamingo,MN,44.304410,-92.790470,3.499000,gazetteer
64097,KWIK TRIP #937,Willmar,MN,45.121910,-95.043340,3.340667,gazetteer
71792,KWIK TRIP #1147,Windom,MN,43.866350,-95.116940,3.349000,gazetteer
6346,SPEEDWAY #4710,Windom,MN,43.866350,-95.116940,3.299000,gazetteer
64098,BLUE LINE TRAVEL CENTER,Worthington,MN,43.619960,-95.596400,3.165667,gazetteer
68913,CASEYS #3263,Worthington,MN,43.619960,-95.596400,3.142333,gazetteer
72505,CASEYS #4379,Worthington,MN,43.619960,-95.596400,3.142333,gazetteer
61093,CIRCLE K #2746501,Worthington,MN,43.619960,-95.596400,3.142333,gazetteer
70553,KWIK TRIP #1028,Worthington,MN,43.619960,-95.596400,3.165667,gazetteer
72676,KWIK TRIP #1212,Worthington,MN,43.619960,-95.596400,3.164000,gazetteer
67657,KWIK TRIP #463,Zumbrota,MN,44.294130,-92.669080,3.524000,gazetteer
769,AYERCO #26,Alexandria,MO,40.359489,-91.455432,3.015667,nominatim
72693,Kum & Go #2404,Aurora,MO,36.970890,-93.717980,3.119000,gazetteer
72531,PETRO-CARD 24 #910040,Aurora,MO,36.970890,-93.717980,3.209000,gazetteer
5942,EXPRESS MART TRUCK STOP,Barnhart,MO,38.344220,-90.393450,2.997333,gazetteer
71399,Loves Travel Stop #809,Bates City,MO,39.006310,-94.072340,3.220667,nominatim
4419,CASEYS #3081,Bethany,MO,40.268330,-94.028290,3.060667,gazetteer
68559,KUM & GO #0779,Bethany,MO,40.268330,-94.028290,2.955667,gazetteer
69477,LOVES TRAVEL STOP #621,Bevier,MO,39.746980,-92.564080,3.439000,gazetteer
61099,LOVES TRAVEL STOP #488,Bloomsdale,MO,38.009500,-90.217900,3.382333,gazetteer
4368,HOODS SERVICE CENTER,Bois D Arc,MO,37.256438,-93.507696,3.074000,nominatim
71771,BREAK TIME #3170,Bolivar,MO,37.614480,-93.410470,3.374000,gazetteer
66534,LOVES TRAVEL STOP #347,Boonville,MO,38.973640,-92.743240,3.509000,gazetteer
64755,PILOT TRAVEL CENTERS #44,Boonville,MO,38.973640,-92.743240,3.519000,gazetteer
1225,AYERCO #35,Bowling Green,MO,39.341990,-91.195140,3.015667,gazetteer
69788,LOVES TRAVEL STOP #612,Bridgeton,MO,38.767000,-90.411510,3.120667,gazetteer
64499,QUICK FUEL #2401,Bridgeton,MO,38.767000,-90.411510,3.094000,gazetteer
70739,CASEYS #2602,Brookfield,MO,39.784470,-93.073530,3.249000,gazetteer
69721,MFA,Brookfield,MO,39.784470,-93.073530,3.249000,gazetteer
71657,CASEYS #2855,Cabool,MO,37.123940,-92.101270,3.259000,gazetteer
6243,GARDEN INN TRAVEL PLAZA,Cabool,MO,37.123940,-92.101270,3.299000,gazetteer
72530,PETRO-CARD 24 #910140,California,MO,38.627530,-92.566580,3.459000,gazetteer
71618,Loves Travel Stop #837,Cameron,MO,39.740280,-94.241060,3.689000,gazetteer
5057,PHILLIPS 66,Cameron,MO,39.740280,-94.241060,3.099000,gazetteer
67434,SHELL FOOD MART,Cameron,MO,39.740280,-94.241060,2.990667,gazetteer
68383,AYERCO 32,Canton,MO,40.129500,-91.518520,3.015667,gazetteer
3030,Mr Ts Riverside,Cardwell,MO,36.047010,-90.292880,3.199000,gazetteer
60372,FLYING W CONVENIENCE STORE,Carthage,MO,37.176450,-94.310220,3.199000,gazetteer
70709,VP Racing Fuels,Center,MO,39.508100,-91.528770,3.165667,gazetteer
67427,CASEYS #2907,Charleston,MO,36.920890,-89.350630,3.044000,gazetteer
60373,FLYING J #571,Charleston,MO,36.920890,-89.350630,3.559000,gazetteer
6009,CASEYS #2652,Chillicothe,MO,39.795290,-93.552440,3.289000,gazetteer
69735,PETRO-CARD 24 #910200,Chillicothe,MO,39.795290,-93.552440,3.289000,gazetteer
72543,PETRO CARD 24,Clinton,MO,38.368630,-93.778270,3.399000,gazetteer
72537,PETRO-CARD 24 #910210,Clinton,MO,38.368630,-93.778270,3.399000,gazetteer
60374,PILOT TRAVEL CENTERS #385,Collins,MO,37.889359,-93.619894,3.495667,nominatim
61102,FAST LANE #54,Columbia,MO,38.951710,-92.334070,3.207333,gazetteer
5560,MIDWAY TRAVEL PLAZA,Columbia,MO,38.951710,-92.334070,3.539000,gazetteer
591,TA Concordia Travel Plaza,Concordia,MO,38.983350,-93.568550,3.225667,gazetteer
5132,Travel Centers of America,Cuba,MO,38.062820,-91.403480,3.265667,gazetteer
66738,TREX MART #9,Dearborn,MO,39.521940,-94.769960,2.999000,gazetteer
6033,EMERY'S,Deerfield,MO,37.838381,-94.507987,3.349000,nominatim
72622,Phillips 66,Dexter,MO,36.795890,-89.957870,3.402333,gazetteer
6736,EAGLEVILLE TRAVEL CENTER,Eagleville,MO,40.469166,-93.987174,2.935667,nominatim
68985,LOVES TRAVEL STOP #500,Eagleville,MO,40.469166,-93.987174,3.789000,nominatim
66382,STATELINE CONOCO,Eagleville,MO,40.469166,-93.987174,3.549000,nominatim
61106,TEMP STOP #102,Eldon,MO,38.348360,-92.581580,3.199000,gazetteer
68354,LEERJAK TRAVEL CENTER,Ellsinore,MO,36.934219,-90.746788,3.409000,nominatim
67651,SIMMONS,Ellsinore,MO,36.934219,-90.746788,3.424000,nominatim
6047,FAST LANE #26,Eolia,MO,39.235880,-91.008190,3.099000,gazetteer
64101,D DIAMOND TRAVEL PLAZA,Fair Grove,MO,37.383930,-93.151300,3.132333,gazetteer
71218,KUM & GO #1435,Fair Grove,MO,37.383930,-93.151300,3.155667,gazetteer
6562,PILOT #1323,Faucett,MO,39.600601,-94.801019,3.272333,nominatim
67039,ROAD RANGER #145,Fenton,MO,38.513110,-90.435950,3.359000,gazetteer
6502,SQUAW CREEK TRAVEL PLAZA,Forest City,MO,39.982497,-95.191920,3.339000,nominatim
52326,MR FUEL #715,Foristell,MO,38.815050,-90.955970,2.925667,gazetteer
6242,TA FORISTELL TRAVEL CENTER,Foristell,MO,38.815050,-90.955970,3.019000,gazetteer
68270,MPC #2,Fredericktown,MO,37.559780,-90.294010,2.990667,gazetteer
6087,BREAK TIME #3173,Fulton,MO,38.846710,-91.947960,3.299000,gazetteer
72630,PETRO-CARD 24 #910250,Fulton,MO,38.846710,-91.947960,3.299000,gazetteer
69727,PETRO-CARD 24 #910880,Gallatin,MO,39.914450,-93.962170,3.299000,gazetteer
72528,MFA #910260,Glasgow,MO,39.227250,-92.846580,3.396500,gazetteer
6165,TEMP STOP #117,Grain Valley,MO,39.015010,-94.198560,2.959000,gazetteer
71926,QUIKTRIP #186,Grandview,MO,38.885840,-94.533010,3.199000,gazetteer
70491,MFA OIL PETRO CARD 24,Hamilton,MO,39.743620,-93.998270,3.240667,gazetteer
67118,ABELS QUIK SHOP #20,Hannibal,MO,39.708380,-91.358480,3.065667,gazetteer
6068,AYERCO #24,Hannibal,MO,39.708380,-91.358480,3.099000,gazetteer
71595,Hucks Market #100,Hannibal,MO,39.708380,-91.358480,3.132333,gazetteer
70069,CASEYS #3486,Harrisonville,MO,38.653340,-94.348840,3.229000,gazetteer
69787,LOVES TRAVEL STOP #616,Harrisonville,MO,38.653340,-94.348840,3.429000,gazetteer
69940,SAPP BROS TRAVEL CENTER,Harrisonville,MO,38.653340,-94.348840,3.402333,gazetteer
63596,PILOT TRAVEL CENTERS #442,Hayti,MO,36.233680,-89.749530,3.255667,gazetteer
72199,MPC #99A,Hazelwood,MO,38.771440,-90.370950,3.059000,gazetteer
72701,Loves Travel Stop #887,Herculaneum,MO,38.268390,-90.380120,3.155667,gazetteer
10181,QUIKTRIP #611,Herculaneum,MO,38.268390,-90.380120,2.990667,gazetteer
63768,PILOT TRAVEL CENTERS #443,Higginsville,MO,39.072510,-93.717160,3.235667,gazetteer
6083,BP,Holt,MO,39.454039,-94.342930,3.049000,nominatim
65165,AMERIMART # 11,Jackson,MO,37.382270,-89.666210,3.299000,gazetteer
70014,PETRO-CARD 24 #919141,Jamestown,MO,38.765587,-92.480745,3.479000,nominatim
70209,PUMP N PETES #42,Jasper,MO,37.336160,-94.301340,3.199000,gazetteer
72738,BREAK TIME #3172,Jefferson City,MO,38.576700,-92.173520,3.335667,gazetteer
70719,FAST LANE #31,Jonesburg,MO,38.853380,-91.305990,3.299000,gazetteer
70706,BIG APPLE TRAVEL CENTER,Joplin,MO,37.084230,-94.513280,3.212333,gazetteer
68133,CASEYS #4256,Joplin,MO,37.084230,-94.513280,3.069000,gazetteer
68630,DOWNSTREAM Q STORE,Joplin,MO,37.084230,-94.513280,3.199000,gazetteer
52564,FLYING J TRAVEL PLAZA #669,Joplin,MO,37.084230,-94.513280,3.412333,gazetteer
70704,KUM & GO #0702,Joplin,MO,37.084230,-94.513280,3.009000,gazetteer
64481,LOVES TRAVEL STOP #282,Joplin,MO,37.084230,-94.513280,3.397333,gazetteer
52456,PILOT TRAVEL CENTERS #317,Joplin,MO,37.084230,-94.513280,3.412333,gazetteer
1670,Petro Stopping Center #54,Joplin,MO,37.084230,-94.513280,3.449000,gazetteer
70738,QUIKTRIP #7061,Joplin,MO,37.084230,-94.513280,3.022333,gazetteer
64106,RAPID ROBERTS #122,Joplin,MO,37.084230,-94.513280,2.899000,gazetteer
72497,ROAD RANGER #290,Joplin,MO,37.084230,-94.513280,3.212333,gazetteer
52531,FLYING J FUEL STOP #768,Kansas City,MO,39.099730,-94.578570,3.382333,gazetteer
61110,HB OF RANDOLPH,Kansas City,MO,39.099730,-94.578570,3.149000,gazetteer
71221,LOVES TRAVEL STOP #786,Kansas City,MO,39.099730,-94.578570,3.389000,gazetteer
63801,PILOT #1126,Kansas City,MO,39.099730,-94.578570,3.382333,gazetteer
64500,QUICK FUEL #2402,Kansas City,MO,39.099730,-94.578570,3.292333,gazetteer
68685,QUICK FUEL #2403,Kansas City,MO,39.099730,-94.578570,3.344000,gazetteer
70617,QUIKTRIP #224,Kansas City,MO,39.099730,-94.578570,3.099000,gazetteer
60382,WINDSTARS #5101,Kansas City,MO,39.099730,-94.578570,3.099000,gazetteer
61642,PILOT TRAVEL CENTERS #252,Kearney,MO,39.367780,-94.362170,3.699000,gazetteer
72526,PETRO-CARD 24 #911251,King City,MO,40.051380,-94.524120,3.299000,gazetteer
7299,GASPERS - FAST LANE,Kingdom City,MO,38.942722,-91.941715,2.959000,nominatim
9423,PETRO STOPPING CENTER #318,Kingdom City,MO,38.942722,-91.941715,3.057333,nominatim
64675,Petro Mart #45,Kingdom City,MO,38.942722,-91.941715,2.939000,nominatim
68596,FLASH MARKET SHELL,Koshkonong,MO,36.595895,-91.645699,3.499000,nominatim
72522,MFA #910591,La Plata,MO,40.023370,-92.491580,3.339000,gazetteer
60379,FAST LANE #50,Laddonia,MO,39.242540,-91.645440,3.157333,gazetteer
3284,CASEYS #4390,Lamar,MO,37.495050,-94.276610,3.199000,gazetteer
1234,Lamar Travel Plaza,Lamar,MO,37.495050,-94.276610,3.199000,gazetteer
60380,AMOCO,Lancaster,MO,40.520860,-92.527970,3.249000,gazetteer
61111,Caseys #4540,Lathrop,MO,39.548340,-94.329950,3.075667,gazetteer
7300,B AND D AUTO TRUCK PLAZA,Lebanon,MO,37.680600,-92.663790,3.099000,gazetteer
70135,KUM & GO #1455,Lebanon,MO,37.680600,-92.663790,3.092333,gazetteer
72521,PETRO-CARD 24 #910410,Lebanon,MO,37.680600,-92.663790,3.099000,gazetteer
72612,PETRO-CARD 24 #910411,Lebanon,MO,37.680600,-92.663790,3.099000,gazetteer
63773,QUIKTRIP #179,Liberty,MO,39.246110,-94.419120,2.999000,gazetteer
72540,MFA #910441,Louisiana,MO,39.448940,-91.051530,3.049000,gazetteer
67398,CASEYS #3998,Lowry City,MO,38.140030,-93.726880,3.249000,gazetteer
70733,CASEYS #1607,Macon,MO,39.742260,-92.472690,3.290667,gazetteer
68981,PETRO-CARD 24 #910450,Macon,MO,39.742260,-92.472690,3.239000,gazetteer
72606,PETRO-CARD 24 #910474,Malta Bend,MO,39.193388,-93.363073,3.439000,nominatim
65171,SIGNAL FOOD STORE #110,Mansfield,MO,37.106720,-92.580720,3.025667,gazetteer
5522,ONE9 #301,Marston,MO,36.518950,-89.612579,3.109000,nominatim
70074,CASEYS #3430,Maryville,MO,40.346100,-94.872470,3.137333,gazetteer
6296,GRAY TRUCK STOP,Maryville,MO,40.346100,-94.872470,3.265667,gazetteer
72625,PETRO-CARD 24,Maryville,MO,40.346100,-94.872470,3.129000,gazetteer
52514,FLYING J TRAVEL PLAZA #671,Matthews,MO,36.759220,-89.586750,3.239000,gazetteer
66313,LOVES TRAVEL STOP #313,Matthews,MO,36.759220,-89.586750,3.277333,gazetteer
71491,SPEEDWAY #1520,Matthews,MO,36.759220,-89.586750,3.189000,gazetteer
7293,TA Matthews Travel Center,Matthews,MO,36.759220,-89.586750,3.205667,gazetteer
72515,PETRO-CARD 24 #910520,Mexico,MO,39.169760,-91.882950,3.229000,gazetteer
72536,MFA 910281,Milan,MO,40.202240,-93.125210,3.299000,gazetteer
71957,B&M Quickstop,Mineral Point,MO,37.944772,-90.724296,3.699000,nominatim
61115,BREAK TIME #3071,Moberly,MO,39.418370,-92.438240,3.469000,gazetteer
71091,BREAK TIME #3163,Moberly,MO,39.418370,-92.438240,3.462333,gazetteer
3946,Fast Lane,Moberly,MO,39.418370,-92.438240,3.469000,gazetteer
72529,PETRO-CARD 24 #910530,Moberly,MO,39.418370,-92.438240,3.419000,gazetteer
5234,SINCLAIR,Monett,MO,36.928950,-93.927710,3.290667,gazetteer
71239,CASEYS #3926,Mound City,MO,40.131110,-95.231640,3.157333,gazetteer
72534,Petro-Card 24 #911290,Mound City,MO,40.131110,-95.231640,3.149000,gazetteer
5044,TA MOUNT VERNON TRAVEL CENTER,Mount Vernon,MO,37.103670,-93.818540,3.409000,gazetteer
72480,TA Mt Vernon,Mount Vernon,MO,37.103670,-93.818540,3.404000,gazetteer
64474,SIGNAL FOOD STORE #108,Mountain View,MO,36.995330,-91.703760,3.032333,gazetteer
72305,THE ANCHOR,Mountain View,MO,36.995330,-91.703760,3.032333,gazetteer
5249,Taylor's Stateline Travel Center,Neelyville,MO,36.561713,-90.506146,2.999000,nominatim
71255,Fuel N Treat,Nelson,MO,38.994692,-93.032498,3.284000,nominatim
67890,KUM & GO #0449,Neosho,MO,36.868960,-94.368000,3.055667,gazetteer
2864,KUM & GO #0493,Neosho,MO,36.868960,-94.368000,3.059000,gazetteer
69438,LOVES TRAVEL STOP #585,Neosho,MO,36.868960,-94.368000,3.397333,gazetteer
3148,YESWAY #1038,Neosho,MO,36.868960,-94.368000,3.059000,gazetteer
69731,PETRO-CARD 24 #910561,Nevada,MO,37.839210,-94.354670,3.349000,gazetteer
6167,PILOT TRAVEL CENTERS #167,Nevada,MO,37.839210,-94.354670,3.495667,gazetteer
60383,CASEYS #4399,New Florence,MO,38.910320,-91.448220,2.949000,gazetteer
70790,LOVES TRAVEL STOP #788,New Florence,MO,38.910320,-91.448220,3.122333,gazetteer
69877,LOVES TRAVEL STOP #669,New London,MO,39.585320,-91.400980,3.235667,gazetteer
52438,NEW MADRID,New Madrid,MO,36.586450,-89.527850,3.269000,gazetteer
71800,Stuckeys Travel Plaza,Newburg,MO,37.914208,-91.902661,2.972333,nominatim
5569,TA EXPRESS NORWOOD #0450,Norwood,MO,37.108390,-92.414890,3.449000,gazetteer
63379,Petro Stopping Center #460,Oak Grove,MO,39.005010,-94.129390,3.212333,gazetteer
52528,QUIKTRIP #150,Oak Grove,MO,39.005010,-94.129390,2.959000,gazetteer
7291,TA OAK GROVE TRAVEL CENTER,Oak Grove,MO,39.005010,-94.129390,3.222333,gazetteer
72629,MFA #910600,Owensville,MO,38.345600,-91.501550,3.299000,gazetteer
6188,SIGNAL FOOD STORE #112,Ozark,MO,37.020890,-93.206020,2.999000,gazetteer
67051,PILOT TRAVEL CENTERS #208,Pacific,MO,38.482000,-90.741520,3.324000,gazetteer
1236,AYERCO #44,Palmyra,MO,39.794210,-91.523210,3.015667,gazetteer
66031,WILCO FAST BREAK,Palmyra,MO,39.794210,-91.523210,3.119000,gazetteer
66635,C BARN,Park Hills,MO,37.854220,-90.518180,3.049000,gazetteer
52552,FLYING J TRAVEL PLAZA #672,Peculiar,MO,38.719180,-94.458560,3.422333,gazetteer
61118,MIDWEST PETROLEUM #21,Perryville,MO,37.724220,-89.861220,2.990667,gazetteer
66353,MOTOMART #3361,Perryville,MO,37.724220,-89.861220,2.989000,gazetteer
72608,Petro-Card 24 #910640,Perryville,MO,37.724220,-89.861220,3.099000,gazetteer
5024,I 55 MOTOR PLAZA,Pevely,MO,38.283390,-90.395120,2.990667,gazetteer
6212,MR FUEL,Pevely,MO,38.283390,-90.395120,3.015667,gazetteer
6222,QUIKTRIP #236,Platte City,MO,39.370280,-94.782460,2.999000,gazetteer
72325,TREX MART #17,Platte City,MO,39.370280,-94.782460,2.999000,gazetteer
66074,HEARTLAND XPRESS,Poplar Bluff,MO,36.757000,-90.392890,3.199000,gazetteer
72546,MFA OIL #2028,Poplar Bluff,MO,36.757000,-90.392890,3.232333,gazetteer
69913,ROSS FUEL CENTER,Poplar Bluff,MO,36.757000,-90.392890,3.490667,gazetteer
69751,MFA,Purdy,MO,36.817290,-93.920760,3.349000,gazetteer
69729,MFA OIL,Queen City,MO,40.409200,-92.567690,3.249000,gazetteer
72538,Petro-Card 24 #910670,Qulin,MO,36.595891,-90.247325,3.199000,nominatim
65177,KUM & GO #0497,Republic,MO,37.120050,-93.480190,3.079000,gazetteer
69915,PETES #16,Rich Hill,MO,38.096420,-94.361060,3.149000,gazetteer
6232,OASIS TRUCK STOP,Richland,MO,37.856980,-92.404340,3.324000,gazetteer
65178,WILD BILLS TRAVEL CENTER,Ridgedale,MO,36.503954,-93.223792,3.199000,nominatim
458,HAPPY HILLS GAS & COFFEE,Rock Port,MO,40.411110,-95.516930,3.399000,gazetteer
5050,ROCK PORT TRUCK PLAZA,Rock Port,MO,40.411110,-95.516930,3.099000,gazetteer
5131,TRAILS END TRUCK STOP,Rock Port,MO,40.411110,-95.516930,3.405667,gazetteer
68151,KUM & GO #0498,Rogersville,MO,37.117000,-93.055730,3.052333,gazetteer
66937,LOVES TRAVEL STOP #341,Rolla,MO,37.951430,-91.771270,3.300667,gazetteer
71647,QUIKTRIP #667,Rolla,MO,37.951430,-91.771270,2.982333,gazetteer
72197,MOTOMART #3369,Saint Charles,MO,38.783940,-90.481230,3.042333,gazetteer
71864,MPC #30,Saint James,MO,37.997260,-91.614320,2.985667,gazetteer
6258,CASEYS #6342,Saint Joseph,MO,39.768610,-94.846630,3.169000,gazetteer
68129,CULVERS HAWKINS,Saint Joseph,MO,39.768610,-94.846630,3.199000,gazetteer
9763,DELUXE TRUCK STOP,Saint Joseph,MO,39.768610,-94.846630,3.149000,gazetteer
66114,LOVES TRAVEL STOP #235,Saint Joseph,MO,39.768610,-94.846630,3.332333,gazetteer
3605,SPEEDYS #6,Saint Joseph,MO,39.768610,-94.846630,3.169000,gazetteer
68347,ENERGY EXPRESS TRAVEL CENTER,Saint Louis,MO,38.625406,-90.190009,2.909000,nominatim
69029,LOVES TRAVEL STOP #461,Saint Louis,MO,38.625406,-90.190009,3.114000,nominatim
65162,Petro Mart #15,Saint Louis,MO,38.625406,-90.190009,2.904000,nominatim
2231,QUIKTRIP #605,Saint Louis,MO,38.625406,-90.190009,2.899000,nominatim
72920,Circle K #4701686,Saint Peters,MO,38.800330,-90.626510,3.050667,gazetteer
6307,QUIKTRIP #608,Saint Peters,MO,38.800330,-90.626510,2.904000,gazetteer
66318,ROAD RANGER #242,Saint Robert,MO,37.828100,-92.177670,3.264000,gazetteer
72616,PETRO-CARD 24 #910700,Sainte Genevieve,MO,37.981440,-90.041780,3.099000,gazetteer
70076,PETRO-CARD 24 #910681,Salem,MO,37.645600,-91.535980,3.099000,gazetteer
72972,LOVES TRAVEL STOP #886,Sarcoxie,MO,37.069230,-94.116600,3.400667,gazetteer
65180,TREX MART #11,Savannah,MO,39.941660,-94.830250,2.999000,gazetteer
67312,RHODES 101 STOP #790,Scott City,MO,37.216720,-89.524530,3.424000,gazetteer
71371,BREAK TIME #3167,Sedalia,MO,38.704460,-93.228260,3.294000,gazetteer
69732,PETRO-CARD 24 #911043,Sedalia,MO,38.704460,-93.228260,3.249000,gazetteer
1240,TEMP STOP #103,Sedalia,MO,38.704460,-93.228260,3.199000,gazetteer
71256,SIGNAL FOOD STORE #120,Seymour,MO,37.146440,-92.768780,3.025667,gazetteer
72542,MFA #910731,Shelbina,MO,39.693930,-92.042950,2.999000,gazetteer
68420,SHELBINA Phillips 66,Shelbina,MO,39.693930,-92.042950,3.099000,gazetteer
4395,BREAK TIME #3147,Sikeston,MO,36.876720,-89.587860,3.499000,gazetteer
69668,LOVES TRAVEL STOP #643,Sikeston,MO,36.876720,-89.587860,3.549000,gazetteer
71933,RHODES CONVENIENCE STORES,Sikeston,MO,36.876720,-89.587860,3.350667,gazetteer
72621,PETRO-CARD 24 #1047,Slater,MO,39.218080,-93.069090,3.459000,gazetteer
69792,FLYING J #1061,Springfield,MO,37.215330,-93.298240,3.382333,gazetteer
72691,KUM & GO #2402,Springfield,MO,37.215330,-93.298240,3.175667,gazetteer
67138,Kum N Go #0561,Springfield,MO,37.215330,-93.298240,2.899000,gazetteer
64112,RAPID ROBERTS #123,Springfield,MO,37.215330,-93.298240,2.899000,gazetteer
66643,DEERFIELD TRAVEL CENTER,Steele,MO,36.083960,-89.829250,2.975667,gazetteer
71570,STEELE 66 TRUCK PLAZA,Steele,MO,36.083960,-89.829250,3.399000,gazetteer
67724,LOVES TRAVEL STOP #458,Strafford,MO,37.268380,-93.117130,3.372333,gazetteer
71444,One9 #1318,Strafford,MO,37.268380,-93.117130,2.985667,gazetteer
7289,TA STRAFFORD,Strafford,MO,37.268380,-93.117130,3.365667,gazetteer
72921,CIRCLE K #4701677,Sullivan,MO,38.208100,-91.160420,3.324000,gazetteer
52625,FLYING J TRAVEL PLAZA #673,Sullivan,MO,38.208100,-91.160420,3.324000,gazetteer
72541,MFA 911021,Tarkio,MO,40.440280,-95.377760,3.329000,gazetteer
6315,AYERCO #25,Taylor,MO,39.938101,-91.523766,3.015667,nominatim
5079,FASTLANE TAYLOR 63,Taylor,MO,39.938101,-91.523766,3.015667,nominatim
72514,Petro-Card 24 #910722,Trenton,MO,40.078900,-93.616610,3.149000,gazetteer
68738,CASEYS #2316,Unionville,MO,40.476960,-93.003260,3.214000,gazetteer
7718,MR FUEL #717,Villa Ridge,MO,38.472550,-90.886800,3.015667,gazetteer
70441,BREAK TIME #3165,Warrensburg,MO,38.762790,-93.736050,3.292333,gazetteer
72520,PETRO-CARD 24 #910160,Warrensburg,MO,38.762790,-93.736050,3.299000,gazetteer
7719,FLYING J TRAVEL PLAZA #674,Warrenton,MO,38.811440,-91.141540,3.115667,gazetteer
66968,FLYING J TRAVEL PLAZA #675,Wayland,MO,40.394490,-91.583210,3.305667,gazetteer
71219,KUM & GO #1568,Waynesville,MO,37.828650,-92.200720,3.099000,gazetteer
69626,CASEYS #2860,West Plains,MO,36.728120,-91.852370,3.419000,gazetteer
1247,SNAPPY MART #11,West Plains,MO,36.728120,-91.852370,3.299000,gazetteer
70583,LOVES TRAVEL STOP #783,Willow Springs,MO,36.992280,-91.969870,3.419000,gazetteer
72523,Petro-Card 24 #910820,Willow Springs,MO,36.992280,-91.969870,3.399000,gazetteer
72633,Petro-Card 24 #910830,Windsor,MO,38.532240,-93.522150,3.499000,gazetteer
5056,TREX MART #16,Winston,MO,39.870004,-94.139947,3.119000,nominatim
6356,CIRCLE K #2721536,Batesville,MS,34.311500,-89.944260,3.240667,gazetteer
10184,CIRCLE K #2721544,Batesville,MS,34.311500,-89.944260,3.309000,gazetteer
67321,LOVES TRAVEL STOP #388,Batesville,MS,34.311500,-89.944260,3.460667,gazetteer
1602,CIRCLE K #2723387,Beaumont,MS,31.169350,-88.920040,3.565667,gazetteer
5163,Blue Sky #733,Belden,MS,34.310383,-88.788389,2.939000,nominatim
66425,CLARK OIL #31,Biloxi,MS,30.396030,-88.885310,2.849000,gazetteer
63787,LOVES TRAVEL STOP #402,Biloxi,MS,30.396030,-88.885310,3.449000,gazetteer
72923,76,Brookhaven,MS,31.579060,-90.440650,3.149000,gazetteer
67806,84 QUICK STOP,Brookhaven,MS,31.579060,-90.440650,3.149000,gazetteer
67772,STEVES SHELL,Brookhaven,MS,31.579060,-90.440650,3.199000,gazetteer
67738,SUPER JACK TRUCK STOP,Brookhaven,MS,31.579060,-90.440650,3.115667,gazetteer
72162,Krazy K's,Buckatunna,MS,31.539050,-88.528920,3.149000,gazetteer
72100,Exxon,Byhalia,MS,34.872320,-89.690640,3.199000,gazetteer
65188,GAS MART,Byhalia,MS,34.872320,-89.690640,2.972333,gazetteer
72978,SHELL SERVICE STATION,Byhalia,MS,34.872320,-89.690640,3.099000,gazetteer
72578,QUIKTRIP #7247,Byram,MS,32.179320,-90.245370,2.915667,gazetteer
64482,LOVES TRAVEL STOP #208,Canton,MS,32.612640,-90.036750,3.489000,gazetteer
72559,SUN TRAVEL CENTER,Canton,MS,32.612640,-90.036750,3.499000,gazetteer
72433,RENFROE STORE,Carthage,MS,32.732640,-89.536180,4.099000,gazetteer
72863,Double Quick #92,Cleveland,MS,33.744000,-90.724820,3.182333,gazetteer
72077,COLDWATER TRAVEL CENTER,Coldwater,MS,32.714860,-89.214230,3.099000,gazetteer
65192,CIRCLE K #2723396,Collins,MS,31.645440,-89.555350,3.879000,gazetteer
65194,CIRCLE K #2723401,Columbia,MS,31.251840,-89.837580,3.332333,gazetteer
69263,LOVES TRAVEL STOP #564,Columbus,MS,33.495670,-88.427260,3.249000,gazetteer
67932,SPRINT MART #4144,Columbus,MS,33.495670,-88.427260,3.015667,gazetteer
71177,COMO TRAVEL CENTER,Como,MS,34.510660,-89.939810,3.079000,gazetteer
64132,45 TRUCKSTOP,Corinth,MS,34.934250,-88.522270,3.089000,gazetteer
1251,MAPCO #3009,Corinth,MS,34.934250,-88.522270,3.154000,gazetteer
52103,SPRINT MART #27,Corinth,MS,34.934250,-88.522270,3.055667,gazetteer
72115,FRIENDSHIP FOOD & FUEL,Ecru,MS,34.353160,-89.023120,3.799000,gazetteer
65197,SINGH PETRO,Ellisville,MS,31.604050,-89.195610,3.059000,gazetteer
72303,TEXACO #378602,Ellisville,MS,31.604050,-89.195610,3.199000,gazetteer
65198,CIRCLE K #2723437,Florence,MS,32.153480,-90.131200,2.895667,gazetteer
72184,MACS 33,Florence,MS,32.153480,-90.131200,2.899000,gazetteer
63620,LOVES TRAVEL STOP #420,Flowood,MS,32.309590,-90.138980,3.149000,gazetteer
72428,QUIKTRIP #7249,Flowood,MS,32.309590,-90.138980,2.915667,gazetteer
66183,CHEVRON CURB STORE,Forest,MS,32.364590,-89.474230,3.569000,gazetteer
1256,DOUBLE QUICK #89,Greenville,MS,33.408980,-91.059780,3.255667,gazetteer
69255,THE LANDING,Greenwood,MS,33.516230,-90.179530,3.199000,gazetteer
72200,Swift Mart,Grenada,MS,33.769000,-89.808420,3.365667,gazetteer
68148,CIRCLE K #2723389,Gulfport,MS,30.367420,-89.092820,2.944000,gazetteer
6401,CIRCLE K #2723457,Gulfport,MS,30.367420,-89.092820,2.989000,gazetteer
52403,FLYING J TRAVEL PLAZA #676,Gulfport,MS,30.367420,-89.092820,3.145667,gazetteer
69832,LOVES TRAVEL STOP #595,Gulfport,MS,30.367420,-89.092820,3.144000,gazetteer
72698,QUIKTRIP #7242,Gulfport,MS,30.367420,-89.092820,2.915667,gazetteer
72054,CHEVRON,Guntown,MS,34.443160,-88.659780,3.299000,gazetteer
5111,CIRCLE K #2723385,Hattiesburg,MS,31.327120,-89.290340,3.149000,gazetteer
52439,CIRCLE K #2723395,Hattiesburg,MS,31.327120,-89.290340,3.199000,gazetteer
1832,CORNER FUEL CENTER,Hattiesburg,MS,31.327120,-89.290340,3.299000,gazetteer
72083,DANDY DANS,Hattiesburg,MS,31.327120,-89.290340,3.065667,gazetteer
70251,Marathon,Hattiesburg,MS,31.327120,-89.290340,3.032333,gazetteer
4063,STUCKEY'S,Hattiesburg,MS,31.327120,-89.290340,2.999000,gazetteer
61145,TEXACO,Hattiesburg,MS,31.327120,-89.290340,3.199000,gazetteer
66787,TEXACO,Hattiesburg,MS,31.327120,-89.290340,3.065667,gazetteer
61146,STUCKEYS EXPRESS #619,Heidelberg,MS,31.886820,-88.983940,3.499000,gazetteer
71284,Loves Travel Stop #889,Holly Springs,MS,31.315730,-89.977860,3.315667,gazetteer
68179,WEST PAK A POK,Houston,MS,33.898450,-88.999230,3.399000,gazetteer
69187,LOVES TRAVEL STOP #559,Indianola,MS,33.450950,-90.655090,3.315667,gazetteer
63751,PETRO STOPPING CENTER #328,Jackson,MS,32.298760,-90.184810,3.109000,gazetteer
63600,PILOT TRAVEL CENTERS #77,Jackson,MS,32.298760,-90.184810,3.149000,gazetteer
66083,KANGAROO CROSSING,Kosciusko,MS,33.058000,-89.589560,3.199000,gazetteer
69817,LOVES TRAVEL STOP #639,Lake,MS,32.344360,-89.325993,3.162333,nominatim
61149,CEFCO #501,Lauderdale,MS,32.520694,-88.511705,2.899000,nominatim
6448,CIRCLE K #2723392,Laurel,MS,31.694050,-89.130610,2.952333,gazetteer
5064,CLARK OIL #44,Laurel,MS,31.694050,-89.130610,2.879000,gazetteer
6442,CLARK OIL #49,Laurel,MS,31.694050,-89.130610,2.999000,gazetteer
52667,EXPRESS LANE TRAVEL CENTER,Lawrence,MS,32.325144,-89.232839,3.299000,nominatim
69122,DOUBLE QUICK #61,Leland,MS,33.405390,-90.897600,3.299000,gazetteer
65935,MAIN ST JUNCTION,Louisville,MS,33.123740,-89.055060,3.099000,gazetteer
64139,4 MILE TRUCKSTOP,Lucedale,MS,30.925190,-88.590020,3.399000,gazetteer
72575,Loves Travel Stop #864,Lucedale,MS,30.925190,-88.590020,3.449000,gazetteer
66361,SHADY NOOK,Lyon,MS,34.217886,-90.542043,3.999000,nominatim
70443,GLUCKSTADT FLEETWAY,Madison,MS,32.461810,-90.115360,3.199000,gazetteer
70002,LOVES TRAVEL STOP #699,Magee,MS,31.873770,-89.733690,3.607333,gazetteer
65204,SHELL GAS MART,Mathiston,MS,33.540120,-89.124230,3.365667,gazetteer
72038,CHEVRON,McComb,MS,31.243790,-90.453150,3.282333,gazetteer
67255,LOVES TRAVEL STOP #393,Mccomb,MS,31.243790,-90.453150,3.239000,gazetteer
67757,KEITH'S SUPERSTORE,Meridian,MS,32.364310,-88.703660,3.049000,gazetteer
64558,MR FUEL #1203,Meridian,MS,32.364310,-88.703660,2.812333,gazetteer
66959,PILOT TRAVEL CENTERS #388,Meridian,MS,32.364310,-88.703660,2.979000,gazetteer
3349,QUEEN CITY TRUCK STOP,Meridian,MS,32.364310,-88.703660,2.939000,gazetteer
7314,TA MERIDIAN TRAVEL CENTER,Meridian,MS,32.364310,-88.703660,2.912333,gazetteer
68799,SHELL FOOD MART # 25,Morton,MS,32.353760,-89.654520,3.199000,gazetteer
68624,PILOT #586,Moss Point,MS,30.411590,-88.534460,3.459000,gazetteer
67763,SHELL,Mount Pleasant,MS,34.955926,-89.515912,3.399000,nominatim
10192,INTERSTATE STATION #8,Natchez,MS,31.560170,-91.403290,3.399000,gazetteer
68828,CIRCLE K #2721540,New Albany,MS,34.494270,-89.007840,3.759000,gazetteer
63627,PILOT TRAVEL CENTERS #174,New Albany,MS,34.494270,-89.007840,3.859000,gazetteer
68147,Regal Truck Stop,New Albany,MS,34.494270,-89.007840,3.249000,gazetteer
65213,CIRCLE K #2723390,New Augusta,MS,31.202630,-89.036680,3.199000,gazetteer
65212,Taters #2,New Augusta,MS,31.202630,-89.036680,3.315667,gazetteer
65214,NEWTON CROSSING,Newton,MS,32.321260,-89.163390,3.249000,gazetteer
67860,SHELL,Oakland,MS,34.055670,-89.916480,2.999000,gazetteer
216,CIRCLE K #2721593,Ocean Springs,MS,30.411310,-88.827810,3.415667,gazetteer
67872,SMOKIES,Okolona,MS,34.001780,-88.755330,3.099000,gazetteer
71970,BLUE BIRD 3 EXPRESS,Olive Branch,MS,34.961760,-89.829530,3.199000,gazetteer
63661,FLYING J TRAVEL PLAZA #677,Olive Branch,MS,34.961760,-89.829530,3.285667,gazetteer
72653,Quiktrip #7153,Olive Branch,MS,34.961760,-89.829530,2.915667,gazetteer
72226,REBEL GAS MART,Oxford,MS,34.366500,-89.519250,3.049000,gazetteer
68178,CIRCLE K #2723748,Pearl,MS,32.274590,-90.132030,3.389000,gazetteer
52513,FLYING J TRAVEL PLAZA #678,Pearl,MS,32.274590,-90.132030,3.149000,gazetteer
60392,Kangaroo Crossing #1107,Pelahatchie,MS,32.312920,-89.798410,3.199000,gazetteer
65216,STUCKEYS EXPRESS,Pelahatchie,MS,32.312920,-89.798410,3.199000,gazetteer
72757,Loves Travel Stop #860,Picayune,MS,30.525560,-89.677880,3.155667,gazetteer
9783,KANGAROO CROSSING #1101,Pickens,MS,32.883740,-89.971470,3.099000,gazetteer
69462,LOVES TRAVEL STOP #619,Poplarville,MS,30.840190,-89.534230,3.175667,gazetteer
72853,QUARLES #54520,Purvis,MS,31.143240,-89.409790,2.979000,gazetteer
1265,JOE JOES TRAVEL CENTER,Red Banks,MS,34.828152,-89.564525,2.972333,nominatim
72227,RED BANKS VALERO,Red Banks,MS,34.828152,-89.564525,2.999000,nominatim
6492,FLICKS,Richland,MS,32.239040,-90.158420,2.999000,gazetteer
73095,Quiktrip #7250,Richland,MS,32.239040,-90.158420,2.915667,gazetteer
52104,BLUE SKY #734,Saltillo,MS,34.376490,-88.681720,3.082333,gazetteer
71247,LOVES TRAVEL STOP #848,Sandersville,MS,31.786700,-89.034530,3.162333,gazetteer
72060,CHEVRON FOOD MART #20,Scooba,MS,32.828190,-88.476430,3.199000,gazetteer
71223,SCOOBA JUNCTION,Scooba,MS,32.828190,-88.476430,3.215667,gazetteer
66848,CIRCLE K #2723695,Senatobia,MS,34.617600,-89.968700,3.199000,gazetteer
52387,MARATHON,Senatobia,MS,34.617600,-89.968700,3.199000,gazetteer
72924,SHERMAN TRAVEL CENTER,Senatobia,MS,34.617600,-89.968700,3.029000,gazetteer
72261,SHELL,Shannon,MS,34.116220,-88.711720,3.199000,gazetteer
71680,Alexs Shelby Truck Stop,Shelby,MS,33.950940,-90.767880,3.199000,gazetteer
66822,WILD BILL'S,Sherman,MS,34.359270,-88.841170,2.919000,gazetteer
65221,CEFCO #544,Terry,MS,32.096260,-90.294260,2.899000,gazetteer
7310,AAA HOSPITALITY,Tillatoba,MS,33.985088,-89.896034,2.784000,nominatim
72619,MARTYVILLE MARATHON,Tishomingo,MS,34.636761,-88.231710,3.279000,nominatim
474,KEWANEE 1 STOP,Toomsuba,MS,32.418470,-88.506980,3.299000,gazetteer
66911,LOVES TRAVEL STOP #343,Toomsuba,MS,32.418470,-88.506980,3.009000,gazetteer
71953,ALEX'S TRUCK STOP,Tunica,MS,34.684550,-90.382880,3.299000,gazetteer
71634,76,Tupelo,MS,34.258070,-88.704640,3.149000,gazetteer
67322,LOVES TRAVEL STOP #398,Tupelo,MS,34.258070,-88.704640,3.882333,gazetteer
66767,SPRINT MART #49,Tupelo,MS,34.258070,-88.704640,2.992333,gazetteer
67832,Sprint Mart #45,Tupelo,MS,34.258070,-88.704640,3.189000,gazetteer
52313,CIRCLE K #2723445,Vicksburg,MS,32.352650,-90.877880,2.959000,gazetteer
70642,LOVES TRAVEL STOP #776,Vicksburg,MS,32.352650,-90.877880,3.549000,gazetteer
61168,Blue Sky #717,Walnut,MS,34.946200,-88.899780,3.099000,gazetteer
70710,LOVES TRAVEL STOP #799,Walnut,MS,34.946200,-88.899780,3.559000,gazetteer
65223,SHELL EXPRESS MART,Water Valley,MS,34.151500,-89.631470,3.065667,gazetteer
525,FASTBREAK,West Point,MS,33.607620,-88.650330,3.059000,gazetteer
69989,LOVES TRAVEL STOP #677,West Point,MS,33.607620,-88.650330,3.259000,gazetteer
61171,CHEVRON CURB STORE,Wiggins,MS,30.858240,-89.135330,3.499000,gazetteer
65225,CIRCLE K #2723402,Wiggins,MS,30.858240,-89.135330,3.509000,gazetteer
63694,PILOT TRAVEL CENTERS #261,Winona,MS,33.482070,-89.728140,3.499000,gazetteer
69188,PILOT TRAVEL CENTER #1013-TOWN PUMP,Belgrade,MT,45.776040,-111.176900,3.630667,gazetteer
72462,Story Belgrade Cardlock,Belgrade,MT,45.776040,-111.176900,3.699000,gazetteer
72607,TOWN PUMP FOOD STORE #6300,Big Timber,MT,45.834940,-109.955460,3.539000,gazetteer
62710,TOWN PUMP FOOD STORE #922,Big Timber,MT,45.834940,-109.955460,3.479000,gazetteer
73053,Circle K #2746108,Billings,MT,45.783290,-108.500690,3.579000,gazetteer
52106,FLYING J TRAVEL PLAZA #923 -TOWN PUMP,Billings,MT,45.783290,-108.500690,3.580667,gazetteer
66878,PILOT TRAVEL CENTER #915- TOWN PUMP,Billings,MT,45.783290,-108.500690,3.580667,gazetteer
4996,ZIP TRIP #54,Billings,MT,45.783290,-108.500690,3.590667,gazetteer
6518,TOWN PUMP FOOD STORE #310,Boulder,MT,46.236590,-112.120830,3.559000,gazetteer
1579,FLYING J TRAVEL PLAZA #924- TOWN PUMP,Butte,MT,46.003820,-112.534740,3.565667,gazetteer
52423,PILOT TRAVEL CENTER #908- TOWN PUMP,Butte,MT,46.003820,-112.534740,3.565667,gazetteer
61176,TOWN PUMP FOOD STORE #8947,Chinook,MT,48.590000,-109.231280,3.629000,gazetteer
67272,PILOT TRAVEL CENTER #922- TOWN PUMP,Columbia Falls,MT,48.372460,-114.181520,3.649000,gazetteer
3745,PILOT TRAVEL CENTER #906-TOWN PUMP,Columbus,MT,45.636610,-109.252110,3.580667,gazetteer
10047,TOWN PUMP FOOD STORE #8929,Conrad,MT,48.170250,-111.946130,3.599000,gazetteer
3888,Fics Plaza,Deer Lodge,MT,46.395760,-112.730040,3.519000,gazetteer
52529,BIG SKY TRUCK STOP,Dillon,MT,45.216310,-112.637520,3.689000,gazetteer
69960,PILOT CENTER #1014- TOWN PUMP,Glendive,MT,47.105290,-104.712460,3.419000,gazetteer
7721,TRAIL STAR TRUCK STOP,Glendive,MT,47.105290,-104.712460,3.459000,gazetteer
67621,FLYING J TRAVEL PLAZA #925- TOWN PUMP,Great Falls,MT,47.500240,-111.300810,3.635667,gazetteer
71482,LOVES TRAVEL STOP #789,Great Falls,MT,47.500240,-111.300810,3.772333,gazetteer
257,PILOT TRAVEL CENTER #917- TOWN PUMP,Great Falls,MT,47.500240,-111.300810,3.635667,gazetteer
69987,LOVES TRAVEL STOP #679,Hardin,MT,45.732480,-107.612030,3.704000,gazetteer
72867,Maverik #731,Helena,MT,46.592710,-112.036110,3.549000,gazetteer
7288,TA LAUREL,Laurel,MT,45.669120,-108.771530,3.612333,gazetteer
61182,TOWN PUMP FOOD STORE #3000,Lewistown,MT,47.062470,-109.428240,3.599000,gazetteer
60398,TOWN PUMP FOOD STORE #610,Livingston,MT,45.662440,-110.561040,3.644000,gazetteer
6567,YELLOWSTONE TRUCK SHOP,Livingston,MT,45.662440,-110.561040,3.649000,gazetteer
66877,PILOT TRAVEL CENTER #916- TOWN PUMP,Lolo,MT,46.758810,-114.080940,3.609000,gazetteer
69815,CENEX ZIP TRIP #75,Miles City,MT,46.408340,-105.840560,3.497333,gazetteer
52675,PILOT TRAVEL CENTER #907- TOWN PUMP,Miles City,MT,46.408340,-105.840560,3.499000,gazetteer
66323,PILOT TRAVEL CENTERS #905- TOWN PUMP,Milltown,MT,46.871295,-113.881719,3.609000,nominatim
67612,FLYING J TRAVEL PLAZA #914- TOWN PUMP,Missoula,MT,46.872150,-113.994000,3.609000,gazetteer
70580,LOVES TRAVEL STOP #753,Missoula,MT,46.872150,-113.994000,3.674000,gazetteer
7284,MURALTS TRUCK PLAZA,Missoula,MT,46.872150,-113.994000,3.609000,gazetteer
7286,TA MISSOULA,Missoula,MT,46.872150,-113.994000,3.699000,gazetteer
489,EDDIES CORNER,Moore,MT,46.975523,-109.696854,3.749000,nominatim
6527,ZIP TRIP #50,Park City,MT,45.632720,-108.917930,3.584000,gazetteer
60400,CAN AM C STORE,Plentywood,MT,48.774750,-104.562460,3.499000,gazetteer
6578,PILOT TRAVEL CENTER #909- TOWN PUMP,Shelby,MT,48.505260,-111.856970,3.635667,gazetteer
69176,FLYING J TRAVEL PLAZA #1015- TOWN PUMP,Sidney,MT,47.716680,-104.156330,3.384000,gazetteer
66420,PILOT TRAVEL CENTER #911,Superior,MT,47.191590,-114.891800,3.559000,gazetteer
4856,PILOT TRAVEL CENTER #910- TOWN PUMP,Three Forks,MT,45.892430,-111.552190,3.597333,gazetteer
6588,TOWN PUMP FOOD STORE #4300,Whitehall,MT,45.870760,-112.097490,3.659000,gazetteer
68541,DUCK THRU #3,Ahoskie,NC,36.286820,-76.984680,3.562333,gazetteer
70949,QUARLES #4805,Apex,NC,35.732650,-78.850290,3.999000,gazetteer
72230,REFUEL #1116,Apex,NC,35.732650,-78.850290,3.799000,gazetteer
67094,SPEEDWAY #7943,Asheboro,NC,35.707910,-79.813640,3.542333,gazetteer
69301,SPEEDWAY #6969,Belhaven,NC,35.540170,-76.622990,3.197333,gazetteer
65234,COUNTRY MART,Bethel,NC,35.807100,-77.378860,3.007333,gazetteer
72402,HAN DEE HUGOS #5,Bladenboro,NC,34.538780,-78.787520,3.205667,gazetteer
68936,AMOCO,Burgaw,NC,34.552110,-77.926100,3.599000,gazetteer
5254,TA CANDLER TRAVEL CENTER,Candler,NC,35.544436,-82.683803,3.799000,nominatim
66177,PILOT #6978,Candor,NC,35.295140,-79.745320,3.999000,gazetteer
6608,7-ELEVEN #35560,Charlotte,NC,35.227090,-80.843130,3.999000,gazetteer
66920,7-ELEVEN #35562,Charlotte,NC,35.227090,-80.843130,3.379000,gazetteer
3692,CHARLOTTE TRAVEL PLAZA,Charlotte,NC,35.227090,-80.843130,3.532333,gazetteer
70380,LOVES TRAVEL STOP #714,Charlotte,NC,35.227090,-80.843130,3.522333,gazetteer
2956,PILOT TRAVEL CENTERS #275,Charlotte,NC,35.227090,-80.843130,3.552333,gazetteer
64656,QUICK FUEL #2601,Charlotte,NC,35.227090,-80.843130,3.512333,gazetteer
64501,QUICK FUEL #2602,Charlotte,NC,35.227090,-80.843130,3.395667,gazetteer
71435,QUIKTRIP #1036,Charlotte,NC,35.227090,-80.843130,3.304000,gazetteer
71129,Queens Market,Charlotte,NC,35.227090,-80.843130,3.499000,gazetteer
67095,SPEEDWAY #8297,Chocowinity,NC,35.512660,-77.100510,3.132333,gazetteer
61195,MINUTEMAN FOOD MART #06,Clinton,NC,34.997950,-78.323330,3.649000,gazetteer
68332,CIRCLE K #2701526,Colfax,NC,36.112637,-80.014484,2.957333,nominatim
68642,EXXON SANDY RIDGE MART,Colfax,NC,36.112637,-80.014484,3.099000,nominatim
63512,SPEEDWAY #7929,Colfax,NC,36.112637,-80.014484,2.854000,nominatim
72091,DUCK THRU FOOD STORE #54,Columbia,NC,35.917660,-76.252150,3.523000,gazetteer
52608,PILOT #7971,Conover,NC,35.706520,-81.218690,3.699000,gazetteer
64155,SPEEDWAY #8228,Creedmoor,NC,36.122370,-78.686110,3.999000,gazetteer
4442,Minuteman Food Mart #58,Delco,NC,34.315724,-78.224721,3.507333,nominatim
69230,JOES KWIK MARTS #6013,Denver,NC,35.531250,-81.029800,3.189000,gazetteer
66261,CIRCLE K #2723123,Dunn,NC,35.306270,-78.608900,3.142333,gazetteer
1671,LOVES TRAVEL STOP #412,Dunn,NC,35.306270,-78.608900,3.699000,gazetteer
5227,PILOT TRAVEL CENTERS #900,Dunn,NC,35.306270,-78.608900,3.709000,gazetteer
64153,SPEEDWAY #6972,Durham,NC,35.994030,-78.898620,3.799000,gazetteer
65983,SPEEDWAY #6967,Edenton,NC,36.057940,-76.607720,3.287000,gazetteer
68361,DUCK THRU FOOD STORE #34,Elizabeth City,NC,36.294600,-76.251050,3.499000,gazetteer
67242,SPEEDWAY #6940,Elkin,NC,36.244300,-80.848400,2.859000,gazetteer
68311,SUN DO KWIK SHOP,Evergreen,NC,34.296002,-78.217777,3.159000,nominatim
69041,SPEEDWAY #7960,Farmville,NC,35.595440,-77.585250,2.899000,gazetteer
73056,CIRCLE K #2723033,Fayetteville,NC,35.052660,-78.878360,3.279000,gazetteer
70967,QUARLES #4823,Fayetteville,NC,35.052660,-78.878360,3.799000,gazetteer
67096,SPEEDWAY #6997,Fayetteville,NC,35.052660,-78.878360,3.395667,gazetteer
73090,Quiktrip #1148,Flat Rock,NC,35.271230,-82.441510,2.849000,gazetteer
71601,Circle K #2723479,Garner,NC,35.711260,-78.614170,3.369000,gazetteer
70954,QUARLES #4811,Garner,NC,35.711260,-78.614170,3.599000,gazetteer
71973,SHEETZ #703,Garner,NC,35.711260,-78.614170,2.859000,gazetteer
61205,SPEEDWAY #6961,Garner,NC,35.711260,-78.614170,2.920667,gazetteer
67248,SPEEDWAY #6962,Garner,NC,35.711260,-78.614170,2.920667,gazetteer
64156,SPEEDWAY #6985,Garner,NC,35.711260,-78.614170,3.499000,gazetteer
72908,QUIKTRIP #1042,Gastonia,NC,35.262080,-81.187300,3.264000,gazetteer
71136,CIRCLE K #2706788,Goldsboro,NC,35.384880,-77.992770,3.392333,gazetteer
65241,CIRCLE K #2723474,Goldsboro,NC,35.384880,-77.992770,3.540667,gazetteer
69319,SPEEDWAY #8190,Goldsboro,NC,35.384880,-77.992770,3.599000,gazetteer
72073,CIRCLE K #2723791,Graham,NC,36.069030,-79.400580,3.609000,gazetteer
69300,SPEEDWAY #8262,Grantsboro,NC,35.140440,-76.842440,3.440667,gazetteer
71619,7-ELEVEN # 41365,Greensboro,NC,36.072640,-79.791980,3.199000,gazetteer
67835,CIRCLE K #2723782,Greensboro,NC,36.072640,-79.791980,3.082333,gazetteer
70948,QUARLES #4804,Greensboro,NC,36.072640,-79.791980,3.649000,gazetteer
70969,QUARLES #4824,Greensboro,NC,36.072640,-79.791980,3.699000,gazetteer
61210,SHEETZ #548,Greensboro,NC,36.072640,-79.791980,2.859000,gazetteer
71836,DUCK THRU FOOD STORE #59,Greenville,NC,35.612660,-77.366350,3.499000,gazetteer
71981,SHEETZ #488,Greenville,NC,35.612660,-77.366350,2.899000,gazetteer
67727,SPEEDWAY #7907,Greenville,NC,35.612660,-77.366350,2.944000,gazetteer
67726,SPEEDWAY #7909,Greenville,NC,35.612660,-77.366350,3.132333,gazetteer
66529,7-ELEVEN #36076,Hamptonville,NC,36.098468,-80.760345,2.899000,nominatim
68606,SAMS MART #95,Harrisburg,NC,35.323950,-80.657840,3.799000,gazetteer
6628,FLYING J TRAVEL PLAZA #682,Haw River,NC,36.091530,-79.364190,3.942333,gazetteer
63498,PILOT #6955,Haw River,NC,36.091530,-79.364190,3.959000,gazetteer
66720,MOUNTAIN ENERGY #126,Hendersonville,NC,35.318730,-82.460950,2.845667,gazetteer
73112,SHEETZ #831,Hendersonville,NC,35.318730,-82.460950,2.859000,gazetteer
68900,DUCK THRU #41,Hertford,NC,36.190160,-76.466050,3.599000,gazetteer
72444,SHEETZ #597,Hickory,NC,35.733190,-81.341200,2.859000,gazetteer
66272,MOOSETRACKS #752,High Point,NC,35.955690,-80.005320,3.114000,gazetteer
70973,QUARLES #4826,High Point,NC,35.955690,-80.005320,3.665667,gazetteer
68929,SPEEDWAY #6953,High Point,NC,35.955690,-80.005320,3.529000,gazetteer
66564,SPEEDWAY #6954,High Point,NC,35.955690,-80.005320,3.049000,gazetteer
70784,CIRCLE K #2723046,Hope Mills,NC,34.970440,-78.945310,2.909000,gazetteer
72519,CIRCLE K #2723050,Hope Mills,NC,34.970440,-78.945310,2.909000,gazetteer
72975,SHEETZ #804,Hope Mills,NC,34.970440,-78.945310,2.859000,gazetteer
67246,SPEEDWAY #7941,Jacksonville,NC,34.754050,-77.430240,3.325667,gazetteer
67643,QUALITY MART #62,Jonesville,NC,36.239300,-80.844520,2.859000,gazetteer
3475,PILOT TRAVEL CENTERS #56,Kannapolis,NC,35.487360,-80.621730,3.499000,gazetteer
69955,QUIKTRIP #1044,Kannapolis,NC,35.487360,-80.621730,3.154000,gazetteer
20000,BIG BOYS TRUCK STOP,Kenly,NC,35.596270,-78.124160,3.299000,gazetteer
71161,CIRCLE K #2720931,Kenly,NC,35.596270,-78.124160,3.149000,gazetteer
66914,FLYING J TRAVEL PLAZA #683,Kenly,NC,35.596270,-78.124160,3.709000,gazetteer
5183,PETRO STOPPING CENTER #74,Kenly,NC,35.596270,-78.124160,3.709000,gazetteer
52441,PILOT #6990,Kenly,NC,35.596270,-78.124160,3.709000,gazetteer
70950,QUARLES #4807,Kernersville,NC,36.119860,-80.073650,3.199000,gazetteer
70976,QUARLES #4827,Kernersville,NC,36.119860,-80.073650,3.199000,gazetteer
68875,SHEETZ #512,Kernersville,NC,36.119860,-80.073650,2.844000,gazetteer
63734,CIRCLE K #2723472,Kinston,NC,35.262660,-77.581640,3.319000,gazetteer
67097,SPEEDWAY #8298,Kinston,NC,35.262660,-77.581640,3.353000,gazetteer
72190,Minuteman Food Mart #37,Leland,NC,34.256280,-78.044710,3.389000,gazetteer
67771,DUCK THRU FOOD STORE #26,Lewiston Woodville,NC,36.122930,-77.176630,3.399000,gazetteer
73064,7-ELEVEN #42315,Lexington,NC,35.824030,-80.253380,3.399000,gazetteer
66670,SPEEDWAY #7930,Lillington,NC,35.399330,-78.815850,3.759000,gazetteer
5780,BILLS TRUCKSTOP,Linwood,NC,35.750694,-80.317831,3.449000,nominatim
65246,DOBBS PLACE,Lumberton,NC,34.618340,-79.010450,3.159000,gazetteer
66229,LOVES TRAVEL STOP #308,Marion,NC,35.684010,-82.009270,3.739000,gazetteer
64477,PILOT #1063,Marion,NC,35.684010,-82.009270,3.759000,gazetteer
72278,SUN DO,Maxton,NC,34.735160,-79.348930,3.439000,gazetteer
64655,ONE9 #7937,Mc Leansville,NC,36.107360,-79.658640,3.399000,fuzzy
1304,LOVES TRAVEL STOP #667,Mebane,NC,36.095970,-79.266960,3.947333,gazetteer
63796,PETRO STOPPING CENTER #329,Mebane,NC,36.095970,-79.266960,3.999000,gazetteer
52633,PILOT TRAVEL CENTERS #57,Mebane,NC,36.095970,-79.266960,3.959000,gazetteer
67101,SPEEDWAY #7974,Midland,NC,35.227370,-80.500620,3.429000,gazetteer
6663,TA of Mocksville,Mocksville,NC,35.894030,-80.561450,3.699000,gazetteer
64163,FILL GOOD BP #15,Monroe,NC,34.985430,-80.549510,3.399000,gazetteer
65250,CIRCLE K #2723473,Morehead City,NC,34.722940,-76.726040,3.649000,gazetteer
71060,CIRCLE K #2701537,Mount Airy,NC,36.499300,-80.607290,2.859000,gazetteer
5529,FLYING J #549,Mount Airy,NC,36.499300,-80.607290,3.599000,gazetteer
72706,Sheetz #790,Mount Airy,NC,36.499300,-80.607290,2.859000,gazetteer
65251,SPEEDWAY #8277,New Bern,NC,35.108490,-77.044110,3.265667,gazetteer
69245,SPEEDWAY #7946,Newport,NC,34.786550,-76.859110,3.699000,gazetteer
70028,LOVES TRAVEL STOP #697,Newton,NC,35.669860,-81.221470,3.689000,gazetteer
65252,SPEEDWAY #6964,Oak City,NC,35.962597,-77.305235,3.197333,nominatim
71630,CIRCLE K #2701524,Pilot Mountain,NC,36.386530,-80.469500,3.429000,gazetteer
72092,DUCK THRU FOOD STORE #57,Pinetops,NC,35.788490,-77.637750,3.574000,gazetteer
52644,ONE9 #058,Pleasant Hill,NC,35.873470,-79.481690,3.399000,gazetteer
67092,SPEEDWAY #8288,Plymouth,NC,35.866830,-76.748560,3.207333,gazetteer
72210,CITGO,Princeton,NC,35.465990,-78.160550,3.699000,gazetteer
67091,SPEEDWAY #7903,Raeford,NC,34.981000,-79.224200,3.699000,gazetteer
72403,HAN DEE HUGOS #67,Raleigh,NC,35.772100,-78.638610,3.999000,gazetteer
70952,QUARLES #4810,Raleigh,NC,35.772100,-78.638610,3.709000,gazetteer
70965,QUARLES #4822,Raleigh,NC,35.772100,-78.638610,3.709000,gazetteer
70977,QUARLES #4828,Raleigh,NC,35.772100,-78.638610,3.709000,gazetteer
70978,QUARLES #4829,Raleigh,NC,35.772100,-78.638610,3.599000,gazetteer
70979,QUARLES #4830,Raleigh,NC,35.772100,-78.638610,3.719000,gazetteer
70341,LOVES TRAVEL STOP #741,Reidsville,NC,36.354860,-79.664470,3.999000,gazetteer
69064,DUCK THRU #7,Rich Square,NC,36.274040,-77.284410,3.699000,gazetteer
68835,SPEEDWAY #7954,Richlands,NC,34.899330,-77.546630,3.324000,gazetteer
72956,Handee Hugos #1,Riegelwood,NC,34.339890,-78.225280,3.497333,gazetteer
70984,QUARLES #4831,Rocky Mount,NC,35.938210,-77.790530,3.409000,gazetteer
67729,SPEEDWAY #6981,Rocky Mount,NC,35.938210,-77.790530,3.432333,gazetteer
68271,PHOENIX #308,Rocky Point,NC,34.435170,-77.887760,3.619000,gazetteer
67087,SPEEDWAY #8189,Rocky Point,NC,34.435170,-77.887760,3.605667,gazetteer
72968,LOVES TRAVEL STOP #883,Rural Hall,NC,36.240420,-80.293380,3.577333,gazetteer
64201,POCO SHOP #2,Saint Pauls,NC,34.806550,-78.971140,3.799000,gazetteer
71517,7-ELEVEN #41905,Salisbury,NC,35.670970,-80.474230,3.749000,gazetteer
7198,LOVES TRAVEL STOP #507,Salisbury,NC,35.670970,-80.474230,3.510667,gazetteer
52107,PILOT #7983,Salisbury,NC,35.670970,-80.474230,3.499000,gazetteer
73131,Sheetz #838,Salisbury,NC,35.670970,-80.474230,2.859000,gazetteer
7196,SALUDA TRUCK PLAZA,Saluda,NC,35.236230,-82.349280,3.099000,gazetteer
1315,CIRCLE K #2720218,Sanford,NC,35.479880,-79.180300,3.082333,gazetteer
70181,CIRCLE K #2723778,Sanford,NC,35.479880,-79.180300,3.049000,gazetteer
67841,CIRCLE K #2723844,Sanford,NC,35.479880,-79.180300,3.049000,gazetteer
69486,DUCK THRU FOOD STORE #42,Seaboard,NC,36.490150,-77.441360,3.299000,gazetteer
70963,QUARLES #4817,Selma,NC,35.536550,-78.284440,3.799000,gazetteer
64528,Raceway #7007,Shelby,NC,35.292350,-81.535650,3.249000,gazetteer
69037,CIRCLE K #2723192,Siler City,NC,35.723470,-79.462240,2.949000,gazetteer
71769,DUCK THRU FOOD STORE #60,Spring Hope,NC,35.945150,-78.111930,3.469000,gazetteer
72902,CIRCLE K #2704593,Spring Lake,NC,35.167940,-78.972810,3.079000,gazetteer
65868,7-ELEVEN #36073,Statesville,NC,35.782640,-80.887300,2.879000,gazetteer
71668,7-ELEVEN #41572,Statesville,NC,35.782640,-80.887300,2.859000,gazetteer
72114,Gas House,Statesville,NC,35.782640,-80.887300,3.424000,gazetteer
70220,LOVES TRAVEL STOP #497,Statesville,NC,35.782640,-80.887300,3.689000,gazetteer
69964,SHEETZ #621,Statesville,NC,35.782640,-80.887300,2.849000,gazetteer
72937,CIRCLE K #2723997,Stedman,NC,35.013500,-78.693910,3.399000,gazetteer
67754,Refuel #185,Stokesdale,NC,36.237080,-79.979480,3.699000,gazetteer
67820,CIRCLE K #2723487,Supply,NC,34.017672,-78.267499,3.289000,nominatim
67086,SPEEDWAY #7945,Swansboro,NC,34.687660,-77.119120,3.699000,gazetteer
72425,MINUTEMAN FOOD MART #18,Tar Heel,NC,34.733171,-78.790408,4.619000,nominatim
20003,PILOT #7976,Troutman,NC,35.700690,-80.888130,3.659000,gazetteer
61254,7-ELEVEN #36075,Union Grove,NC,36.024578,-80.866182,2.859000,nominatim
67728,SPEEDWAY #7905,Vanceboro,NC,35.308500,-77.154120,3.375667,gazetteer
64170,LUCKY 7,Wade,NC,35.162940,-78.736130,2.999000,gazetteer
68643,SHELL,Wade,NC,35.162940,-78.736130,3.199000,gazetteer
66763,SPEEDWAY #7998,Wadesboro,NC,34.968210,-80.076730,3.645667,gazetteer
66250,SPEEDWAY #6973,Wake Forest,NC,35.979870,-78.509720,2.949000,gazetteer
64171,CIRCLE K #2723130,Warsaw,NC,34.999330,-78.091100,2.875667,gazetteer
66176,PILOT #6996,Warsaw,NC,34.999330,-78.091100,3.472333,gazetteer
5667,PILOT TRAVEL CENTERS #393,Waynesville,NC,35.488710,-82.988750,3.759000,gazetteer
67782,SAMS MART #45,Waynesville,NC,35.488710,-82.988750,3.599000,gazetteer
68602,NEW DIXIE MART #19,Whitakers,NC,36.105430,-77.712750,3.339000,gazetteer
60416,MINUTEMAN FOOD MART #20,Whiteville,NC,34.338780,-78.703070,3.460667,gazetteer
9712,TA GREENSBORO TRAVEL CENTER,Whitsett,NC,36.071250,-79.564470,3.997333,gazetteer
69299,SPEEDWAY #7912,Wilkesboro,NC,36.145960,-81.160640,3.134000,gazetteer
67103,SPEEDWAY #8225,Williamston,NC,35.854600,-77.055510,3.849000,gazetteer
68524,Coastal Fuel,Wilmington,NC,34.235560,-77.946040,3.399000,gazetteer
70956,QUARLES #4813,Wilmington,NC,34.235560,-77.946040,3.779000,gazetteer
70959,QUARLES #4814,Wilmington,NC,34.235560,-77.946040,3.799000,gazetteer
70961,QUARLES #4815,Wilmington,NC,34.235560,-77.946040,3.799000,gazetteer
1325,SCOTCHMAN #3303,Wilmington,NC,34.235560,-77.946040,3.629000,gazetteer
65267,CIRCLE K #2720939,Wilson,NC,35.721270,-77.915540,3.049000,gazetteer
63388,CIRCLE K #2723471,Wilson,NC,35.721270,-77.915540,3.199000,gazetteer
66370,SPEEDWAY #6979,Wilson,NC,35.721270,-77.915540,3.129000,gazetteer
1326,SPEEDWAY #7949,Wilson,NC,35.721270,-77.915540,3.199000,gazetteer
72257,DUCK THRU #55,Windsor,NC,35.998490,-76.946060,3.239000,gazetteer
72400,HAN DEE HUGOS #21,Winnabow,NC,34.149337,-78.093605,3.412333,nominatim
72938,CIRCLE K #2723205,Winston Salem,NC,36.099860,-80.244220,3.520667,fuzzy
70985,QUARLES #4832,Winston Salem,NC,36.099860,-80.244220,3.572333,fuzzy
65268,SPEEDWAY #6931,Winston Salem,NC,36.099860,-80.244220,3.609000,fuzzy
66416,DUCK THRU FOOD STORE #18,Winton,NC,36.395710,-76.931900,3.562333,gazetteer
70986,QUARLES #4833,Youngsville,NC,36.024870,-78.474440,3.699000,gazetteer
69252,SPEEDWAY #6977,Youngsville,NC,36.024870,-78.474440,2.952333,gazetteer
68957,TA EXPRESS #6259,Alexander,ND,47.843076,-103.642698,3.525667,nominatim
4742,FLYING J TRAVEL PLAZA #684,Beach,ND,46.918070,-104.004370,3.965667,gazetteer
65270,INTERSTATE CENEX,Beach,ND,46.918070,-104.004370,3.499000,gazetteer
52585,SUPERPUMPER #22,Belfield,ND,46.885290,-103.199620,3.529000,gazetteer
52344,STAMART 1224,Bismarck,ND,46.808330,-100.783740,3.615667,gazetteer
67698,FRONTIER TRAVEL CENTER,Bowman,ND,46.183060,-103.394910,3.532333,gazetteer
72108,FARMERS UNION OIL OF CARPIO,Carpio,ND,48.442517,-101.714606,3.384000,nominatim
52603,CASEYS #3364,Carrington,ND,47.449720,-99.126220,3.439000,gazetteer
67701,MARATHON,Casselton,ND,46.900530,-97.211200,3.315667,gazetteer
72025,CENEX,Devils Lake,ND,48.112780,-98.865120,3.240667,gazetteer
61266,CENEX CONVENIENCE STORE,Devils Lake,ND,48.112780,-98.865120,3.249000,gazetteer
68741,COUNTY LINE TRUCK STOP,Dickinson,ND,46.879180,-102.789620,3.532333,gazetteer
4301,TIGER DISCOUNT TRUCKSTOP,Dickinson,ND,46.879180,-102.789620,3.515667,gazetteer
71481,Loves Travel Stop #843,Drayton,ND,48.571100,-97.177850,3.565667,gazetteer
6462,ARCO #471770,Dunseith,ND,48.813060,-100.060970,3.499000,gazetteer
2910,FLYING J TRAVEL PLAZA #685,Fargo,ND,46.877190,-96.789800,3.569000,gazetteer
67357,LOVES TRAVEL STOP #353,Fargo,ND,46.877190,-96.789800,3.525667,gazetteer
6716,MARATHON,Fargo,ND,46.877190,-96.789800,3.449000,gazetteer
52477,PETRO FARGO #361,Fargo,ND,46.877190,-96.789800,3.499000,gazetteer
6721,STAMART 1222,Fargo,ND,46.877190,-96.789800,3.385667,gazetteer
72028,CENEX,Fessenden,ND,47.649170,-99.629290,3.531000,gazetteer
61269,FLYING J #489,Grand Forks,ND,47.925260,-97.032850,3.615667,gazetteer
65273,SIMONSON TRAVEL CENTER,Grand Forks,ND,47.925260,-97.032850,3.539000,gazetteer
6725,TA EXPRESS GRAND FORKS #948,Grand Forks,ND,47.925260,-97.032850,3.539000,gazetteer
69021,SWEET CRUDE TRAVEL CENTER,Grassy Butte,ND,47.392514,-103.247966,3.640667,nominatim
73067,J STARR,Hankinson,ND,46.069680,-96.901750,3.499000,gazetteer
72031,CENEX HARWOOD,Harwood,ND,46.979410,-96.880640,3.359000,gazetteer
7189,S and R Truck Plaza,Jamestown,ND,46.910540,-98.708440,3.585667,gazetteer
2963,SUPERPUMPER #26,Jamestown,ND,46.910540,-98.708440,3.629000,gazetteer
20006,CENEX C STORE,Kenmare,ND,48.674750,-102.082660,3.467333,gazetteer
71564,GRAB N GO,Killdeer,ND,47.371960,-102.754080,3.549000,gazetteer
72620,CENEX,Leeds,ND,48.288888,-99.437635,3.249000,nominatim
5606,FLYING J #511,Mandan,ND,46.826660,-100.889580,3.952333,gazetteer
72476,Mandan Cardlock (Bulk Plant),Mandan,ND,46.826660,-100.889580,3.599000,gazetteer
6744,FLYING J #550,Minot,ND,48.232510,-101.296270,3.935667,gazetteer
6219,SCHATZ CROSSROADS,Minot,ND,48.232510,-101.296270,3.549000,gazetteer
68644,SUPERPUMPER #32,Minot,ND,48.232510,-101.296270,3.599000,gazetteer
70233,RUDS,New Salem,ND,46.845000,-101.411250,3.499000,gazetteer
69480,VAN HOOK TRAVEL CENTER,New Town,ND,47.980850,-102.490180,3.562333,gazetteer
70445,CASEYS #3514,Oakes,ND,46.138580,-98.090380,3.382333,gazetteer
478,GASTRAK OF PEMBINA,Pembina,ND,48.966380,-97.243680,3.299000,gazetteer
72026,CENEX,Richardton,ND,46.883900,-102.315730,3.509000,gazetteer
65274,CENEX C STORE,Rugby,ND,48.368890,-99.996250,3.399000,gazetteer
72024,CENEX,Stanley,ND,48.317240,-102.390450,3.582333,gazetteer
69079,Circle K #2746432,Stanley,ND,48.317240,-102.390450,3.549000,gazetteer
2929,TA EXPRESS STEELE,Steele,ND,46.854710,-99.915940,3.599000,gazetteer
56,TOPS TRUCK STOP,Sterling,ND,46.813878,-100.291500,3.515667,nominatim
72029,CENEX,Tioga,ND,48.397240,-102.938240,3.575667,gazetteer
7190,Tower Travel Center,Tower City,ND,46.922755,-97.673989,3.515667,nominatim
71170,LOVES TRAVEL STOP #849,Valley City,ND,46.923310,-98.003150,3.969000,gazetteer
61271,MARATHON,Valley City,ND,46.923310,-98.003150,3.499000,gazetteer
71257,FARMERS UNION SOUTHERN VALLEY,Wahpeton,ND,46.265240,-96.605910,3.499000,gazetteer
72948,CIRCLE K #2746514,Watford City,ND,47.802240,-103.283250,3.599000,gazetteer
65915,Marathon,West Fargo,ND,46.874970,-96.900360,3.029000,gazetteer
62753,PETRO SERVE USA,West Fargo,ND,46.874970,-96.900360,3.029000,gazetteer
69894,Circle K #2746446,Williston,ND,48.146970,-103.617970,4.042333,gazetteer
68663,LOVES TRAVEL STOP #474,Williston,ND,48.146970,-103.617970,3.519000,gazetteer
68656,TA Express Williston,Williston,ND,48.146970,-103.617970,3.447333,gazetteer
68062,FARMERS UNION OIL,Wilton,ND,47.158600,-100.783470,3.899000,gazetteer
7264,TA GRAND ISLAND WEST TRAVEL CENTER,Alda,NE,40.871120,-98.468120,3.169000,gazetteer
69800,MAVERIK COUNTRY STORE #502,Alliance,NE,42.101630,-102.872150,3.259000,gazetteer
442,WESTERN COOP,Alliance,NE,42.101630,-102.872150,3.324000,gazetteer
60420,PUMP & PANTRY #35,Alma,NE,40.097510,-99.362040,3.459000,gazetteer
70746,CASEYS #3085,Aurora,NE,40.867230,-98.004220,3.099000,gazetteer
66236,LOVES TRAVEL STOP #309,Aurora,NE,40.867230,-98.004220,3.289000,gazetteer
63738,U STOP 33,Beatrice,NE,40.268060,-96.746970,3.399000,gazetteer
69380,CASEYS #2967,Bennet,NE,40.680000,-96.506400,3.229000,gazetteer
20009,BIG SPRINGS TRUCK AND TRAVEL,Big Springs,NE,41.061381,-102.074349,3.074000,nominatim
7263,FLYING J #904,Big Springs,NE,41.061381,-102.074349,3.482333,nominatim
72675,Maverik Country Store #715,Big Springs,NE,41.061381,-102.074349,3.100667,nominatim
68868,PUMP & PANTRY #14,Broken Bow,NE,41.401950,-99.639280,3.299000,gazetteer
72329,TROTTERS,Broken Bow,NE,41.401950,-99.639280,3.299000,gazetteer
72360,PUMP & PANTRY #22,Burwell,NE,41.781670,-99.133150,3.299000,gazetteer
68869,PUMP & PANTRY #4,Cairo,NE,41.001120,-98.607570,3.327333,gazetteer
70792,ANEW TRAVEL CENTER,Cambridge,NE,40.281950,-100.165690,3.364000,gazetteer
66241,PUMP & PANTRY #29,Central City,NE,41.115850,-98.001720,3.337333,gazetteer
68073,BIG BATS 2,Chadron,NE,42.829420,-102.999910,3.699000,gazetteer
63583,CUBBYS #110,Columbus,NE,41.429730,-97.368380,3.179000,gazetteer
5579,SAPP BROS TRAVEL CENTER,Columbus,NE,41.429730,-97.368380,3.219000,gazetteer
63582,T BONE TRUCK STOP,Columbus,NE,41.429730,-97.368380,3.099000,gazetteer
67683,CASEYS #2734,Cozad,NE,40.859730,-99.987340,3.032333,gazetteer
72728,CASEYS #4304,Crete,NE,40.627780,-96.961420,3.457333,gazetteer
72362,PUMP & PANTRY #18,Doniphan,NE,40.771960,-98.369510,3.307333,gazetteer
71146,CASEYS #2968,Eagle,NE,40.816670,-96.430290,3.239000,gazetteer
68068,ELGIN ONE STOP,Elgin,NE,41.983340,-98.083680,3.137333,gazetteer
72740,Caseys #4303,Elm Creek,NE,40.719450,-99.372040,3.032333,gazetteer
6093,ONE9 #901,Elm Creek,NE,40.719450,-99.372040,2.965667,gazetteer
6097,SAPP BROS TRAVEL CENTER,Elm Creek,NE,40.719450,-99.372040,3.187333,gazetteer
68671,CASEYS #2969,Fairmont,NE,40.636950,-97.585330,3.282333,gazetteer
71787,PUMP & PANTRY #55,Falls City,NE,40.060840,-95.601930,3.239000,gazetteer
69701,PUMP & PANTRY #48,Fremont,NE,41.433330,-96.498080,3.319000,gazetteer
6693,SAPP BROS TRAVEL CENTER,Fremont,NE,41.433330,-96.498080,3.345667,gazetteer
72551,Good 2 Go,Geneva,NE,40.526950,-97.595880,3.365667,gazetteer
71662,PUMP & PANTRY #33,Genoa,NE,41.448620,-97.730610,3.289000,gazetteer
70782,CASEYS #3465,Gibbon,NE,40.748350,-98.844800,3.049000,gazetteer
71228,SHELL,Gibbon,NE,40.748350,-98.844800,3.299000,gazetteer
62768,PUMP & PANTRY #34,Gordon,NE,42.804720,-102.203220,3.449000,gazetteer
151,CUBBYS #2101,Gothenburg,NE,40.929450,-100.160680,3.132333,gazetteer
65914,CASEYS #2732,Grand Island,NE,40.925010,-98.342010,3.149000,gazetteer
72901,FATDOGS GRAND ISLAND TRAVEL CENTER,Grand Island,NE,40.925010,-98.342010,2.979000,gazetteer
7269,GRAND ISLAND TRAVEL CENTER,Grand Island,NE,40.925010,-98.342010,3.265667,gazetteer
72363,PUMP & PANTRY #1,Grand Island,NE,40.925010,-98.342010,3.307333,gazetteer
1333,PUMP & PANTRY #15,Grand Island,NE,40.925010,-98.342010,3.307333,gazetteer
68067,PUMP & PANTRY #2,Grand Island,NE,40.925010,-98.342010,3.307333,gazetteer
64172,CUBBYS #108,Greenwood,NE,40.962780,-96.441120,3.399000,gazetteer
71887,SHELL,Greenwood,NE,40.962780,-96.441120,3.399000,gazetteer
20012,FLYING J TRAVEL PLAZA #686,Gretna,NE,41.140830,-96.239740,3.282333,gazetteer
69840,KUM & GO #0370,Gretna,NE,41.140830,-96.239740,2.920667,gazetteer
6811,PUMP & PANTRY #24,Hastings,NE,40.586120,-98.388390,3.399000,gazetteer
65282,HEBRON SINCLAIR,Hebron,NE,40.166390,-97.585880,3.284000,gazetteer
52548,Henderson Fuel Mart,Henderson,NE,40.779730,-97.812270,2.899000,gazetteer
7265,Fast Stop Travel Centers #1151,Hershey,NE,41.158610,-101.002650,3.499000,gazetteer
66242,PUMP & PANTRY #23,Holdrege,NE,40.440290,-99.369820,3.449000,gazetteer
68915,PUMP & PANTRY #53,Jackson,NE,42.448296,-96.565531,3.412333,nominatim
65283,CUBBYS #2107,Laurel,NE,42.429440,-97.089770,3.139000,gazetteer
65284,Caseys #4526,Lexington,NE,40.780840,-99.741500,3.057333,gazetteer
72599,FATDOGS LEXINGTON,Lexington,NE,40.780840,-99.741500,2.979000,gazetteer
6845,NEBRASKALAND TIRE SHOP,Lexington,NE,40.780840,-99.741500,2.999000,gazetteer
70314,CASEYS #2721,Lincoln,NE,40.800000,-96.666960,3.336500,gazetteer
72909,FAT DOGS LINCOLN TC,Lincoln,NE,40.800000,-96.666960,3.099000,gazetteer
64173,SAPP BROS TRAVEL CENTER,Lincoln,NE,40.800000,-96.666960,3.365667,gazetteer
67391,SHOEMAKERS SHELL TRAVEL CENTER,Lincoln,NE,40.800000,-96.666960,3.349000,gazetteer
72615,U STOP #4,Lincoln,NE,40.800000,-96.666960,3.399000,gazetteer
72974,USTOP 34,Lincoln,NE,40.800000,-96.666960,3.499000,gazetteer
70265,Speedee Mart # 2875,Milford,NE,40.774450,-97.050590,3.432333,gazetteer
20011,CUBBYS #111,Norfolk,NE,42.028340,-97.417000,3.209000,gazetteer
69875,LOVES TRAVEL STOP #680,Norfolk,NE,42.028340,-97.417000,3.315667,gazetteer
6859,PRIME STOP,Norfolk,NE,42.028340,-97.417000,3.229000,gazetteer
71103,FAT DOGS NORTH PLATTE SOUTH,North Platte,NE,41.123890,-100.765420,3.074000,gazetteer
63391,FLYING J TRAVEL PLAZA #687,North Platte,NE,41.123890,-100.765420,3.449000,gazetteer
67284,LOVES TRAVEL STOP #390,North Platte,NE,41.123890,-100.765420,3.455667,gazetteer
72361,PUMP & PANTRY #39,North Platte,NE,41.123890,-100.765420,3.115667,gazetteer
69085,FATDOGS OGALLALA,Ogallala,NE,41.128050,-101.719620,3.014000,gazetteer
323,SAPP BROS TRAVEL CENTER,Ogallala,NE,41.128050,-101.719620,3.465667,gazetteer
7267,TA OGALLALA TRAVEL CENTER,Ogallala,NE,41.128050,-101.719620,3.465667,gazetteer
71200,LOVES TRAVEL STOP #730,Omaha,NE,41.256260,-95.940430,3.280667,gazetteer
70467,QUIKTRIP #598,Omaha,NE,41.256260,-95.940430,2.927333,gazetteer
7268,SAPP BROS TRAVEL CENTER,Omaha,NE,41.256260,-95.940430,3.280667,gazetteer
67792,CUBBYS #113,Oneill,NE,42.457780,-98.647590,3.225667,fuzzy
67734,TROTTER TRUCK PLAZA,Ord,NE,41.603340,-98.926200,3.299000,gazetteer
65287,AM ENERGY,Overton,NE,40.738620,-99.537610,2.899000,gazetteer
70016,CASEYS #2743,Palmyra,NE,40.704450,-96.387510,3.199000,gazetteer
70271,CASEYS #1160,Plainview,NE,42.349730,-97.792010,3.229000,gazetteer
65289,SHOEMAKERS SOUTH,Roca,NE,40.657321,-96.662314,3.349000,nominatim
67323,PUMP & PANTRY #13,Saint Paul,NE,41.214730,-98.458120,3.307333,gazetteer
70668,LOVES TRAVEL STOP #784,Schuyler,NE,41.447230,-97.059480,3.282333,gazetteer
65290,ESSENTIAL FUEL #3,Scottsbluff,NE,41.866630,-103.667170,3.599000,gazetteer
70870,ESSENTIAL FUELS,Scottsbluff,NE,41.866630,-103.667170,3.599000,gazetteer
70760,CASEYS #2730,Seward,NE,40.906950,-97.098920,3.369000,gazetteer
69611,CUBBYS #2104,Shelby,NE,41.192240,-97.425320,3.399000,gazetteer
69710,LOVES TRAVEL STOP #625,Sidney,NE,41.142760,-102.977980,3.472333,gazetteer
71983,MAVERIK COUNTRY STORE #702,Sidney,NE,41.142760,-102.977980,3.112333,gazetteer
599,Sapp Bros Travel Center,Sidney,NE,41.142760,-102.977980,3.500667,gazetteer
6037,CRYSTAL OIL,South Sioux City,NE,42.473880,-96.413640,3.549000,gazetteer
69715,CASEYS #2712,Superior,NE,40.020850,-98.070040,3.362333,gazetteer
65292,CUBBYS #117,Syracuse,NE,40.657220,-96.186400,3.319000,gazetteer
69886,LOVES TRAVEL STOP #676,Syracuse,NE,40.657220,-96.186400,3.444000,gazetteer
73017,U Stop #36,Tecumseh,NE,40.366670,-96.196120,3.399000,gazetteer
65293,TRAILS WEST SINCLAIR,Trenton,NE,40.175550,-101.012940,3.499000,gazetteer
6897,Speedee Mart #2890,Valentine,NE,42.872780,-100.550970,3.329000,gazetteer
69615,LOVES TRAVEL STOP #631,Valley,NE,41.312780,-96.346140,3.345667,gazetteer
68368,AKAL TRAVEL CENTER,Waco,NE,40.896956,-97.463383,2.799000,nominatim
71388,CASEYS #3850,Wahoo,NE,41.211390,-96.620300,3.174000,gazetteer
65294,PRIME STOP,Wayne,NE,42.230560,-97.017820,3.244000,gazetteer
67732,Quik Pik,West Point,NE,41.841670,-96.708640,3.215667,gazetteer
6901,PRIME STOP,Wisner,NE,41.987220,-96.914210,3.259000,gazetteer
9160,PILOT TRAVEL CENTERS #912,Wood River,NE,40.820570,-98.600070,3.282333,gazetteer
9747,GOOD TO GO TRAVEL CENTER,York,NE,40.868070,-97.592000,3.317333,gazetteer
52634,PETRO STOPPING CENTER #362,York,NE,40.868070,-97.592000,3.299000,gazetteer
7722,SAPP BROS TRAVEL CENTER,York,NE,40.868070,-97.592000,3.324000,gazetteer
68091,ALLTOWN MARKETS,Auburn,NH,43.004530,-71.348400,3.799000,gazetteer
70648,BARRINGTON APPLEGREEN,Barrington,NH,43.222860,-71.047010,3.899000,gazetteer
63680,ALLTOWN MARKETS-FLYING J #896,Bow,NH,43.133061,-71.549149,4.099000,nominatim
65296,CIRCLE K #4707214,Bow,NH,43.133061,-71.549149,4.199000,nominatim
67437,CANDIA FIRST STOP,Candia,NH,43.077860,-71.276730,3.899000,gazetteer
69524,CONCORD XTRAMART,Concord,NH,43.208140,-71.537570,3.659000,gazetteer
20014,SIMONS EXIT 16,Enfield,NH,43.640630,-72.143980,3.499000,gazetteer
66249,CIRCLE K #4707206,Epping,NH,43.033420,-71.074230,3.767333,gazetteer
65299,EPPING FUELING CENTER,Epping,NH,43.033420,-71.074230,4.029000,gazetteer
66255,CIRCLE K #4707217,Gorham,NH,44.387840,-71.173130,3.750667,gazetteer
3330,TA # 211 GREENLAND TRAVEL CENTER,Greenland,NH,43.036200,-70.832830,3.759000,gazetteer
70189,HUDSON IRVING 24,Hudson,NH,42.764810,-71.439790,3.799000,gazetteer
602,JIFFY MART EXIT 18 TRUCK STOP,Lebanon,NH,43.642290,-72.251760,3.599000,gazetteer
66607,7-ELEVEN #37392,Londonderry,NH,42.865090,-71.373950,3.799000,gazetteer
64167,NORTH LONDONDERRY SUNOCO,Londonderry,NH,42.865090,-71.373950,3.939000,gazetteer
60426,BONS BONS MOBIL,Merrimack,NH,42.865090,-71.493400,3.699000,gazetteer
66258,CIRCLE K #4707208,New Hampton,NH,43.605622,-71.655096,3.659000,nominatim
62774,MR MIKES MINI MART,Northwood,NH,43.194250,-71.150900,3.599000,gazetteer
6915,FLITE LINE SUNOCO,Portsmouth,NH,43.077040,-70.757660,3.695667,gazetteer
66905,CIRCLE K #4707212,Raymond,NH,43.036200,-71.183400,3.759000,gazetteer
70876,JIFFY MART,Walpole,NH,43.079520,-72.425920,3.685667,gazetteer
66902,CIRCLE K #4707239,Warner,NH,43.280948,-71.816426,3.932333,nominatim
61291,FLEMING OIL FOOD MART,West Chesterfield,NH,42.904248,-72.515645,3.899000,nominatim
69318,FUEL ONE,Avenel,NJ,40.580380,-74.285150,3.372333,gazetteer
60248,METRO,Avenel,NJ,40.580380,-74.285150,3.299000,gazetteer
9403,PILOT TRAVEL CENTERS #280,Bloomsbury,NJ,40.653990,-75.086560,3.809000,gazetteer
7234,TA BLOOMSBURY TRAVEL CENTER,Bloomsbury,NJ,40.653990,-75.086560,3.790667,gazetteer
1340,BORDENTOWN VALERO,Bordentown,NJ,40.146220,-74.711830,3.499000,gazetteer
52679,LOVES TRAVEL STOP #404,Bordentown,NJ,40.146220,-74.711830,3.979000,gazetteer
4881,PETRO STOPPING CENTER #14,Bordentown,NJ,40.146220,-74.711830,4.029000,gazetteer
71971,BOUND BROOK BP,Bound Brook,NJ,40.568440,-74.538490,3.249000,gazetteer
69954,Exxon,Budd Lake,NJ,40.871210,-74.734050,3.119000,gazetteer
68114,BP,Burlington,NJ,40.071220,-74.864890,3.145667,gazetteer
52461,FLORENCE VALERO,Burlington,NJ,40.071220,-74.864890,3.135667,gazetteer
61308,CARLSTADT VALERO,Carlstadt,NJ,40.840380,-74.090700,3.199000,gazetteer
68102,SUNOCO,Carlstadt,NJ,40.840380,-74.090700,3.162333,gazetteer
67428,CONOCO,Carteret,NJ,40.577330,-74.228200,3.499000,gazetteer
72424,MIDDLESEX FOOD STORE,Carteret,NJ,40.577330,-74.228200,3.515667,gazetteer
61301,SUNOCO- WALT WHITMAN PLAZA #7007,Cherry Hill,NJ,39.934840,-75.030730,3.899000,gazetteer
65319,PHILLIPS 66,Clementon,NJ,39.811500,-74.982940,3.199000,gazetteer
65863,VALERO,Clinton,NJ,40.636770,-74.909890,3.359000,gazetteer
35,ACI TRUCK STOP,Columbia,NJ,40.926208,-75.092676,3.079000,nominatim
52669,COLUMBIA TRUCK STOP,Columbia,NJ,40.926208,-75.092676,3.079000,nominatim
72195,MOBIL,Columbia,NJ,40.926208,-75.092676,3.079000,nominatim
7237,TA COLUMBIA TRAVEL CENTER,Columbia,NJ,40.926208,-75.092676,4.099000,nominatim
61304,A Plus MOLLY PITCHER PLAZA #7011,Cranbury,NJ,40.316220,-74.513760,3.909000,gazetteer
61305,BP,Cranbury,NJ,40.316220,-74.513760,3.145667,gazetteer
67918,DELAWARE TRUCK STOP,Delaware,NJ,40.892875,-75.064619,3.079000,nominatim
64181,SUNOCO- JOYCE KILMER PLAZA #7012,East Brunswick,NJ,40.427880,-74.415980,3.899000,gazetteer
65308,SUNOCO,East Rutherford,NJ,40.833990,-74.097090,3.192333,gazetteer
65310,Edison Fuel Stop,Edison,NJ,40.518720,-74.412100,3.159000,gazetteer
66131,SPEEDWAY #3446,Edison,NJ,40.518720,-74.412100,3.585667,gazetteer
52322,BOLLA MARKET,Elizabeth,NJ,40.663990,-74.210700,3.099000,gazetteer
67706,SPEEDWAY #3495,Elizabeth,NJ,40.663990,-74.210700,3.599000,gazetteer
68574,SPRING STREET SERVICE STATION,Elizabeth,NJ,40.663990,-74.210700,3.099000,gazetteer
60250,ELIZABETH TRUCK STOP,Elizabethport,NJ,40.650103,-74.187089,3.399000,nominatim
1342,Delta,Fairfield,NJ,40.883710,-74.305980,3.202333,gazetteer
61312,BLUE STAR,Flemington,NJ,40.512330,-74.859330,3.399000,gazetteer
73015,76,Franklinville,NJ,39.617902,-75.080834,3.169000,nominatim
66532,PETRO PLAZA,Hampton,NJ,40.707040,-74.956000,3.265667,gazetteer
7240,Pilot Travel Centers #190,Hampton,NJ,40.707040,-74.956000,3.809000,gazetteer
72163,KWIK FILL,Hillsborough,NJ,40.477600,-74.626820,3.399000,gazetteer
66113,7-ELEVEN #39467,Jersey City,NJ,40.728160,-74.077640,3.259000,gazetteer
72087,DELTA,Jersey City,NJ,40.728160,-74.077640,3.239000,gazetteer
66622,DUNCAN TRUCK STOP,Jersey City,NJ,40.728160,-74.077640,3.409000,gazetteer
61292,ENRITE,Jersey City,NJ,40.728160,-74.077640,3.349000,gazetteer
72533,Fuel 4,Jersey City,NJ,40.728160,-74.077640,3.239000,gazetteer
66099,NEW JERSEY TRUCK STOP DIESEL ONLY,Kearny,NJ,40.768430,-74.145420,3.759000,gazetteer
5285,TULLO TRUCK STOP,Kearny,NJ,40.768430,-74.145420,3.799000,gazetteer
70567,LEDGEWOOD BP,Ledgewood,NJ,40.881210,-74.655994,3.299000,nominatim
65320,PILOT #891,Ledgewood,NJ,40.881210,-74.655994,4.099000,nominatim
67774,7-ELEVEN #39329,Linden,NJ,40.622050,-74.244590,3.375667,gazetteer
60434,ENRITE,Linden,NJ,40.622050,-74.244590,3.342333,gazetteer
67707,SPEEDWAY #3503,Linden,NJ,40.622050,-74.244590,3.429000,gazetteer
5006,SUNOCO,Linden,NJ,40.622050,-74.244590,3.799000,gazetteer
9973,BOLLA MARKET,Mahwah,NJ,41.088710,-74.143760,3.532333,gazetteer
6954,BOLLA MARKET #198,Mahwah,NJ,41.088710,-74.143760,3.585667,gazetteer
1344,BOLLA TRUCK STOP #193,Mahwah,NJ,41.088710,-74.143760,3.532333,gazetteer
67085,PILOT TRAVEL CENTERS #210,Mahwah,NJ,41.088710,-74.143760,3.899000,gazetteer
66741,DEANS LANE VALERO,Monmouth Junction,NJ,40.379000,-74.546540,3.145667,gazetteer
67429,7-ELEVEN #40396,Monroe Township,NJ,40.335756,-74.433446,3.559000,nominatim
6963,Atlantis Fresh Market #553,Montague,NJ,41.303150,-74.793499,3.509000,nominatim
60256,BOLLA MARKET,Montague,NJ,41.303150,-74.793499,3.519000,nominatim
67333,PILOT #880,Montague,NJ,41.303150,-74.793499,3.999000,nominatim
5935,WESTHAMPTON VALERO,Mount Holly,NJ,39.992890,-74.787660,3.329000,gazetteer
61326,SUNOCO JAMES F COOPER PLAZA- #7008,Mount Laurel,NJ,39.934000,-74.891000,3.959000,gazetteer
70087,PILOT EXPRESS #1098,Newark,NJ,40.735660,-74.172370,3.999000,gazetteer
52323,POWER,Newark,NJ,40.735660,-74.172370,4.299000,gazetteer
72224,RAYMOND TRUCK STOP,Newark,NJ,40.735660,-74.172370,3.259000,gazetteer
65338,SWIFT FUEL STOP,Newark,NJ,40.735660,-74.172370,3.879000,gazetteer
69969,USA GAS,Newfield,NJ,39.546880,-75.026360,3.169000,gazetteer
65328,THIND TRAVEL PLAZA,North Bergen,NJ,40.804270,-74.012080,3.259000,gazetteer
67705,CITGO,North Brunswick,NJ,40.454000,-74.482000,3.185667,gazetteer
69215,GASWAY,North Brunswick,NJ,40.454000,-74.482000,3.159000,gazetteer
61328,KW RASTALL OIL,North Brunswick,NJ,40.454000,-74.482000,3.199000,gazetteer
65345,SOUTH BRUNSWICK VALERO,North Brunswick,NJ,40.454000,-74.482000,3.165667,gazetteer
61333,46 GAS AND TRUCK STOP,Palisades Park,NJ,40.848160,-73.997640,3.235667,gazetteer
62790,7-ELEVEN #40084,Palisades Park,NJ,40.848160,-73.997640,3.099000,gazetteer
67637,Power Gas & Truck Stop,Palisades Park,NJ,40.848160,-73.997640,3.219000,gazetteer
3907,SUNOCO,Palisades Park,NJ,40.848160,-73.997640,3.279000,gazetteer
1348,GLOBAL,Palmyra,NJ,40.007060,-75.028230,3.359000,gazetteer
7239,TA PAULSBORO TRAVELCENTER,Paulsboro,NJ,39.830390,-75.240460,3.999000,gazetteer
66742,DEEP WATER TRUCK STOP,Penns Grove,NJ,39.729560,-75.467970,3.279000,gazetteer
63625,FLYING J TRAVEL PLAZA #688,Penns Grove,NJ,39.729560,-75.467970,3.989000,gazetteer
67910,G FUEL,Penns Grove,NJ,39.729560,-75.467970,3.399000,gazetteer
2629,PILOT TRAVEL CENTERS #253,Penns Grove,NJ,39.729560,-75.467970,3.989000,gazetteer
20019,SUNOCO,Penns Grove,NJ,39.729560,-75.467970,3.459000,gazetteer
68972,SUNOCO CLARA BARTON PLAZA #7005,Penns Grove,NJ,39.729560,-75.467970,3.899000,gazetteer
61337,SUNOCO- JOHN FENWICK PLAZA #7006,Penns Grove,NJ,39.729560,-75.467970,3.909000,gazetteer
65332,BETTY ROSS TRUCK STOP /BP,Pennsauken,NJ,39.956220,-75.057950,3.329000,gazetteer
69088,SPEEDWAY #3478,Perth Amboy,NJ,40.506770,-74.265420,3.419000,gazetteer
65335,CONOCO,Phillipsburg,NJ,40.693710,-75.190180,3.359000,gazetteer
61339,FUEL ONE,Phillipsburg,NJ,40.693710,-75.190180,3.359000,gazetteer
65334,SUNOCO,Phillipsburg,NJ,40.693710,-75.190180,3.329000,gazetteer
66070,TAURO,Phillipsburg,NJ,40.693710,-75.190180,3.342333,gazetteer
65314,Union 76,Richwood,NJ,39.722610,-75.165460,3.399000,gazetteer
72524,QuickChek #189,Ridgefield,NJ,40.834270,-74.008750,3.252333,gazetteer
64182,SUNOCO- VINCE LOMBARDI SERVICE AREA #7017,Ridgefield,NJ,40.834270,-74.008750,3.899000,gazetteer
65339,US GAS & DIESEL,Ridgefield,NJ,40.834270,-74.008750,3.229000,gazetteer
66365,LIBERTY,Ringoes,NJ,40.428935,-74.867502,3.399000,nominatim
70225,Union 76 Pilot,Riverton,NJ,40.011500,-75.014890,3.999000,gazetteer
68444,Sunoco,Roebling,NJ,40.115940,-74.786270,3.159000,gazetteer
68520,SPEED GAS,Rosenhayn,NJ,39.478170,-75.131290,3.459000,gazetteer
61346,SUNOCO- ALEXANDER HAMILTON PLAZA #7016,Secaucus,NJ,40.789550,-74.056530,3.899000,gazetteer
62800,A ONE TRUCK STOP,South Amboy,NJ,40.477880,-74.290700,3.499000,gazetteer
65343,ENRITE,South Plainfield,NJ,40.579270,-74.411540,3.999000,gazetteer
64210,FUEL 1,South Plainfield,NJ,40.579270,-74.411540,4.799000,gazetteer
672,CROWN POINT TRUCK STOP,Thorofare,NJ,39.842335,-75.196291,3.549000,nominatim
64206,SUNOCO WOODROW WILSON PLAZA #7010,Trenton,NJ,40.217050,-74.742940,3.899000,gazetteer
65315,SUNOCO- RICHARD STOCKTON PLAZA #7009,Trenton,NJ,40.217050,-74.742940,3.899000,gazetteer
70415,GARDEN TRUCK STOP,Vineland,NJ,39.486230,-75.025730,3.999000,gazetteer
65350,Phillips 66,Vineland,NJ,39.486230,-75.025730,3.359000,gazetteer
65351,RIGGINS TRUCK PLAZA,Vineland,NJ,39.486230,-75.025730,3.269000,gazetteer
65353,SUNOCO- GROVER CLEVELAND TRAVEL PLAZA #7014,Woodbridge,NJ,40.557600,-74.284590,3.899000,gazetteer
64183,SUNOCO- THOMAS EDISON PLAZA #7013,Woodbridge,NJ,40.557600,-74.284590,3.899000,gazetteer
71605,Allsups Convenience Store #2377,Alamogordo,NM,32.899530,-105.960270,3.062333,gazetteer
61357,KENT KWIK #501,Alamogordo,NM,32.899530,-105.960270,2.982333,gazetteer
72739,MAVERIK #712,Alamogordo,NM,32.899530,-105.960270,3.055667,gazetteer
52553,FLYING J TRAVEL PLAZA #689,Albuquerque,NM,35.084490,-106.651140,3.549000,gazetteer
2922,LOVES TRAVEL STOP #210,Albuquerque,NM,35.084490,-106.651140,3.520667,gazetteer
69560,LOVES TRAVEL STOP #614,Albuquerque,NM,35.084490,-106.651140,3.520667,gazetteer
70879,MAVERIK COUNTRY STORE #611,Albuquerque,NM,35.084490,-106.651140,3.194000,gazetteer
7228,MAVERIK COUNTRY STORE #638,Albuquerque,NM,35.084490,-106.651140,3.207333,gazetteer
71063,MAVERIK COUNTRY STORE #639,Albuquerque,NM,35.084490,-106.651140,3.197333,gazetteer
71264,MAVERIK COUNTRY STORE #649,Albuquerque,NM,35.084490,-106.651140,3.205667,gazetteer
71536,PILOT TRAVEL CENTERS #1106,Albuquerque,NM,35.084490,-106.651140,3.565667,gazetteer
66237,ROUTE 66 TRAVEL CENTER,Albuquerque,NM,35.084490,-106.651140,3.359000,gazetteer
7231,TA ALBUQUERQUE TRAVEL CENTER,Albuquerque,NM,35.084490,-106.651140,3.587333,gazetteer
65361,BLACK MESA TRAVEL CENTER,Algodones,NM,35.380590,-106.479190,3.269000,gazetteer
71352,ALLSUPS CONVENIENCE STORE #2223,Artesia,NM,32.842330,-104.403300,3.399000,gazetteer
68742,ARTESIA #401,Artesia,NM,32.842330,-104.403300,3.439000,gazetteer
67884,ROADRUNNER FUELS,Aztec,NM,36.822230,-107.992850,3.775667,gazetteer
70190,LOVES TRAVEL STOP #726,Belen,NM,34.662840,-106.776420,3.522333,gazetteer
69119,CIRCLE K #2741217,Bernalillo,NM,35.300040,-106.551140,3.525667,gazetteer
71471,ALLSUPS CONVENIENCE STORE #2269,Carlsbad,NM,32.420670,-104.228840,3.249000,gazetteer
71358,ALLSUPS CONVENIENCE STORE #2285,Carlsbad,NM,32.420670,-104.228840,3.194000,gazetteer
71716,Allsups #2404,Carlsbad,NM,32.420670,-104.228840,3.194000,gazetteer
64211,PILOT #490/WESTERN PETROLEUM,Carlsbad,NM,32.420670,-104.228840,3.729000,gazetteer
70695,ALLSUPS CONVENIENCE STORE #2132,Carrizozo,NM,33.641740,-105.877210,3.282333,gazetteer
65989,DANCING EAGLE,Casa Blanca,NM,35.046318,-107.471394,3.359000,nominatim
63795,LOVES COUNTRY STORE #022,Clayton,NM,36.451690,-103.184100,3.414000,gazetteer
71577,TOOT N TOTUM #130,Clayton,NM,36.451690,-103.184100,3.199000,gazetteer
71995,Chevron,Clines Corners,NM,35.009498,-105.669180,3.415667,nominatim
7225,LOVES TRAVEL STOP #329,Clovis,NM,34.404800,-103.205230,4.089000,gazetteer
70079,PILOT #1118,Clovis,NM,34.404800,-103.205230,4.079000,gazetteer
69425,5R TRAVEL CENTER,Deming,NM,32.268700,-107.758640,3.049000,gazetteer
72493,Chiricahua Apache Plaza,Deming,NM,32.268700,-107.758640,3.037333,gazetteer
7230,DEMING TRUCK STOP,Deming,NM,32.268700,-107.758640,2.899000,gazetteer
71121,HAT CREEK TRAVEL,Deming,NM,32.268700,-107.758640,2.919000,gazetteer
6840,PETRO DEMING,Deming,NM,32.268700,-107.758640,3.385667,gazetteer
73075,ALLSUPS CONVENIENCE STORE #2470,Eunice,NM,32.437340,-103.159080,3.099000,gazetteer
70405,LOVES TRAVEL STOP #760,Eunice,NM,32.437340,-103.159080,3.329000,gazetteer
72821,QUARLES #54231,Eunice,NM,32.437340,-103.159080,3.699000,gazetteer
7045,BUBBLE CITY TRUCK STOP,Farmington,NM,36.728060,-108.218690,3.705667,gazetteer
61364,HUNTINGTON BROADWAY CONOCO,Farmington,NM,36.728060,-108.218690,3.799000,gazetteer
73057,CIRCLE K #2703586,Flora Vista,NM,36.794450,-108.080350,3.719000,gazetteer
6218,LOVES TRAVEL STOP #215,Gallup,NM,35.528080,-108.742580,3.437333,gazetteer
71370,MAVERIK COUNTRY STORE #645,Gallup,NM,35.528080,-108.742580,3.159000,gazetteer
66678,NKS ROYAL TRUCKSTOP,Gallup,NM,35.528080,-108.742580,3.119000,gazetteer
72747,One9 #1358,Gallup,NM,35.528080,-108.742580,3.245667,gazetteer
7229,TA GALLUP TRAVEL CENTER,Gallup,NM,35.528080,-108.742580,3.432333,gazetteer
71560,CIRCLE K #2709675,Hatch,NM,32.665360,-107.153070,3.799000,gazetteer
71454,ALLSUPS CONVENIENCE STORE #2036,Hobbs,NM,32.702610,-103.136040,3.399000,gazetteer
71462,ALLSUPS CONVENIENCE STORE #2138,Hobbs,NM,32.702610,-103.136040,3.382333,gazetteer
71348,ALLSUPS CONVENIENCE STORE #2142,Hobbs,NM,32.702610,-103.136040,3.382333,gazetteer
70485,ALLSUPS CONVENIENCE STORE #2145,Hobbs,NM,32.702610,-103.136040,3.382333,gazetteer
71463,ALLSUPS CONVENIENCE STORE #2146,Hobbs,NM,32.702610,-103.136040,3.212333,gazetteer
69133,PILOT TRAVEL CENTERS #557,Hobbs,NM,32.702610,-103.136040,3.729000,gazetteer
72831,QUARLES #54262,Hobbs,NM,32.702610,-103.136040,3.699000,gazetteer
72839,QUARLES #54293,Hobbs,NM,32.702610,-103.136040,3.699000,gazetteer
66773,STRIPES 7FLEET #42475,Hobbs,NM,32.702610,-103.136040,3.459000,gazetteer
71332,ALLSUPS CONVENIENCE STORE #2308,Jal,NM,32.113180,-103.193510,3.129000,gazetteer
70309,PILOT #1165,Jal,NM,32.113180,-103.193510,3.365667,gazetteer
20024,LOVES TRAVEL STOP #259,Las Cruces,NM,32.312320,-106.778340,3.214000,gazetteer
1632,PILOT TRAVEL CENTERS #266,Las Cruces,NM,32.312320,-106.778340,3.190667,gazetteer
7226,TA LAS CRUCES TRAVEL CENTER,Las Cruces,NM,32.312320,-106.778340,3.140667,gazetteer
70236,LOVES TRAVEL STOP #733,Las Vegas,NM,35.593930,-105.223900,3.489000,gazetteer
73043,MAVERIK #740,Las Vegas,NM,35.593930,-105.223900,3.162333,gazetteer
64187,SPEEDWAY #9117,Las Vegas,NM,35.593930,-105.223900,3.185667,gazetteer
65359,ROAD RUNNER TRAVEL CENTER,Lemitar,NM,34.159607,-106.911192,3.299000,nominatim
70698,ALLSUPS CONVENIENCE STORE #2038,Logan,NM,35.365330,-103.410790,3.199000,gazetteer
63613,FLYING J TRAVEL PLAZA #690,Lordsburg,NM,32.350360,-108.708660,3.439000,gazetteer
52659,LOVES TRAVEL STOP #276,Lordsburg,NM,32.350360,-108.708660,3.457333,gazetteer
63597,PILOT TRAVEL CENTERS #163,Lordsburg,NM,32.350360,-108.708660,3.439000,gazetteer
71450,MAVERIK COUNTRY STORE #664,Los Lunas,NM,34.806170,-106.733360,3.202333,gazetteer
70446,ALLSUPS CONVENIENCE STORE #2220,Loving,NM,32.286230,-104.095770,3.599000,gazetteer
72837,QUARLES #54284,Loving,NM,32.286230,-104.095770,3.799000,gazetteer
70484,ALLSUPS CONVENIENCE STORE #2117,Lovington,NM,32.944010,-103.348550,3.104000,gazetteer
73042,MAVERIK #728,Lovington,NM,32.944010,-103.348550,3.094000,gazetteer
71353,ALLSUPS CONVENIENCE STORE #2246,Melrose,NM,34.430350,-103.632460,3.812333,gazetteer
1356,LOVES TRAVEL STOP #257,Milan,NM,35.169760,-107.890890,3.590667,gazetteer
6293,PETRO STOPPING CENTER #313,Milan,NM,35.169760,-107.890890,3.570667,gazetteer
7080,ONE9 #1422,Moriarty,NM,34.990050,-106.049190,3.115667,gazetteer
68928,PILOT TRAVEL CENTER #475,Moriarty,NM,34.990050,-106.049190,3.244000,gazetteer
4417,TA MORIARITY TRAVEL CENTER,Moriarty,NM,34.990050,-106.049190,3.217333,gazetteer
72999,Aeg Petroleum,Portales,NM,34.186190,-103.334400,3.685667,gazetteer
68140,CROSSROADS RATON TRUCK STOP,Raton,NM,36.903360,-104.439150,3.499000,gazetteer
6001,ALLSUPS #2392,Roswell,NM,33.394370,-104.524910,3.199000,gazetteer
71453,ALLSUPS CONVENIENCE STORE #2025,Roswell,NM,33.394370,-104.524910,3.285667,gazetteer
72485,ALLSUPS CONVENIENCE STORE #2160,Roswell,NM,33.394370,-104.524910,3.255667,gazetteer
65360,Roswell #60,Roswell,NM,33.394370,-104.524910,3.365667,gazetteer
66693,Allsup Marketplace #2400,San Jon,NM,35.106435,-103.330938,3.059000,nominatim
67362,TA Glenrio,San Jon,NM,35.106435,-103.330938,3.899000,nominatim
69884,AKAL TRAVEL CENTER,Santa Rosa,NM,34.938670,-104.682490,2.879000,gazetteer
63602,LOVES TRAVEL STOP #285,Santa Rosa,NM,34.938670,-104.682490,3.474000,gazetteer
69745,PILOT #1070,Santa Rosa,NM,34.938670,-104.682490,3.462333,gazetteer
7222,TA SANTA ROSA TRAVEL CENTER,Santa Rosa,NM,34.938670,-104.682490,3.452333,gazetteer
71514,LOVES TRAVEL STOP #817,Santa Teresa,NM,31.855940,-106.639160,3.262333,gazetteer
71590,TA SPRINGER,Springer,NM,36.361140,-104.595270,3.529000,gazetteer
64215,STRIPES 7FLEET #42588,Tatum,NM,33.257060,-103.317730,3.662333,gazetteer
7871,STRIPES 7FLEET #42454,Texico,NM,34.388690,-103.051340,3.829000,gazetteer
71596,ALLSUPS #2379,Tinnie,NM,33.370556,-105.226367,3.359000,nominatim
71456,ALLSUPS CONVENIENCE STORE #2058,Tucumcari,NM,35.171910,-103.726860,3.355000,gazetteer
64189,CIRCLE K #2708931,Tucumcari,NM,35.171910,-103.726860,3.259000,gazetteer
64122,FLYING J TRAVEL PLAZA #691,Tucumcari,NM,35.171910,-103.726860,3.899000,gazetteer
20027,LOVES TRAVEL STOP #262,Tucumcari,NM,35.171910,-103.726860,3.889000,gazetteer
68273,CHISUM TRAVEL CENTER,Tularosa,NM,33.073970,-106.018600,2.999000,gazetteer
7227,NATIONAL TRUCK STOP,Vado,NM,32.111760,-106.662500,2.999000,gazetteer
68511,PWI #675,Vado,NM,32.111760,-106.662500,2.949000,gazetteer
71134,ALLSUPS CONVENIENCE STORE #2376,Vaughn,NM,34.601723,-105.208319,3.499000,nominatim
6387,FLYING J FRANCHISE #966,Battle Mountain,NV,40.642130,-116.934270,3.792333,gazetteer
71535,GOLDEN GATE BATTLE MOUNTAIN,Battle Mountain,NV,40.642130,-116.934270,3.339000,gazetteer
68976,MAVERIK COUNTRY STORE #453,Battle Mountain,NV,40.642130,-116.934270,3.389000,gazetteer
7873,One9 #387,Carlin,NV,40.713810,-116.103970,3.439000,gazetteer
70859,FLYERS #732,Carson City,NV,39.163800,-119.767400,3.699000,gazetteer
70855,FLYERS #761,Carson City,NV,39.163800,-119.767400,3.699000,gazetteer
70442,GOLDEN GATE PETRO,Carson City,NV,39.163800,-119.767400,3.599000,gazetteer
69801,MAVERIK COUNTRY STORE #409,Carson City,NV,39.163800,-119.767400,3.589000,gazetteer
71033,MAVERIK COUNTRY STORE #560,Carson City,NV,39.163800,-119.767400,3.589000,gazetteer
71042,SINCLAIR,Carson City,NV,39.163800,-119.767400,3.599000,gazetteer
70860,FLYERS #726,Elko,NV,40.832420,-115.763120,3.629000,gazetteer
70301,GOLDEN GATE TRUCKSTOP,Elko,NV,40.832420,-115.763120,3.599000,gazetteer
69990,LOVES TRAVEL STOP #691,Ely,NV,39.247440,-114.888630,3.649000,gazetteer
68165,GOLDEN GATE Fallon,Fallon,NV,39.473530,-118.777370,3.549000,gazetteer
71032,MAVERIK COUNTRY STORE #416,Fallon,NV,39.473530,-118.777370,3.525667,gazetteer
62824,FLYING J TRAVEL PLAZA #1005,Fernley,NV,39.607970,-119.251830,3.915667,gazetteer
66179,LOVES TRAVEL STOP #246,Fernley,NV,39.607970,-119.251830,3.915667,gazetteer
52427,PILOT TRAVEL CENTERS #340,Fernley,NV,39.607970,-119.251830,3.915667,gazetteer
69991,WA SHE SHU TRAVEL PLAZA,Gardnerville,NV,38.941300,-119.749620,3.699000,gazetteer
65365,CHEVRON #381125,Hawthorne,NV,38.524640,-118.624580,4.079000,gazetteer
69311,GOLDEN GATE TRUCKSTOP HAWTHORNE,Hawthorne,NV,38.524640,-118.624580,4.079000,gazetteer
73028,PETRO HENDERSON #968,Henderson,NV,36.039700,-114.981940,3.639000,gazetteer
70229,TA EXPRESS HENDERSON #969,Henderson,NV,36.039700,-114.981940,3.639000,gazetteer
9746,TA MILL CITY TRAVEL CENTER,Imlay,NV,40.659471,-118.149015,3.794000,nominatim
72984,TERRIBLE HERBST #341,Indian Springs,NV,36.569680,-115.670580,3.899000,gazetteer
72649,Love's Travel Stop #891,Jackpot,NV,41.983240,-114.674760,3.627333,gazetteer
4211,FLYING J #513,Jean,NV,35.778857,-115.324382,3.732333,nominatim
7132,Terrible Herbst dba/One9 #1395,Jean,NV,35.778857,-115.324382,3.459000,nominatim
67296,LOVES TRAVEL STOP #340,Las Vegas,NV,36.174970,-115.137220,3.689000,gazetteer
71449,MAVERIK COUNTRY STORE #628,Las Vegas,NV,36.174970,-115.137220,3.355667,gazetteer
64571,PETRO STOPPING CENTER #331,Las Vegas,NV,36.174970,-115.137220,3.734000,gazetteer
7244,TA LAS VEGAS TRAVEL CENTER,Las Vegas,NV,36.174970,-115.137220,3.735667,gazetteer
7248,WILD WILD WEST TRAVEL PLAZA,Las Vegas,NV,36.174970,-115.137220,3.767333,gazetteer
3585,CHEVRON,Lovelock,NV,40.179350,-118.473480,3.499000,gazetteer
68423,GOLDEN GATE TRUCKSTOP,Lovelock,NV,40.179350,-118.473480,3.649000,gazetteer
70292,FLYING J #1171,Mesquite,NV,36.805530,-114.067190,3.705667,gazetteer
70241,MAVERIK COUNTRY STORE #460,Minden,NV,38.954070,-119.765730,3.525667,gazetteer
66584,MOAPA PAIUTE TRAVEL CENTER,Moapa,NV,36.667365,-114.584977,3.332333,nominatim
72550,TERRIBLE HERBST #388,Moapa,NV,36.667365,-114.584977,3.549000,nominatim
20028,MORTONS TRUCK STOP,North Las Vegas,NV,36.198860,-115.117500,3.399000,gazetteer
72965,Maverik #674,North Las Vegas,NV,36.198860,-115.117500,3.282333,gazetteer
52463,PILOT TRAVEL CENTERS #341,North Las Vegas,NV,36.198860,-115.117500,3.695667,gazetteer
70864,FLYERS #747,Reno,NV,39.529630,-119.813800,4.054000,gazetteer
70833,FLYERS #764,Reno,NV,39.529630,-119.813800,4.052333,gazetteer
68169,GOLDEN GATE GOLDEN VALLEY,Reno,NV,39.529630,-119.813800,3.949000,gazetteer
69095,JACKSONS FOOD STORE #23,Reno,NV,39.529630,-119.813800,3.999000,gazetteer
66103,TERRIBLE HERBST #243,Searchlight,NV,35.465270,-114.919700,3.832333,gazetteer
70845,FLYERS #759,Sparks,NV,39.534910,-119.752690,4.050667,gazetteer
70832,FLYERS #766,Sparks,NV,39.534910,-119.752690,4.059000,gazetteer
70831,FLYERS #768,Sparks,NV,39.534910,-119.752690,4.052333,gazetteer
67158,GOLDEN GATE AUTO TRUCK PLAZA,Sparks,NV,39.534910,-119.752690,3.539000,gazetteer
70208,GOLDEN GATE PETRO,Sparks,NV,39.534910,-119.752690,3.985667,gazetteer
72202,MUSTANG MARKET,Sparks,NV,39.534910,-119.752690,4.199000,gazetteer
72584,ONE9 #1359,Sparks,NV,39.534910,-119.752690,3.549000,gazetteer
2891,PETRO STOPPING CENTER #338,Sparks,NV,39.534910,-119.752690,3.949000,gazetteer
6857,TA SPARKS TRAVEL CENTER,Sparks,NV,39.534910,-119.752690,3.899000,gazetteer
72642,LOVES TRAVEL STOP #857,Tonopah,NV,38.067160,-117.230080,3.715667,gazetteer
66274,FLYING J TRAVEL PLAZA #692,Wells,NV,41.111590,-114.964490,3.709000,gazetteer
69863,GOLDEN GATE,Wells,NV,41.111590,-114.964490,3.415667,gazetteer
67133,LOVES TRAVEL STOP #365,Wells,NV,41.111590,-114.964490,3.715667,gazetteer
72590,MAVERIK #716,Wells,NV,41.111590,-114.964490,3.392333,gazetteer
52404,PETRO WELLS,Wells,NV,41.111590,-114.964490,3.732333,gazetteer
71624,MAVERIK COUNTRY STORE #681,West Wendover,NV,40.739100,-114.073350,3.385667,gazetteer
63729,PILOT TRAVEL CENTERS #147,West Wendover,NV,40.739100,-114.073350,3.709000,gazetteer
20031,FLYING J TRAVEL PLAZA #770,Winnemucca,NV,40.972960,-117.735680,3.777333,gazetteer
71168,LOVES TRAVEL STOP #797,Winnemucca,NV,40.972960,-117.735680,3.744000,gazetteer
70586,MAVERIK COUNTRY STORE #610,Winnemucca,NV,40.972960,-117.735680,3.389000,gazetteer
67137,PILOT TRAVEL CENTERS #485,Winnemucca,NV,40.972960,-117.735680,3.770667,gazetteer
71534,GOLDEN GATE - YERINGTON,Yerington,NV,38.985750,-119.162930,3.715667,gazetteer
71206,JACKSONS FOOD STORES #138,Yerington,NV,38.985750,-119.162930,3.679000,gazetteer
3728,PLAZA 23 TRUCK STOP,Albany,NY,42.652580,-73.756230,3.799000,gazetteer
71935,SPEEDWAY #1695,Albany,NY,42.652580,-73.756230,3.849000,gazetteer
7173,SPEEDWAY #9954,Apalachin,NY,42.069520,-76.154650,3.999000,gazetteer
70019,QUICKLEES #1,Avon,NY,42.912010,-77.745560,3.999000,gazetteer
20033,LOVES TRAVEL STOP #772,Bath,NY,42.337020,-77.317760,4.489000,gazetteer
66995,PILOT TRAVEL CENTERS #322,Bath,NY,42.337020,-77.317760,4.499000,gazetteer
4655,QUICKLEES TRAVEL CENTER,Belmont,NY,42.223120,-78.034450,3.999000,gazetteer
4654,7-ELEVEN #35087,Bergen,NY,43.085340,-77.942230,4.029000,gazetteer
63727,LOVES TRAVEL STOP #403,Binghamton,NY,42.098690,-75.917970,3.679000,gazetteer
358,TA BINGHAMTON TRAVELCENTER,Binghamton,NY,42.098690,-75.917970,3.689000,gazetteer
70448,CIRCLE K #4707623,Brewerton,NY,43.238120,-76.140760,4.089000,gazetteer
72282,SUNOCO,Bronx,NY,40.846651,-73.878594,4.539000,nominatim
68542,EXCELL FUELS,Buffalo,NY,42.886450,-78.878370,3.999000,gazetteer
7179,JIMS TRUCK PLAZA,Buffalo,NY,42.886450,-78.878370,3.659000,gazetteer
69218,DANDY MINI MART #58,Campbell,NY,42.233130,-77.197470,3.899000,gazetteer
69670,LOVES TRAVEL STOP #611,Canaan,NY,42.411843,-73.449609,3.979000,nominatim
7212,ONVO TRAVEL PLAZA,Canaan,NY,42.411843,-73.449609,3.399000,nominatim
66238,BETTY BEAVERS TRUCKSTOP,Canajoharie,NY,42.905630,-74.571810,3.599000,gazetteer
72763,FASTRAC MARKET #500270,Canastota,NY,43.079510,-75.750740,4.349000,gazetteer
68174,MIRABITO #42,Castle Creek,NY,42.227575,-75.918253,3.999000,nominatim
67057,PILOT TRAVEL CENTERS #146,Castleton On Hudson,NY,42.530813,-73.755302,3.999000,nominatim
64216,DANDY MINI MART #31,Cayuta,NY,42.281741,-76.696894,4.399000,nominatim
3326,MIRABITO #61,Central Square,NY,43.286740,-76.146040,4.299000,gazetteer
71969,BORDERVIEW GROCERY,Champlain,NY,44.986430,-73.446530,3.799000,gazetteer
65373,CHAMPLAIN PETERBILT FUEL MART,Champlain,NY,44.986430,-73.446530,3.799000,gazetteer
67294,MAPLEFIELDS,Champlain,NY,44.986430,-73.446530,3.799000,gazetteer
3118,MOBIL,Champlain,NY,44.986430,-73.446530,3.799000,gazetteer
69182,XtraMart #1513,Clifton Park,NY,42.865630,-73.770950,3.899000,gazetteer
70483,BOLLA MARKET,Copiague,NY,40.681490,-73.399840,3.399000,gazetteer
63409,FLYING J TRAVEL PLAZA #693,Corfu,NY,42.960060,-78.405580,3.889000,gazetteer
71494,SPEEDWAY/7FLEET #7008,Corfu,NY,42.960060,-78.405580,3.889000,gazetteer
4223,TA PEMBROKE TRAVEL CENTER,Corfu,NY,42.960060,-78.405580,3.829000,gazetteer
9971,TA DANSVILLE TRAVEL CENTER,Dansville,NY,42.560900,-77.696110,4.499000,gazetteer
66948,CIRCLE K #4707618,East Syracuse,NY,43.065340,-76.078530,3.799000,gazetteer
71163,DANDY MINI MART #68,Elmira,NY,42.089800,-76.807730,3.899000,gazetteer
52112,SROKAS SERVICE CENTER,Fort Ann,NY,43.414307,-73.487981,3.799000,nominatim
7282,ALLTOWN FRESH,Fort Edward,NY,43.267020,-73.584560,3.759000,gazetteer
1669,BETTY BEAVERS TRUCKSTOP,Fultonville,NY,42.947850,-74.370410,3.149000,gazetteer
4568,ONVO TRAVEL PLAZA,Fultonville,NY,42.947850,-74.370410,3.159000,gazetteer
71562,PILOT #1317,Fultonville,NY,42.947850,-74.370410,3.999000,gazetteer
7215,TA FULTONVILLE TRAVEL CENTER,Fultonville,NY,42.947850,-74.370410,4.039000,gazetteer
62850,GANSEVOORT MINI MART,Gansevoort,NY,43.196205,-73.651397,3.759000,nominatim
368,WILTON TRAVEL PLAZA,Gansevoort,NY,43.196205,-73.651397,3.749000,nominatim
7220,CUMBERLAND FARMS #001662,Glenmont,NY,42.604802,-73.769566,3.749000,nominatim
65377,PETROL 9 W,Glenmont,NY,42.604802,-73.769566,3.699000,nominatim
65379,MIRABITO #74,Harpursville,NY,42.178412,-75.624630,4.659000,nominatim
66184,HENRIETTA TRUCK STOP,Henrietta,NY,43.059230,-77.612220,3.899000,gazetteer
3702,BEARS DEN TRADING POST #101,Hogansburg,NY,44.973936,-74.663242,3.649000,nominatim
68692,DANDY MINI MART #57,Horseheads,NY,42.167020,-76.820510,3.899000,gazetteer
71080,BIG INDIAN SMOKE SHOP,Irving,NY,42.567559,-79.112817,2.929000,nominatim
1560,CATTREZ,Irving,NY,42.567559,-79.112817,2.899000,nominatim
65381,NATIVE PRIDE,Irving,NY,42.567559,-79.112817,2.899000,nominatim
7213,SENECA ONE STOP,Irving,NY,42.567559,-79.112817,2.899000,nominatim
70407,BOLLA MARKET,Islandia,NY,40.804260,-73.169000,3.539000,gazetteer
66565,KWIK FILL #395,Jamestown,NY,42.097000,-79.235330,4.469000,gazetteer
71330,JORDAN MINI MART,Jordan,NY,43.065340,-76.472990,3.799000,gazetteer
68821,Joe's Kwik Mart #473,Lancaster,NY,42.900610,-78.670310,3.659000,gazetteer
6760,BETTY BEAVERS TRUCKSTOP,Lewis,NY,44.275196,-73.565826,3.619000,nominatim
65383,M AND M ALLEGANY JUNCTION,Limestone,NY,42.027286,-78.629472,3.129000,nominatim
69770,SASSYS TRUCK STOP,Limestone,NY,42.027286,-78.629472,3.159000,nominatim
71942,BYRNE DAIRY #135,Liverpool,NY,43.106460,-76.217700,4.199000,gazetteer
71855,BYRNE DAIRY #136,Liverpool,NY,43.106460,-76.217700,3.659000,gazetteer
52587,PILOT TRAVEL CENTERS #380,Liverpool,NY,43.106460,-76.217700,4.159000,gazetteer
71586,ALLTOWN FRESH,Livingston,NY,42.141994,-73.778461,3.659000,nominatim
1599,ONVO TRAVEL PLAZA,Mc Graw,NY,42.596180,-76.093260,3.439000,fuzzy
62841,SPEEDWAY #9912,Mc Graw,NY,42.596180,-76.093260,4.309000,fuzzy
70408,BOLLA MARKET,Medford,NY,40.817600,-73.000110,3.539000,gazetteer
68167,CIRCLE K #4707628,Montezuma,NY,43.010065,-76.703283,3.999000,nominatim
614,TA MAYBROOK TRAVEL CENTER,Montgomery,NY,41.527590,-74.236820,4.359000,gazetteer
70447,84 QUIK STOP,New Hampton,NY,41.409866,-74.411744,3.459000,nominatim
66278,PILOT TRAVEL CENTERS #394,Newburgh,NY,41.503430,-74.010420,4.359000,gazetteer
72792,QUICKLEES,Niagara Falls,NY,43.094500,-79.056710,3.999000,gazetteer
64195,DANDY MINI MART #14,Nichols,NY,42.021712,-76.366892,3.439000,nominatim
7216,ONVO TRAVEL PLAZA - LOUNSBERRY,Nichols,NY,42.021712,-76.366892,3.399000,nominatim
52325,MIRABITO #69,Oneonta,NY,42.452860,-75.063770,3.999000,gazetteer
67121,BETTY BEAVERS TRUCKSTOP,Otego,NY,42.397300,-75.173500,3.819000,gazetteer
65386,MIRABITO #73,Otego,NY,42.397300,-75.173500,3.999000,gazetteer
70723,SPEEDWAY #9932,Painted Post,NY,42.162020,-77.094140,4.099000,gazetteer
9724,One9 #1339,Parish,NY,43.406181,-76.125758,3.799000,nominatim
65387,MAPLEFIELDS,Peru,NY,44.578380,-73.526800,3.799000,gazetteer
7197,7-ELEVEN #35115,Phelps,NY,42.957560,-77.057470,4.019000,gazetteer
52562,MOBIL,Plattsburgh,NY,44.699490,-73.452910,3.799000,gazetteer
68691,BYRNE DAIRY #43,Pulaski,NY,43.567010,-76.127700,4.099000,gazetteer
72581,FASTRAC MARKET #500266,Queensbury,NY,43.377290,-73.613170,3.999000,gazetteer
70450,QUEENSBURY,Queensbury,NY,43.377290,-73.613170,3.789000,gazetteer
684,7-ELEVEN #35101,Randolph,NY,42.162010,-78.975320,4.499000,gazetteer
61409,104 STORE,Red Creek,NY,43.247290,-76.723560,3.799000,gazetteer
71516,LOVES TRAVEL STOP #833,Ripley,NY,42.267000,-79.710600,3.879000,gazetteer
61410,KWIK FILL #58,Rochester,NY,43.154780,-77.615560,3.969000,gazetteer
73058,CIRCLE K #4707605,Rome,NY,43.212850,-75.455730,3.999000,gazetteer
7285,SENECA ONE STOP,Salamanca,NY,42.157840,-78.715030,3.309000,gazetteer
20036,SMOKIN JOES,Sanborn,NY,43.136720,-78.884760,3.699000,gazetteer
66586,CIRCLE K #4707609,Sangerfield,NY,42.913959,-75.379059,4.099000,nominatim
64218,PILOT TRAVEL CENTERS #494,Schenectady,NY,42.814240,-73.939570,3.999000,gazetteer
65392,CIRCLE K #4707622,Seneca Falls,NY,42.910620,-76.796620,3.999000,gazetteer
66474,FAMCO EXPRESS,Syracuse,NY,43.048120,-76.147420,3.299000,gazetteer
70722,SPEEDWAY #9935,Syracuse,NY,43.048120,-76.147420,4.099000,gazetteer
69004,Maplefields,Ticonderoga,NY,43.848670,-73.423450,3.749000,gazetteer
62844,CIRCLE K #4707612,Tully,NY,42.798120,-76.109370,3.799000,gazetteer
67658,MIRABITO #41,Tully,NY,42.798120,-76.109370,4.299000,gazetteer
72582,FASTRAC MARKET #500242,Utica,NY,43.100900,-75.232660,3.899000,gazetteer
69782,BYRNE DAIRY #14,Waterloo,NY,42.904790,-76.862740,3.999000,gazetteer
71526,LOVES TRAVEL STOP #820,Waterloo,NY,42.904790,-76.862740,4.149000,gazetteer
66368,PETRO STOPPING CENTER #371,Waterloo,NY,42.904790,-76.862740,4.195667,gazetteer
65909,7-Eleven/7FLEET #40496,Watertown,NY,43.974780,-75.910760,4.149000,gazetteer
67842,CIRCLE K #4707627,Watertown,NY,43.974780,-75.910760,4.099000,gazetteer
72745,Loves Travel Stop #870,Watertown,NY,43.974780,-75.910760,4.149000,gazetteer
2811,KWIK FILL #22,Weedsport,NY,43.048680,-76.562720,3.899000,gazetteer
72215,PIT STOP #1,Weedsport,NY,43.048680,-76.562720,3.899000,gazetteer
6215,FUEL HUB,West Coxsackie,NY,42.360640,-73.816792,3.599000,nominatim
72765,FASTRAC MARKET #500203,Wolcott,NY,43.220620,-76.814960,3.799000,gazetteer
72277,STOP N GAS,Yorkshire,NY,42.530060,-78.472800,4.099000,gazetteer
64221,BELL STORES #49,Akron,OH,41.081440,-81.519010,3.499000,gazetteer
71652,CIRCLE K #4705575,Akron,OH,41.081440,-81.519010,3.769000,gazetteer
66776,S&G #77,Alvada,OH,41.050332,-83.401869,3.259000,nominatim
64231,7-ELEVEN #40293,Amherst,OH,41.397820,-82.222380,3.532333,gazetteer
61421,7-ELEVEN #40294,Amherst,OH,41.397820,-82.222380,3.532333,gazetteer
60463,Anna Truck Stop,Anna,OH,40.394490,-84.172720,3.015667,gazetteer
3526,JOE STOP 99,Anna,OH,40.394490,-84.172720,3.064000,gazetteer
69766,Marathon,Anna,OH,40.394490,-84.172720,3.029000,gazetteer
65395,BELLSTORES #132,Ashland,OH,40.868670,-82.318220,3.499000,gazetteer
72553,Friendly Express,Ashland,OH,40.868670,-82.318220,3.199000,gazetteer
65426,CIRCLE K #4705357,Ashville,OH,39.715620,-82.952960,3.089000,gazetteer
71923,SHEETZ #740,Ashville,OH,39.715620,-82.952960,3.102333,gazetteer
63770,FLYING J TRAVEL PLAZA #694,Austinburg,OH,41.772000,-80.854530,3.859000,gazetteer
9703,PILOT TRAVEL CENTERS #2,Austinburg,OH,41.772000,-80.854530,3.859000,gazetteer
52615,PILOT TRAVEL CENTERS #4,Avon,OH,41.451710,-82.035420,3.879000,gazetteer
70564,SPEEDWAY #7236,Avon,OH,41.451710,-82.035420,3.659000,gazetteer
69377,CIRCLE K #4705628,Barberton,OH,41.012830,-81.605120,3.582333,gazetteer
52471,FLYING J TRAVEL PLAZA #695,Beaverdam,OH,40.832992,-83.974283,3.330667,nominatim
65033,PILOT TRAVEL CENTERS #457,Beaverdam,OH,40.832992,-83.974283,3.330667,nominatim
60471,FUEL MART #701,Bedford,OH,41.393110,-81.536510,3.529000,gazetteer
70788,SPEEDWAY #1031,Bedford,OH,41.393110,-81.536510,3.649000,gazetteer
71443,LOVES TRAVEL STOP #810,Bellefontaine,OH,40.361160,-83.759660,3.352333,gazetteer
70107,LOVES TRAVEL STOP #711,Bellville,OH,40.620060,-82.510720,3.709000,gazetteer
70126,SPEEDWAY #3535,Bellville,OH,40.620060,-82.510720,3.599000,gazetteer
7312,208 FUEL PLAZA,Belmont,OH,39.729500,-84.139660,3.419000,gazetteer
69006,PILOT #449,Belmont,OH,39.729500,-84.139660,3.539000,gazetteer
69598,SPEEDWAY #8133,Berea,OH,41.366160,-81.854300,3.499000,gazetteer
69393,LOVES TRAVEL STOP #594,Bidwell,OH,38.918689,-82.299040,3.849000,nominatim
7724,FUEL MART #767,Bradner,OH,41.324220,-83.438540,3.407333,gazetteer
64223,7-ELEVEN #40295,Broadview Heights,OH,41.313940,-81.685130,3.527333,gazetteer
64224,7-ELEVEN #40296,Broadview Heights,OH,41.313940,-81.685130,3.532333,gazetteer
65398,QUICK FUEL #2306,Brookpark,OH,41.398380,-81.804580,3.669000,fuzzy
69135,SPEEDWAY #8013,Brookville,OH,39.836720,-84.411340,3.340667,gazetteer
65400,NORTHSIDE FUEL STOP,Bucyrus,OH,40.808390,-82.975460,3.507333,gazetteer
69648,BP-GIANT OIL #440,Burbank,OH,40.988667,-81.994868,3.232333,nominatim
67037,LOVES TRAVEL STOP #332,Burbank,OH,40.988667,-81.994868,3.689000,nominatim
63570,PILOT TRAVEL CENTERS #287,Burbank,OH,40.988667,-81.994868,3.699000,nominatim
63730,PILOT TRAVEL CENTERS #309,Caldwell,OH,39.747850,-81.516510,3.652333,gazetteer
52454,PILOT TRAVEL CENTERS #6,Cambridge,OH,40.031180,-81.588460,3.509000,gazetteer
73059,CIRCLE K #4705626,Canton,OH,40.798950,-81.378450,3.459000,gazetteer
1372,PILOT TRAVEL CENTER #469,Canton,OH,40.798950,-81.378450,3.622333,gazetteer
70591,SPEEDWAY #6465,Canton,OH,40.798950,-81.378450,3.607333,gazetteer
9699,SPEEDWAY #9400,Canton,OH,40.798950,-81.378450,3.369000,gazetteer
70794,CASEYS #3747,Carey,OH,40.952560,-83.382420,3.175667,gazetteer
67166,Circle K #4705726,Carroll,OH,39.798950,-82.701000,3.245667,gazetteer
70025,SPEEDWAY #6245,Carrollton,OH,40.572840,-81.085650,3.559000,gazetteer
69233,PILOT TRAVEL CENTER #597,Chillicothe,OH,39.333120,-82.982400,3.799000,gazetteer
68650,MARATHON,Cincinnati,OH,39.127110,-84.514390,3.899000,gazetteer
63704,QUICK FUEL #2301,Cincinnati,OH,39.127110,-84.514390,3.239000,gazetteer
68865,QUICK FUEL #3192,Cincinnati,OH,39.127110,-84.514390,3.252333,gazetteer
71046,SPEEDWAY #9336,Cincinnati,OH,39.127110,-84.514390,3.699000,gazetteer
62887,SPEEDWAY #9367,Cincinnati,OH,39.127110,-84.514390,3.125667,gazetteer
67801,SUNOCO,Cincinnati,OH,39.127110,-84.514390,3.099000,gazetteer
70001,LOVES TRAVEL STOP #690,Circleville,OH,39.600620,-82.946010,3.789000,gazetteer
63781,Pilot Travel Centers #8,Circleville,OH,39.600620,-82.946010,3.799000,gazetteer
65406,MOBIL,Cleveland,OH,41.499500,-81.695410,3.765667,gazetteer
52549,SPEEDWAY #3328,Cleveland,OH,41.499500,-81.695410,3.799000,gazetteer
61430,7-ELEVEN #40303,Clyde,OH,41.304220,-82.975190,3.662333,gazetteer
61431,7-ELEVEN #40304,Clyde,OH,41.304220,-82.975190,3.662333,gazetteer
68740,Certified Oil #400352,Clyde,OH,41.304220,-82.975190,3.379000,gazetteer
71844,HD EXPRESS MART,Clyde,OH,41.304220,-82.975190,3.379000,gazetteer
66539,SOUTH RIDGE FARM MARKET,Clyde,OH,41.304220,-82.975190,3.399000,gazetteer
70357,Certified Oil #400489,Columbus,OH,39.961180,-82.998790,3.409000,gazetteer
70717,Certified Oil #400491,Columbus,OH,39.961180,-82.998790,3.202333,gazetteer
63564,PILOT TRAVEL CENTERS #213,Columbus,OH,39.961180,-82.998790,3.509000,gazetteer
63703,QUICK FUEL #2303,Columbus,OH,39.961180,-82.998790,3.565667,gazetteer
64502,QUICK FUEL #2305,Columbus,OH,39.961180,-82.998790,3.630667,gazetteer
68908,SPEEDWAY #1804,Columbus,OH,39.961180,-82.998790,3.692333,gazetteer
67348,LOVES TRAVEL STOP #389,Conneaut,OH,41.947560,-80.554240,3.849000,gazetteer
70889,TRUCK WORLD,Conneaut,OH,41.947560,-80.554240,3.359000,gazetteer
64227,GO MART FOOD STORE #116,Coolville,OH,39.221743,-81.797356,3.357333,nominatim
60460,HAHN OIL,Coshocton,OH,40.272020,-81.859580,3.299000,gazetteer
7725,BELL STORES #48,Dalton,OH,40.798940,-81.695410,3.385667,gazetteer
69028,LOVES TRAVEL STOP #427,Dayton,OH,39.758950,-84.191610,3.319000,gazetteer
68864,QUICK FUEL #3190,Dayton,OH,39.758950,-84.191610,3.677333,gazetteer
72919,QUIKTRIP #7096,Dayton,OH,39.758950,-84.191610,3.032333,gazetteer
60461,TRUE NORTH #704,Dayton,OH,39.758950,-84.191610,3.799000,gazetteer
70004,SPEEDWAY #7775,Delaware,OH,40.298670,-83.067970,3.619000,gazetteer
72969,LOVES TRAVEL STOP #555,Delphos,OH,40.843380,-84.341620,3.305667,gazetteer
66774,Clark #4667,Delta,OH,41.573660,-84.005220,3.699000,gazetteer
71260,LOVES TRAVEL STOP #881,Diamond,OH,41.098946,-81.022871,3.452333,nominatim
71958,BELL STORES,Dover,OH,40.520620,-81.474010,3.399000,gazetteer
9382,PILOT TRAVEL CENTERS #286,Eaton,OH,39.743940,-84.636620,3.462333,gazetteer
7176,TA DAYTON TRAVEL CENTER,Eaton,OH,39.743940,-84.636620,3.400667,gazetteer
72678,FLYING J #1056,Edon,OH,41.556440,-84.768850,3.899000,gazetteer
70571,LOVES TRAVEL STOP #748,Edon,OH,41.556440,-84.768850,3.887333,gazetteer
72116,FRIENDSHIP FOOD MART #90,Elyria,OH,41.368380,-82.107650,3.779000,gazetteer
72330,TRUE NORTH #325,Elyria,OH,41.368380,-82.107650,3.679000,gazetteer
71262,LOVES TRAVEL STOP #892,Etna,OH,39.957290,-82.681830,3.460667,gazetteer
71385,CASEYS #3907,Fairborn,OH,39.820890,-84.019380,3.679000,gazetteer
52413,PILOT TRAVEL CENTERS #360,Findlay,OH,41.044220,-83.649930,3.315667,gazetteer
61193,SPEEDWAY #8502,Findlay,OH,41.044220,-83.649930,3.299000,gazetteer
2602,PILOT TRAVEL CENTERS #9,Franklin,OH,39.558950,-84.304110,3.352333,gazetteer
5324,HY-MILER #2245,Fremont,OH,41.350330,-83.121860,3.382333,gazetteer
71962,BELLSTORES,Galion,OH,40.733670,-82.789900,3.499000,gazetteer
72335,VALERO,Galion,OH,40.733670,-82.789900,3.499000,gazetteer
72387,Williams Fuel Stop,Gallipolis,OH,38.809800,-82.202370,3.540667,gazetteer
628,KWIK FILL #227,Geneva,OH,39.662010,-82.433490,3.152333,gazetteer
67678,7-ELEVEN #40301,Genoa,OH,40.782840,-81.466510,3.662333,gazetteer
61439,7-ELEVEN #40302,Genoa,OH,40.782840,-81.466510,3.662333,gazetteer
63752,MR FUEL #732,Girard,OH,41.153950,-80.701470,3.239000,gazetteer
20045,PILOT TRAVEL CENTERS #281,Girard,OH,41.153950,-80.701470,3.452333,gazetteer
7364,Petro Stopping Center,Girard,OH,41.153950,-80.701470,3.452333,gazetteer
68110,CIRCLE K #4705573,Grafton,OH,41.272550,-82.054590,3.749000,gazetteer
71085,Sunoco,Greenville,OH,40.102830,-84.633010,3.599000,gazetteer
71288,SHEETZ #700,Groveport,OH,39.878400,-82.883790,3.059000,gazetteer
71639,PAR MAR FOOD STORE #13,Hannibal,OH,39.667539,-80.872127,3.899000,nominatim
64233,74 FUEL STOP,Harrison,OH,39.262000,-84.819950,3.859000,gazetteer
64230,Certified Oil #400423,Hebron,OH,39.961730,-82.491270,3.395667,gazetteer
9383,PILOT TRAVEL CENTERS #285,Hebron,OH,39.961730,-82.491270,3.445667,gazetteer
64229,SPEEDWAY #9385,Hebron,OH,39.961730,-82.491270,3.369000,gazetteer
7180,TA HebronTravel Center,Hebron,OH,39.961730,-82.491270,3.382333,gazetteer
403,TRUCKOMAT OF HEBRON,Hebron,OH,39.961730,-82.491270,3.429000,gazetteer
68113,CIRCLE K #4705571,Holland,OH,41.621720,-83.711600,3.549000,gazetteer
66115,FLYING J TRAVEL PLAZA #697,Hubbard,OH,41.156450,-80.569240,3.459000,gazetteer
67125,LOVES TRAVEL STOP #370,Hubbard,OH,41.156450,-80.569240,3.465667,gazetteer
7170,TRUCK WORLD TRUCKSTOP,Hubbard,OH,41.156450,-80.569240,3.259000,gazetteer
7331,SPEEDWAY #9266,Ironton,OH,38.536750,-82.682940,3.699000,gazetteer
2194,A AND A TRUCKSTOP,Jackson,OH,39.052020,-82.636550,3.799000,gazetteer
65411,CLARKS PUMP N SHOP #10,Jackson,OH,39.052020,-82.636550,3.699000,gazetteer
66045,FLYING J TRAVEL PLAZA #698,Jeffersonville,OH,39.653670,-83.563810,3.399000,gazetteer
66966,LOVES TRAVEL STOP #352,Jeffersonville,OH,39.653670,-83.563810,3.422333,gazetteer
71934,SHEETZ #759,Jeffersonville,OH,39.653670,-83.563810,3.065667,gazetteer
69183,SPEEDWAY #7611,Jeffersonville,OH,39.653670,-83.563810,3.229000,gazetteer
7184,TA JEFFERSONVILLE EAST TRAVEL CENTER,Jeffersonville,OH,39.653670,-83.563810,3.327333,gazetteer
70630,SPEEDWAY #3632,Kent,OH,41.153670,-81.357890,3.532333,gazetteer
7183,TA KINGSVILLE TRAVEL CENTER,Kingsville,OH,41.890774,-80.676618,3.882333,nominatim
71878,LOVES TRAVEL STOP #872,Lancaster,OH,39.713680,-82.599330,3.275667,gazetteer
71309,SUGAR CROSSING CONVENIENCE,Lancaster,OH,39.713680,-82.599330,3.382333,gazetteer
69616,FLYING J #552,Lebanon,OH,39.435340,-84.202990,3.399000,gazetteer
69067,AP FUEL STOP,Lima,OH,40.742550,-84.105230,3.080667,gazetteer
66509,FOUR STAR FOOD MART,Lima,OH,40.742550,-84.105230,3.144000,gazetteer
1376,FUEL MART #782,Lima,OH,40.742550,-84.105230,3.085667,gazetteer
67400,SPEEDWAY #3547,Lima,OH,40.742550,-84.105230,3.499000,gazetteer
63595,SPEEDWAY #5236,Lima,OH,40.742550,-84.105230,3.255667,gazetteer
70618,LOVES TRAVEL STOP #744,Lockbourne,OH,39.809230,-82.972404,3.455667,nominatim
63637,PILOT TRAVEL CENTERS #454,London,OH,39.886450,-83.448250,3.509000,gazetteer
72783,SHEETZ #770,London,OH,39.886450,-83.448250,2.999000,gazetteer
67298,SPEEDWAY #5360,London,OH,39.886450,-83.448250,3.099000,gazetteer
7166,TA London Travel Center,London,OH,39.886450,-83.448250,3.492333,gazetteer
522,GO MART FOOD STORE #57,Lore City,OH,39.984794,-81.458452,3.179000,nominatim
69005,SPEEDWAY #1017,Lore City,OH,39.984794,-81.458452,3.232333,nominatim
72196,MORGAN OIL,Lowellville,OH,41.035340,-80.536460,3.399000,gazetteer
71862,Loves Travel Stop #863,Madison,OH,41.771160,-81.049820,3.849000,gazetteer
71904,SHEETZ #745,Madison,OH,41.771160,-81.049820,3.082333,gazetteer
69885,BELL STORES #146,Malvern,OH,40.691730,-81.181210,3.579000,gazetteer
68823,FRIENDS FOOD MART,Mansfield,OH,40.758390,-82.515450,4.199000,gazetteer
68690,MARATHON,Mansfield,OH,40.758390,-82.515450,3.499000,gazetteer
61449,7-ELEVEN #40297,Mantua,OH,41.283940,-81.223990,3.532333,gazetteer
61450,7-ELEVEN #40298,Mantua,OH,41.283940,-81.223990,3.532333,gazetteer
65837,PILOT TRAVEL CENTERS #455,Marengo,OH,40.400894,-82.810733,3.719000,nominatim
72498,SHEETZ #760,Marengo,OH,40.400894,-82.810733,3.065667,nominatim
7389,GO MART FOOD STORE #58,Marietta,OH,39.415350,-81.454840,3.799000,gazetteer
60465,MOTOMART #4129,Marion,OH,40.588670,-83.128520,3.342333,gazetteer
68901,SPEEDWAY #1224,Mason,OH,39.360060,-84.309940,3.159000,gazetteer
65415,SPEEDWAY #9314,Massillon,OH,40.796720,-81.521510,3.482333,gazetteer
61453,CITGO,Maumee,OH,41.562830,-83.653820,3.499000,gazetteer
6058,MOTOR INN AUTO TRUCK STOP,Mendon,OH,40.673380,-84.518840,3.199000,gazetteer
72189,MARATHON,Middletown,OH,39.515060,-84.398280,3.215667,gazetteer
2255,S&G #36,Millbury,OH,41.566160,-83.424650,3.492333,gazetteer
52647,FLYING J TRAVEL PLAZA #699,Millersport,OH,39.900060,-82.534050,3.445667,gazetteer
69339,SPEEDWAY #9383,Monroe,OH,39.440340,-84.362160,3.202333,gazetteer
72989,THORNTONS #442562,Monroe,OH,39.440340,-84.362160,3.199000,gazetteer
7396,7-ELEVEN #36180,Monroeville,OH,41.244220,-82.696290,3.614000,gazetteer
1384,SUNOCO,Montpelier,OH,41.584500,-84.605510,3.415667,gazetteer
71961,BELL STORES #54,Mount Eaton,OH,40.694502,-81.703185,3.499000,nominatim
69402,SHELL,Mount Gilead,OH,40.549230,-82.827400,3.759000,gazetteer
6290,FUEL KING NAPOLEON TRAVEL CENTER,Napoleon,OH,41.392270,-84.125220,3.439000,gazetteer
71152,LOVES TRAVEL STOPS #841,Napoleon,OH,41.392270,-84.125220,3.689000,gazetteer
66870,PETRO STOPPING CENTER NAPOLEON,Napoleon,OH,41.392270,-84.125220,3.705667,gazetteer
66994,PILOT TRAVEL CENTERS #303,Napoleon,OH,41.392270,-84.125220,3.710667,gazetteer
70658,CASEYS #3708,New Carlisle,OH,39.936170,-84.025490,3.259000,gazetteer
72781,SHEETZ #774,New Concord,OH,39.993680,-81.734020,3.059000,gazetteer
7886,PETRO STOPPING CENTER #357,New Paris,OH,39.856990,-84.793290,3.487333,gazetteer
2895,EAGLE TRUCK STOP,New Philadelphia,OH,40.489790,-81.445670,3.315667,gazetteer
61458,7-ELEVEN #40299,New Springfield,OH,40.917222,-80.605874,3.532333,nominatim
61459,7-ELEVEN #40300,New Springfield,OH,40.917222,-80.605874,3.532333,nominatim
71950,77/36 DUCHESS,Newcomerstown,OH,40.272290,-81.605950,3.299000,gazetteer
71039,TURNPIKE MARKET EXPRESS,Newton Falls,OH,41.188390,-80.978150,3.259000,gazetteer
7403,FUEL MART #714,North Baltimore,OH,41.182830,-83.678270,3.112333,gazetteer
67034,LOVES TRAVEL STOP #356,North Baltimore,OH,41.182830,-83.678270,3.347333,gazetteer
9386,PETRO STOPPING CENTER #325,North Baltimore,OH,41.182830,-83.678270,3.270667,gazetteer
71524,Loves Travel Stop #813,North Canton,OH,40.875890,-81.402340,3.627333,gazetteer
5603,TA NORTH CANTON TRAVEL CENTER,North Canton,OH,40.875890,-81.402340,3.624000,gazetteer
72782,SHEETZ #791,North Jackson,OH,41.100127,-80.857174,3.065667,nominatim
69944,TRUCK WORLD,North Jackson,OH,41.100127,-80.857174,3.259000,nominatim
72996,LOVES TRAVEL STOP #504,North Lima,OH,40.948217,-80.658496,3.787333,nominatim
5306,PILOT TRAVEL CENTERS #11,North Lima,OH,40.948217,-80.658496,3.799000,nominatim
70125,SPEEDWAY #7391,North Lima,OH,40.948217,-80.658496,3.699000,nominatim
71162,CIRCLE K #4705694,Norwalk,OH,41.242550,-82.615730,3.614000,gazetteer
69870,CIRCLE K #4705720,Oregon,OH,41.643660,-83.486880,3.609000,gazetteer
61461,S&G,Oregon,OH,41.643660,-83.486880,3.599000,gazetteer
71496,SPEEDWAY/7fleet #1052,Orrville,OH,40.843670,-81.764020,3.499000,gazetteer
72134,Gulf,Parkman,OH,41.370344,-81.063885,3.649000,nominatim
69412,CIRCLE K #4705724,Paulding,OH,41.138110,-84.580510,3.699000,gazetteer
20042,FLYING J TRAVEL PLAZA #700,Perrysburg,OH,41.557000,-83.627160,3.759000,gazetteer
407,FUEL MART #641,Perrysburg,OH,41.557000,-83.627160,3.499000,gazetteer
67635,LOVES TRAVEL STOP #456,Perrysburg,OH,41.557000,-83.627160,3.760667,gazetteer
2967,PETRO STOPPING CENTER #317,Perrysburg,OH,41.557000,-83.627160,3.785667,gazetteer
6252,PILOT TRAVEL CENTERS #12,Perrysburg,OH,41.557000,-83.627160,3.759000,gazetteer
7172,TA TOLEDO EAST TRAVEL CENTER,Perrysburg,OH,41.557000,-83.627160,3.780667,gazetteer
20043,FRIENDSHIP FOOD MART #70,Port Clinton,OH,41.512000,-82.937690,3.939000,gazetteer
5160,FUEL MART #727,Quaker City,OH,39.970071,-81.299280,3.165667,nominatim
2196,Certified Oil #400410,Ravenna,OH,41.157560,-81.242050,3.315667,gazetteer
66050,PILOT TRAVEL CENTERS #130,Richfield,OH,41.239780,-81.638180,3.799000,gazetteer
68124,CIRCLE K #4705587,Rittman,OH,40.978110,-81.782080,3.659000,gazetteer
66775,GO MART,Rockbridge,OH,39.579788,-82.522103,3.499000,nominatim
65423,BARNEYS CONVENIENCE MART #15,Rossford,OH,41.609770,-83.564380,3.599000,gazetteer
67383,FRIENDSHIP FOOD MART #96,Sandusky,OH,41.448940,-82.707960,3.529000,gazetteer
4905,HY-MILER #2204,Sandusky,OH,41.448940,-82.707960,3.532333,gazetteer
207,MARATHON,Sardinia,OH,39.007840,-83.808540,3.565667,gazetteer
69217,Circle K #4705624,Seville,OH,41.010060,-81.862360,3.065667,gazetteer
71947,PETRO USA,Seville,OH,41.010060,-81.862360,3.079000,gazetteer
391,PILOT TRAVEL CENTERS #13,Seville,OH,41.010060,-81.862360,3.699000,gazetteer
71832,SHEETZ #753,Seville,OH,41.010060,-81.862360,3.082333,gazetteer
1379,TA LODI TRAVEL CENTER,Seville,OH,41.010060,-81.862360,3.739000,gazetteer
71949,24 STORE SHELBY,Shelby,OH,40.881450,-82.661840,3.499000,gazetteer
70338,LOVES TRAVEL STOP #747,Sidney,OH,40.284220,-84.155500,3.345667,gazetteer
71364,QUICK FUEL #3188,Sidney,OH,40.284220,-84.155500,3.332333,gazetteer
6229,FUEL MART #764,South Vienna,OH,39.927005,-83.612424,3.129000,nominatim
68959,SPEEDWAY #5215,South Vienna,OH,39.927005,-83.612424,3.159000,nominatim
69900,LOVES TRAVEL STOP #605,Springfield,OH,39.924230,-83.808820,3.479000,gazetteer
72688,SHEETZ #772,Springfield,OH,39.924230,-83.808820,3.054000,gazetteer
67647,BUCHS TRUCK STOP,Steubenville,OH,40.369790,-80.633960,3.692333,gazetteer
70081,PILOT EXPRESS #1032,Steubenville,OH,40.369790,-80.633960,3.629000,gazetteer
65431,QUICK MART AND MORE,Steubenville,OH,40.369790,-80.633960,3.639000,gazetteer
69983,MICKEY MART #57,Strasburg,OH,40.594780,-81.526790,3.492333,gazetteer
52385,Flying J Travel Plaza #696,Sunbury,OH,40.242560,-82.859070,3.719000,gazetteer
388,Pilot Travel Centers #14,Sunbury,OH,40.242560,-82.859070,3.719000,gazetteer
64235,PENNZMART FUEL EXPRESS,Tiffin,OH,41.114500,-83.177970,3.431500,gazetteer
70778,CASEYS #3588,Tipp City,OH,39.958390,-84.172160,3.099000,gazetteer
3616,PILOT TRAVEL CENTERS #15,Toledo,OH,41.663940,-83.555210,3.772333,gazetteer
64503,QUICK FUEL #2304,Toledo,OH,41.663940,-83.555210,3.600667,gazetteer
72288,S&G #88,Toledo,OH,41.663940,-83.555210,3.009000,gazetteer
66508,SAMS SUNOCO,Toledo,OH,41.663940,-83.555210,3.399000,gazetteer
69394,SPEEDWAY #3424,Troy,OH,40.039500,-84.203280,3.135667,gazetteer
62918,CIRCLE K #4705567,Twinsburg,OH,41.312560,-81.440110,3.632333,gazetteer
71326,CIRCLE K #4705730,Twinsburg,OH,41.312560,-81.440110,3.989000,gazetteer
64236,KFC TRAVELMART,Upper Sandusky,OH,40.827280,-83.281310,3.249000,gazetteer
69958,LOVES TRAVEL STOP #693,Upper Sandusky,OH,40.827280,-83.281310,3.889000,gazetteer
66964,PILOT TRAVEL CENTERS #239,Upper Sandusky,OH,40.827280,-83.281310,3.899000,gazetteer
70031,SPEEDWAY #8020,Upper Sandusky,OH,40.827280,-83.281310,3.799000,gazetteer
68946,FLYING J #97,Vandalia,OH,39.890610,-84.198830,3.352333,gazetteer
70319,SPEEDWAY #3650,Wadsworth,OH,41.025610,-81.729850,3.699000,gazetteer
66854,TA WAPAKONETA TRAVEL CENTER,Wapakoneta,OH,40.567830,-84.193560,3.282333,gazetteer
72597,CIRCLE K #4705697,Warren,OH,41.237560,-80.818420,3.612333,gazetteer
69117,SPEEDWAY #6395,Waterville,OH,41.500890,-83.718270,3.699000,gazetteer
4887,SUNOCO,Wauseon,OH,41.549220,-84.141610,3.699000,gazetteer
6096,Waverly Travel Center,Waverly,OH,39.126730,-82.985460,3.415667,gazetteer
67618,7-ELEVEN #40441,West Unity,OH,41.586160,-84.434950,3.662333,gazetteer
67619,7-ELEVEN #40442,West Unity,OH,41.586160,-84.434950,3.662333,gazetteer
70635,CIRCLE K #4705706,Willard,OH,41.053110,-82.726290,3.599000,gazetteer
7408,FRIENDSHIP FOOD MART #99,Willard,OH,41.053110,-82.726290,3.632333,gazetteer
72922,SUNOCO,Willoughby,OH,41.639770,-81.406500,3.859000,gazetteer
3620,One9 #16,Wilmington,OH,39.445340,-83.828540,3.142333,gazetteer
71960,BELL STORES #1159,Wooster,OH,40.805170,-81.936460,3.659000,gazetteer
60473,BELL STORES #50,Wooster,OH,40.805170,-81.936460,3.599000,gazetteer
72927,Bell Stores #165,Wooster,OH,40.805170,-81.936460,3.515667,gazetteer
64525,PILOT TRAVEL CENTERS #3,Youngstown,OH,41.099780,-80.649520,3.452333,gazetteer
72445,SHEETZ #639,Youngstown,OH,41.099780,-80.649520,3.059000,gazetteer
7169,TA YOUNGSTOWN TRAVEL CENTER,Youngstown,OH,41.099780,-80.649520,3.444000,gazetteer
66020,LOVES TRAVEL STOP #221,Zanesville,OH,39.940350,-82.013190,3.482333,gazetteer
69123,LATTA TRAVEL STOP,Ada,OK,34.774530,-96.678340,3.107333,gazetteer
63759,BUFFALO RANCH,Afton,OK,36.693690,-94.963020,3.099000,gazetteer
72193,MERRIMAN COUNTRY STORE,Allen,OK,34.878980,-96.412510,3.099000,gazetteer
71927,Allsups Convenience #2420,Altus,OK,34.638130,-99.333980,2.979000,gazetteer
64243,Caseys #4519,Altus,OK,34.638130,-99.333980,3.005667,gazetteer
70888,HUTCHS #125,Altus,OK,34.638130,-99.333980,2.999000,gazetteer
71105,SHEPHERD 700,Alva,OK,36.804990,-98.667180,3.219000,gazetteer
71615,HUTCHS #128,Anadarko,OK,35.072560,-98.243660,2.999000,gazetteer
61968,FLYING J TRAVEL PLAZA #701,Ardmore,OK,34.174260,-97.143630,3.659000,gazetteer
70385,LONGHORN EXPRESS,Ardmore,OK,34.174260,-97.143630,3.009000,gazetteer
52455,LOVES TRAVEL STOP #266,Ardmore,OK,34.174260,-97.143630,3.649000,gazetteer
71197,ASAP GENERAL STORE #304,Arnett,OK,36.135040,-99.774840,3.232333,gazetteer
73106,ALLSUPS CONVENIENCE STORE #2472,Atoka,OK,34.385930,-96.128330,2.967333,gazetteer
65912,ATOKA FUEL,Atoka,OK,34.385930,-96.128330,3.179000,gazetteer
52480,LOVES TRAVEL STOP #268,Atoka,OK,34.385930,-96.128330,3.489000,gazetteer
69576,PILOT #498,Atoka,OK,34.385930,-96.128330,3.499000,gazetteer
71193,ASAP GENERAL STORE #308,Bartlesville,OK,36.747310,-95.980820,3.191000,gazetteer
70557,LOVES TRAVEL STOP #727,Big Cabin,OK,36.537865,-95.221358,3.412333,nominatim
7,WOODSHED OF BIG CABIN,Big Cabin,OK,36.537865,-95.221358,3.007333,nominatim
1391,ONCUE EXPRESS #2045,Billings,OK,36.528920,-97.443940,3.215667,gazetteer
70750,CASEYS #3787,Blackwell,OK,36.804480,-97.282820,2.999000,gazetteer
67316,LOVES TRAVEL STOP #302,Boise City,OK,36.729470,-102.513240,3.402333,gazetteer
6326,KANZA TRAVEL PLAZA,Braman,OK,36.923640,-97.333655,3.027333,nominatim
69928,KUM & GO #1837,Broken Arrow,OK,36.052600,-95.790820,3.052333,gazetteer
72811,QUIKTRIP #50,Broken Arrow,OK,36.052600,-95.790820,3.129000,gazetteer
64521,CHOCTAW TRAVEL PLAZA #635,Broken Bow,OK,34.029280,-94.739100,2.999000,gazetteer
72104,LOVES TRAVEL STOP #170,CHANDLER,OK,35.701730,-96.880860,3.087333,gazetteer
64244,CHOCTAW NATION DURANT WEST #632,Calera,OK,33.934540,-96.428600,3.089000,gazetteer
67090,LOVES TRAVEL STOP #373,Calera,OK,33.934540,-96.428600,3.229000,gazetteer
7574,108 FOOD AND FUEL,Calumet,OK,35.601160,-98.118670,3.135667,gazetteer
3139,CHEROKEE TRAVEL MART,Calumet,OK,35.601160,-98.118670,3.105667,gazetteer
63428,FLYING J TRAVEL PLAZA #702,Checotah,OK,35.470100,-95.523040,3.699000,gazetteer
68856,KWIK N EZ #1,Checotah,OK,35.470100,-95.523040,2.909000,gazetteer
68964,JIFFY TRIP #201,Cherokee,OK,36.754470,-98.356740,3.269000,gazetteer
70353,ASAP General Store #314,Chickasha,OK,35.052570,-97.936430,3.132333,gazetteer
7611,LOVES TRAVEL STOP #167,Chickasha,OK,35.052570,-97.936430,3.165667,gazetteer
424,E EXPRESS,Choctaw,OK,35.497560,-97.268920,2.899000,gazetteer
69134,LOVES TRAVEL STOP #486,Choctaw,OK,35.497560,-97.268920,3.337333,gazetteer
63586,LOVES TRAVEL STOP #295,Chouteau,OK,36.185930,-95.343020,3.290667,gazetteer
69413,ASAP GENERAL STORE #300,Clinton,OK,35.515610,-98.967310,3.149000,gazetteer
1395,DOMINO FOOD AND FUEL #1,Clinton,OK,35.515610,-98.967310,3.099000,gazetteer
7625,LOVES TRAVEL STOP #248,Clinton,OK,35.515610,-98.967310,3.172333,gazetteer
7622,COPAN TRUCK STOP,Copan,OK,36.897580,-95.926090,3.119000,gazetteer
72895,Allsups#2465,Davis,OK,34.504530,-97.119460,2.967333,gazetteer
7627,DAVIS TRADING POST,Davis,OK,34.504530,-97.119460,2.979000,gazetteer
60476,PETES #11,Dewey,OK,36.795920,-95.935540,3.154000,gazetteer
70753,CASEYS #3798,Drumright,OK,35.988400,-96.601130,3.119000,gazetteer
69943,ASAP GENERAL STORE #313,Duncan,OK,34.502300,-97.957810,3.132333,gazetteer
71313,LOVES TRAVEL STOP #821,Durant,OK,33.993990,-96.370820,3.489000,gazetteer
63502,FLYING J TRAVEL PLAZA #704,Edmond,OK,35.652830,-97.478100,3.305667,gazetteer
72090,DOMINO #128,El Reno,OK,35.532270,-97.955050,3.199000,gazetteer
70305,LOVES TRAVEL STOP #737,El Reno,OK,35.532270,-97.955050,3.344000,gazetteer
73081,ALLSUPS #2476,Elk City,OK,35.411990,-99.404260,2.930667,gazetteer
65441,HUTCH'S #103,Elk City,OK,35.411990,-99.404260,2.969000,gazetteer
67715,HUTCH'S #109,Elk City,OK,35.411990,-99.404260,2.969000,gazetteer
68343,HUTCH'S #119,Elk City,OK,35.411990,-99.404260,2.969000,gazetteer
3974,LOVES TRAVEL STOP #201,Elk City,OK,35.411990,-99.404260,3.125667,gazetteer
4113,ASAP GENERAL STORE #330,Enid,OK,36.395590,-97.878390,3.082333,gazetteer
67338,HUTCH'S #114,Enid,OK,36.395590,-97.878390,2.999000,gazetteer
69742,LOVES TRAVEL STOP #630,Enid,OK,36.395590,-97.878390,3.787333,gazetteer
7655,LOVES TRAVEL STOP #253,Erick,OK,35.215330,-99.866490,3.205667,gazetteer
63799,LOVES TRAVEL STOP #204,Eufaula,OK,35.287220,-95.582500,3.689000,gazetteer
71195,ASAP GENERAL STORE #301,Geary,OK,35.631160,-98.317290,3.132333,gazetteer
61477,CHOCTAW NATION GRANT #633,Grant,OK,33.942803,-95.515039,2.999000,nominatim
69475,GUTHRIE TRAVEL CENTER,Guthrie,OK,35.878940,-97.425320,2.965667,gazetteer
69589,LOVES TRAVEL STOP #604,Guthrie,OK,35.878940,-97.425320,3.319000,gazetteer
483,ALLSUPS #2387,Guymon,OK,36.682800,-101.481550,2.975667,gazetteer
66649,CHOCTAW TRAVEL PLAZA #637,Heavener,OK,34.889270,-94.600780,3.299000,gazetteer
72287,CASEY'S #4522,Hennessey,OK,36.109200,-97.898670,3.059000,gazetteer
71609,QUIKTRIP #73,Henryetta,OK,35.439830,-95.981940,3.025667,gazetteer
72490,ASAP GENERAL STORE #322,Hinton,OK,35.471440,-98.355620,3.132333,gazetteer
67064,LOVES TRAVEL STOP #385,Hinton,OK,35.471440,-98.355620,3.385667,gazetteer
2764,LOVES TRAVEL STOP #046,Hooker,OK,36.860030,-101.213500,3.562333,gazetteer
65444,TXB #24 dba Kwik Chek Food Stores,Hugo,OK,34.010660,-95.509680,2.969000,gazetteer
72548,GASQUATCH,Idabel,OK,33.895660,-94.826330,3.107333,gazetteer
65445,QWIK CHEQUE,Idabel,OK,33.895660,-94.826330,3.199000,gazetteer
67735,Fast Fuel,Kingfisher,OK,35.861430,-97.931720,3.190667,gazetteer
73128,ALLSUPS CONVENIENCE STORE #2477,Kiowa,OK,34.720650,-95.899160,2.957333,gazetteer
20049,LOVES TRAVEL STOP #263,Lawton,OK,34.608690,-98.390330,3.217333,gazetteer
69651,LOVES TRAVEL STOP #074,Lindsay,OK,34.834800,-97.602530,3.090667,gazetteer
72639,ALLSUPS #2423,Madill,OK,34.090380,-96.771670,2.959000,gazetteer
70262,ASAP GENERAL STORE #332,Madill,OK,34.090380,-96.771670,3.015667,gazetteer
70453,MARIETTA PETROLEUM,Marietta,OK,33.937040,-97.116680,2.922333,gazetteer
69811,Chisholm Corner #16,Marlow,OK,34.648130,-97.958090,3.015667,gazetteer
70757,CASEYS #3811,McAlester,OK,34.933430,-95.769710,3.225667,gazetteer
72105,LOVES TRAVEL STOP #171,McAlester,OK,34.933430,-95.769710,3.437333,gazetteer
72180,LITTLEFIELD EXPRESS #4,Muldrow,OK,35.406200,-94.598830,3.419000,gazetteer
63532,FUELSMART,Muskogee,OK,35.747880,-95.369690,3.252333,gazetteer
7753,LOVES TRAVEL STOP #166,Muskogee,OK,35.747880,-95.369690,3.337333,gazetteer
71557,MUSKOGEE TRAVEL PLAZA,Muskogee,OK,35.747880,-95.369690,3.015667,gazetteer
66894,PILOT TRAVEL CENTERS #259,Muskogee,OK,35.747880,-95.369690,3.322333,gazetteer
69495,QUIKTRIP #72,Muskogee,OK,35.747880,-95.369690,3.032333,gazetteer
70068,LOVES TRAVEL STOP #712,Newcastle,OK,35.247290,-97.599760,3.425667,gazetteer
72155,JIFFY TRIP #142,Newkirk,OK,36.882250,-97.053370,3.059000,gazetteer
67764,NINNEKAH TRUCK STOP,Ninnekah,OK,34.947850,-97.923930,3.229000,gazetteer
20050,LOVES TRAVEL STOP #260,Norman,OK,35.222570,-97.439480,3.254000,gazetteer
70769,CASEYS #3527,Nowata,OK,36.700650,-95.638030,3.182333,gazetteer
69654,LOVES TRAVEL STOP #636,Nowata,OK,36.700650,-95.638030,3.399000,gazetteer
72882,CASEYS #4330,Okemah,OK,35.432590,-96.305010,2.925667,gazetteer
52658,LOVES TRAVEL STOP #274,Okemah,OK,35.432590,-96.305010,3.355667,gazetteer
63575,OKEMAH TRAVEL CENTER,Okemah,OK,35.432590,-96.305010,2.879000,gazetteer
67666,5 STAR TRUCK STOP,Oklahoma City,OK,35.467560,-97.516430,2.879000,gazetteer
52635,E EXPRESS at MLK,Oklahoma City,OK,35.467560,-97.516430,2.889000,gazetteer
3383,E-Express at Central Truck Stop,Oklahoma City,OK,35.467560,-97.516430,2.879000,gazetteer
52468,FLYING J TRAVEL PLAZA #703,Oklahoma City,OK,35.467560,-97.516430,3.309000,gazetteer
4227,LOVES TRAVEL STOP #203,Oklahoma City,OK,35.467560,-97.516430,3.355667,gazetteer
3973,LOVES TRAVEL STOP #205,Oklahoma City,OK,35.467560,-97.516430,3.319000,gazetteer
8840,LOVES TRAVEL STOP #211,Oklahoma City,OK,35.467560,-97.516430,3.255667,gazetteer
72643,ONCUE #147,Oklahoma City,OK,35.467560,-97.516430,3.049000,gazetteer
421,PETRO STOPPING CENTER #316,Oklahoma City,OK,35.467560,-97.516430,3.302333,gazetteer
64676,PILOT TRAVEL CENTERS #460,Oklahoma City,OK,35.467560,-97.516430,3.309000,gazetteer
72787,QUIKTRIP #7011,Oklahoma City,OK,35.467560,-97.516430,3.032333,gazetteer
7156,TA OKLAHOMA CITY EAST TRAVEL CENTER,Oklahoma City,OK,35.467560,-97.516430,3.300667,gazetteer
7154,TA OKLAHOMA CITY WEST TRAVEL CENTER,Oklahoma City,OK,35.467560,-97.516430,3.302333,gazetteer
69818,LOVES TRAVEL STOP #675,Okmulgee,OK,35.623440,-95.960550,3.217333,gazetteer
64261,Phillips 66,Okmulgee,OK,35.623440,-95.960550,2.989000,gazetteer
65451,Petes #15,Oologah,OK,36.447040,-95.708320,3.159000,gazetteer
68912,Chisholm Corner #13,Pauls Valley,OK,34.740080,-97.222250,3.089000,gazetteer
6318,Chisholm Corner #15,Pauls Valley,OK,34.740080,-97.222250,3.387333,gazetteer
67620,LOVES TRAVEL STOP #452,Pauls Valley,OK,34.740080,-97.222250,3.649000,gazetteer
8895,PAULS VALLEY TRAVEL CENTER,Pauls Valley,OK,34.740080,-97.222250,2.999000,gazetteer
68411,PAWNEE TRAVEL PLAZA,Pawnee,OK,36.337830,-96.803920,3.044000,gazetteer
71147,CASEYS #3910,Perkins,OK,35.973940,-97.033640,3.015667,gazetteer
71831,Loves Travel Stop #865,Perry,OK,36.289490,-97.288100,3.389000,gazetteer
3843,ONCUE EXPRESS #61,Perry,OK,36.289490,-97.288100,3.215667,gazetteer
66136,CHOCTAW TRAVEL PLAZA #638,Poteau,OK,35.053710,-94.623560,3.299000,gazetteer
4101,E-Z MART #4411,Pryor,OK,36.308430,-95.316910,3.099000,gazetteer
70191,LOVES TRAVEL STOP #734,Randlett,OK,34.177314,-98.463666,3.120667,nominatim
69963,7 CLANS RED ROCK GASINO,Red Rock,OK,36.459208,-97.178932,3.089000,nominatim
64256,CHEROKEE TRAVEL PLAZA,Roland,OK,35.421200,-94.514660,3.799000,gazetteer
63755,PILOT TRAVEL CENTERS #196,Roland,OK,35.421200,-94.514660,3.739000,gazetteer
66598,WOODSHED LL,S Coffeyville,OK,36.994525,-95.620255,3.099000,nominatim
69842,KUM & GO #0863,Sapulpa,OK,35.998700,-96.114170,3.232333,gazetteer
64682,FLYING J TRAVEL PLAZA #705,Sayre,OK,35.291160,-99.640100,3.182333,gazetteer
69952,HUTCH'S #120,Sayre,OK,35.291160,-99.640100,2.984000,gazetteer
6468,TA SAYRE TRAVEL CENTER,Sayre,OK,35.291160,-99.640100,3.064000,gazetteer
69580,GORES TRAVEL PLAZA,Seiling,OK,36.148100,-98.924260,3.149000,gazetteer
70747,CASEYS #3702,Seminole,OK,35.224520,-96.670570,3.025667,gazetteer
8927,LOVES TRAVEL STOP #219,Seminole,OK,35.224520,-96.670570,3.362333,gazetteer
68315,SHELL,Seminole,OK,35.224520,-96.670570,2.859000,gazetteer
69165,EL TIPI QUICK STOP,Shattuck,OK,36.276140,-99.882760,3.232333,gazetteer
69959,BISCUIT HILL TRAVEL PLAZA,Shawnee,OK,35.327290,-96.925300,2.909000,gazetteer
67423,FIRELAKE GRAND TRAVEL PLAZA,Shawnee,OK,35.327290,-96.925300,2.899000,gazetteer
61492,SPRINGER TRAVEL PLAZA,Springer,OK,34.314540,-97.142790,2.915667,gazetteer
67876,KUM & GO #0880,Stillwater,OK,36.115610,-97.058370,2.954000,gazetteer
68839,CHOCTAW TRAVEL PLAZA #641,Stringtown,OK,34.466760,-96.053325,3.159000,nominatim
66778,LOVES TRAVEL STOP #169,Stroud,OK,35.748680,-96.658070,3.144000,gazetteer
69601,LOVES TRAVEL STOP #638,Texhoma,OK,36.505030,-101.782940,3.509000,gazetteer
72814,ALLSUPS #2468,Thackerville,OK,33.795524,-97.143873,2.917333,nominatim
65457,THACKERSVILLE TRAVEL PLAZA,Thackerville,OK,33.795524,-97.143873,2.932333,nominatim
71196,ASAP GENERAL STORE #302,Thomas,OK,35.744220,-98.747580,3.132333,gazetteer
3165,LOVES TRAVEL STOP #213,Tonkawa,OK,36.678370,-97.310040,3.584000,gazetteer
69155,PILOT TRAVEL CENTERS #1004,Tonkawa,OK,36.678370,-97.310040,3.595667,gazetteer
66895,TA Express Tonkawa,Tonkawa,OK,36.678370,-97.310040,3.294000,gazetteer
69926,TONKAWA TRADING POST,Tonkawa,OK,36.678370,-97.310040,2.999000,gazetteer
68328,TONKAWA TRAVEL CENTER,Tonkawa,OK,36.678370,-97.310040,3.099000,gazetteer
71084,FIESTA MART #42,Tulsa,OK,36.153980,-95.992770,3.165667,gazetteer
63726,FLYING J TRAVEL PLAZA #706,Tulsa,OK,36.153980,-95.992770,3.365667,gazetteer
3164,QUIKTRIP #102,Tulsa,OK,36.153980,-95.992770,3.039000,gazetteer
72390,QUIKTRIP #46,Tulsa,OK,36.153980,-95.992770,3.142333,gazetteer
72391,QUIKTRIP #56,Tulsa,OK,36.153980,-95.992770,3.142333,gazetteer
72810,QUIKTRIP #7,Tulsa,OK,36.153980,-95.992770,3.119000,gazetteer
3163,QUIKTRIP #71,Tulsa,OK,36.153980,-95.992770,3.039000,gazetteer
72331,TUPELO TRAVEL STOP,Tupelo,OK,34.604814,-96.424169,2.999000,nominatim
69590,LOVES TRAVEL STOP #654,Union City,OK,35.391720,-97.941440,3.375667,gazetteer
69584,LOVES TRAVEL STOP #648,Valliant,OK,34.002330,-95.093840,3.099000,gazetteer
70188,KUM & GO #0890,Vinita,OK,36.638690,-95.154130,3.059000,gazetteer
69698,KUM & GO #0891,Vinita,OK,36.638690,-95.154130,3.059000,gazetteer
8977,LOVES TRAVEL STOP #168,Walters,OK,34.359810,-98.307830,3.194000,gazetteer
67941,FIESTA MART #21,Warner,OK,35.494260,-95.305520,3.639000,gazetteer
66676,HUTCH'S #118,Watonga,OK,35.844770,-98.413130,3.099000,gazetteer
70640,LOVES TRAVEL STOP #794,Watonga,OK,35.844770,-98.413130,3.375667,gazetteer
69833,LOVES TRAVEL STOP #658,Watts,OK,36.109249,-94.570220,3.347333,nominatim
64264,CASEYS #4594,Waurika,OK,34.167040,-97.997540,3.077333,gazetteer
64265,ASAP GENERAL STORE #101,Weatherford,OK,35.526160,-98.707570,3.132333,gazetteer
71194,ASAP GENERAL STORE #104,Weatherford,OK,35.526160,-98.707570,3.132333,gazetteer
8987,LOVES TRAVEL STOP #255,Webbers Falls,OK,35.510930,-95.129960,3.789000,gazetteer
71592,THE WOODSHED,Welch,OK,36.873690,-95.095800,3.099000,gazetteer
69893,DOMINO EXPRESS #24,Woodward,OK,36.433650,-99.390390,2.999000,gazetteer
63793,HUTCH'S #113,Woodward,OK,36.433650,-99.390390,2.999000,gazetteer
72106,Loves Country Store #118,Wynnewood,OK,34.643420,-97.164470,2.989000,gazetteer
72857,7-ELEVEN #42019,Yukon,OK,35.506720,-97.762540,3.159000,gazetteer
70267,LOVES TRAVEL STOP #728,Albany,OR,44.636510,-123.105930,3.847333,gazetteer
636,UNION 76,Albany,OR,44.636510,-123.105930,3.379000,gazetteer
2635,FLYING J #584,Aurora,OR,45.230950,-122.755930,3.859000,gazetteer
5821,TA PORTLAND TRAVEL CENTER,Aurora,OR,45.230950,-122.755930,4.032333,gazetteer
6633,BAKER TRUCK CORRAL,Baker City,OR,44.774870,-117.834380,3.425667,gazetteer
66553,JACKSONS FOOD STORE #83,Baker City,OR,44.774870,-117.834380,3.599000,gazetteer
72995,LOVES TRAVEL STOP #569,Baker City,OR,44.774870,-117.834380,3.457333,gazetteer
73117,MAVERIK #722,Baker City,OR,44.774870,-117.834380,3.459000,gazetteer
69712,LOVES TRAVEL STOP #650,Boardman,OR,45.839860,-119.700580,3.522333,gazetteer
5477,CHEVRON #383766,Halsey,OR,44.384010,-123.109810,3.099000,gazetteer
66025,SPACE AGE TRAVEL CENTER,Hermiston,OR,45.840410,-119.289460,3.332333,gazetteer
6106,TA HUNTINGTON,Huntington,OR,44.351157,-117.266341,3.639000,nominatim
6480,FLYING J #934,La Grande,OR,45.324580,-118.087720,3.535667,gazetteer
20054,Jacksons Food Stores,La Grande,OR,45.324580,-118.087720,3.687000,gazetteer
71057,LOVES TRAVEL STOP #795,Madras,OR,44.633450,-121.129490,3.689000,gazetteer
71113,PLATEU TRAVEL PLAZA,Madras,OR,44.633450,-121.129490,3.359000,gazetteer
67167,LOVES TRAVEL STOP #372,Ontario,OR,44.026550,-116.962940,3.689000,gazetteer
63574,PILOT TRAVEL CENTERS #232,Ontario,OR,44.026550,-116.962940,3.699000,gazetteer
6951,ARROWHEAD TRAVEL PLAZA,Pendleton,OR,45.672070,-118.788600,3.259000,gazetteer
7147,JUBITZ TRAVEL PLAZA,Portland,OR,45.523450,-122.676210,3.859000,gazetteer
52630,PILOT TRAVEL CENTERS #386,Salem,OR,44.942900,-123.035100,3.859000,gazetteer
52624,PILOT TRAVEL CENTERS #390,Stanfield,OR,45.780410,-119.217240,3.469000,gazetteer
578,LOVES TRAVEL STOP #449,Troutdale,OR,45.539290,-122.387310,3.779000,gazetteer
7148,TA TROUTDALE TRAVEL CENTER,Troutdale,OR,45.539290,-122.387310,3.932333,gazetteer
66550,CIRCLE K #2709663,Umatilla,OR,45.917350,-119.342520,3.639000,gazetteer
6944,CROSSROADS TRUCK STOP,Umatilla,OR,45.917350,-119.342520,3.239000,gazetteer
70667,EZ TRIP #1226,Wasco,OR,45.591711,-120.698155,3.239000,nominatim
66041,PILOT TRAVEL CENTERS #195,Wasco,OR,45.591711,-120.698155,3.865667,nominatim
70669,TA EXPRESS BIGGS,Wasco,OR,45.591711,-120.698155,3.199000,nominatim
62996,MARTIN GENERAL STORE,Alexandria,PA,40.556459,-78.097785,3.539000,nominatim
61571,7-ELEVEN #40280,Allentown,PA,40.608430,-75.490180,3.589000,gazetteer
70926,QUARLES #4431,Allentown,PA,40.608430,-75.490180,3.989000,gazetteer
9161,TREXLER PLAZA TRUCK STOP,Allentown,PA,40.608430,-75.490180,3.632333,gazetteer
68191,MARTIN GENERAL STORE # 207,Altoona,PA,40.518680,-78.394740,3.539000,gazetteer
69719,SHEETZ #033,Altoona,PA,40.518680,-78.394740,3.529000,gazetteer
69982,RUTTERS #68,Annville,PA,40.329540,-76.515240,4.299000,gazetteer
68506,WARRIOR RIDGE,Ashland,PA,40.781750,-76.345780,3.699000,gazetteer
70142,ONVO TRAVEL PLAZA - AVIS,Avis,PA,41.184790,-77.313860,3.539000,gazetteer
69369,SPEEDWAY #2912,Baden,PA,40.635070,-80.228120,3.912333,gazetteer
61508,7-ELEVEN #40275,Bedford,PA,40.018690,-78.503910,4.199000,gazetteer
61509,7-ELEVEN #40275,Bedford,PA,40.018690,-78.503910,4.199000,gazetteer
65513,GETGO #3602,Bedford,PA,40.018690,-78.503910,4.092333,gazetteer
71874,Rutters #85,Bedford,PA,40.018690,-78.503910,4.099000,gazetteer
2287,SAC SHOP #511,Bedford,PA,40.018690,-78.503910,4.099000,gazetteer
70687,RUTTERS #87,Bellefonte,PA,40.913390,-77.778330,4.015667,gazetteer
68155,SHEETZ #181,Bellefonte,PA,40.913390,-77.778330,3.729000,gazetteer
64270,PENN JERSEY DIESEL & TRAILER,Bensalem,PA,40.104550,-74.951280,4.199000,gazetteer
52594,PILOT TRAVEL CENTERS #348,Bentleyville,PA,40.116740,-80.008390,4.109000,gazetteer
66531,MIDWAY EXXON TRAVEL CENTER,Bethel,PA,40.344236,-80.042831,3.359000,nominatim
61511,MIDWAY FUEL AND TRUCK WASH,Bethel,PA,40.344236,-80.042831,3.364000,nominatim
65514,ONVO TRAVEL PLAZA,Bethel,PA,40.344236,-80.042831,3.347333,nominatim
69783,SHEETZ #603,Bethel,PA,40.344236,-80.042831,3.327333,nominatim
69110,SHEETZ #498,Blairsville,PA,40.431180,-79.260870,3.527333,gazetteer
70164,ONVO TRAVEL PLAZA - BLAKESLEE,Blakeslee,PA,41.092513,-75.592668,3.565667,nominatim
72583,SHEETZ #769,Bloomsburg,PA,41.003700,-76.454950,3.329000,gazetteer
7121,TA BLOOMSBURG TRAVEL CENTER,Bloomsburg,PA,41.003700,-76.454950,3.957333,gazetteer
68161,KWIK FILL #390,Blossburg,PA,41.679520,-77.063860,3.684000,gazetteer
52599,7-ELEVEN #40285,Bowmansville,PA,40.196760,-76.017440,3.970667,gazetteer
5170,FLYING J #516,Breezewood,PA,39.999012,-78.240422,5.099000,nominatim
1414,SAC SHOP #507,Breezewood,PA,39.999012,-78.240422,4.099000,nominatim
7131,TA BREEZEWOOD TRAVEL CENTER,Breezewood,PA,39.999012,-78.240422,4.299000,nominatim
71838,RUTTERS #24,Brogue,PA,39.872355,-76.484639,4.099000,nominatim
66042,FLYING J TRAVEL PLAZA #707,Brookville,PA,41.161170,-79.083090,4.034000,gazetteer
71697,LOVES TRAVEL STOP #829,Brookville,PA,41.161170,-79.083090,4.019000,gazetteer
7129,TA BROOKVILLE TRAVEL CENTER,Brookville,PA,41.161170,-79.083090,4.029000,gazetteer
61515,Carlisle Fuel Stop,Carlisle,PA,40.201480,-77.188870,3.359000,gazetteer
52472,FLYING J TRAVEL PLAZA #708,Carlisle,PA,40.201480,-77.188870,4.109000,gazetteer
63501,LOVES TRAVEL STOP #407,Carlisle,PA,40.201480,-77.188870,4.099000,gazetteer
7135,PETRO STOPPING CENTER #336,Carlisle,PA,40.201480,-77.188870,4.149000,gazetteer
72467,SUNOCO SERVICE STATION,Carlisle,PA,40.201480,-77.188870,3.889000,gazetteer
67282,RUTTERS #65,Chambersburg,PA,39.937590,-77.661100,4.399000,gazetteer
70003,SPEEDWAY #2926,Clairton,PA,40.292290,-79.881710,3.925667,gazetteer
69109,SHEETZ #497,Claysburg,PA,40.296740,-78.449740,3.644000,gazetteer
7126,SAPP BROS TRAVEL CENTER,Clearfield,PA,41.027280,-78.439190,3.899000,gazetteer
3725,GENEVA TRUCK STOP,Cochranton,PA,41.520050,-80.048390,3.815667,gazetteer
9216,309 TRUCK STOP,Coopersburg,PA,40.511490,-75.390460,3.759000,gazetteer
72441,SHEETZ #165,Coudersport,PA,41.774790,-78.020560,3.699000,gazetteer
66624,Sunoco,Croydon,PA,40.087330,-74.903500,3.659000,gazetteer
9381,SCOTT FUEL TRAVEL PLAZA,Dalton,PA,41.534240,-75.736030,3.599000,gazetteer
71786,SHEETZ #751,Donegal,PA,40.112573,-79.382535,3.259000,nominatim
70622,SPEEDWAY #6781,Douglassville,PA,40.257871,-75.726301,3.799000,nominatim
69146,DRUMS FUEL STOP,Drums,PA,41.018139,-75.994925,3.569000,nominatim
20062,PILOT TRAVEL CENTERS #298,Drums,PA,41.018139,-75.994925,3.975667,nominatim
52676,PILOT TRAVEL CENTERS #336,Du Bois,PA,41.119230,-78.760030,4.034000,fuzzy
69312,ONVO TRAVEL PLAZA - DUNCANNON,Duncannon,PA,40.398140,-77.023030,3.552333,gazetteer
6883,PILOT TRAVEL CENTERS #517,Duncannon,PA,40.398140,-77.023030,4.199000,gazetteer
70882,RUTTERS #77,Duncannon,PA,40.398140,-77.023030,4.294000,gazetteer
52340,KWIK FILL #249,Duncansville,PA,40.423410,-78.433900,4.072333,gazetteer
69999,RUTTERS #71,Duncansville,PA,40.423410,-78.433900,4.099000,gazetteer
70881,RUTTERS #79,Duncansville,PA,40.423410,-78.433900,4.099000,gazetteer
65521,RUTTERS #17,East Berlin,PA,39.937600,-76.978590,4.294000,gazetteer
65522,TURKEY HILL #950324,East Earl,PA,40.110100,-76.032720,3.785667,gazetteer
67406,GETGO #3701,East Freedom,PA,40.357570,-78.429740,4.099000,gazetteer
67940,MARTIN GENERAL STORE,Ebensburg,PA,40.485070,-78.724740,3.524000,gazetteer
1597,7-ELEVEN #36156,Eighty Four,PA,40.181740,-80.133110,4.999000,gazetteer
9241,7-ELEVEN #40286,Elverson,PA,40.156760,-75.832710,3.889000,gazetteer
7106,PILOT DEALER #1163,Emlenton,PA,41.177280,-79.707830,4.035667,gazetteer
70662,GETGO #3202,Erie,PA,42.129220,-80.085060,3.899000,gazetteer
52150,PILOT TRAVEL CENTERS #311,Erie,PA,42.129220,-80.085060,4.215667,gazetteer
52610,TA HARBORCREEK TRAVEL CENTER,Erie,PA,42.129220,-80.085060,4.199000,gazetteer
65523,SAC SHOP #512,Everett,PA,40.011470,-78.373350,4.099000,gazetteer
65524,SAC SHOP #514,Everett,PA,40.011470,-78.373350,4.099000,gazetteer
65525,SHELL,Fairless Hills,PA,40.179550,-74.855160,3.899000,gazetteer
52421,SHEETZ #194,Falls Creek,PA,41.145060,-78.804470,3.307333,gazetteer
68362,RUTTERS #5,Fayetteville,PA,39.911200,-77.549990,3.859000,gazetteer
65552,A PLUS MINI MARKET,Feasterville Trevose,PA,40.148406,-74.993473,3.899000,nominatim
66263,One9 SPEEDWAY #6753,Fleetwood,PA,40.453980,-75.817980,3.832333,gazetteer
4267,CONOCO,Gap,PA,39.987320,-76.020510,3.799000,gazetteer
71251,RUTTERS #91,Gap,PA,39.987320,-76.020510,4.199000,gazetteer
1424,GETTYSBURG TRAVEL PLAZA,Gettysburg,PA,39.830930,-77.231100,3.899000,gazetteer
67269,ONVO TRAVEL PLAZA - GOULDSBORO,Gouldsboro,PA,41.244530,-75.456020,3.585667,gazetteer
72443,SHEETZ #553,Greencastle,PA,39.790370,-77.727770,3.332333,gazetteer
65527,SUNOCO SERVICE STATION,Greencastle,PA,39.790370,-77.727770,3.899000,gazetteer
3022,TA GREENCASTLE TRAVEL CENTER,Greencastle,PA,39.790370,-77.727770,3.959000,gazetteer
9280,ONVO TRAVEL PLAZA - LAKEWOOD,Greentown,PA,41.321755,-75.305459,3.545667,nominatim
67163,LOVES TRAVEL STOP #358,Hamburg,PA,40.555650,-75.981880,3.857333,gazetteer
69830,RUTTERS #69,Hamburg,PA,40.555650,-75.981880,3.865667,gazetteer
9289,ONVO EXPRESS,Harford,PA,41.782191,-75.701056,3.609000,nominatim
66116,ONVO TRAVEL PLAZA - HARFORD,Harford,PA,41.782191,-75.701056,3.589000,nominatim
2926,EXIT 77 TRAVEL PLAZA,Harrisburg,PA,40.273700,-76.884420,3.499000,gazetteer
3226,ONE9 #245,Harrisburg,PA,40.273700,-76.884420,3.609000,gazetteer
6948,PILOT #4563,Harrisburg,PA,40.273700,-76.884420,3.869000,gazetteer
7112,TA HARRISBURG TRAVEL CENTER,Harrisburg,PA,40.273700,-76.884420,3.815667,gazetteer
6200,KWIK FILL #388,Harrisville,PA,41.136730,-80.009220,3.404000,gazetteer
69649,SPEEDWAY #2921,Harrisville,PA,41.136730,-80.009220,3.434000,gazetteer
7137,TA BARKEYVILLE TRAVEL CENTER,Harrisville,PA,41.136730,-80.009220,4.044000,gazetteer
71785,7-ELEVEN #41266,Hazleton,PA,40.958420,-75.974650,3.839000,gazetteer
68180,One9 #1374,Hazleton,PA,40.958420,-75.974650,3.862333,gazetteer
69096,SPEEDWAY #2907,Hermitage,PA,41.233390,-80.448680,3.937333,gazetteer
65530,7-ELEVEN #40284,Hershey,PA,40.285920,-76.650250,3.967333,gazetteer
52595,7-ELEVEN #40281,Jim Thorpe,PA,40.875920,-75.732410,3.589000,gazetteer
68185,CITGO,Jonestown,PA,40.413700,-76.478300,3.749000,gazetteer
72146,HUTTER'S,Jonestown,PA,40.413700,-76.478300,3.719000,gazetteer
62008,LOVES TRAVEL STOP #366,Jonestown,PA,40.413700,-76.478300,3.857333,gazetteer
68937,LANTZ CORNERS MINI MART #255,Kane,PA,41.662840,-78.811140,3.715667,gazetteer
72446,SHEETZ #656,Kane,PA,41.662840,-78.811140,3.699000,gazetteer
64275,7-ELEVEN #40279,King Of Prussia,PA,40.089270,-75.396020,3.884000,gazetteer
6806,Onvo Travel Plaza,Kutztown,PA,40.517320,-75.777420,3.327333,gazetteer
71839,RUTTERS #92,Kutztown,PA,40.517320,-75.777420,3.699000,gazetteer
71185,SHEETZ #698,Kutztown,PA,40.517320,-75.777420,3.329000,gazetteer
62991,ONVO TRAVEL PLAZA,Lake Ariel,PA,41.453975,-75.382681,3.585667,nominatim
68873,ONVO TRAVEL PLAZA - MOUNTAIN COBB,Lake Ariel,PA,41.453975,-75.382681,3.585667,nominatim
7136,TA LAMAR TRAVEL CENTER,Lamar,PA,41.016180,-77.531100,4.035667,gazetteer
71811,7-ELEVEN #41826,Lancaster,PA,40.037880,-76.305510,4.129000,gazetteer
71707,QUARLES #4437,Lancaster,PA,40.037880,-76.305510,3.999000,gazetteer
69159,EXXON,Lawrenceville,PA,40.467570,-79.960610,3.699000,gazetteer
70883,RUTTERS #41,Lebanon,PA,40.340930,-76.411350,3.799000,gazetteer
70880,RUTTERS #81,Leesport,PA,40.447040,-75.966320,3.897333,gazetteer
69625,RUTTERS #34,Leola,PA,40.087870,-76.184950,4.199000,gazetteer
70924,QUARLES #4427,Levittown,PA,40.155110,-74.828770,3.845667,gazetteer
61540,S&P Oil,Levittown,PA,40.155110,-74.828770,3.815667,gazetteer
65533,LIBERTY EXXON,Liberty,PA,40.325350,-79.856160,3.699000,gazetteer
71037,SUNOCO,Lock Haven,PA,41.137010,-77.446930,3.599000,gazetteer
5774,PJ TRAVEL PLAZA,Loganton,PA,41.034701,-77.306611,3.479000,nominatim
3719,KEYSTONE TRUCK STOP,Loretto,PA,40.503130,-78.630300,3.999000,gazetteer
5363,SPEEDWAY #6767,Manheim,PA,40.163430,-76.394960,4.499000,gazetteer
68613,SHEETZ #236,Marietta,PA,40.057040,-76.552190,3.389000,gazetteer
70575,SPEEDWAY #6721,Mc Kees Rocks,PA,40.465620,-80.065610,3.899000,fuzzy
1432,KWIK FILL #259,Mechanicsburg,PA,40.214260,-77.008590,4.049000,gazetteer
70456,RUTTERS #67,Mercersburg,PA,39.827870,-77.903330,4.399000,gazetteer
71164,DANDY MINI MART #59,Middlebury Center,PA,41.843684,-77.274420,3.999000,nominatim
52598,7-ELEVEN #40283,Middletown,PA,40.199810,-76.731080,3.970667,gazetteer
69308,LOVES TRAVEL STOP #535,Middletown,PA,40.199810,-76.731080,3.759000,gazetteer
69345,RUTTERS #20,Middletown,PA,40.199810,-76.731080,3.822333,gazetteer
6175,ONVO TRAVEL PLAZA - MIFFLINTOWN,Mifflintown,PA,40.569800,-77.396930,3.479000,gazetteer
70455,RUTTERS #37,Mifflintown,PA,40.569800,-77.396930,4.099000,gazetteer
67939,DELTA FUEL,Mifflinville,PA,41.032310,-76.307990,3.365667,gazetteer
66880,LOVES TRAVEL STOP #324,Mifflinville,PA,41.032310,-76.307990,3.965667,gazetteer
68177,ONVO TRAVEL PLAZA - MIFFLINVILLE,Mifflinville,PA,41.032310,-76.307990,3.365667,gazetteer
7116,TA MILESBURG TRAVEL CENTER,Milesburg,PA,40.941730,-77.785000,4.049000,gazetteer
66061,FLYING J TRAVEL PLAZA #709,Mill Hall,PA,41.107290,-77.484430,4.015667,gazetteer
65532,PILOT TRAVEL CENTERS #1,Mill Hall,PA,41.107290,-77.484430,4.015667,gazetteer
66838,RUTTERS #96,Milroy,PA,40.713960,-77.590550,4.050667,gazetteer
3281,AMERICAN TRUCK PLAZA,Milton,PA,41.012030,-76.847740,3.799000,gazetteer
72124,GET GO #3016,Monaca,PA,40.687290,-80.271450,5.499000,gazetteer
70454,DANDY MINI MART #36,Monroeton,PA,41.712580,-76.474660,4.032333,gazetteer
69599,One9 SPEEDWAY #2917,Monroeville,PA,40.421180,-79.788100,3.992333,gazetteer
68157,RAJS MINI MART,Morrisville,PA,40.211500,-74.787940,3.899000,gazetteer
9354,BFS FOODS TRUCK PLAZA,Mount Morris,PA,39.733130,-80.067840,4.499000,gazetteer
64519,BLUE RIDGE TRAVEL PLAZA,Mountain Top,PA,41.169530,-75.877420,3.649000,gazetteer
71770,ONVO TRAVEL PLAZA,Mountain Top,PA,41.169530,-75.877420,3.587333,gazetteer
68933,RUTTERS #23,Mountville,PA,40.039260,-76.430800,3.979000,gazetteer
52464,7-ELEVEN #40118,Muncy,PA,41.205640,-76.785520,4.359000,gazetteer
7128,FLYING J #518,Myerstown,PA,40.374540,-76.302730,3.869000,gazetteer
65537,SHEETZ #048,Nanty Glo,PA,40.472290,-78.833360,3.517333,gazetteer
65538,WELMART,Natrona Heights,PA,40.623400,-79.729770,4.192333,gazetteer
70127,SPEEDWAY #2929,New Alexandria,PA,40.398680,-79.421980,3.972333,gazetteer
67874,RUTTERS #56,New Cumberland,PA,40.232310,-76.884700,3.899000,gazetteer
65866,FLYING J TRAVEL PLAZA #710,New Milford,PA,41.872580,-75.727130,4.175667,gazetteer
68188,ONVO TRAVEL PLAZA - GIBSON,New Milford,PA,41.872580,-75.727130,3.589000,gazetteer
72442,SHEETZ #239,New Stanton,PA,40.219240,-79.609480,3.285667,gazetteer
52602,7-ELEVEN #40277,Newburg,PA,40.835404,-78.676983,4.299000,nominatim
20066,KWIK FILL #228,North East,PA,42.215610,-79.834220,4.089000,gazetteer
72482,RUTTERS FARM STORE #80,Orwigsburg,PA,40.654810,-76.100770,3.859000,gazetteer
69520,SPEEDWAY #2908,Perryopolis,PA,40.087020,-79.750600,3.915667,gazetteer
68156,A PLUS MINI MARKET,Philadelphia,PA,39.952380,-75.163620,3.999000,gazetteer
68360,A PLUS MINI MARKET,Philadelphia,PA,39.952380,-75.163620,4.049000,gazetteer
72241,ROYAL FARMS #242,Philadelphia,PA,39.952380,-75.163620,3.799000,gazetteer
66117,ONVO TRAVEL PLAZA PINE GROVE,Pine Grove,PA,40.548420,-76.384680,3.539000,gazetteer
69353,SPEEDWAY #2910,Pittsburgh,PA,40.440620,-79.995890,3.909000,gazetteer
52664,PETRO STOPPING CENTER #378,Pittston,PA,41.325910,-75.789360,4.165667,gazetteer
63743,PILOT TRAVEL CENTERS #370,Pittston,PA,41.325910,-75.789360,4.175667,gazetteer
52597,7-ELEVEN #40278,Plainfield,PA,40.203143,-77.289984,3.967333,nominatim
67073,PILOT TRAVEL CENTERS #81,Portersville,PA,40.925511,-80.144255,4.259000,nominatim
70022,SHEETZ #583,Reedsville,PA,40.663960,-77.595830,3.415667,gazetteer
9340,LANCASTER TRAVEL PLAZA,Ronks,PA,40.026210,-76.168566,3.899000,nominatim
70117,RUTTERS #72,Saint Thomas,PA,39.917591,-77.797773,4.399000,nominatim
52520,DANDY MINI MART #19,Sayre,PA,41.978960,-76.515500,3.992333,gazetteer
70925,QUARLES #4430,Sharon Hill,PA,39.906500,-75.271570,3.869000,gazetteer
67436,7-ELEVEN #40069,Shippensburg,PA,40.050650,-77.520260,3.422333,gazetteer
69813,SHEETZ #608,Shippensburg,PA,40.050650,-77.520260,3.285667,gazetteer
71924,JIFFY,Shippenville,PA,41.252561,-79.461945,4.132333,nominatim
68158,SUNOCO,Shoemakersville,PA,40.500930,-75.969930,3.639000,gazetteer
70425,LOVES TRAVEL STOP #731,Slippery Rock,PA,41.063950,-80.056450,4.249000,gazetteer
66310,FLYING J #620,Smithton,PA,40.153961,-79.741153,4.109000,nominatim
4707,SMITHTON TRUCKSTOP,Smithton,PA,40.153961,-79.741153,3.899000,nominatim
70588,SPEEDWAY #7217,Smithton,PA,40.153961,-79.741153,3.915667,nominatim
3645,SNOW SHOE TRAVEL PLAZA,Snow Shoe,PA,41.030890,-77.949450,3.469000,gazetteer
61560,7-ELEVEN #40272,Somerset,PA,40.008410,-79.078080,4.207333,gazetteer
61559,7-ELEVEN #40273,Somerset,PA,40.008410,-79.078080,4.207333,gazetteer
67165,SOMERSET TRAVEL CENTER,Somerset,PA,40.008410,-79.078080,4.219000,gazetteer
65549,T&C MINI MART,Stockertown,PA,40.753990,-75.262120,3.699000,gazetteer
69980,RUTTERS #70,Strasburg,PA,39.983160,-76.184120,4.199000,gazetteer
20070,ONVO TRAVEL PLAZA - PROMISED LAND,Tafton,PA,41.404534,-75.182953,3.545667,nominatim
60508,FEGLEY VALERO,Tamaqua,PA,40.797310,-75.969370,3.599000,gazetteer
69452,DANDY MINI MART #5,Towanda,PA,41.767580,-76.442720,3.999000,gazetteer
72084,DANDY MINI MART #60,Troy,PA,40.915060,-78.216400,3.999000,gazetteer
71527,D & C FUEL EAST,Tunkhannock,PA,41.538690,-75.946590,3.699000,gazetteer
69346,D AND C FUEL SALES,Tunkhannock,PA,41.538690,-75.946590,3.699000,gazetteer
69597,SPEEDWAY #2918,Uniontown,PA,39.900080,-79.716430,3.915667,gazetteer
61567,7-ELEVEN #35774,Verona,PA,40.506460,-79.843100,4.207333,gazetteer
61569,KWIK FILL #295,Warren,PA,41.843950,-79.145040,4.699000,gazetteer
61570,7-ELEVEN #40276,Waterfall,PA,40.127583,-78.062782,4.199000,nominatim
9415,7-ELEVEN #40287,Wayne,PA,40.044000,-75.387690,3.889000,gazetteer
72510,STUCK FLEET FUELING,Waynesburg,PA,39.896460,-80.179230,4.499000,gazetteer
64282,ONVO TRAVEL PLAZA - HICKORY RUN,White Haven,PA,41.060640,-75.774080,3.585667,gazetteer
67783,RUTTERS #4,Wrightsville,PA,40.025650,-76.529970,3.989000,gazetteer
71098,DANDY MINI MART #74,Wysox,PA,41.774512,-76.399314,3.999000,nominatim
70457,RUTTERS #15,York,PA,39.962600,-76.727740,4.199000,gazetteer
68403,RUTTERS #16,York,PA,39.962600,-76.727740,4.199000,gazetteer
65556,RUTTERS #60,York,PA,39.962600,-76.727740,4.249000,gazetteer
70137,RUTTERS #8,York,PA,39.962600,-76.727740,4.199000,gazetteer
71051,SHEETZ #683,York,PA,39.962600,-76.727740,3.259000,gazetteer
69614,RUTTERS #36,York Springs,PA,40.008980,-77.115540,4.299000,gazetteer
68370,GULF EXPRESS DIESEL AND GAS,Johnston,RI,41.821860,-71.506750,3.799000,gazetteer
63013,TA WEST GREENWICH,West Greenwich,RI,41.637000,-71.660040,3.765667,gazetteer
68365,7-ELEVEN #36834,Abbeville,SC,34.178170,-82.379010,3.619000,gazetteer
65572,CIRCLE K #2705377,Aiken,SC,33.560420,-81.719550,3.129000,gazetteer
71740,SPRINT FOODS #735,Aiken,SC,33.560420,-81.719550,3.172333,gazetteer
71186,7-ELEVEN #36837,Anderson,SC,34.503440,-82.650130,3.089000,gazetteer
71673,7-ELEVEN #41792,Anderson,SC,34.503440,-82.650130,2.959000,gazetteer
4025,BP,Anderson,SC,34.503440,-82.650130,2.909000,gazetteer
68441,QUIKTRIP #1106,Anderson,SC,34.503440,-82.650130,2.959000,gazetteer
65573,SPEEDWAY/7fleet #4587,Aynor,SC,33.999890,-79.199490,3.124000,gazetteer
64287,CIRCLE K #2703099,Batesburg,SC,33.907920,-81.547330,3.085667,gazetteer
1470,CIRCLE K #2705348,Beech Island,SC,33.428065,-81.889158,3.159000,nominatim
67900,SPRINT FOODS #725,Beech Island,SC,33.428065,-81.889158,3.349000,nominatim
69489,SPRINT FOODS #728,Bennettsville,SC,34.617380,-79.684780,3.399000,gazetteer
64288,PILOT #4581,Bishopville,SC,34.218210,-80.248410,3.432333,gazetteer
67720,REFUEL #1046,Bishopville,SC,34.218210,-80.248410,3.309000,gazetteer
71614,7-ELEVEN #41808,Blacksburg,SC,35.121240,-81.515920,3.359000,gazetteer
52388,FLYING J TRAVEL PLAZA #711,Blacksburg,SC,35.121240,-81.515920,3.429000,gazetteer
63545,LOVES TRAVEL STOP #397,Blacksburg,SC,35.121240,-81.515920,3.419000,gazetteer
64285,PILOT #4566,Blacksburg,SC,35.121240,-81.515920,3.429000,gazetteer
72003,7-ELEVEN #42012,Blythewood,SC,34.214320,-80.973980,3.109000,gazetteer
71126,QUIKTRIP #1177,Blythewood,SC,34.214320,-80.973980,3.075667,gazetteer
1625,PILOT TRAVEL CENTERS #60,Bowman,SC,33.348770,-80.682870,3.432333,gazetteer
67381,ENMARKET #875,Branchville,SC,33.251270,-80.815650,3.265667,gazetteer
66355,CIRCLE K #2723439,Campobello,SC,35.115670,-82.150110,3.132333,gazetteer
69856,LOVES TRAVEL STOP #657,Cayce,SC,33.965710,-81.073980,3.397333,gazetteer
67755,BLUE WATER #12,Charleston,SC,32.776320,-79.932750,3.232333,gazetteer
63018,CIRCLE K #2723354,Charleston,SC,32.776320,-79.932750,3.299000,gazetteer
66793,CIRCLE K #2723693,Charleston,SC,32.776320,-79.932750,2.975667,gazetteer
68594,CIRCLE K #2723796,Charleston,SC,32.776320,-79.932750,3.199000,gazetteer
69755,PILOT #1082,Charleston,SC,32.776320,-79.932750,3.415667,gazetteer
72273,SPINX #341,Charleston,SC,32.776320,-79.932750,3.332333,gazetteer
1447,HOT SPOT #3005,Chesnee,SC,35.148450,-81.860940,3.199000,gazetteer
66075,CORNER MART #349,Clinton,SC,34.472630,-81.880660,3.099000,gazetteer
52642,One9 #61,Clinton,SC,34.472630,-81.880660,3.099000,gazetteer
71252,QUIKTRIP #1178,Clinton,SC,34.472630,-81.880660,3.099000,gazetteer
70785,CIRCLE K #2705347,Columbia,SC,34.000710,-81.034810,3.204000,gazetteer
52467,FLYING J TRAVEL PLAZA #712,Columbia,SC,34.000710,-81.034810,3.432333,gazetteer
69914,PETRO COLUMBIA,Columbia,SC,34.000710,-81.034810,3.412333,gazetteer
9542,SPINX #266,Columbia,SC,34.000710,-81.034810,3.132333,gazetteer
5592,TA COLUMBIA NORTH,Columbia,SC,34.000710,-81.034810,3.439000,gazetteer
68217,CIRCLE K #2723881,Conway,SC,33.836000,-79.047810,3.184000,gazetteer
73046,Refuel #63,Conway,SC,33.836000,-79.047810,3.134000,gazetteer
67245,SPEEDWAY #4582,Conway,SC,33.836000,-79.047810,3.089000,gazetteer
66761,SPEEDWAY #4589,Conway,SC,33.836000,-79.047810,3.064000,gazetteer
67107,SPEEDWAY/7fleet #4595,Conway,SC,33.836000,-79.047810,3.089000,gazetteer
9469,TA EXPRESS COWPENS #477,Cowpens,SC,35.016790,-81.803990,3.399000,gazetteer
73025,151 TRAVEL CENTER,Darlington,SC,34.299880,-79.876170,3.299000,gazetteer
72925,AMOCO,Darlington,SC,34.299880,-79.876170,3.199000,gazetteer
63931,LOVES TRAVEL STOP #371,Dillon,SC,34.416550,-79.371160,3.330667,gazetteer
72502,QUIKTRIP #7133,Dillon,SC,34.416550,-79.371160,3.082333,gazetteer
71389,SPEEDWAY #1590,Dillon,SC,34.416550,-79.371160,3.125667,gazetteer
71999,7-ELEVEN #41813,Duncan,SC,34.937900,-82.145110,3.099000,gazetteer
20072,PILOT TRAVEL CENTERS #310,Duncan,SC,34.937900,-82.145110,3.432333,gazetteer
1479,TA SPARTANBURG TRAVEL CENTER,Duncan,SC,34.937900,-82.145110,3.432333,gazetteer
70592,LOVES TRAVEL STOP #751,Elgin,SC,34.672930,-80.718960,3.425667,gazetteer
64294,HOT SPOT #6004,Enoree,SC,34.656520,-81.965100,3.099000,gazetteer
67329,LOVES TRAVEL STOP #387,Fair Play,SC,34.511210,-82.985430,3.212333,gazetteer
66562,TA EXPRESS FAIR PLAY,Fair Play,SC,34.511210,-82.985430,3.209000,gazetteer
1455,PETRO FLORENCE,Florence,SC,34.195430,-79.762560,3.325667,gazetteer
52384,PILOT TRAVEL CENTERS #337,Florence,SC,34.195430,-79.762560,3.349000,gazetteer
9638,PILOT TRAVEL CENTERS #62,Florence,SC,34.195430,-79.762560,3.349000,gazetteer
66362,TA FLORENCE TRAVEL CENTER,Florence,SC,34.195430,-79.762560,3.325667,gazetteer
66899,LOVES TRAVEL STOP #333,Fort Mill,SC,35.007370,-80.945080,3.380667,gazetteer
72694,7-ELEVEN #42195,Fountain Inn,SC,34.689010,-82.195670,3.115667,gazetteer
72876,QUIKTRIP #1139,Fountain Inn,SC,34.689010,-82.195670,3.017333,gazetteer
66329,CIRCLE K #2723438,Gaffney,SC,35.071790,-81.649820,3.199000,gazetteer
63746,PILOT TRAVEL CENTERS #453,Gaffney,SC,35.071790,-81.649820,3.429000,gazetteer
68702,QUIKTRIP #1120,Gaffney,SC,35.071790,-81.649820,3.190667,gazetteer
71165,PALMETTO EXPRESS #115,Gaston,SC,33.817100,-81.100930,3.199000,gazetteer
60513,CIRCLE K #2723873,Georgetown,SC,33.376830,-79.294500,2.899000,gazetteer
69042,Joes Kwik Mart #7012,Georgetown,SC,33.376830,-79.294500,2.999000,gazetteer
72733,Parker's #94,Georgetown,SC,33.376830,-79.294500,2.989000,gazetteer
460,TRUCK STOP 44,Gilbert,SC,33.924310,-81.393710,3.079000,gazetteer
66198,CIRCLE K #2703117,Graniteville,SC,33.563750,-81.807890,3.159000,gazetteer
68377,PILOT #4568,Graniteville,SC,33.563750,-81.807890,3.392333,gazetteer
71857,QUIKTRIP #1196,Graniteville,SC,33.563750,-81.807890,3.159000,gazetteer
61595,CORNER MART 3338,Greenville,SC,34.852620,-82.394010,2.907000,gazetteer
72771,RACETRAC #2635,Greenville,SC,34.852620,-82.394010,2.899000,gazetteer
61594,SPINX #138 (DISCOUNT AVAILABLE),Greenville,SC,34.852620,-82.394010,3.042333,gazetteer
69069,SPINX #179 (DISCOUNT AVAILABLE),Greenville,SC,34.852620,-82.394010,3.799000,gazetteer
72033,CHARLIE BS,Greenwood,SC,34.195400,-82.161790,2.987000,gazetteer
61596,HOT SPOT #2009,Greenwood,SC,34.195400,-82.161790,2.939000,gazetteer
69469,QUIKTRIP #1110,Greer,SC,34.938730,-82.227060,3.085667,gazetteer
61597,SPINX #121,Greer,SC,34.938730,-82.227060,3.165667,gazetteer
72456,SPINX #161,Greer,SC,34.938730,-82.227060,3.159000,gazetteer
66628,Chevron,Hardeeville,SC,32.287140,-81.080670,3.007333,gazetteer
5823,ENMARKET #863,Hardeeville,SC,32.287140,-81.080670,3.082333,gazetteer
68930,PILOT #4569,Hardeeville,SC,32.287140,-81.080670,3.375667,gazetteer
71283,QUIKTRIP #7135,Hardeeville,SC,32.287140,-81.080670,2.999000,gazetteer
60516,ENMARKET #892,Harleyville,SC,33.214610,-80.447870,3.399000,gazetteer
69036,REFUEL #1038,Hartsville,SC,34.374040,-80.073400,3.365667,gazetteer
61598,Shell,Hemingway,SC,33.753777,-79.447557,3.199000,nominatim
65587,HOT SPOT #2022,Honea Path,SC,34.446500,-82.391510,2.909000,gazetteer
1461,CIRCLE K #2705370,Inman,SC,35.047060,-82.090110,3.099000,gazetteer
61599,HOT SPOT #2013,Inman,SC,35.047060,-82.090110,3.149000,gazetteer
73039,Spinx #292,Inman,SC,35.047060,-82.090110,3.165667,gazetteer
63667,CIRCLE K #2723875,Jamestown,SC,33.286001,-79.692572,2.974000,nominatim
65588,SPEEDWAY #2836,Johns Island,SC,32.694850,-80.034250,3.069000,nominatim
72746,PARKERS #103,Ladson,SC,32.985730,-80.109810,3.282333,gazetteer
71485,Circle K #2709088,Lancaster,SC,34.720430,-80.770900,3.299000,gazetteer
9365,FLYING J TRAVEL PLAZA #713,Latta,SC,34.337100,-79.431160,3.349000,gazetteer
63510,PILOT #4584,Latta,SC,34.337100,-79.431160,3.349000,gazetteer
71067,7-ELEVEN #41219,Laurens,SC,34.499010,-82.014260,3.099000,gazetteer
64301,HILLVIEW TRUCK STOP,Leesville,SC,33.916530,-81.513440,3.059000,gazetteer
1464,CIRCLE K #2723254,Lexington,SC,33.981540,-81.236210,3.199000,gazetteer
69030,LOVES TRAVEL STOP #424,Lexington,SC,33.981540,-81.236210,3.407333,gazetteer
71189,QUIKTRIP #1198,Lexington,SC,33.981540,-81.236210,3.129000,gazetteer
67108,SPEEDWAY/7fleet #4594,Longs,SC,33.938527,-78.733052,3.309000,nominatim
68808,SPEEDWAY #4574,Loris,SC,34.056280,-78.890300,3.269000,gazetteer
1444,PILOT TRAVEL CENTERS #346,Lugoff,SC,34.227370,-80.689250,3.432333,gazetteer
7095,TA MANNING TRAVEL CENTER,Manning,SC,33.695160,-80.210910,3.517333,gazetteer
61605,HOT SPOT #2028,Marion,SC,34.178220,-79.400610,2.999000,gazetteer
72772,RACEWAY #6998,Marion,SC,34.178220,-79.400610,3.015667,gazetteer
72212,PARKERS #72,Moncks Corner,SC,33.196320,-80.014290,3.255667,gazetteer
71916,Spinx 317,Moncks Corner,SC,33.196320,-80.014290,3.312333,gazetteer
71179,7-ELEVEN #41332,Newberry,SC,34.274580,-81.618720,3.332333,gazetteer
64298,CORNER MART #354,Newberry,SC,34.274580,-81.618720,3.299000,gazetteer
67273,LOVES TRAVEL STOP #396,Newberry,SC,34.274580,-81.618720,3.415667,gazetteer
9513,CIRCLE K #2705350,North Augusta,SC,33.501800,-81.965120,3.159000,gazetteer
68592,Sprint Food #742,North Augusta,SC,33.501800,-81.965120,3.159000,gazetteer
72071,7-Eleven #42182,North Charleston,SC,32.854620,-79.974810,3.459000,gazetteer
65578,CIRCLE K #2723355,North Charleston,SC,32.854620,-79.974810,3.399000,gazetteer
66100,CIRCLE K #2723692,North Charleston,SC,32.854620,-79.974810,3.399000,gazetteer
72735,7-Eleven #41376,Orangeburg,SC,33.491820,-80.855650,3.225667,gazetteer
67169,JD ORANGEBURG,Orangeburg,SC,33.491820,-80.855650,3.342333,gazetteer
66760,LOVES TRAVEL STOP #326,Orangeburg,SC,33.491820,-80.855650,3.389000,gazetteer
71202,QUIKTRIP #1181,Orangeburg,SC,33.491820,-80.855650,3.235667,gazetteer
461,SPINX #271,Orangeburg,SC,33.491820,-80.855650,3.262333,gazetteer
60515,FLASH MARKET #302,Pageland,SC,34.773210,-80.391730,3.385667,gazetteer
71582,LOVES TRAVEL STOP #847,Pageland,SC,34.773210,-80.391730,3.385667,gazetteer
67949,7-ELEVEN #36835,Pelzer,SC,34.642337,-82.455960,3.182333,nominatim
70458,STOP-A MINIT,Pelzer,SC,34.642337,-82.455960,2.899000,nominatim
71324,7-ELEVEN #38992,Piedmont,SC,34.702340,-82.464570,3.499000,gazetteer
72394,LOVES TRAVEL STOP #871,Piedmont,SC,34.702340,-82.464570,3.197333,gazetteer
52618,PILOT TRAVEL CENTERS #63,Piedmont,SC,34.702340,-82.464570,3.222333,gazetteer
69061,SPINX #125 (DISCOUNT AVAILABLE),Piedmont,SC,34.702340,-82.464570,3.065667,gazetteer
65593,CIRCLE K #2723441,Prosperity,SC,34.209310,-81.533160,3.115667,gazetteer
67088,PILOT #4580,Prosperity,SC,34.209310,-81.533160,3.425667,gazetteer
64299,CIRCLE K #2720881,Ravenel,SC,32.763230,-80.250100,3.439000,gazetteer
9525,SCOTCHMAN #3891,Richburg,SC,34.716394,-81.018934,3.109000,nominatim
66925,FLYING J TRAVEL PLAZA #714,Rock Hill,SC,34.924870,-81.025080,3.399000,gazetteer
65594,PILOT #4567,Rock Hill,SC,34.924870,-81.025080,3.149000,gazetteer
69659,QUIKTRIP #1092,Rock Hill,SC,34.924870,-81.025080,3.134000,gazetteer
2306,SCOTCHMAN #3894,Rock Hill,SC,34.924870,-81.025080,3.079000,gazetteer
64300,CIRCLE K #2723416,Roebuck,SC,34.879570,-81.966210,3.082333,gazetteer
64307,CIRCLE K #2723876,Round O,SC,32.937115,-80.540935,3.372333,nominatim
68302,FLYING J #493,Saint George,SC,33.186000,-80.575650,3.519000,gazetteer
63511,PILOT #4576,Saint George,SC,33.186000,-80.575650,3.519000,gazetteer
64310,Palmetto Roads #308,Saint George,SC,33.186000,-80.575650,3.009000,gazetteer
72770,RACETRAC #2634,Saint George,SC,33.186000,-80.575650,2.999000,gazetteer
63668,PILOT #4579,Saint Matthews,SC,33.664880,-80.777870,3.509000,gazetteer
65598,LEES QUICK STOP,Saint Stephen,SC,33.404330,-79.921740,3.415667,gazetteer
69027,SPINX #134 (DISCOUNT AVAILABLE),Simpsonville,SC,34.737060,-82.254280,3.065667,gazetteer
69106,SPINX #201,Simpsonville,SC,34.737060,-82.254280,2.965667,gazetteer
69038,REFUEL #1028,Society Hill,SC,34.512660,-79.850900,3.399000,gazetteer
71181,7-ELEVEN #38637,Spartanburg,SC,34.949570,-81.932050,3.115667,gazetteer
71131,7-ELEVEN #38816,Spartanburg,SC,34.949570,-81.932050,3.305667,gazetteer
68212,CIRCLE K #2723415,Spartanburg,SC,34.949570,-81.932050,3.099000,gazetteer
68348,HOT SPOT #6007,Spartanburg,SC,34.949570,-81.932050,3.089000,gazetteer
70724,LOVES TRAVEL STOP #790,Summerton,SC,33.608220,-80.351200,3.509000,gazetteer
70158,FLYING J #1068,Summerville,SC,33.018500,-80.175650,3.509000,gazetteer
3227,ONE9 MR FUEL #64,Summerville,SC,33.018500,-80.175650,3.219000,gazetteer
71104,SPINX #364,Summerville,SC,33.018500,-80.175650,3.399000,gazetteer
72274,SPINX #366,Summerville,SC,33.018500,-80.175650,3.279000,gazetteer
66618,CIRCLE K #2723378,Sumter,SC,33.920440,-80.341470,3.159000,gazetteer
72860,Circle K #2707070,Sumter,SC,33.920440,-80.341470,2.992333,gazetteer
72228,REFUEL #1043,Sumter,SC,33.920440,-80.341470,3.095667,gazetteer
72229,REFUEL #1047,Sumter,SC,33.920440,-80.341470,3.005667,gazetteer
72579,Raceway #6986,Sumter,SC,33.920440,-80.341470,2.979000,gazetteer
67697,FLORENCE TRAVEL PLAZA,Timmonsville,SC,34.134880,-79.939790,3.999000,gazetteer
66560,Sunoco,Townville,SC,34.563714,-82.898477,3.199000,nominatim
67822,SPINX #178 (DISCOUNT AVAILABLE),Travelers Rest,SC,34.967620,-82.443450,3.192333,gazetteer
72628,Gas Pro 6,Trenton,SC,33.741656,-81.842339,3.465667,nominatim
6765,CIRCLE C TRAVEL PLAZA,Walterboro,SC,32.905170,-80.666770,3.079000,gazetteer
64309,CIRCLE K #2723272,West Columbia,SC,33.993490,-81.073980,3.545667,gazetteer
9449,CORNER PANTRY #127,West Columbia,SC,33.993490,-81.073980,3.412333,gazetteer
52428,PILOT TRAVEL CENTERS #338,West Columbia,SC,33.993490,-81.073980,3.499000,gazetteer
71706,QUIKTRIP #1176,West Columbia,SC,33.993490,-81.073980,3.309000,gazetteer
71061,CIRCLE K #2702344,Williston,SC,33.402650,-81.420110,3.799000,gazetteer
61616,PILOT #4578,Winnsboro,SC,34.380700,-81.086480,3.409000,gazetteer
3401,POPS Mart #333,Winnsboro,SC,34.380700,-81.086480,3.090667,gazetteer
70298,LOVES TRAVEL STOP #740,Yemassee,SC,32.690180,-80.850660,3.419000,gazetteer
71867,HOLIDAY STATIONSTORE #2653855,Aberdeen,SD,45.464700,-98.486480,3.107333,gazetteer
7084,Holiday StationStore #2746500,Aberdeen,SD,45.464700,-98.486480,3.114000,gazetteer
9554,BIG D OIL #2,Belle Fourche,SD,44.671370,-103.852150,3.227333,gazetteer
68883,CBH TRAVEL CENTER,Belle Fourche,SD,44.671370,-103.852150,3.299000,gazetteer
65603,JET TRUCK PLAZA,Beresford,SD,43.080540,-96.773660,3.159000,gazetteer
5965,TRUCK TOWNE,Beresford,SD,43.080540,-96.773660,3.159000,gazetteer
69407,Cenex,Blunt,SD,44.513039,-99.985967,3.101500,nominatim
69410,LOVES TRAVEL STOP #602,Box Elder,SD,44.112490,-103.068230,3.989000,gazetteer
66603,COFFEE CUP FUEL STOP #7,Brandon,SD,43.594700,-96.571990,2.977333,gazetteer
66739,ZIP TRIP #64,Brookings,SD,44.311360,-96.798390,3.399000,gazetteer
9713,TA Express Vermillion #275,Burbank,SD,42.745276,-96.829208,3.099000,nominatim
3718,SPEEDWAY #4706,Chamberlain,SD,43.810830,-99.330660,3.299000,gazetteer
3205,CROSSROADS TRUCK STOP STATION,Colman,SD,43.982470,-96.814500,3.159000,gazetteer
4451,PRAIRIE JUNCTION TRUCK STOP,Colman,SD,43.982470,-96.814500,3.099000,gazetteer
67303,KUM & GO #0615,Elk Point,SD,42.683330,-96.683650,3.072333,gazetteer
70729,CASEYS #3785,Fort Pierre,SD,44.353590,-100.373740,3.399000,gazetteer
70728,CASEYS #3245,Freeman,SD,43.352490,-97.437290,3.299000,gazetteer
73099,Kwik Star #1296,Harrisburg,SD,43.431370,-96.697270,2.939000,gazetteer
69115,BP,Hartford,SD,43.623030,-96.942550,2.977333,gazetteer
67382,CORNER PANTRY TRAVEL PLAZA,Hermosa,SD,43.839867,-103.191374,3.299000,nominatim
67402,TA EXPRESS HOT SPRINGS,Hot Springs,SD,43.431650,-103.474360,3.299000,gazetteer
60519,CORNER PANTRY #25,Huron,SD,44.363320,-98.214260,3.079000,gazetteer
65604,SHELL,Huron,SD,44.363320,-98.214260,3.359000,gazetteer
2977,DISCOUNT FUEL,Kadoka,SD,43.833880,-101.509870,3.229000,gazetteer
5677,YESWAY #1178,Kadoka,SD,43.833880,-101.509870,3.189000,gazetteer
9614,DITTYS,Kimball,SD,43.746670,-98.958430,3.089000,gazetteer
71488,LOVES TRAVEL STOP #816,Kimball,SD,43.746670,-98.958430,3.570667,gazetteer
65608,ZIP TRIP #81,Lennox,SD,43.354150,-96.892000,3.204000,gazetteer
70358,FOOD N FUEL #25,Milbank,SD,45.219130,-96.635620,3.369000,gazetteer
61621,CUBBYS #401,Mitchell,SD,43.709430,-98.029800,3.149000,gazetteer
66588,CUBBYS #402,Mitchell,SD,43.709430,-98.029800,3.149000,gazetteer
67047,Circle K #2746490,Mitchell,SD,43.709430,-98.029800,3.064000,gazetteer
7087,PILOT #599,Murdo,SD,43.888320,-100.712910,3.799000,gazetteer
72544,BJS NEW UNDERWOOD,New Underwood,SD,44.093320,-102.836280,3.699000,gazetteer
70269,CASEYS #3589,North Sioux City,SD,42.527220,-96.483090,3.059000,gazetteer
68665,BIG D 14,Piedmont,SD,44.231650,-103.389080,3.137333,gazetteer
70329,1 STOP TRAVEL PLAZA,Pierre,SD,44.368320,-100.350970,3.382333,gazetteer
9668,COFFEE CUP FUEL STOP #4,Plankinton,SD,43.715550,-98.485090,3.027333,gazetteer
70578,COMMON CENTS #125,Rapid City,SD,44.080540,-103.231010,3.207333,gazetteer
7088,FLYING J FRANCHISE #931,Rapid City,SD,44.080540,-103.231010,3.157333,gazetteer
5946,PILOT TRAVEL CENTERS #918,Rapid City,SD,44.080540,-103.231010,3.999000,gazetteer
69403,SHORTYS ONE STOP,Selby,SD,45.506380,-100.032070,3.089000,gazetteer
64313,CUBBYS #403,Sioux Falls,SD,43.543690,-96.727960,3.065667,gazetteer
69163,CUBBYS #406,Sioux Falls,SD,43.543690,-96.727960,3.099000,gazetteer
66062,FLYING J TRAVEL PLAZA #716,Sioux Falls,SD,43.543690,-96.727960,3.899000,gazetteer
70459,GET N GO #22,Sioux Falls,SD,43.543690,-96.727960,2.939000,gazetteer
72710,KWIK STAR #1285,Sioux Falls,SD,43.543690,-96.727960,2.952333,gazetteer
72713,Kwik Star #1217,Sioux Falls,SD,43.543690,-96.727960,2.939000,gazetteer
7092,LOVES TRAVEL STOP #445,Sioux Falls,SD,43.543690,-96.727960,3.889000,gazetteer
6677,ROADWAY TRAVEL CENTER,Sioux Falls,SD,43.543690,-96.727960,3.199000,gazetteer
66795,FUEL MART #645,Spencer,SD,43.725524,-97.593796,3.499000,nominatim
680,TA EXPRESS SUMMIT,Summit,SD,45.304406,-97.036466,3.205667,nominatim
71384,CASEYS #3944,Tea,SD,43.446370,-96.835880,3.199000,gazetteer
9717,COFFEE CUP FUEL STOP #8,Vivian,SD,43.926951,-100.302093,3.097333,nominatim
67712,CASEYS #3810,Volga,SD,44.323580,-96.926450,3.279000,gazetteer
67826,VALLEN MART,Volga,SD,44.323580,-96.926450,3.319000,gazetteer
61625,PRARIE STOP,Watertown,SD,44.899410,-97.115070,3.279000,gazetteer
67927,STONES TRUCK STOP,Watertown,SD,44.899410,-97.115070,3.382333,gazetteer
64314,JAKES CORNER,Winfred,SD,43.997197,-97.362288,3.049000,nominatim
65614,281 TRAVEL CENTER,Wolsey,SD,44.407763,-98.474816,3.089000,nominatim
70730,CASEYS #3855,Yankton,SD,42.871110,-97.397280,3.139000,gazetteer
52582,JRs Oasis,Yankton,SD,42.871110,-97.397280,3.149000,gazetteer
7072,TA ANTIOCH TRAVEL CENTER,Antioch,TN,36.060060,-86.672219,3.505667,nominatim
69947,THORNTONS #607,Antioch,TN,36.060060,-86.672219,2.899000,nominatim
7082,Chevron,Ardmore,TN,34.992030,-86.846670,3.599000,gazetteer
69399,SPEEDWAY #7147,Athens,TN,35.442850,-84.592990,3.349000,gazetteer
72565,WEIGEL'S #102,Athens,TN,35.442850,-84.592990,3.347333,gazetteer
66862,LOVES TRAVEL STOP #330,Baxter,TN,36.153670,-85.643590,3.234000,gazetteer
69564,SPEEDWAY #7106,Baxter,TN,36.153670,-85.643590,3.065667,gazetteer
65622,QUICK STOP #34,Bristol,TN,36.595110,-82.188740,3.299000,gazetteer
61651,LEES FOOD MART #123,Bulls Gap,TN,36.257040,-83.086000,3.259000,gazetteer
66863,101 TRAVEL PLAZA,Cedar Grove,TN,36.251720,-86.527772,2.999000,nominatim
62817,LOVES TRAVEL STOP #364,Charleston,TN,35.287300,-84.758270,3.589000,gazetteer
6180,Circle #4703923,Chattanooga,TN,35.045630,-85.309680,2.785667,gazetteer
69015,Joe's Kwik Mart,Chattanooga,TN,35.045630,-85.309680,3.149000,gazetteer
1492,MAPCO #3538,Chattanooga,TN,35.045630,-85.309680,2.899000,gazetteer
2310,MAPCO #3686,Chattanooga,TN,35.045630,-85.309680,2.889000,gazetteer
71709,MAPCO EXPRESS #7553,Chattanooga,TN,35.045630,-85.309680,2.994000,gazetteer
71925,QUIKTRIP #7140,Chattanooga,TN,35.045630,-85.309680,2.915667,gazetteer
69398,SPEEDWAY #7114,Chattanooga,TN,35.045630,-85.309680,3.082333,gazetteer
71808,WEIGELS #100,Chattanooga,TN,35.045630,-85.309680,3.015667,gazetteer
66317,LOVES TRAVEL STOP #314,Christiana,TN,35.710070,-86.399440,3.462333,gazetteer
2311,SHELL,Christiana,TN,35.710070,-86.399440,3.132333,gazetteer
72940,Circle K #3909,Clarksville,TN,36.529770,-87.359450,3.329000,gazetteer
68432,PAPA ROCK,Clarksville,TN,36.529770,-87.359450,3.199000,gazetteer
71648,QUIKTRIP #7149,Clarksville,TN,36.529770,-87.359450,2.915667,gazetteer
72655,RACEWAY #6988,Clarksville,TN,36.529770,-87.359450,2.999000,gazetteer
2807,SUDDEN SERVICE #25,Clarksville,TN,36.529770,-87.359450,3.307333,gazetteer
69259,SPEEDWAY #7162,Cleveland,TN,35.159520,-84.876610,3.449000,gazetteer
52534,LEES FOOD MART #1122,Clinton,TN,36.103410,-84.131860,2.969000,gazetteer
69674,WEIGLES #64,Clinton,TN,36.103410,-84.131860,2.995667,gazetteer
66957,LOVES TRAVEL STOP #346,Columbia,TN,35.615070,-87.035280,3.789000,gazetteer
69595,SPEEDWAY #7176,Columbia,TN,35.615070,-87.035280,3.359000,gazetteer
3171,One9 #265,Cookeville,TN,36.162840,-85.501640,3.084000,gazetteer
69008,SPEEDWAY #7137,Cookeville,TN,36.162840,-85.501640,3.077333,gazetteer
5661,TA Express #287,Cookeville,TN,36.162840,-85.501640,3.299000,gazetteer
4555,PILOT TRAVEL CENTERS #406,Cornersville,TN,35.361460,-86.839720,3.799000,gazetteer
7077,THE TENNESSEAN TRUCKSTOP,Cornersville,TN,35.361460,-86.839720,3.799000,gazetteer
2267,Circle K #4703917,Cross Plains,TN,36.548660,-86.696110,2.949000,gazetteer
61633,ECO TRAVEL PLAZA,Crossville,TN,35.948960,-85.026900,3.025667,gazetteer
66056,PILOT TRAVEL CENTERS #114,Crossville,TN,35.948960,-85.026900,3.245667,gazetteer
69396,SPEEDWAY #7158,Crossville,TN,35.948960,-85.026900,3.072333,gazetteer
63685,RIVER HEIGHTS GROCERY,Crump,TN,35.221750,-88.318090,3.099000,gazetteer
65624,Sudden Service #61,Cumberland City,TN,36.393386,-87.636406,3.564000,nominatim
66120,LOVES TRAVEL STOP #306,Dandridge,TN,36.015370,-83.414890,3.689000,gazetteer
2913,ONE9#226,Dandridge,TN,36.015370,-83.414890,3.259000,gazetteer
69702,SPEEDWAY #7159,Dandridge,TN,36.015370,-83.414890,3.259000,gazetteer
68189,EAGLE EXXON,Dayton,TN,35.493960,-85.012450,3.399000,gazetteer
7078,TA DENMARK TRAVEL CENTER,Denmark,TN,35.532855,-89.003952,3.539000,nominatim
67420,LOVES TRAVEL STOP #369,Dickson,TN,36.077000,-87.387790,3.175667,gazetteer
52607,PILOT TRAVEL CENTERS #409,Dickson,TN,36.077000,-87.387790,3.192333,gazetteer
71341,QUIKTRIP #7147,Dickson,TN,36.077000,-87.387790,2.915667,gazetteer
69790,LOVES TRAVEL STOP #641,Dyersburg,TN,36.034520,-89.385630,3.402333,gazetteer
63442,Flying J Travel Plaza #720,Fairview,TN,35.982010,-87.121400,3.185667,gazetteer
65625,Chevron,Fayetteville,TN,35.152030,-86.570550,3.754000,gazetteer
6661,TA FRANKLIN TRAVEL CENTER,Franklin,TN,35.925060,-86.868890,3.839000,gazetteer
72001,7-Eleven #41963,Goodlettsville,TN,36.323110,-86.713330,3.049000,gazetteer
71430,QUIKTRIP #7144,Goodlettsville,TN,36.323110,-86.713330,2.915667,gazetteer
67283,PILOT #4597,Gordonsville,TN,36.172560,-85.929710,3.245667,gazetteer
4441,PILOT TRAVEL CENTERS #51,Greeneville,TN,36.163160,-82.830990,3.562333,gazetteer
1487,ROADRUNNER MARKET #6019,Greeneville,TN,36.163160,-82.830990,3.499000,gazetteer
6565,TA Greeneville Travel Center,Greeneville,TN,36.163160,-82.830990,3.552333,gazetteer
66078,Amoco,Hartford,TN,35.816765,-83.143207,3.099000,nominatim
491,One9 #403,Heiskell,TN,36.081816,-84.053982,2.999000,nominatim
71240,LOVES TRAVEL STOP #764,Hillsboro,TN,35.412311,-85.971539,3.325667,nominatim
70791,LOVES TRAVEL STOP #791,Holladay,TN,35.870619,-88.145872,3.122333,nominatim
651,ONE9 #1366,Holladay,TN,35.870619,-88.145872,2.985667,nominatim
64526,PILOT TRAVEL CENTERS #53,Hurricane Mills,TN,35.971174,-87.781969,3.175667,nominatim
70090,SPEEDWAY #7111,Hurricane Mills,TN,35.971174,-87.781969,3.032333,nominatim
70128,CIRCLE K #4703913,Jackson,TN,35.614520,-88.813950,3.349000,gazetteer
63724,LOVES TRAVEL STOP #244,Jackson,TN,35.614520,-88.813950,3.497333,gazetteer
67126,PILOT TRAVEL CENTERS #366,Jackson,TN,35.614520,-88.813950,3.509000,gazetteer
69229,SPEEDWAY #7154,Jackson,TN,35.614520,-88.813950,3.399000,gazetteer
69397,SPEEDWAY #7163,Jackson,TN,35.614520,-88.813950,3.349000,gazetteer
67115,CIRCLE K #3912,Jasper,TN,35.074240,-85.626080,2.889000,gazetteer
68990,LOVES TRAVEL STOP #490,Jasper,TN,35.074240,-85.626080,3.252333,gazetteer
70320,SPEEDWAY #7177,Jasper,TN,35.074240,-85.626080,3.014000,gazetteer
67617,Twice Daily Convenience Store #8046,Joelton,TN,36.313108,-86.865277,3.349000,nominatim
67791,KINGSPORT TRUCK STOP,Kingsport,TN,36.548430,-82.561820,3.899000,gazetteer
65629,CASEYS GOODSTOP #4036,Kingston,TN,35.880910,-84.508540,3.164000,gazetteer
71241,WEIGLES #58,Kingston,TN,35.880910,-84.508540,3.169000,gazetteer
20079,PETRO KINGSTON SPRINGS #349,Kingston Springs,TN,36.102000,-87.115010,3.232333,gazetteer
70555,THORNTONS #615,Kingston Springs,TN,36.102000,-87.115010,2.982333,gazetteer
72637,AZTEX #104,Knoxville,TN,35.960640,-83.920740,3.359000,gazetteer
66316,CASEYS #4204,Knoxville,TN,35.960640,-83.920740,3.259000,gazetteer
66286,CASEYS #4205,Knoxville,TN,35.960640,-83.920740,3.099000,gazetteer
9675,FLYING J TRAVEL PLAZA #722,Knoxville,TN,35.960640,-83.920740,3.439000,gazetteer
9812,LEES FOOD MART #1398,Knoxville,TN,35.960640,-83.920740,3.299000,gazetteer
6327,PETRO STOPPING CENTER #312,Knoxville,TN,35.960640,-83.920740,3.425667,gazetteer
4918,PILOT TRAVEL CENTERS #219,Knoxville,TN,35.960640,-83.920740,3.699000,gazetteer
496,PILOT TRAVEL CENTERS #270,Knoxville,TN,35.960640,-83.920740,3.439000,gazetteer
69561,SPEEDWAY #7156,Knoxville,TN,35.960640,-83.920740,3.265667,gazetteer
652,TA KNOXVILLE EAST TRAVEL CENTER,Knoxville,TN,35.960640,-83.920740,3.425667,gazetteer
9803,TA KNOXVILLE WEST TRAVEL CENTER,Knoxville,TN,35.960640,-83.920740,3.425667,gazetteer
70349,WEIGELS #90,Kodak,TN,35.974532,-83.626840,3.199000,nominatim
9821,PILOT TRAVEL CENTERS #52,La Vergne,TN,36.015620,-86.581940,3.472333,gazetteer
71805,RACETRAC #2583,La Vergne,TN,36.015620,-86.581940,2.899000,gazetteer
72321,Thorntons #617,La Vergne,TN,36.015620,-86.581940,2.882333,gazetteer
69882,SPEEDWAY #7103,Lawrenceburg,TN,35.242300,-87.334740,3.574000,gazetteer
72558,Circle K #4703975,Lebanon,TN,36.208110,-86.291100,2.872333,gazetteer
63522,Pilot Travel Centers #411,Lebanon,TN,36.208110,-86.291100,3.245667,gazetteer
71308,QUIKTRIP #7145,Lebanon,TN,36.208110,-86.291100,2.915667,gazetteer
69013,SPEEDWAY #7124,Lebanon,TN,36.208110,-86.291100,3.024000,gazetteer
69336,SPEEDWAY #7148,Lebanon,TN,36.208110,-86.291100,2.922333,gazetteer
52128,Sudden Service #8087,Lebanon,TN,36.208110,-86.291100,3.199000,gazetteer
72320,THORNTONS #616,Lebanon,TN,36.208110,-86.291100,2.875667,gazetteer
3936,Uncle Petes Truck Stop,Lebanon,TN,36.208110,-86.291100,2.989000,gazetteer
68891,LOVES TRAVEL STOP #480,Lenoir City,TN,35.797300,-84.256030,3.439000,gazetteer
71876,LOVES TRAVEL STOP #861,Loudon,TN,35.732850,-84.333810,3.587333,gazetteer
3191,BUSY CORNER TRUCK STOP AND MARKET,Manchester,TN,35.481740,-86.088600,3.049000,gazetteer
7930,I 24 TRUCK PLAZA,Manchester,TN,35.481740,-86.088600,3.099000,gazetteer
67335,TOP STOP MARKET,Manchester,TN,35.481740,-86.088600,3.015667,gazetteer
72160,KENJO MARKET #52,Maryville,TN,35.756470,-83.970460,3.249000,gazetteer
61646,SHELL,Mason,TN,35.411750,-89.532850,3.549000,gazetteer
69156,BLU STATION,Memphis,TN,35.149530,-90.048980,2.969000,gazetteer
69149,BLU STATION- LAMAR AVE,Memphis,TN,35.149530,-90.048980,2.969000,gazetteer
1507,CIRCLE K #4703941,Memphis,TN,35.149530,-90.048980,3.189000,gazetteer
68440,EXPRESS GAS,Memphis,TN,35.149530,-90.048980,2.979000,gazetteer
72139,HOLMES EXPRESS,Memphis,TN,35.149530,-90.048980,3.399000,gazetteer
66954,LOVES TRAVEL STOP #344,Memphis,TN,35.149530,-90.048980,3.249000,gazetteer
65919,QUICK FUEL #5001,Memphis,TN,35.149530,-90.048980,3.025667,gazetteer
72248,SHELBY EXPRESS,Memphis,TN,35.149530,-90.048980,3.699000,gazetteer
70598,SPEEDWAY #7175,Memphis,TN,35.149530,-90.048980,3.199000,gazetteer
67443,PILOT #4599,Monteagle,TN,35.240080,-85.839700,3.335667,gazetteer
72448,SHELL SERVICE STATION,Morrison,TN,35.602850,-85.919710,3.499000,gazetteer
70377,WEIGELS #81,Morristown,TN,36.213980,-83.294890,3.259000,gazetteer
71266,LOVES TRAVEL STOP #787,Mosheim,TN,36.189540,-82.958490,3.555667,gazetteer
71055,LOVES TRAVEL STOP #793,Mount Juliet,TN,36.200050,-86.518610,3.252333,gazetteer
52550,PILOT TRAVEL CENTERS #404,Murfreesboro,TN,35.845620,-86.390270,3.472333,gazetteer
71636,RACETRAC #2580,Murfreesboro,TN,35.845620,-86.390270,3.032333,gazetteer
71635,Racetrac #2610,Murfreesboro,TN,35.845620,-86.390270,3.049000,gazetteer
72804,7-Eleven #42174,Nashville,TN,36.165890,-86.784440,3.249000,gazetteer
67070,CASEYS #4225,Nashville,TN,36.165890,-86.784440,3.062333,gazetteer
10015,Loves Travel Stop #429,Nashville,TN,36.165890,-86.784440,3.462333,gazetteer
69007,SPEEDWAY #7136,Nashville,TN,36.165890,-86.784440,3.242333,gazetteer
10014,Sudden Service #6604,Nashville,TN,36.165890,-86.784440,3.399000,gazetteer
71525,LOVES TRAVEL STOP #796,Newport,TN,35.967040,-83.187660,3.689000,gazetteer
66059,TIME OUT TRAVEL CENTER,Newport,TN,35.967040,-83.187660,2.965667,gazetteer
71009,WEIGELS #80,Newport,TN,35.967040,-83.187660,3.115667,gazetteer
67442,PILOT #4598,Niota,TN,35.513410,-84.545210,3.599000,gazetteer
70699,QUIK STOP,Paris,TN,36.302000,-88.326710,2.959000,gazetteer
69682,PILOT #1577,Pioneer,TN,36.417580,-84.314099,3.025667,nominatim
68897,TA CARYVILLE,Pioneer,TN,36.417580,-84.314099,3.007333,nominatim
4222,Circle K #4703906,Pleasant View,TN,36.394220,-87.036670,2.899000,gazetteer
69365,Circle K #4703911,Portland,TN,36.581710,-86.516380,2.959000,gazetteer
70562,SPEEDWAY #7161,Portland,TN,36.581710,-86.516380,3.024000,gazetteer
72266,SHELL SERVICE STATION,Pulaski,TN,35.199800,-87.030840,3.209000,gazetteer
70093,LOVES TRAVEL STOP #694,Ramer,TN,35.069530,-88.622272,3.462333,nominatim
61654,MAJOR MARKETS #276,Ripley,TN,35.745360,-89.529800,3.799000,gazetteer
9990,JIMS BEST STOP,Selmer,TN,35.170080,-88.592270,3.174000,gazetteer
67877,CIRCLE K #4703701,Smyrna,TN,35.982840,-86.518600,3.032333,gazetteer
70118,SPEEDWAY #7118,Smyrna,TN,35.982840,-86.518600,3.015667,gazetteer
65639,SPEEDWAY #7138,Smyrna,TN,35.982840,-86.518600,3.049000,gazetteer
66300,PILOT TRAVEL CENTERS #149,Stanton,TN,35.462614,-89.402018,3.509000,nominatim
66788,CIRCLE K #4703626,Sweetwater,TN,35.601460,-84.461040,3.289000,gazetteer
68196,CATDADDY MARKET,Tazewell,TN,36.454250,-83.569350,3.299000,gazetteer
71966,BLACK DIAMOND TRAVEL CENTER,Unicoi,TN,36.195390,-82.349580,3.402333,gazetteer
61656,PHILLIPS 66,Union City,TN,36.424230,-89.057010,3.382333,gazetteer
69826,LOVES TRAVEL STOP #629,White House,TN,36.470320,-86.651380,3.159000,gazetteer
66437,PILOT #4596,White Pine,TN,36.107590,-83.286830,3.699000,gazetteer
63790,PILOT TRAVEL CENTERS #412,White Pine,TN,36.107590,-83.286830,3.699000,gazetteer
1562,I MART #108,Wildersville,TN,35.781489,-88.360251,3.099000,nominatim
61660,MARATHON,Wildersville,TN,35.781489,-88.360251,3.099000,nominatim
71561,ABBOTTS TRAVEL CENTER,Abbott,TX,31.889930,-97.087083,3.065667,nominatim
71851,PWI #164,Abbott,TX,31.889930,-97.087083,2.892333,nominatim
1753,PWI #169,Abbott,TX,31.889930,-97.087083,2.899000,nominatim
71346,ALLSUPS CONVENIENCE STORE #2094,Abilene,TX,32.448740,-99.733140,2.889000,gazetteer
65641,ALLSUPS CONVENIENCE STORE #2331,Abilene,TX,32.448740,-99.733140,2.875667,gazetteer
71359,ALLSUPS CONVENIENCE STORE #2350,Abilene,TX,32.448740,-99.733140,2.875667,gazetteer
72775,CEFCO #2089,Abilene,TX,32.448740,-99.733140,2.765667,gazetteer
72951,DK,Abilene,TX,32.448740,-99.733140,2.849000,gazetteer
72822,QUARLES #54225,Abilene,TX,32.448740,-99.733140,3.499000,gazetteer
72828,QUARLES #54250,Abilene,TX,32.448740,-99.733140,3.312333,gazetteer
71270,QUIKTRIP #7904,Abilene,TX,32.448740,-99.733140,2.875667,gazetteer
4690,PWI #401,Aledo,TX,32.695960,-97.602250,2.799000,gazetteer
63805,TEX-BEST #519,Alice,TX,27.752250,-98.069720,2.899000,gazetteer
3678,TIMES MARKET #299,Alice,TX,27.752250,-98.069720,3.099000,gazetteer
69643,Tex-Best #524,Alice,TX,27.752250,-98.069720,2.899000,gazetteer
68260,ALVARADO MARKET STATION,Alvarado,TX,32.406530,-97.211680,2.844000,gazetteer
71643,Pilot #1319,Alvarado,TX,32.406530,-97.211680,3.205667,gazetteer
71394,QUIKTRIP #955,Alvarado,TX,32.406530,-97.211680,2.975667,gazetteer
72894,Allsups Convenience Store #2458,Alvord,TX,33.358450,-97.694750,2.899000,gazetteer
20082,GOLDEN EXPRESS TRUCK STOP,Alvord,TX,33.358450,-97.694750,3.049000,gazetteer
65721,Paradise RV & Truck Park,Alvord,TX,33.358450,-97.694750,2.815667,gazetteer
68211,CEFCO #2005,Amarillo,TX,35.222000,-101.831300,2.869000,gazetteer
72111,FAST STOP,Amarillo,TX,35.222000,-101.831300,2.944000,gazetteer
7733,FLYING J TRAVEL PLAZA #723,Amarillo,TX,35.222000,-101.831300,3.265667,gazetteer
1672,HANA TRAVEL PLAZA,Amarillo,TX,35.222000,-101.831300,2.899000,gazetteer
4446,LOVES TRAVEL STOP #200,Amarillo,TX,35.222000,-101.831300,3.209000,gazetteer
1582,LOVES TRAVEL STOP #250,Amarillo,TX,35.222000,-101.831300,3.314000,gazetteer
1516,LOVES TRAVEL STOP #261,Amarillo,TX,35.222000,-101.831300,3.232333,gazetteer
3536,PETRO STOPPING CENTER #307,Amarillo,TX,35.222000,-101.831300,3.279000,gazetteer
64529,PILOT TRAVEL CENTERS #436,Amarillo,TX,35.222000,-101.831300,3.265667,gazetteer
72753,QUIKTRIP #7908,Amarillo,TX,35.222000,-101.831300,2.874000,gazetteer
72816,QUIKTRIP #7914,Amarillo,TX,35.222000,-101.831300,2.845667,gazetteer
72495,ROAD RANGER #286,Amarillo,TX,35.222000,-101.831300,2.972333,gazetteer
7023,TA AMARILLO WEST TRAVEL CENTER,Amarillo,TX,35.222000,-101.831300,3.279000,gazetteer
71849,TOOT N TOTUM #128,Amarillo,TX,35.222000,-101.831300,3.089000,gazetteer
71679,TOOT N TOTUM #22,Amarillo,TX,35.222000,-101.831300,2.967333,gazetteer
68396,TOOT N TOTUM #44,Amarillo,TX,35.222000,-101.831300,3.042333,gazetteer
71246,TOOT N TOTUM #99,Amarillo,TX,35.222000,-101.831300,3.045667,gazetteer
71108,Stuckeyâ€™s Travel Center West,Anahuac,TX,29.773000,-94.682700,2.807333,gazetteer
72656,ALLSUPS #2437,Andrews,TX,32.318720,-102.545720,3.395667,gazetteer
71350,ALLSUPS CONVENIENCE STORE #2206,Andrews,TX,32.318720,-102.545720,3.392333,gazetteer
69103,LOVES TRAVEL STOP #539,Andrews,TX,32.318720,-102.545720,3.689000,gazetteer
70585,PILOT TRAVEL CENTER #1211,Andrews,TX,32.318720,-102.545720,3.639000,gazetteer
1585,Stripes 7Fleet #42498,Andrews,TX,32.318720,-102.545720,3.369000,gazetteer
9618,FLYING J #477,Anna,TX,33.349000,-96.548600,3.239000,gazetteer
65885,LOVES TRAVEL STOP #299,Anna,TX,33.349000,-96.548600,3.197333,gazetteer
20083,FLYING J TRAVEL PLAZA #724,Anthony,TX,31.999270,-106.605550,3.459000,gazetteer
68367,LOVES TRAVEL STOP #447,Anthony,TX,31.999270,-106.605550,3.449000,gazetteer
64514,PILOT TRAVEL CENTERS #435,Anthony,TX,31.999270,-106.605550,3.459000,gazetteer
72332,TXB #82 DBA KWIK CHEK FOOD STORES,Asherton,TX,28.441930,-99.760330,3.259000,gazetteer
71466,ALLSUPS CONVENIENCE STORE #2185,Aspermont,TX,33.133430,-100.227330,3.365667,gazetteer
72808,Allsups Convenience #2463,Aubrey,TX,33.304280,-96.986120,2.899000,gazetteer
69699,CIRCLE K #2741552,Austin,TX,30.267150,-97.743060,2.932333,gazetteer
73008,MUSTANG XPRESS,Austin,TX,30.267150,-97.743060,3.332333,gazetteer
71598,Allsups #2381,Azle,TX,32.895130,-97.545860,2.919000,gazetteer
69441,LOVES TRAVEL STOP #610,Baird,TX,32.394020,-99.394240,3.107333,gazetteer
52648,Stripes #42566,Ballinger,TX,31.738210,-99.947310,3.055667,gazetteer
71275,ALLSUPS CONVENIENCE STORE #2272,Bangs,TX,31.717100,-99.132550,2.932333,gazetteer
69871,CIRCLE K #2741595,Bastrop,TX,30.110490,-97.315270,2.954000,gazetteer
71282,QuikTrip #4128,Bastrop,TX,30.110490,-97.315270,2.965667,gazetteer
72382,EXXPRESS MART #4,Beaumont,TX,30.086050,-94.101850,3.199000,gazetteer
70029,LOVES TRAVEL STOP #696,Beaumont,TX,30.086050,-94.101850,3.294000,gazetteer
4827,PETRO BEAUMONT #304,Beaumont,TX,30.086050,-94.101850,3.330667,gazetteer
71929,STUCKEYS TRAVEL CENTER,Beaumont,TX,30.086050,-94.101850,2.824000,gazetteer
67879,Strike,Beaumont,TX,30.086050,-94.101850,3.499000,gazetteer
68696,STRIPES #40800,Beeville,TX,28.400950,-97.749740,3.015667,gazetteer
66372,CEFCO #54,Belton,TX,31.056010,-97.464450,2.952333,gazetteer
70468,CIRCLE K #2741325,Belton,TX,31.056010,-97.464450,2.885667,gazetteer
69981,RANCHLAND GAS STATION,Benjamin,TX,33.583980,-99.792310,3.299000,gazetteer
69132,PILOT #1001,Big Lake,TX,31.191540,-101.460390,4.059000,gazetteer
72835,QUARLES #54277,Big Lake,TX,31.191540,-101.460390,3.849000,gazetteer
70503,STRIPES 7FLEET #42491,Big Lake,TX,31.191540,-101.460390,3.549000,gazetteer
68923,STRIPES 7FLEET #42509,Big Lake,TX,31.191540,-101.460390,3.599000,gazetteer
69078,PILOT #559,Big Spring,TX,32.250400,-101.478740,3.659000,gazetteer
72847,QUARLES #54341,Big Spring,TX,32.250400,-101.478740,3.649000,gazetteer
7059,TA BIG SPRING TRAVEL CENTER,Big Spring,TX,32.250400,-101.478740,3.699000,gazetteer
68801,7-ELEVEN #40574,Blanco,TX,30.097990,-98.421410,3.399000,gazetteer
73018,Smart Stop Travel Center,Bogata,TX,33.470670,-95.213840,3.199000,gazetteer
68938,TOOT N TOTUM #23,Borger,TX,35.667820,-101.397390,3.015667,gazetteer
73048,ALLSUPS CONVENIENCE STORE #2473,Bowie,TX,33.559000,-97.848650,2.899000,gazetteer
66893,ONE9 #1291,Bowie,TX,33.559000,-97.848650,2.912333,gazetteer
66951,BERKLYS TRAVEL CENTER #3,Brady,TX,31.135170,-99.335060,3.615667,gazetteer
67747,STRIPES 7FLEET #42424,Brady,TX,31.135170,-99.335060,3.599000,gazetteer
71649,Allsups Convenience Store #2385,Breckenridge,TX,32.755680,-98.902290,3.307333,gazetteer
71172,ZIPPY JS #18,Brenham,TX,30.166880,-96.397740,3.199000,gazetteer
70547,ALLSUPS CONVENIENCE STORE #2140,Bridgeport,TX,33.210120,-97.754760,2.899000,gazetteer
70095,LOVES TRAVEL STOP #713,Bridgeport,TX,33.210120,-97.754760,2.949000,gazetteer
1622,RACEWAY #6973,Bridgeport,TX,33.210120,-97.754760,2.782333,gazetteer
52678,STRIPES 7FLEET #42433,Bronte,TX,31.887370,-100.291760,3.474000,gazetteer
1533,YESWAY #1157,Brownfield,TX,33.181200,-102.274350,2.992333,gazetteer
70350,CIRCLE K #2741859,Brownsville,TX,25.901750,-97.497480,3.029000,gazetteer
70530,LOVES TRAVEL STOP #767,Brownsville,TX,25.901750,-97.497480,3.155667,gazetteer
67750,STRIPES #40729,Brownsville,TX,25.901750,-97.497480,2.999000,gazetteer
71345,ALLSUPS CONVENIENCE STORE #2084,Brownwood,TX,31.709320,-98.991160,2.949000,gazetteer
69662,STRIPES 7FLEET #42472,Brownwood,TX,31.709320,-98.991160,2.962333,gazetteer
66156,7-ELEVEN #36567,Bryan,TX,30.674360,-96.369960,3.144000,gazetteer
67677,BIGGAS TRUCK STOP,Bryan,TX,30.674360,-96.369960,3.199000,gazetteer
69948,CIRCLE T,Bryan,TX,30.674360,-96.369960,3.459000,gazetteer
73040,TAILGATE #3,Bryan,TX,30.674360,-96.369960,3.599000,gazetteer
60538,TEXACO #380031,Bryan,TX,30.674360,-96.369960,3.399000,gazetteer
67837,PILOT TRAVEL CENTER #1054,Buda,TX,30.085210,-97.840280,3.415667,gazetteer
70665,POCO LOCO MARKET,Buda,TX,30.085210,-97.840280,2.892333,gazetteer
71651,QUIKTRIP #4151,Buda,TX,30.085210,-97.840280,2.915667,gazetteer
72795,REFUEL #1337,Buda,TX,30.085210,-97.840280,2.999000,gazetteer
68405,PILOT TRAVEL CENTER #1028,Buffalo,TX,31.463790,-96.058020,3.549000,gazetteer
52535,PWI #115,Buffalo,TX,31.463790,-96.058020,2.899000,gazetteer
66185,TIGERMART OF BUFFALO,Buffalo,TX,31.463790,-96.058020,3.599000,gazetteer
1749,HIGHWAY 96 FUEL STOP,Buna,TX,30.432980,-93.962400,3.149000,gazetteer
60539,SHELL,Buna,TX,30.432980,-93.962400,3.102333,gazetteer
68988,7-ELEVEN #40547,Burnet,TX,30.758240,-98.228360,2.957333,gazetteer
69434,CIRCLE K #2741559,Burnet,TX,30.758240,-98.228360,2.915667,gazetteer
68213,CADOO MILLS,Caddo Mills,TX,33.065670,-96.227760,2.800667,gazetteer
66941,PILOT TRAVEL CENTERS #367,Caddo Mills,TX,33.065670,-96.227760,3.169000,gazetteer
71020,Fast Trac 21,Caldwell,TX,30.531320,-96.693030,3.299000,gazetteer
70169,ROCKING Oil,Caldwell,TX,30.531320,-96.693030,3.099000,gazetteer
1654,CEFCO #3,Cameron,TX,30.853250,-96.976930,2.989000,gazetteer
68225,OASIS TRUCK STOP,Canadian,TX,35.912820,-100.382080,3.299000,gazetteer
60540,CIRCLE K #2706340,Canton,TX,32.556520,-95.863300,2.775667,gazetteer
669,PETRO STOPPING CENTER #350,Canutillo,TX,31.911490,-106.600270,3.499000,gazetteer
71663,Allsups #2388,Canyon,TX,34.980330,-101.918800,2.900667,gazetteer
69442,Eagle #51,Carrizo Springs,TX,28.521930,-99.860610,3.279000,gazetteer
67410,STRIPES #40532,Carrizo Springs,TX,28.521930,-99.860610,3.349000,gazetteer
70797,QUICK FUEL #3176,Carrollton,TX,32.953730,-96.890280,3.015667,gazetteer
64337,GRAVES TRUCK STOP,Carthage,TX,32.157380,-94.337420,2.999000,gazetteer
71875,LOVES TRAVEL STOP #615,Carthage,TX,32.157380,-94.337420,3.102333,gazetteer
69607,PANOLA PINES PLAZA,Carthage,TX,32.157380,-94.337420,3.139000,gazetteer
72899,RACEWAY #7002,Carthage,TX,32.157380,-94.337420,2.820667,gazetteer
72067,CIRCLE K #2741822,Castroville,TX,29.355790,-98.878640,2.912333,gazetteer
72998,83 FUEL STOP,Catarina,TX,28.345547,-99.613379,2.959000,nominatim
69257,CATARINA ONE STOP,Catarina,TX,28.345547,-99.613379,3.024000,nominatim
1154,CIRCLE K #2704691,Cedar Creek,TX,30.087161,-97.500830,3.199000,nominatim
61684,WOODYS FOOD MART,Centerville,TX,31.257960,-95.978290,2.845667,gazetteer
70463,CIRCLE K #2741496,Chappell Hill,TX,30.141529,-96.256719,2.999000,nominatim
67762,CEFCO #2008,Childress,TX,34.426450,-100.204000,2.915667,gazetteer
69222,PILOT TRAVEL CENTERS #1003,Childress,TX,34.426450,-100.204000,3.799000,gazetteer
65659,ALLSUPS CONVENIENCE STORE #2169,Chillicothe,TX,34.256470,-99.516760,2.895667,gazetteer
71333,ALLSUPS CONVENIENCE STORE #2105,Cisco,TX,32.388190,-98.979230,2.929000,gazetteer
69405,FLYING J #551,Cisco,TX,32.388190,-98.979230,3.142333,gazetteer
71502,ROAD RANGER #281,Cisco,TX,32.388190,-98.979230,3.140667,gazetteer
69168,STRIPES 7FLEET #42470,Cisco,TX,32.388190,-98.979230,3.127333,gazetteer
70546,ALLSUPS CONVENIENCE STORE #2370,Clarendon,TX,34.937830,-100.888200,2.929000,gazetteer
71691,ALLSUPS #2399,Claude,TX,35.111720,-101.363220,2.929000,gazetteer
72432,Yesway #1203,Clifton,TX,31.782380,-97.576690,2.969000,gazetteer
69633,ONE9 EXPRESS FUEL,Clint,TX,31.592340,-106.224140,2.802333,gazetteer
71347,ALLSUPS CONVENIENCE STORE #2128,Clyde,TX,32.405960,-99.493690,2.889000,gazetteer
71853,Landmark Travel Center,Clyde,TX,32.405960,-99.493690,2.900667,gazetteer
70507,ALLSUPS CONVENIENCE STORE #2154,Coleman,TX,31.827370,-99.426450,3.159000,gazetteer
71687,ALLSUPS #2386,Colorado City,TX,32.388170,-100.864560,2.942333,gazetteer
71644,CHISUM TRAVEL CENTER #38,Colorado City,TX,32.388170,-100.864560,2.925667,gazetteer
70516,STRIPES 7FLEET #42528,Colorado City,TX,32.388170,-100.864560,2.899000,gazetteer
71351,ALLSUPS CONVENIENCE STORE #2207,Comanche,TX,31.897370,-98.603660,3.159000,gazetteer
71354,ALLSUPS CONVENIENCE STORE #2247,Comanche,TX,31.897370,-98.603660,3.162333,gazetteer
4339,ROAD RANGER #273,Combes,TX,26.248690,-97.733880,3.049000,gazetteer
68245,STRIPES #40705,Combes,TX,26.248690,-97.733880,2.912333,gazetteer
68339,LOVES TRAVEL STOP #464,Comfort,TX,29.967710,-98.905030,3.212333,gazetteer
72879,QUIKTRIP #4002,Comfort,TX,29.967710,-98.905030,2.965667,gazetteer
69621,Circle K #2741096,Converse,TX,29.518010,-98.316120,2.935667,gazetteer
73092,QUIKTRIP #4042,Converse,TX,29.518010,-98.316120,2.945667,gazetteer
72934,CIRCLE K #2706987,Corpus Christi,TX,27.800580,-97.396380,3.099000,gazetteer
70786,CIRCLE K #2741502,Corpus Christi,TX,27.800580,-97.396380,3.060667,gazetteer
73062,CIRCLE K #2741849,Corpus Christi,TX,27.800580,-97.396380,3.124000,gazetteer
69471,Circle K #2741501,Corpus Christi,TX,27.800580,-97.396380,3.104000,gazetteer
69907,STRIPES #41023,Corpus Christi,TX,27.800580,-97.396380,3.070667,gazetteer
71705,STRIPES #41980,Corpus Christi,TX,27.800580,-97.396380,3.199000,gazetteer
73031,Travel Refresh,Corrigan,TX,30.996860,-94.827150,2.949000,gazetteer
72896,PILOT #1283,Corsicana,TX,32.095430,-96.468870,3.042333,gazetteer
71298,QUIKTRIP #1923,Corsicana,TX,32.095430,-96.468870,2.849000,gazetteer
68885,FLYING J #488,Cotulla,TX,28.436930,-99.235030,3.599000,gazetteer
72650,Loves Travel Stop #862,Cotulla,TX,28.436930,-99.235030,3.589000,gazetteer
68987,STRIPES #40535,Cotulla,TX,28.436930,-99.235030,3.339000,gazetteer
72820,QUARLES #54232,Crane,TX,31.397360,-102.350140,3.885667,gazetteer
72020,CEFCO #2082,Cross Plains,TX,32.126250,-99.165340,3.159000,gazetteer
71457,ALLSUPS CONVENIENCE STORE #2075,Crowell,TX,33.983970,-99.724820,3.199000,gazetteer
69139,CIRCLE K #2741545,Cuero,TX,29.093870,-97.289160,3.099000,gazetteer
1700,TOPPS FUEL STOPS,Daingerfield,TX,33.031790,-94.721870,3.109000,gazetteer
71480,Loves Travel Stop #836,Dalhart,TX,36.059480,-102.513250,3.435667,gazetteer
5718,TOOT N TOTUM #104,Dalhart,TX,36.059480,-102.513250,3.199000,gazetteer
68406,TOOT N TOTUM #114,Dalhart,TX,36.059480,-102.513250,3.199000,gazetteer
69097,CIRCLE K #2741192,Dallas,TX,32.783060,-96.806670,2.899000,gazetteer
70474,EXXON,Dallas,TX,32.783060,-96.806670,3.499000,gazetteer
70247,EXXON DBA ONE9 #1416,Dallas,TX,32.783060,-96.806670,2.992333,gazetteer
52221,FLYING J TRAVEL PLAZA #726,Dallas,TX,32.783060,-96.806670,3.182333,gazetteer
65666,FUEL CITY #2,Dallas,TX,32.783060,-96.806670,2.965667,gazetteer
63621,FUEL CITY FRIENDLYS,Dallas,TX,32.783060,-96.806670,2.965667,gazetteer
6227,MARLOWS FUEL CENTER,Dallas,TX,32.783060,-96.806670,3.240667,gazetteer
52361,PAYLESS FUEL TRAVEL CENTER,Dallas,TX,32.783060,-96.806670,2.985667,gazetteer
64485,PILOT TRAVEL CENTERS #433,Dallas,TX,32.783060,-96.806670,3.182333,gazetteer
66807,QUICK FUEL #5303,Dallas,TX,32.783060,-96.806670,3.045667,gazetteer
70376,QUIKTRIP #1935,Dallas,TX,32.783060,-96.806670,2.975667,gazetteer
69104,QUIKTRIP #970,Dallas,TX,32.783060,-96.806670,2.975667,gazetteer
72773,RaceTrac #2626,Dallas,TX,32.783060,-96.806670,2.864000,gazetteer
70510,ALLSUPS CONVENIENCE STORE #2147,De Leon,TX,32.110970,-98.535880,3.159000,gazetteer
65667,ALLSUPS CONVENIENCE STORE #2103,Decatur,TX,33.234280,-97.586140,2.899000,gazetteer
63495,DECAUTER SHELL TRUCK STOP,Decatur,TX,33.234280,-97.586140,2.915667,gazetteer
70375,QUIKTRIP #1853,Decatur,TX,33.234280,-97.586140,2.899000,gazetteer
52611,STRIPES #40530,Del Rio,TX,29.362730,-100.896760,3.229000,gazetteer
72725,CASEYS #4481,Denison,TX,33.755660,-96.536660,2.935667,gazetteer
71854,EXXON DBA Pilot #1289,Denison,TX,33.755660,-96.536660,3.239000,gazetteer
20086,LOVES TRAVEL STOP #609,Denton,TX,33.214840,-97.133070,3.247333,gazetteer
6271,TA DENTON TRAVEL CENTER,Denton,TX,33.214840,-97.133070,3.254000,gazetteer
70549,ALLSUPS CONVENIENCE STORE #2194,Denver City,TX,32.964550,-102.829100,3.382333,gazetteer
70545,ALLSUPS CONVENIENCE STORE #2205,Denver City,TX,32.964550,-102.829100,3.365667,gazetteer
72889,DK,Denver City,TX,32.964550,-102.829100,3.319000,gazetteer
72841,QUARLES #54296,Denver City,TX,32.964550,-102.829100,3.799000,gazetteer
71305,AMIGO'S COUNTRY STORE,Devine,TX,29.139960,-98.905310,3.099000,gazetteer
71253,QUIKTRIP #4066,Devine,TX,29.139960,-98.905310,2.965667,gazetteer
67313,Majors 660 Diboll Truck Plaza,Diboll,TX,31.187130,-94.781040,2.832333,gazetteer
71685,ON THE ROAD 110,Diboll,TX,31.187130,-94.781040,3.199000,gazetteer
71133,AMIGOS TRAVEL CENTER,Dilley,TX,28.667480,-99.170590,3.399000,gazetteer
69525,DILLEY TRUCK STOP,Dilley,TX,28.667480,-99.170590,3.065667,gazetteer
1546,SHELL,Dilley,TX,28.667480,-99.170590,3.099000,gazetteer
68236,TEX BEST #506,Dilley,TX,28.667480,-99.170590,3.099000,gazetteer
70637,CIRCLE K #2704111,Donna,TX,26.170350,-98.051950,3.009000,gazetteer
70257,LOVES TRAVEL STOP #739,Donna,TX,26.170350,-98.051950,3.649000,gazetteer
69098,CIRCLE K #2741318,Dripping Springs,TX,30.190210,-98.086680,3.049000,gazetteer
71343,ALLSUPS CONVENIENCE STORE #2014,Dublin,TX,32.085140,-98.341990,3.159000,gazetteer
69709,LOVES TRAVEL STOP #626,Dumas,TX,35.865590,-101.973240,3.415667,gazetteer
6391,TOOT N TOTUM #106,Dumas,TX,35.865590,-101.973240,3.005667,gazetteer
1548,TOOT N TOTUM #107,Dumas,TX,35.865590,-101.973240,3.032333,gazetteer
52643,Minit Mart #3,Eagle Pass,TX,28.709140,-100.499520,3.199000,gazetteer
65673,PILOT #894,Eagle Pass,TX,28.709140,-100.499520,3.899000,gazetteer
69663,STRIPES #2484,Eagle Pass,TX,28.709140,-100.499520,3.199000,gazetteer
65674,VALLEY MART #09,Eagle Pass,TX,28.709140,-100.499520,3.199000,gazetteer
70509,ALLSUPS CONVENIENCE STORE #2108,Early,TX,31.742100,-98.945610,2.932333,gazetteer
72018,CEFCO #2071,Early,TX,31.742100,-98.945610,2.925667,gazetteer
72372,Eastland Truck Stop,Eastland,TX,32.401520,-98.817560,2.932333,gazetteer
71946,Allsups #102450,Eden,TX,31.216280,-99.845630,3.179000,gazetteer
66771,FLYING J TRAVEL PLAZA #727,Edinburg,TX,26.301740,-98.163340,3.084000,gazetteer
66178,LOVES TRAVEL STOP #284,Edinburg,TX,26.301740,-98.163340,3.110667,gazetteer
72078,STRIPES #42150,Edinburg,TX,26.301740,-98.163340,3.005667,gazetteer
6330,TA EDINBURG TRAVEL CENTER,Edinburg,TX,26.301740,-98.163340,3.010667,gazetteer
72679,TEX BEST #532,Edinburg,TX,26.301740,-98.163340,3.020667,gazetteer
71565,CIRCLE K #2741253,El Paso,TX,31.758720,-106.486930,3.195667,gazetteer
69421,CIRCLE K #2741257,El Paso,TX,31.758720,-106.486930,2.915667,gazetteer
72942,CIRCLE K #2742777,El Paso,TX,31.758720,-106.486930,3.190667,gazetteer
73061,Circle K #2709045,El Paso,TX,31.758720,-106.486930,3.202333,gazetteer
71079,DK,El Paso,TX,31.758720,-106.486930,2.699000,gazetteer
69423,FAST MARKET #4574,El Paso,TX,31.758720,-106.486930,2.905667,gazetteer
71421,FLYERS #3236,El Paso,TX,31.758720,-106.486930,3.229000,gazetteer
66843,FLYING J TRAVEL PLAZA #728,El Paso,TX,31.758720,-106.486930,3.092333,gazetteer
6221,LOVES TRAVEL STOP #214,El Paso,TX,31.758720,-106.486930,3.075667,gazetteer
6823,PETRO STOPPING CENTER #301,El Paso,TX,31.758720,-106.486930,3.124000,gazetteer
73035,QUIKTRIP #7909,El Paso,TX,31.758720,-106.486930,2.849000,gazetteer
7064,SPEEDWAY #9804,El Paso,TX,31.758720,-106.486930,3.415667,gazetteer
71473,ALLSUPS CONVENIENCE STORE #2378,Electra,TX,34.029260,-98.918960,2.999000,gazetteer
72097,EXPRESSWAY SERVICE STATION,Electra,TX,34.029260,-98.918960,2.999000,gazetteer
68674,TEXACO,Elgin,TX,30.349650,-97.370270,3.099000,gazetteer
20108,TEX-BEST #501,Elmendorf,TX,29.256070,-98.332790,2.949000,gazetteer
69858,TEX-BEST #528,Elmendorf,TX,29.256070,-98.332790,2.892333,gazetteer
71233,Fuel America Travel Center #2,Encinal,TX,28.041120,-99.354480,3.049000,gazetteer
66015,LOVES TRAVEL STOP #298,Encinal,TX,28.041120,-99.354480,3.589000,gazetteer
69612,ROAD RANGER #272,Encinal,TX,28.041120,-99.354480,3.539000,gazetteer
73130,A One Stop,Ennis,TX,32.329310,-96.625270,2.935667,gazetteer
73118,ALLSUPS #2432,Ennis,TX,32.329310,-96.625270,2.929000,gazetteer
66762,EXXON TIGER MART #44,Ennis,TX,32.329310,-96.625270,3.099000,gazetteer
70151,LOVES TRAVEL STOP #721,Ennis,TX,32.329310,-96.625270,3.035667,gazetteer
65678,ONE9 #1300,Ennis,TX,32.329310,-96.625270,2.869000,gazetteer
67736,SPEEDWAY #9855,Fabens,TX,31.502340,-106.158590,3.235667,gazetteer
63764,LOVES TRAVEL STOP #288,Fairfield,TX,31.724610,-96.165250,3.429000,gazetteer
71600,TA EXPRESS #290,Fairfield,TX,31.724610,-96.165250,3.439000,gazetteer
67859,PILOT #1135,Falfurrias,TX,27.226990,-98.144170,3.459000,gazetteer
66186,STRIPES #40813,Falfurrias,TX,27.226990,-98.144170,3.087333,gazetteer
3230,STRIPES #40815,Falfurrias,TX,27.226990,-98.144170,3.299000,gazetteer
70008,Amigo's,Flatonia,TX,29.687730,-97.108600,3.082333,gazetteer
66173,TIMEWISE FOOD STORE #160,Flatonia,TX,29.687730,-97.108600,3.199000,gazetteer
69467,CIRCLE K #2741547,Floresville,TX,29.133580,-98.156120,2.995667,gazetteer
71802,ALLSUPS #2407,Fort Stockton,TX,30.894040,-102.879320,3.029000,gazetteer
64352,CHEVRON #383461,Fort Stockton,TX,30.894040,-102.879320,3.029000,gazetteer
68844,FLYING J #553,Fort Stockton,TX,30.894040,-102.879320,3.659000,gazetteer
69189,LOVES TRAVEL STOP #542,Fort Stockton,TX,30.894040,-102.879320,3.649000,gazetteer
67917,STRIPES 7FLEET #42510,Fort Stockton,TX,30.894040,-102.879320,3.379000,gazetteer
71102,365 Food and Fuel,Fort Worth,TX,32.725410,-97.320850,2.975667,gazetteer
65652,CIRCLE K #2706343,Fort Worth,TX,32.725410,-97.320850,2.969000,gazetteer
70136,FUEL CITY SAGINAW,Fort Worth,TX,32.725410,-97.320850,2.965667,gazetteer
52661,LOVES TRAVEL STOP #281,Fort Worth,TX,32.725410,-97.320850,3.187333,gazetteer
70207,PILOT TRAVEL CENTERS #1344,Fort Worth,TX,32.725410,-97.320850,2.909000,gazetteer
65836,PILOT TRAVEL CENTERS #434,Fort Worth,TX,32.725410,-97.320850,3.264000,gazetteer
70796,QUICK FUEL #3177,Fort Worth,TX,32.725410,-97.320850,3.032333,gazetteer
66377,QUIKTRIP #873,Fort Worth,TX,32.725410,-97.320850,2.975667,gazetteer
71210,RACETRAC #2515,Fort Worth,TX,32.725410,-97.320850,2.877333,gazetteer
70472,SHELL/ONE9 #1304,Fort Worth,TX,32.725410,-97.320850,2.892333,gazetteer
72201,MUDD CREEK COUNTRY STORE,Franklin,TX,31.026020,-96.485240,3.194000,gazetteer
1552,STRIPES #40911,Freer,TX,27.882800,-98.617790,3.099000,gazetteer
71558,ALLSUPS #2384,Friona,TX,34.641730,-102.724100,2.994000,gazetteer
65683,ALLSUPS CONVENIENCE STORE #2225,Friona,TX,34.641730,-102.724100,2.999000,gazetteer
71460,ALLSUPS CONVENIENCE STORE #2101,Fritch,TX,35.639770,-101.603230,3.149000,gazetteer
72953,GRAND AVENUE EXPRESS,Gainesville,TX,33.625940,-97.133350,2.999000,gazetteer
70099,QUIKTRIP #1883,Gainesville,TX,33.625940,-97.133350,2.975667,gazetteer
6563,Road Ranger #282,Gainesville,TX,33.625940,-97.133350,3.175667,gazetteer
3970,EXXON - Pilot #1293,Garland,TX,32.912620,-96.638880,2.842333,gazetteer
66404,QUICK FUEL #5302,Garland,TX,32.912620,-96.638880,3.087333,gazetteer
71704,QUIKTRIP #962,Garland,TX,32.912620,-96.638880,2.897333,gazetteer
72395,ALLSUPS #2427,Gatesville,TX,31.435160,-97.743910,3.007333,gazetteer
72022,CEFCO #65,Gatesville,TX,31.435160,-97.743910,2.965667,gazetteer
69077,FLYING J #554,George West,TX,28.332500,-98.117510,3.199000,gazetteer
66244,STRIPES #40809,George West,TX,28.332500,-98.117510,3.044000,gazetteer
64350,STRIPES #40811,George West,TX,28.332500,-98.117510,3.015667,gazetteer
5659,TEX-BEST #526,George West,TX,28.332500,-98.117510,3.299000,gazetteer
3435,PWI #168,Georgetown,TX,30.632690,-97.677230,2.799000,gazetteer
72875,QUIKTRIP #4183,Georgetown,TX,30.632690,-97.677230,2.915667,gazetteer
70651,WALBURG TRAVEL CENTER,Georgetown,TX,30.632690,-97.677230,2.832333,gazetteer
69993,CEFCO #99,Giddings,TX,30.182720,-96.936370,3.159000,gazetteer
70550,TEXACO #379545,Giddings,TX,30.182720,-96.936370,3.399000,gazetteer
71672,7-ELEVEN #41573,Glen Rose,TX,32.234590,-97.755310,3.589000,gazetteer
67664,CEFCO #16,Godley,TX,32.449030,-97.526690,2.982333,gazetteer
72556,STARMART,Goldthwaite,TX,31.449890,-98.570880,3.099000,gazetteer
65690,CIRCLE G TRUCK STOP,Gonzales,TX,29.501630,-97.452490,2.799000,gazetteer
65691,CIRCLE K #2704037,Gonzales,TX,29.501630,-97.452490,2.904000,gazetteer
69321,CIRCLE K #2741546,Gonzales,TX,29.501630,-97.452490,2.875667,gazetteer
67297,BAR-B,Gordon,TX,32.548464,-98.369216,2.932333,nominatim
72813,Allsups #2425,Granbury,TX,32.442080,-97.794200,3.029000,gazetteer
67811,QUICK FUEL #5301,Grand Prairie,TX,32.745960,-96.997780,3.024000,gazetteer
72664,RACETRAC #2606,Grand Prairie,TX,32.745960,-96.997780,2.925667,gazetteer
4193,TIGER MART #63,Grand Prairie,TX,32.745960,-96.997780,3.599000,gazetteer
69821,FUEL CITY HALTOM CITY,Haltom City,TX,32.799570,-97.269180,2.965667,gazetteer
64355,CEFCO #34,Hamilton,TX,31.703770,-98.123920,3.029000,gazetteer
68215,COWBOY TRAVEL PLAZA,Hamshire,TX,29.861608,-94.312409,2.899000,nominatim
66504,COUNTRY BOYS COUNTRY STORE,Hankamer,TX,29.858276,-94.626862,2.865667,nominatim
72473,Loves Travel Stop #885,Harlingen,TX,26.190630,-97.696100,3.649000,gazetteer
66341,7-ELEVEN #218,Harrold,TX,34.080906,-99.031623,2.687333,nominatim
71464,ALLSUPS CONVENIENCE STORE #2153,Haskell,TX,33.157600,-99.733700,3.539000,gazetteer
70371,KENT KWIK #440,Haskell,TX,33.157600,-99.733700,3.539000,gazetteer
67743,STRIPES 7FLEET #42506,Haskell,TX,33.157600,-99.733700,3.539000,gazetteer
64533,SHELL,Haslet,TX,32.974850,-97.347800,2.890667,gazetteer
64343,Allsup's Marketplace #2411,Hawley,TX,32.612060,-99.814260,2.889000,gazetteer
72672,7-Eleven #42205,Hearne,TX,30.878520,-96.593030,3.449000,gazetteer
67421,LOVES TRAVEL STOP #375,Hearne,TX,30.878520,-96.593030,3.489000,gazetteer
72886,PILOT #1381,Hearne,TX,30.878520,-96.593030,3.499000,gazetteer
67753,STRIPES #40892,Hebbronville,TX,27.306880,-98.680320,3.285667,gazetteer
70890,PILOT #1299,Henrietta,TX,33.817320,-98.195320,3.125667,gazetteer
69903,LOVES TRAVEL STOP #642,Hereford,TX,34.815210,-102.399320,3.415667,gazetteer
72634,MURPHY USA #7827,Hereford,TX,34.815210,-102.399320,2.829000,gazetteer
52612,STRIPES 7FLEET #42568,Hereford,TX,34.815210,-102.399320,3.350667,gazetteer
71472,ALLSUPS CONVENIENCE STORE #2276,Hermleigh,TX,32.635461,-100.759134,2.972333,nominatim
68848,CIRCLE K #2741328,Hewitt,TX,31.462390,-97.195840,2.865667,gazetteer
67839,EL TIGRE FOOD STORE #13,Hidalgo,TX,26.100350,-98.263070,3.215667,gazetteer
72750,QUIKTRIP #1943,Hillsboro,TX,32.010990,-97.130010,2.919000,gazetteer
72338,VALLEY MART #05,Hondo,TX,29.347460,-99.141420,3.199000,gazetteer
68256,EXTRA MILE TRUCK STOP,Hooks,TX,33.466230,-94.288530,2.817333,gazetteer
73000,TXB,Horseshoe Bay,TX,30.544290,-98.373940,2.929000,gazetteer
67868,CHEVRON,Huntsville,TX,30.723530,-95.550780,2.979000,gazetteer
66906,LOVES TRAVEL STOP #331,Hutchins,TX,32.649300,-96.713050,3.102333,gazetteer
67401,QUIKTRIP #973,Hutchins,TX,32.649300,-96.713050,2.882333,gazetteer
71883,QUIKTRIP #4178,Hutto,TX,30.542700,-97.546670,2.915667,gazetteer
71455,ALLSUPS CONVENIENCE STORE #2043,Idalou,TX,33.666470,-101.682940,2.965667,gazetteer
72081,STRIPES #2146,Ingleside,TX,27.877800,-97.211660,3.299000,gazetteer
64374,CEFCO #2001,Iowa Park,TX,33.951480,-98.668670,2.864000,gazetteer
70245,YESWAY #1168,Iowa Park,TX,33.951480,-98.668670,2.889000,gazetteer
66014,BIG D TRAVEL CENTER,Irving,TX,32.814020,-96.948890,2.955667,gazetteer
71576,RACETRAC #2429,Irving,TX,32.814020,-96.948890,2.900667,gazetteer
71575,Racetrac #2308,Irving,TX,32.814020,-96.948890,2.935667,gazetteer
66196,EXXON TIGER MART,Italy,TX,32.184040,-96.884720,3.122333,gazetteer
69545,LOVES TRAVEL STOP #628,Italy,TX,32.184040,-96.884720,3.102333,gazetteer
72588,ALLSUPS CONVENIENCE #2430,Jacksboro,TX,33.218450,-98.158660,3.044000,gazetteer
381,7-Eleven #41830,Jacksonville,TX,31.963780,-95.270500,2.915667,gazetteer
44,CIRCLE K #2612042,Jarrell,TX,30.824910,-97.604450,2.919000,gazetteer
70579,Exxon/One9 #1338,Jarrell,TX,30.824910,-97.604450,2.885667,gazetteer
67235,FLYING J TRAVEL PLAZA #507,Jarrell,TX,30.824910,-97.604450,3.220667,gazetteer
71075,TEXAS TRAVEL CENTER,Jarrell,TX,30.824910,-97.604450,2.832333,gazetteer
2924,HWY 190 FUEL STOP,Jasper,TX,30.920200,-93.996580,3.132333,gazetteer
71116,CEFCO #101,Jefferson,TX,32.757360,-94.345190,2.899000,gazetteer
68350,JOAQUIN QUICK STOP,Joaquin,TX,31.965780,-94.054990,3.432333,gazetteer
70039,TEX-BEST #527,Jourdanton,TX,28.918030,-98.546410,2.920667,gazetteer
66072,GENES GO TRUCK STOP,Junction,TX,30.489360,-99.772010,3.289000,gazetteer
72803,Llanos Country Corner,Junction,TX,30.489360,-99.772010,2.919000,gazetteer
69310,PILOT TRAVEL CENTER #1006,Junction,TX,30.489360,-99.772010,3.599000,gazetteer
6010,SEGOVIA TRUCK STOP,Junction,TX,30.489360,-99.772010,2.999000,gazetteer
66174,TIMEWISE FOOD STORE #162,Junction,TX,30.489360,-99.772010,3.099000,gazetteer
68974,STRIPES #40801,Karnes City,TX,28.884980,-97.900840,3.174000,gazetteer
72009,CEFCO #1059,Kemp,TX,32.442640,-96.229980,2.909000,gazetteer
71334,ALLSUPS CONVENIENCE STORE #2278,Kermit,TX,31.857630,-103.092670,3.089000,gazetteer
71357,ALLSUPS CONVENIENCE STORE #2279,Kermit,TX,31.857630,-103.092670,3.089000,gazetteer
70390,FLYING J #1206,Kermit,TX,31.857630,-103.092670,3.255667,gazetteer
67897,KENT KWIK #273,Kermit,TX,31.857630,-103.092670,3.039000,gazetteer
71023,LOVES TRAVEL STOP #853,Kermit,TX,31.857630,-103.092670,3.250667,gazetteer
70185,PILOT # 1147,Kermit,TX,31.857630,-103.092670,3.255667,gazetteer
69164,CIRCLE K #2741557,Killeen,TX,31.117120,-97.727800,2.762333,gazetteer
66844,CIRCLE K #2706984,Kingsville,TX,27.515870,-97.856110,2.822333,gazetteer
66853,LOVES TRAVEL STOP #327,Kingsville,TX,27.515870,-97.856110,3.155667,gazetteer
64382,KOSSE COUNTRY STORE,Kosse,TX,31.307677,-96.631923,3.115667,nominatim
70040,TEX BEST #503,Kyle,TX,29.989110,-97.877230,2.805667,gazetteer
72170,STRIPES # 41977,La Feria,TX,26.158960,-97.823890,3.219000,gazetteer
72567,THE TEXAN #12,La Vernia,TX,29.356350,-98.115560,3.049000,gazetteer
67744,STRIPES #40715,La Villa,TX,26.298680,-97.928610,3.169000,gazetteer
72759,Allsups Convenience Store #2461,Lamesa,TX,32.737600,-101.950990,3.099000,gazetteer
68416,STRIPES 7FLEET #42515,Lamesa,TX,32.737600,-101.950990,3.099000,gazetteer
72646,TOOT N TOTUM #131,Lamesa,TX,32.737600,-101.950990,3.109000,gazetteer
69986,YESWAY #1061,Lamesa,TX,32.737600,-101.950990,3.099000,gazetteer
69664,7-ELEVEN #40544,Lampasas,TX,31.063780,-98.181700,2.915667,gazetteer
72011,CEFCO #107,Lampasas,TX,31.063780,-98.181700,2.899000,gazetteer
68847,CIRCLE K #2741553,Lampasas,TX,31.063780,-98.181700,2.759000,gazetteer
66223,7-ELEVEN #36548,Laredo,TX,27.506410,-99.507540,2.999000,gazetteer
69703,CIRCLE K #2741831,Laredo,TX,27.506410,-99.507540,2.902333,gazetteer
66928,FLYING J TRAVEL PLAZA #730,Laredo,TX,27.506410,-99.507540,3.599000,gazetteer
70419,FUEL AMERICA TRAVEL CENTER,Laredo,TX,27.506410,-99.507540,3.099000,gazetteer
486,LA NORIA CONV STORES,Laredo,TX,27.506410,-99.507540,3.299000,gazetteer
70711,LOVES TRAVEL STOP #762,Laredo,TX,27.506410,-99.507540,3.255667,gazetteer
71902,MURPHY EXPRESS #8928,Laredo,TX,27.506410,-99.507540,2.845667,gazetteer
52565,PILOT TRAVEL CENTERS #377,Laredo,TX,27.506410,-99.507540,3.599000,gazetteer
72819,QUIKTRIP #7925,Laredo,TX,27.506410,-99.507540,2.850667,gazetteer
72872,QUIKTRIP #7926,Laredo,TX,27.506410,-99.507540,2.859000,gazetteer
68697,STRIPES #40915,Laredo,TX,27.506410,-99.507540,2.979000,gazetteer
67053,TA LAREDO TRAVEL CENTER,Laredo,TX,27.506410,-99.507540,3.649000,gazetteer
66172,Timewise Food Store #163,Laredo,TX,27.506410,-99.507540,2.935667,gazetteer
52566,YUMM,Laredo,TX,27.506410,-99.507540,2.875667,gazetteer
68261,STRIPES #2294,Leakey,TX,29.728840,-99.761450,2.949000,gazetteer
71822,DK,Lenorah,TX,32.304560,-101.876248,3.532333,nominatim
70875,FUEL MAXX #57,Liberty,TX,30.057990,-94.795480,3.132333,gazetteer
68314,Refuel #313,Liberty Hill,TX,30.664910,-97.922520,2.909000,gazetteer
4463,QUIKTRIP #7901,Lindale,TX,32.515700,-95.409400,2.807333,gazetteer
52517,STRIPES 7FLEET #42562,Littlefield,TX,33.917310,-102.324900,3.199000,gazetteer
3522,SUNMART #308,Livingston,TX,30.711030,-94.932990,2.859000,gazetteer
69144,STRIPES 7FLEET #42530,Llano,TX,30.759350,-98.675040,3.232333,gazetteer
68417,7-ELEVEN #42072,Longview,TX,32.500700,-94.740490,3.207333,gazetteer
72014,CEFCO #1086,Longview,TX,32.500700,-94.740490,2.959000,gazetteer
73029,One9 #1417,Lorena,TX,31.386560,-97.215560,2.902333,gazetteer
72021,CEFCO #30,Lott,TX,31.203510,-97.036660,3.011000,gazetteer
72944,Circle K #2709094,Lubbock,TX,33.577860,-101.855170,3.099000,gazetteer
72110,FAST STOP,Lubbock,TX,33.577860,-101.855170,2.999000,gazetteer
66874,FLYING J TRAVEL PLAZA #733,Lubbock,TX,33.577860,-101.855170,3.332333,gazetteer
69512,LOVES TRAVEL STOP #589,Lubbock,TX,33.577860,-101.855170,3.332333,gazetteer
69816,STRIPES #42503,Lubbock,TX,33.577860,-101.855170,2.950667,gazetteer
69448,STRIPES #42525,Lubbock,TX,33.577860,-101.855170,2.957333,gazetteer
52588,STRIPES #42564,Lubbock,TX,33.577860,-101.855170,3.199000,gazetteer
70505,STRIPES #42593,Lubbock,TX,33.577860,-101.855170,2.965667,gazetteer
70500,STRIPES 7FLEET #42526,Lubbock,TX,33.577860,-101.855170,3.055667,gazetteer
72769,TOOT N TOTUM #132,Lubbock,TX,33.577860,-101.855170,2.970667,gazetteer
7058,YESWAY #1125,Lubbock,TX,33.577860,-101.855170,2.969000,gazetteer
66548,YESWAY #1156,Lubbock,TX,33.577860,-101.855170,2.950667,gazetteer
63603,LOVES TRAVEL STOP #290,Lufkin,TX,31.338240,-94.729100,3.649000,gazetteer
70219,LOVES TRAVEL STOP #709,Lufkin,TX,31.338240,-94.729100,3.649000,gazetteer
69962,LUFKIN TRAVEL PLAZA,Lufkin,TX,31.338240,-94.729100,2.815667,gazetteer
69010,PILOT TRAVEL CENTER #1023,Lufkin,TX,31.338240,-94.729100,3.659000,gazetteer
72182,LULING MINI MART,Luling,TX,29.680510,-97.647500,2.965667,gazetteer
71022,TEX BEST #530,Luling,TX,29.680510,-97.647500,3.009000,gazetteer
72380,EXXPRESS MART #12,Lumberton,TX,30.265770,-94.199630,2.959000,gazetteer
72494,7-ELEVEN #42132,Lytle,TX,29.233290,-98.796410,3.599000,gazetteer
68803,SHELL,Madisonville,TX,30.949910,-95.911620,3.182333,gazetteer
72904,CEFCO #112,Marble Falls,TX,30.578410,-98.275070,2.929000,gazetteer
68323,TRAINER MART,Marion,TX,29.571340,-98.140290,2.999000,gazetteer
68274,CEFCO #6,Marlin,TX,31.306290,-96.898040,2.999000,gazetteer
72758,CEFCO #1117,Marshall,TX,32.544870,-94.367420,2.832333,gazetteer
1834,PUMP N PANTRY #15,Marshall,TX,32.544870,-94.367420,2.899000,gazetteer
72695,Quiktrip #7906,Marshall,TX,32.544870,-94.367420,2.837333,gazetteer
72888,STRIPES #42591,Mason,TX,30.748790,-99.230610,3.299000,gazetteer
64360,CIRCLE K #2706983,Mathis,TX,28.094460,-97.828050,3.019000,gazetteer
6496,SPEEDY EXPRESS #38,Mathis,TX,28.094460,-97.828050,3.199000,gazetteer
69666,7-ELEVEN #40587,Maxwell,TX,29.881897,-97.795642,3.152333,nominatim
9962,STRIPES #40673,Mcallen,TX,26.203410,-98.230010,3.289000,gazetteer
72589,ALLSUPS CONVENIENCE #2056,Memphis,TX,34.724780,-100.534010,2.929000,gazetteer
64399,LOVES TRAVEL STOPS #247,Memphis,TX,34.724780,-100.534010,3.789000,gazetteer
70554,HORSESHOE CONVENIENCE,Mentone,TX,31.705130,-103.599350,3.107333,gazetteer
72487,PILOT #1380,Mercedes,TX,26.149800,-97.913610,3.659000,gazetteer
71859,ALLSUPS #2415,Meridian,TX,31.923210,-97.656690,2.965667,gazetteer
66645,ALLSUPS #2390,Merkel,TX,32.470680,-100.012870,2.875667,gazetteer
71686,Allsups #2391,Merkel,TX,32.470680,-100.012870,2.875667,gazetteer
72148,IRON HORSE TRAVEL CENTER,Merkel,TX,32.470680,-100.012870,2.875667,gazetteer
69588,FUEL CITY,Mesquite,TX,32.766800,-96.599160,2.965667,gazetteer
67690,CEFCO #64,Mexia,TX,31.679890,-96.482200,3.099000,gazetteer
70696,DK #11822,Midland,TX,31.997350,-102.077910,2.857333,gazetteer
71943,DK #11823,Midland,TX,31.997350,-102.077910,2.982333,gazetteer
69514,Flying J #1033,Midland,TX,31.997350,-102.077910,3.565667,gazetteer
68730,KENT KWIK #315,Midland,TX,31.997350,-102.077910,3.437333,gazetteer
71803,KENT KWIK #321,Midland,TX,31.997350,-102.077910,2.940667,gazetteer
69669,LOVES TRAVEL STOP #623,Midland,TX,31.997350,-102.077910,3.555667,gazetteer
70389,PILOT #1145,Midland,TX,31.997350,-102.077910,3.565667,gazetteer
70584,PILOT TRAVEL CENTER #1209,Midland,TX,31.997350,-102.077910,3.565667,gazetteer
1791,PILOT TRAVEL CENTERS #257,Midland,TX,31.997350,-102.077910,3.565667,gazetteer
67787,PWI #109,Midland,TX,31.997350,-102.077910,2.999000,gazetteer
72849,QUARLES #54349,Midland,TX,31.997350,-102.077910,3.665667,gazetteer
72851,QUARLES #54367,Midland,TX,31.997350,-102.077910,3.799000,gazetteer
61730,STRIPES 7FLEET #42430,Midland,TX,31.997350,-102.077910,3.569000,gazetteer
67749,STRIPES 7FLEET #42436,Midland,TX,31.997350,-102.077910,3.065667,gazetteer
67742,STRIPES 7FLEET #42514,Midland,TX,31.997350,-102.077910,3.459000,gazetteer
70501,STRIPES 7FLEET #42527,Midland,TX,31.997350,-102.077910,3.472333,gazetteer
64390,TXB #71 DBA KWIK CHEK FOOD STORES,Midland,TX,31.997350,-102.077910,3.079000,gazetteer
66043,LOVES TRAVEL STOPS #216,Midlothian,TX,32.482360,-96.994450,3.199000,gazetteer
73114,ROAD RANGER #319,Milford,TX,32.124600,-96.945280,3.030667,gazetteer
71845,ALLSUPS #2424,Millsap,TX,32.748186,-98.009209,2.984000,nominatim
71724,ALLSUPS CONVENIENCE #2403,Mineral Wells,TX,32.808460,-98.112820,3.005667,gazetteer
71616,ALLSUPS CONVENIENCE STORE #2382,Mineral Wells,TX,32.808460,-98.112820,2.945667,gazetteer
69608,STRIPES,Mission,TX,26.215910,-98.325290,3.099000,gazetteer
67746,STRIPES #40598,Mission,TX,26.215910,-98.325290,2.869000,gazetteer
66868,STRIPES #40604,Mission,TX,26.215910,-98.325290,2.882333,gazetteer
67745,STRIPES #40628,Mission,TX,26.215910,-98.325290,3.259000,gazetteer
68253,KENT KWIK #262,Monahans,TX,31.594300,-102.892650,2.859000,gazetteer
70388,PILOT #1205,Monahans,TX,31.594300,-102.892650,3.465667,gazetteer
70326,PILOT #1207,Monahans,TX,31.594300,-102.892650,3.465667,gazetteer
72907,QUIKTRIP #7913,Monahans,TX,31.594300,-102.892650,2.859000,gazetteer
71367,ROAD RANGER #280,Monahans,TX,31.594300,-102.892650,3.459000,gazetteer
52638,STRIPES 7FLEET #42555,Monahans,TX,31.594300,-102.892650,2.929000,gazetteer
68321,Big's #304,Moore,TX,29.056431,-99.007477,2.999000,nominatim
68419,ROAD RANGERS #270,Moore,TX,29.056431,-99.007477,3.169000,nominatim
71452,ALLSUPS CONVENIENCE STORE #2016,Morton,TX,33.725100,-102.759380,3.399000,gazetteer
71469,ALLSUPS CONVENIENCE STORE #2227,Morton,TX,33.725100,-102.759380,3.399000,gazetteer
68598,7-ELEVEN #41032,Mount Enterprise,TX,31.917947,-94.681044,3.349000,nominatim
71132,CEFCO #104,Mount Enterprise,TX,31.917947,-94.681044,2.959000,nominatim
66338,SHELL,Mount Pleasant,TX,33.156790,-94.968270,3.899000,gazetteer
20105,CEFCO #1050,Mount Vernon,TX,33.188730,-95.221330,2.942333,gazetteer
70469,TA EXPRESS #286,Mount Vernon,TX,33.188730,-95.221330,3.299000,gazetteer
70548,ALLSUPS CONVENIENCE STORE #2114,Muleshoe,TX,34.226470,-102.723830,3.190667,gazetteer
66374,BROOKSHIRE BROS #6111,Nacogdoches,TX,31.603510,-94.655490,3.369000,gazetteer
174,Hop-In Food Stores,Nacogdoches,TX,31.603510,-94.655490,2.859000,gazetteer
71894,Majors 663 Nacogdoches Truck Plaza,Nacogdoches,TX,31.603510,-94.655490,3.029000,gazetteer
69708,TA Express #289,Nacogdoches,TX,31.603510,-94.655490,3.139000,gazetteer
72685,CHUBBYS TRAVEL CENTER,Natalia,TX,29.189680,-98.862530,2.972333,gazetteer
68815,LOVES TRAVEL STOP #471,Natalia,TX,29.189680,-98.862530,3.203000,gazetteer
70874,CIRCLE T,Navasota,TX,30.387980,-96.087730,3.432333,gazetteer
72295,SWIFT,Nederland,TX,29.974380,-93.992400,2.985667,gazetteer
60551,CIRCLE K #2744522,New Boston,TX,33.459840,-94.415480,2.942333,gazetteer
70603,ROAD RANGER #277,New Boston,TX,33.459840,-94.415480,3.080667,gazetteer
69750,CIRCLE K #2704041,New Braunfels,TX,29.703000,-98.124450,2.859000,gazetteer
70461,CIRCLE K #2741074,New Braunfels,TX,29.703000,-98.124450,2.844000,gazetteer
67063,PILOT TRAVEL CENTERS #330,New Braunfels,TX,29.703000,-98.124450,3.399000,gazetteer
72874,QUIKTRIP #4076,New Braunfels,TX,29.703000,-98.124450,2.915667,gazetteer
52651,TA NEW BRAUNFELS TRAVEL CENTER,New Braunfels,TX,29.703000,-98.124450,3.449000,gazetteer
64393,TEX-BEST #505,New Braunfels,TX,29.703000,-98.124450,2.805667,gazetteer
63767,HOP-IN FOOD STORES,New Deal,TX,33.737310,-101.836560,2.925667,gazetteer
72233,ROAD RANGER #284,New Deal,TX,33.737310,-101.836560,2.985667,gazetteer
69536,7-ELEVEN #40802,Nixon,TX,29.267460,-97.764440,3.079000,gazetteer
69226,STRIPES #40812,Odem,TX,27.950570,-97.582220,3.199000,gazetteer
68971,FLYING J #580,Odessa,TX,31.845680,-102.367640,3.565667,gazetteer
72960,KENT KWIK #206,Odessa,TX,31.845680,-102.367640,3.025667,gazetteer
71979,KENT KWIK #219,Odessa,TX,31.845680,-102.367640,3.007333,gazetteer
72903,Kent Kwik #221,Odessa,TX,31.845680,-102.367640,2.989000,gazetteer
66922,LOVES TRAVEL STOPS #339,Odessa,TX,31.845680,-102.367640,3.549000,gazetteer
70561,PILOT #1143,Odessa,TX,31.845680,-102.367640,3.599000,gazetteer
70266,PILOT #1161,Odessa,TX,31.845680,-102.367640,3.565667,gazetteer
72389,PILOT #1354,Odessa,TX,31.845680,-102.367640,3.565667,gazetteer
4874,PWI #110,Odessa,TX,31.845680,-102.367640,3.049000,gazetteer
72827,QUARLES #54259,Odessa,TX,31.845680,-102.367640,3.699000,gazetteer
69500,ROAD RANGER #271,Odessa,TX,31.845680,-102.367640,3.515667,gazetteer
65724,STRIPES 7FLEET #42427,Odessa,TX,31.845680,-102.367640,3.289000,gazetteer
67748,STRIPES 7FLEET #42428,Odessa,TX,31.845680,-102.367640,3.069000,gazetteer
70502,STRIPES 7FLEET #42532,Odessa,TX,31.845680,-102.367640,3.099000,gazetteer
70544,ALLSUPS CONVENIENCE STORE #2100,Odonnell,TX,32.963710,-101.832650,3.099000,fuzzy
66765,STRIPES #40736,Olmito,TX,26.021740,-97.534150,2.999000,gazetteer
52222,FLYING J TRAVEL PLAZA #735,Orange,TX,30.092990,-93.736550,3.309000,gazetteer
3519,PILOT TRAVEL CENTERS #431,Orange,TX,30.092990,-93.736550,3.309000,gazetteer
72774,STUCKEYS TRAVEL CENTER,Orange,TX,30.092990,-93.736550,2.807333,gazetteer
72289,SUNOCO,Orange,TX,30.092990,-93.736550,2.899000,gazetteer
65671,SUPER STOP #22,Orange,TX,30.092990,-93.736550,3.439000,gazetteer
67739,STRIPES #40819,Orange Grove,TX,27.956680,-97.936940,3.065667,gazetteer
70183,PILOT # 1134,Orla,TX,31.825015,-103.909010,3.759000,nominatim
5963,OZONA ONE STOP,Ozona,TX,30.710170,-101.200670,2.982333,gazetteer
71474,PILOT #1292,Paige,TX,30.211652,-97.113283,3.499000,nominatim
66332,PWI #172,Palmer,TX,32.431250,-96.667770,2.775667,gazetteer
71723,ALLSUPS CONVENIENCE #2398,Pampa,TX,35.536160,-100.959870,3.079000,gazetteer
68836,Corner Market #160,Pampa,TX,35.536160,-100.959870,3.399000,gazetteer
73033,QUARLES #54242,Pampa,TX,35.536160,-100.959870,3.499000,gazetteer
71090,CEFCO #2076,Panhandle,TX,35.345600,-101.380440,2.945667,gazetteer
1807,LOVES TRAVEL STOP #229,Panhandle,TX,35.345600,-101.380440,3.314000,gazetteer
72015,CEFCO #1096,Paris,TX,33.660940,-95.555510,2.965667,gazetteer
72017,CEFCO #1102,Paris,TX,33.660940,-95.555510,2.965667,gazetteer
72264,CIRCLE K #2654249,Paris,TX,33.660940,-95.555510,2.959000,gazetteer
69978,LOVES TRAVEL STOP #678,Paris,TX,33.660940,-95.555510,3.365667,gazetteer
68860,PETRO STOP #394,Pearsall,TX,28.892190,-99.095030,3.535667,gazetteer
71356,ALLSUPS CONVENIENCE STORE #2266,Pecos,TX,31.422910,-103.493230,3.379000,gazetteer
71470,ALLSUPS CONVENIENCE STORE #2267,Pecos,TX,31.422910,-103.493230,3.379000,gazetteer
8961,FLYING J TRAVEL PLAZA #736,Pecos,TX,31.422910,-103.493230,3.465667,gazetteer
69031,LOVES TRAVEL STOPS #492,Pecos,TX,31.422910,-103.493230,3.449000,gazetteer
70187,PILOT # 1146,Pecos,TX,31.422910,-103.493230,3.465667,gazetteer
72830,QUARLES #54261,Pecos,TX,31.422910,-103.493230,3.749000,gazetteer
72844,QUARLES #54332,Pecos,TX,31.422910,-103.493230,3.759000,gazetteer
69672,STRIPES 7FLEET #42507,Pecos,TX,31.422910,-103.493230,3.379000,gazetteer
72987,The Texan,Pecos,TX,31.422910,-103.493230,2.999000,gazetteer
1810,KENT KWIK #804,Perryton,TX,36.400030,-100.802650,2.999000,gazetteer
69468,TOOT N TOTUM #100,Perryton,TX,36.400030,-100.802650,2.999000,gazetteer
66155,7-ELEVEN #36575,Pflugerville,TX,30.439370,-97.620000,2.899000,gazetteer
72652,Quiktrip #4148,Pflugerville,TX,30.439370,-97.620000,2.882333,gazetteer
65728,RIVER MART,Pharr,TX,26.194800,-98.183620,3.349000,gazetteer
66090,ROAD RANGER #267,Pharr,TX,26.194800,-98.183620,3.564000,gazetteer
66833,STRIPES #5148,Pharr,TX,26.194800,-98.183620,3.399000,gazetteer
66803,Stripes,Pharr,TX,26.194800,-98.183620,3.165667,gazetteer
70488,ALLSUPS CONVENIENCE STORE #2365,Plains,TX,33.188710,-102.827990,3.369000,gazetteer
71335,ALLSUPS CONVENIENCE STORE #2367,Plainview,TX,34.184790,-101.706840,2.909000,gazetteer
60554,CEFCO #2070,Plainview,TX,34.184790,-101.706840,2.832333,gazetteer
71621,TOOT N TOTUM #127,Plainview,TX,34.184790,-101.706840,2.895667,gazetteer
69436,CIRCLE K #2741077,Pleasanton,TX,28.967190,-98.478630,2.949000,gazetteer
72905,TA EXPRESS PLEASANTON #445,Pleasanton,TX,28.967190,-98.478630,3.099000,gazetteer
69258,TEX-BEST #525,Pleasanton,TX,28.967190,-98.478630,3.099000,gazetteer
71344,ALLSUPS CONVENIENCE STORE #2061,Post,TX,33.191220,-101.379000,2.944000,gazetteer
72019,CEFCO #2081,Post,TX,33.191220,-101.379000,2.942333,gazetteer
72296,SWIFT STOP #5,Post,TX,33.191220,-101.379000,2.943000,gazetteer
64406,Main Street Market,Prairie Hill,TX,30.248824,-96.377187,2.899000,nominatim
64407,CIRCLE K #2741527,Premont,TX,27.360590,-98.123620,2.999000,gazetteer
70647,PILOT #1227,Pyote,TX,31.536607,-103.126191,3.465667,nominatim
69785,LOVES TRAVEL STOP #662,Quanah,TX,34.297850,-99.740370,3.849000,gazetteer
72013,CEFCO #1081,Queen City,TX,33.148740,-94.150190,3.024000,gazetteer
52512,LOVES TRAVEL STOPS #270,Ranger,TX,32.469850,-98.678950,3.189000,gazetteer
71725,Allsups Convenience Store #2406,Rankin,TX,31.222650,-101.937910,3.499000,gazetteer
72848,QUARLES #54347,Rankin,TX,31.222650,-101.937910,3.699000,gazetteer
52450,PILOT #1290,Red Oak,TX,32.517640,-96.804440,3.299000,gazetteer
68421,STRIPES,Refugio,TX,28.305280,-97.275270,3.074000,gazetteer
67439,LOVES TRAVEL STOPS #380,Rhome,TX,33.053460,-97.471970,3.089000,gazetteer
69009,PILOT #1140,Rhome,TX,33.053460,-97.471970,3.175667,gazetteer
72766,QUIKTRIP #1873,Rhome,TX,33.053460,-97.471970,2.899000,gazetteer
5607,RICE MART,Rice,TX,32.243760,-96.498600,3.019000,gazetteer
69627,STRIPES #40601,Rio Grande City,TX,26.379790,-98.820300,2.995667,gazetteer
66850,Stripes,Riviera,TX,27.298650,-97.815000,3.125667,gazetteer
69673,QUIKTRIP #1863,Roanoke,TX,33.004010,-97.225850,2.975667,gazetteer
69416,CIRCLE K #2740541,Roans Prairie,TX,30.583655,-95.943324,3.072333,nominatim
71650,ALLSUPS CONVENIENCE STORE #2405,Robert Lee,TX,31.892370,-100.484820,3.265667,gazetteer
63721,ROAD RUNNER TRAVEL CENTER,Robstown,TX,27.790300,-97.668880,3.349000,gazetteer
65738,CIRCLE K #2741499,Rockport,TX,28.020770,-97.056010,2.805667,gazetteer
65860,LOVES TRAVEL STOPS #283,Rockwall,TX,32.931230,-96.459710,3.049000,gazetteer
71865,RACETRAC #574,Rockwall,TX,32.931230,-96.459710,2.924000,gazetteer
6370,TA ROCKWALL TRAVEL CENTER,Rockwall,TX,32.931230,-96.459710,3.137333,gazetteer
66461,YESWAY #1167,Ropesville,TX,33.413423,-102.154340,3.040667,nominatim
1644,ALLSUPS CONVENIENCE STORE #2414,Roscoe,TX,32.445950,-100.538720,2.929000,gazetteer
66689,ROSCOE TRAVEL PLAZA,Roscoe,TX,32.445950,-100.538720,2.759000,gazetteer
66637,BERKLYS TRAVEL CENTER,Round Mountain,TX,30.431584,-98.344745,3.315667,nominatim
2557,PWI #106,Royse City,TX,32.975120,-96.332480,2.899000,gazetteer
72817,QUIKTRIP #4174,Salado,TX,30.947130,-97.538620,2.915667,gazetteer
71360,ALLSUPS CONVENIENCE STORE #2353,San Angelo,TX,31.463770,-100.437040,3.195667,gazetteer
70460,ALLSUPS CONVENIENCE STORE #2371,San Angelo,TX,31.463770,-100.437040,3.205667,gazetteer
71715,Allsups Convenience Store #2401,San Angelo,TX,31.463770,-100.437040,3.195667,gazetteer
71980,KENT KWIK #433,San Angelo,TX,31.463770,-100.437040,3.132333,gazetteer
66824,STRIPES #42435,San Angelo,TX,31.463770,-100.437040,2.799000,gazetteer
1849,Stripes #42457,San Angelo,TX,31.463770,-100.437040,3.244000,gazetteer
69530,CIRCLE K #2741030,San Antonio,TX,29.424120,-98.493630,2.999000,gazetteer
69341,CIRCLE K #2741067,San Antonio,TX,29.424120,-98.493630,2.899000,gazetteer
69558,CIRCLE K #2741070,San Antonio,TX,29.424120,-98.493630,2.914000,gazetteer
69772,CIRCLE K #2741825,San Antonio,TX,29.424120,-98.493630,3.099000,gazetteer
69932,CIRCLE K #2741847,San Antonio,TX,29.424120,-98.493630,3.072333,gazetteer
66800,CIRCLE K #2743950,San Antonio,TX,29.424120,-98.493630,2.804000,gazetteer
69923,Circle K #2741821,San Antonio,TX,29.424120,-98.493630,3.032333,gazetteer
1858,FLYING J TRAVEL PLAZA #737,San Antonio,TX,29.424120,-98.493630,3.224000,gazetteer
73012,FUELPORT # 1,San Antonio,TX,29.424120,-98.493630,3.049000,gazetteer
64409,LONE STAR TRAVEL CENTER,San Antonio,TX,29.424120,-98.493630,3.059000,gazetteer
4156,PETRO STOPPING CENTER #305,San Antonio,TX,29.424120,-98.493630,3.207333,gazetteer
68843,PILOT #467,San Antonio,TX,29.424120,-98.493630,3.399000,gazetteer
20109,PILOT TRAVEL CENTERS #306,San Antonio,TX,29.424120,-98.493630,3.214000,gazetteer
70645,QUIKTRIP #4048,San Antonio,TX,29.424120,-98.493630,2.965667,gazetteer
70691,QUIKTRIP #4049,San Antonio,TX,29.424120,-98.493630,2.965667,gazetteer
64408,QUIKTRIP #4058,San Antonio,TX,29.424120,-98.493630,2.965667,gazetteer
71824,QuikTrip #4052,San Antonio,TX,29.424120,-98.493630,2.922333,gazetteer
2074,STRIPES #40522,San Antonio,TX,29.424120,-98.493630,3.059000,gazetteer
63813,TA SAN ANTONIO TRAVELCENTER,San Antonio,TX,29.424120,-98.493630,3.207333,gazetteer
69485,7-ELEVEN #41036,San Augustine,TX,31.529900,-94.106030,3.159000,gazetteer
73009,THRIFT BULL TRUCK STOP,San Augustine,TX,31.529900,-94.106030,3.499000,gazetteer
7066,REFUEL #328,San Marcos,TX,29.883270,-97.941390,2.999000,gazetteer
71919,THE SPORTSMAN 2 TRAVEL PLAZA,Sanger,TX,33.363170,-97.173900,2.975667,gazetteer
72268,SHORT STOP,Santa Anna,TX,31.742090,-99.321730,3.499000,gazetteer
68424,MAVERICK TRAVEL CENTER,Santo,TX,32.603729,-98.214108,3.099000,nominatim
68593,ONE9 #1285,Santo,TX,32.603729,-98.214108,2.924000,nominatim
69526,STRIPES 7FLEET #42469,Santo,TX,32.603729,-98.214108,2.917333,nominatim
69487,CIRCLE K #2742034,Schertz,TX,29.552170,-98.269730,2.794000,gazetteer
63126,PWI #120,Schertz,TX,29.552170,-98.269730,2.925667,gazetteer
71638,QUIKTRIP #4032,Schertz,TX,29.552170,-98.269730,2.915667,gazetteer
1874,CIRCLE K #2744529,Seagoville,TX,32.639580,-96.538320,2.950667,gazetteer
3539,Bigs 211,Seguin,TX,29.568840,-97.964730,3.099000,gazetteer
72066,CIRCLE K #2741094,Seguin,TX,29.568840,-97.964730,2.959000,gazetteer
68301,LOVES TRAVEL STOP #463,Seguin,TX,29.568840,-97.964730,3.179000,gazetteer
3422,PWI #167,Seguin,TX,29.568840,-97.964730,2.889000,gazetteer
71127,QUIKTRIP #4044,Seguin,TX,29.568840,-97.964730,2.945667,gazetteer
72689,ROAD RANGER #285,Seguin,TX,29.568840,-97.964730,3.110667,gazetteer
61751,ALLSUPS CONVENIENCE STORE #2264,Seminole,TX,32.718990,-102.644910,3.094000,gazetteer
72080,Corner Store,Seminole,TX,32.718990,-102.644910,3.129000,gazetteer
2076,ALLSUPS CONVENIENCE STORE #2159,Seymour,TX,33.594260,-99.260350,3.299000,gazetteer
60565,CEFCO #2006,Shamrock,TX,35.214220,-100.249010,3.099000,gazetteer
52656,TRAVELING TIGER CENTER,Sierra Blanca,TX,31.174570,-105.357180,3.155667,gazetteer
71467,ALLSUPS CONVENIENCE STORE #2192,Silverton,TX,34.474230,-101.304610,3.159000,gazetteer
69974,LOVES TRAVEL STOP #672,Sinton,TX,28.036680,-97.509160,3.149000,gazetteer
72805,Stripes #42242,Sinton,TX,28.036680,-97.509160,3.259000,gazetteer
2078,ALLSUPS CONVENIENCE STORE #2366,Slaton,TX,33.437310,-101.643490,2.969000,gazetteer
71637,HORSESHOE #4,Smyer,TX,33.584256,-102.163229,2.959000,nominatim
71336,ALLSUPS CONVENIENCE STORE #2180,Snyder,TX,32.717890,-100.917620,2.985667,gazetteer
71990,Allsups #2418,Snyder,TX,32.717890,-100.917620,2.972333,gazetteer
72479,CEFCO #2086,Snyder,TX,32.717890,-100.917620,2.965667,gazetteer
7051,PILOT #887,Snyder,TX,32.717890,-100.917620,3.245667,gazetteer
72836,QUARLES #54281,Snyder,TX,32.717890,-100.917620,3.665667,gazetteer
70337,LOVES TRAVEL STOP #700,Sonora,TX,30.566850,-100.643430,3.647333,gazetteer
70238,ROAD RANGER #275,Sonora,TX,30.566850,-100.643430,3.549000,gazetteer
72150,J AND R MARKET,Sour Lake,TX,30.140210,-94.411020,3.159000,gazetteer
71903,ALLSUPS #2412,Springtown,TX,32.965960,-97.683640,2.919000,gazetteer
71458,ALLSUPS CONVENIENCE STORE #2082,Spur,TX,33.476480,-100.855690,3.199000,gazetteer
71468,ALLSUPS CONVENIENCE STORE #2212,Stamford,TX,32.945390,-99.802870,3.129000,gazetteer
52622,STRIPES 7FLEET #42567,Stanton,TX,32.129290,-101.788460,3.015667,gazetteer
72298,TARZAN AND JANE,Stanton,TX,32.129290,-101.788460,3.299000,gazetteer
71337,ALLSUPS CONVENIENCE STORE #2229,Stephenville,TX,32.220700,-98.202260,3.159000,gazetteer
71355,ALLSUPS CONVENIENCE STORE #2249,Stephenville,TX,32.220700,-98.202260,3.159000,gazetteer
71362,ALLSUPS CONVENIENCE STORE #2359,Stephenville,TX,32.220700,-98.202260,3.159000,gazetteer
71363,ALLSUPS CONVENIENCE STORE #2360,Stephenville,TX,32.220700,-98.202260,3.159000,gazetteer
69814,Allsup's #2454,Sterling City,TX,31.836250,-100.984830,3.224000,gazetteer
1888,STRIPES 7FLEET #42449,Sterling City,TX,31.836250,-100.984830,3.280667,gazetteer
69344,CIRCLE K #2741078,Stockdale,TX,29.236910,-97.960000,3.079000,gazetteer
70416,ALLSUPS CONVENIENCE STORE #2361,Stratford,TX,36.336140,-102.072120,2.957333,gazetteer
69791,PILOT #1083,Stratford,TX,36.336140,-102.072120,3.499000,gazetteer
1889,TOOT N TOTUM #105,Stratford,TX,36.336140,-102.072120,2.965667,gazetteer
71597,Allsups #2380,Sudan,TX,34.067860,-102.524360,3.199000,gazetteer
70318,LOVES TRAVEL STOP #738,Sulphur Springs,TX,33.138450,-95.601070,3.309000,gazetteer
63794,PILOT TRAVEL CENTERS #157,Sulphur Springs,TX,33.138450,-95.601070,3.309000,gazetteer
71465,ALLSUPS CONVENIENCE STORE #2173,Sweetwater,TX,32.470950,-100.405940,2.845667,gazetteer
72587,Allsups Convenience #2416,Sweetwater,TX,32.470950,-100.405940,2.884000,gazetteer
68840,LOVES TRAVEL STOP #475,Sweetwater,TX,32.470950,-100.405940,3.189000,gazetteer
7056,TA SWEETWATER TRAVEL CENTER,Sweetwater,TX,32.470950,-100.405940,3.152333,gazetteer
69713,EAGLE #56,Teague,TX,31.627110,-96.283860,3.482333,gazetteer
72496,ROAD RANGER #289,Teague,TX,31.627110,-96.283860,3.395667,gazetteer
70765,CEFCO #103,Temple,TX,31.098230,-97.342780,2.965667,gazetteer
66259,CEFCO #48,Temple,TX,31.098230,-97.342780,2.965667,gazetteer
71171,TEXSTAR TRAVEL CENTER,Temple,TX,31.098230,-97.342780,2.912333,gazetteer
72967,BINKS TENAHA QUICK STOP,Tenaha,TX,31.943780,-94.244090,3.059000,gazetteer
66383,TENAHA EXPRESS MART,Tenaha,TX,31.943780,-94.244090,3.299000,gazetteer
1893,MIKE MCDONALD TRUCK STOP,Terrell,TX,32.735960,-96.275260,2.870667,gazetteer
69228,QUIKTRIP #993,Terrell,TX,32.735960,-96.275260,2.870667,gazetteer
5949,EXXON,Texarkana,TX,33.425130,-94.047690,3.165667,gazetteer
72594,Quiktrip #7900,Texarkana,TX,33.425130,-94.047690,2.857333,gazetteer
73074,RACETRAC #2641,Texarkana,TX,33.425130,-94.047690,2.857333,gazetteer
71461,ALLSUPS CONVENIENCE STORE #2111,Texline,TX,36.377810,-103.024100,2.965667,gazetteer
1894,CIRCLE K #2741544,Three Rivers,TX,28.460270,-98.182510,3.065667,gazetteer
67336,LOVES TRAVEL STOPS #342,Three Rivers,TX,28.460270,-98.182510,3.089000,gazetteer
69213,Circle K #2741498,Tilden,TX,28.461940,-98.549180,3.199000,gazetteer
64420,Valero,Timpson,TX,31.903780,-94.395200,3.059000,gazetteer
64421,TXB #17 DBA KWIK CHEK FOOD STORES,Trenton,TX,33.430670,-96.338590,3.299000,gazetteer
70466,Circle K #2741925,Trinity,TX,30.945190,-95.375500,2.899000,gazetteer
70106,LOVES TRAVEL STOPS #719,Troy,TX,31.206840,-97.302780,3.159000,gazetteer
7746,PILOT TRAVEL CENTER #888,Tulia,TX,34.535890,-101.758520,3.340667,gazetteer
71559,ALLSUPS CONVENIENCE STORE #2228,Tuscola,TX,32.209580,-99.796750,2.917333,gazetteer
52674,FLYING J TRAVEL PLAZA #738,Tye,TX,32.457620,-99.871480,3.124000,gazetteer
68916,YESWAY #1075,Tye,TX,32.457620,-99.871480,2.875667,gazetteer
1897,YESWAY #1077,Tye,TX,32.457620,-99.871480,2.875667,gazetteer
68428,STRIPES #40519,Uvalde,TX,29.209680,-99.786170,3.359000,gazetteer
71814,TEX-BEST #531,Uvalde,TX,29.209680,-99.786170,2.874000,gazetteer
509,LOVES TRAVEL STOPS #256,Van Horn,TX,31.040290,-104.830730,3.649000,gazetteer
71897,ONE9 XPRESS FUEL #1349,Van Horn,TX,31.040290,-104.830730,3.459000,gazetteer
63563,PILOT TRAVEL CENTERS #209,Van Horn,TX,31.040290,-104.830730,3.659000,gazetteer
63736,PLATEAU TRUCK AND AUTO CENTER,Van Horn,TX,31.040290,-104.830730,3.099000,gazetteer
7037,SAMS TRUCK STOP,Van Horn,TX,31.040290,-104.830730,3.999000,gazetteer
61761,ALLSUPS CONVENIENCE STORE #2304,Vega,TX,35.242830,-102.428260,2.999000,gazetteer
69541,PILOT #1027,Vega,TX,35.242830,-102.428260,3.305667,gazetteer
65686,CEFCO #2004,Vernon,TX,34.155360,-99.266280,2.860667,gazetteer
64422,Chevron,Vidor,TX,30.131600,-94.015450,2.749000,gazetteer
1633,7-ELEVEN #36302,Von Ormy,TX,29.289130,-98.644460,3.109000,gazetteer
63964,LOVES TRAVEL STOP #242,Von Ormy,TX,29.289130,-98.644460,3.167000,gazetteer
64423,PILOT #568,Von Ormy,TX,29.289130,-98.644460,3.210667,gazetteer
71227,TEX BEST #529,Von Ormy,TX,29.289130,-98.644460,3.049000,gazetteer
61747,TEX-BEST #504,Von Ormy,TX,29.289130,-98.644460,3.157333,gazetteer
72012,CEFCO #108,Waco,TX,31.549330,-97.146670,2.992333,gazetteer
69137,CIRCLE K #2741564,Waco,TX,31.549330,-97.146670,2.889000,gazetteer
72016,Cefco #11,Waco,TX,31.549330,-97.146670,2.995667,gazetteer
64537,FLYING J TRAVEL PLAZA #739,Waco,TX,31.549330,-97.146670,3.220667,gazetteer
63791,PILOT TRAVEL CENTERS #432,Waco,TX,31.549330,-97.146670,3.220667,gazetteer
71299,QUIKTRIP #7903,Waco,TX,31.549330,-97.146670,2.955667,gazetteer
70242,ROAD RANGER #276,Waco,TX,31.549330,-97.146670,3.049000,gazetteer
71361,ALLSUPS CONVENIENCE STORE #2358,Wall,TX,31.374346,-100.303660,3.205667,nominatim
68907,QUIKTRIP #943,Waxahachie,TX,32.386530,-96.848330,2.895667,gazetteer
69084,TIGER MART #79,Waxahachie,TX,32.386530,-96.848330,2.849000,gazetteer
63601,PILOT TRAVEL CENTERS #206,Weatherford,TX,32.759300,-97.797250,3.209000,gazetteer
69941,QUIKTRIP #949,Weatherford,TX,32.759300,-97.797250,2.917333,gazetteer
4806,TRACK AND TRAVEL,Weatherford,TX,32.759300,-97.797250,2.917333,gazetteer
68258,CIRCLE K #2741536,Weslaco,TX,26.159520,-97.990840,3.035667,gazetteer
70543,ALLSUPS CONVENIENCE STORE #2078,White Deer,TX,35.435320,-101.172940,2.969000,gazetteer
1905,LUCKY TRUCK STOP,Whitesboro,TX,33.656220,-96.906950,2.885667,gazetteer
72175,ALLSUPS #2410,Whitney,TX,31.951820,-97.321400,2.965667,gazetteer
66705,7-ELEVEN,Wichita Falls,TX,33.913710,-98.493390,2.760667,gazetteer
66865,FLYING J FUEL STOP #741,Wichita Falls,TX,33.913710,-98.493390,3.125667,gazetteer
66817,JOLLY TRUCK STOP,Wichita Falls,TX,33.913710,-98.493390,2.899000,gazetteer
52469,LOVES TRAVEL STOP #269,Wichita Falls,TX,33.913710,-98.493390,3.123000,gazetteer
71936,QUIKTRIP #7907,Wichita Falls,TX,33.913710,-98.493390,2.859000,gazetteer
61763,ALLSUPS CONVENIENCE STORE #2283,Wickett,TX,31.570130,-103.000990,2.899000,gazetteer
2084,Main Street Market #112,Wickett,TX,31.570130,-103.000990,2.879000,gazetteer
63669,One9 #1248,Wilmer,TX,32.589020,-96.685270,2.755667,gazetteer
72136,HANA TRAVEL CENTER,Winfield,TX,33.167340,-95.111880,3.079000,gazetteer
71349,ALLSUPS CONVENIENCE STORE #2204,Wink,TX,31.751240,-103.159890,3.089000,gazetteer
3588,BINGO TRUCK STOP,Winnie,TX,29.820220,-94.384080,2.999000,gazetteer
20114,CROSSROADS,Winnie,TX,29.820220,-94.384080,4.249000,gazetteer
69322,SHELL SERVICE STATION,Winnie,TX,29.820220,-94.384080,3.232333,gazetteer
69949,THE CROSSING TRAVEL MARK,Winters,TX,31.956530,-99.962310,3.040667,gazetteer
69996,YESWAY #1078,Winters,TX,31.956530,-99.962310,2.999000,gazetteer
71606,Allsups #2396,Wolfforth,TX,33.505920,-102.009060,2.915667,gazetteer
69453,7-ELEVEN #41033,Woodville,TX,30.775200,-94.415480,3.149000,gazetteer
69374,7-ELEVEN #40558,Woodway,TX,31.506000,-97.205010,2.985667,gazetteer
73071,7-Eleven #42340,Woodway,TX,31.506000,-97.205010,2.932333,gazetteer
72074,CIRCLE K #2741566,Woodway,TX,31.506000,-97.205010,2.999000,gazetteer
71912,FUEL CITY WYLIE,Wylie,TX,33.015120,-96.538880,2.965667,gazetteer
72682,Maverik #695,American Fork,UT,40.376900,-111.795760,3.349000,gazetteer
7013,ERNIES TRUCK PLAZA,Beaver,UT,38.276910,-112.641050,3.399000,gazetteer
66106,FLYING J TRAVEL PLAZA #509,Beaver,UT,38.276910,-112.641050,3.689000,gazetteer
69922,LOVES TRAVEL STOP #686,Brigham City,UT,41.510210,-112.015500,3.755667,gazetteer
66942,MAVERIK COUNTRY STORE #612,Brigham City,UT,41.510210,-112.015500,3.449000,gazetteer
71911,MAVERIK COUNTRY STORE #706,Castle Dale,UT,39.212190,-111.019610,3.439000,gazetteer
72435,Cedar City Cardlock (Bulk Plant),Cedar City,UT,37.677480,-113.061890,3.459000,gazetteer
66912,LOVES TRAVEL STOPS #335,Cedar City,UT,37.677480,-113.061890,3.649000,gazetteer
70156,MAVERIK COUNTRY STORE #348,Cedar City,UT,37.677480,-113.061890,3.452333,gazetteer
71034,MAVERIK COUNTRY STORE #635,Cedar City,UT,37.677480,-113.061890,3.442333,gazetteer
1909,RALLYSTOP #1,Cedar City,UT,37.677480,-113.061890,3.459000,gazetteer
70650,MAVERIK COUNTRY STORE #581,Clearfield,UT,41.110780,-112.026050,3.335667,gazetteer
67789,BEAR RIVER VALLEY CO OP,Corinne,UT,41.551040,-112.110230,3.419000,gazetteer
69695,MAVERIK COUNTRY STORE #488,Draper,UT,40.524670,-111.863820,3.445667,gazetteer
72507,Golden Gate Fillmore,Fillmore,UT,38.968850,-112.323550,3.297333,gazetteer
71487,LOVES TRAVEL STOPS #835,Fillmore,UT,38.968850,-112.323550,3.599000,gazetteer
69764,MAVERIK COUNTRY STORE #538,Fillmore,UT,38.968850,-112.323550,3.387333,gazetteer
66582,PWI #807,Fillmore,UT,38.968850,-112.323550,3.374000,gazetteer
1914,LOVES TRAVEL STOP #792,Green River,UT,38.995250,-110.161800,3.709000,gazetteer
70793,LOVES TRAVEL STOPS #119,Green River,UT,38.995250,-110.161800,3.299000,gazetteer
71712,MAVERIK COUNTRY STORE #693,Green River,UT,38.995250,-110.161800,3.282333,gazetteer
4910,PILOT TRAVEL CENTER #892,Green River,UT,38.995250,-110.161800,3.685667,gazetteer
70587,MAVERIK COUNTRY STORE #623,Gunnison,UT,39.155240,-111.818260,3.419000,gazetteer
72045,MAVERIK COUNTRY STORE #710,Helper,UT,39.684130,-110.854610,3.445667,gazetteer
2087,LWS TRUCK STOP,Logan,UT,41.735490,-111.834390,3.425667,gazetteer
69696,MAVERIK COUNTRY STORE #531,Logan,UT,41.735490,-111.834390,3.430667,gazetteer
71982,MAVERIK COUNTRY STORE #665,Magna,UT,40.709110,-112.101610,3.399000,gazetteer
72437,Tropic Oil,Moab,UT,38.573320,-109.549840,4.169000,gazetteer
69492,GOOD 2 GO #418,Mona,UT,39.816070,-111.855490,3.429000,gazetteer
68977,MAVERIK COUNTRY STORE #444,Monticello,UT,37.871380,-109.342890,3.489000,gazetteer
68882,CAPITAL FUELS MYTON,Myton,UT,40.194400,-110.061820,3.502333,gazetteer
52473,FLYING J TRAVEL PLAZA #743,Nephi,UT,39.710230,-111.836320,3.715667,gazetteer
71816,MAVERIK COUNTRY STORE #694,Nephi,UT,39.710230,-111.836320,3.405667,gazetteer
8948,PARK N PUMP CIRCLE C,Nephi,UT,39.710230,-111.836320,3.449000,gazetteer
63715,FLYING J TRAVEL PLAZA #772,North Salt Lake,UT,40.848560,-111.906880,3.732333,gazetteer
70670,MAVERIK COUNTRY STORE #625,North Salt Lake,UT,40.848560,-111.906880,3.442333,gazetteer
68394,CHEVRON,Ogden,UT,41.223000,-111.973830,3.442333,gazetteer
5389,FLYING J TRAVEL PLAZA #744,Ogden,UT,41.223000,-111.973830,3.749000,gazetteer
71504,MAVERIK COUNTRY STORE #378,Ogden,UT,41.223000,-111.973830,3.379000,gazetteer
68960,MAVERIK COUNTRY STORE #484,Ogden,UT,41.223000,-111.973830,3.392333,gazetteer
69693,MAVERIK COUNTRY STORE #527,Ogden,UT,41.223000,-111.973830,3.439000,gazetteer
71244,MAVERIK COUNTRY STORE #644,Ogden,UT,41.223000,-111.973830,3.372333,gazetteer
71815,MAVERIK COUNTRY STORE #688,Ogden,UT,41.223000,-111.973830,3.385667,gazetteer
52230,ONE9 #294,Ogden,UT,41.223000,-111.973830,3.325667,gazetteer
72910,Ogden Cardlock (Bulk Plant),Ogden,UT,41.223000,-111.973830,3.489000,gazetteer
71323,MAVERIK COUNTRY STORE #517,Orem,UT,40.296900,-111.694650,3.440667,gazetteer
1921,BELL TRUCK STOP,Park City,UT,40.646060,-111.497970,3.452333,gazetteer
3593,TA Parowan Travel Center,Parowan,UT,37.842200,-112.828000,3.705667,gazetteer
4560,FAST STOP TRAVEL CENTERS #1109,Plymouth,UT,41.875481,-112.144122,3.582333,nominatim
2088,FLYING J TRAVEL PLAZA #773,Richfield,UT,38.772470,-112.084090,3.699000,gazetteer
70296,MAVERIK COUNTRY STORE #573,Riverton,UT,40.521890,-111.939100,3.135667,gazetteer
71065,MAVERIK COUNTRY STORE #429,Roosevelt,UT,40.299400,-109.988760,3.439000,gazetteer
68722,Pilot #140,Roosevelt,UT,40.299400,-109.988760,3.759000,gazetteer
71062,MAVERIK COUNTRY STORE #637,SALINA,UT,38.957740,-111.859930,3.442333,gazetteer
70240,MAVERIK COUNTRY STORE #370,Saint George,UT,37.104150,-113.584120,3.541500,gazetteer
72420,MAVERIK COUNTRY STORE #620,Saint George,UT,37.104150,-113.584120,3.462333,gazetteer
52575,PILOT TRAVEL CENTERS #775,Saint George,UT,37.104150,-113.584120,3.675667,gazetteer
69291,LOVES TRAVEL STOP #581,Salina,UT,38.957740,-111.859930,3.705667,gazetteer
1923,SCENIC QUIK STOP,Salina,UT,38.957740,-111.859930,3.459000,gazetteer
72912,Salina Cardlock (Bulk Plant),Salina,UT,38.957740,-111.859930,3.449000,gazetteer
70478,TA Express Salina,Salina,UT,38.957740,-111.859930,3.649000,gazetteer
72034,CHARLIES MARKET,Salt Lake City,UT,40.760780,-111.891050,3.459000,gazetteer
7018,FLYING J TRAVEL PLAZA #746,Salt Lake City,UT,40.760780,-111.891050,3.732333,gazetteer
67054,LOVES TRAVEL STOPS #436,Salt Lake City,UT,40.760780,-111.891050,3.649000,gazetteer
73100,MAVERIK #747,Salt Lake City,UT,40.760780,-111.891050,3.392333,gazetteer
68969,MAVERIK COUNTRY STORE #474,Salt Lake City,UT,40.760780,-111.891050,3.389000,gazetteer
69758,MAVERIK COUNTRY STORE #537,Salt Lake City,UT,40.760780,-111.891050,3.382333,gazetteer
70732,MAVERIK COUNTRY STORE #627,Salt Lake City,UT,40.760780,-111.891050,3.442333,gazetteer
71191,MAVERIK COUNTRY STORE #631,Salt Lake City,UT,40.760780,-111.891050,3.459000,gazetteer
71604,MAVERIK COUNTRY STORE #669,Salt Lake City,UT,40.760780,-111.891050,3.445667,gazetteer
63599,PWI #978,Salt Lake City,UT,40.760780,-111.891050,3.359000,gazetteer
52411,SAPP BROS TRAVEL CENTER,Salt Lake City,UT,40.760780,-111.891050,3.399000,gazetteer
69939,MAVERIK COUNTRY STORE #377,Santaquin,UT,39.975510,-111.785210,3.402333,gazetteer
67164,FLYING J TRAVEL PLAZA #510,Scipio,UT,39.245522,-112.104296,3.689000,nominatim
2089,FLYING J TRAVEL PLAZA #774,Snowville,UT,41.965406,-112.710343,3.749000,nominatim
52697,FLYING J TRAVEL PLAZA #747,Springville,UT,40.165230,-111.610750,3.765667,gazetteer
69073,LOVES TRAVEL CENTER #518,Springville,UT,40.165230,-111.610750,3.689000,gazetteer
63701,FLYING J TRAVEL PLAZA #742,Tooele,UT,40.530780,-112.298280,3.759000,gazetteer
7016,TA SALT LAKE CITY TRAVEL CENTER,Tooele,UT,40.530780,-112.298280,3.769000,gazetteer
64430,GOLDEN SPIKE TRAVEL PLAZA,Tremonton,UT,41.711870,-112.165510,3.599000,gazetteer
71580,MAVERIK COUNTRY STORE #676,Tremonton,UT,41.711870,-112.165510,3.444000,gazetteer
64431,RJS FUEL STOP,Tremonton,UT,41.711870,-112.165510,3.459000,gazetteer
67938,TEXACO,Tremonton,UT,41.711870,-112.165510,3.455667,gazetteer
67871,BASIN MARKET #107,Vernal,UT,40.455520,-109.528750,3.599000,gazetteer
71441,MAVERIK COUNTRY STORE #678,Vernal,UT,40.455520,-109.528750,3.442333,gazetteer
72488,MAVERIK COUNTRY STORE #657,Washington,UT,37.130540,-113.508290,3.425667,gazetteer
10024,MILLERS TRAVEL CENTER,Wellington,UT,39.542470,-110.735430,3.659000,gazetteer
69694,MAVERIK COUNTRY STORE #533,Wellsville,UT,41.638540,-111.933830,3.444000,gazetteer
6517,HARDYS #5,Wendover,UT,40.737150,-114.037510,3.499000,gazetteer
67380,MILLERS TRAVEL CENTER,Wendover,UT,40.737150,-114.037510,3.599000,gazetteer
71268,MAVERIK COUNTRY STORE #650,West Jordan,UT,40.609670,-111.939100,3.432333,gazetteer
326,FLYING J TRAVEL PLAZA #748,Willard,UT,41.409110,-112.036060,3.749000,gazetteer
1931,RBS ONE STOP,Woods Cross,UT,40.871610,-111.892160,3.459000,gazetteer
5990,360 TRUCK STOP,Amelia Court House,VA,37.342930,-77.980560,3.599000,gazetteer
70993,QUARLES #4905,Ashland,VA,37.759030,-77.479980,3.699000,gazetteer
70968,QUARLES #4928,Ashland,VA,37.759030,-77.479980,3.674000,gazetteer
66620,Shell,Ashland,VA,37.759030,-77.479980,3.264000,gazetteer
7003,TA ASHLAND TRAVEL CENTER,Ashland,VA,37.759030,-77.479980,3.642333,gazetteer
6810,TA RICHMOND,Ashland,VA,37.759030,-77.479980,3.605667,gazetteer
65755,CIRCLE K #2723373,Atkins,VA,36.867340,-81.423440,3.349000,gazetteer
1934,CIRCLE K #2723710,Austinville,VA,36.851234,-80.912023,3.240667,nominatim
66386,SPEEDWAY #4631,Bassett,VA,36.759300,-79.990320,3.415667,gazetteer
10030,LOVES TRAVEL STOP #715,Bastian,VA,37.152063,-81.150093,3.597333,nominatim
70945,QUARLES #4944,Bealeton,VA,38.571790,-77.763880,3.759000,gazetteer
63740,CIRCLE K #2723478,Blairs,VA,36.679860,-79.373080,3.439000,gazetteer
61799,CIRCLE K #2723712,Bland,VA,37.102060,-81.116200,3.375667,gazetteer
6999,SIMMONS TRAVEL CENTER,Bracey,VA,36.599590,-78.143050,3.099000,gazetteer
1936,QUICK STOP MARKET #36,Bristol,VA,36.596490,-82.188470,3.399000,gazetteer
70897,QUARLES #4302,Broadway,VA,38.613170,-78.798910,3.459000,gazetteer
72236,ROYAL FARMS #108,Cape Charles,VA,37.270080,-76.016490,3.472333,gazetteer
70942,QUARLES #4608,Chantilly,VA,38.894280,-77.431100,3.659000,gazetteer
71002,QUARLES #4922,Charlottesville,VA,38.029310,-78.476680,3.899000,gazetteer
7004,FRANKS TRUCKING CENTER,Chesapeake,VA,36.819040,-76.274940,3.449000,gazetteer
70891,QUARLES #4908,Chesapeake,VA,36.819040,-76.274940,3.525667,gazetteer
68227,QUARLES #4914,Chesapeake,VA,36.819040,-76.274940,3.525667,gazetteer
70995,QUARLES #4910,Chester,VA,37.356820,-77.441650,3.799000,gazetteer
63741,SHELL,Chester,VA,37.356820,-77.441650,3.202333,gazetteer
70966,QUARLES #4927,Chesterfield,VA,37.377090,-77.505820,3.699000,gazetteer
71975,BP,Christiansburg,VA,37.129850,-80.408940,3.799000,gazetteer
63455,FLYING J TRAVEL PLAZA #752,Clear Brook,VA,39.256491,-78.096111,3.659000,nominatim
66547,OLD STONE JIFFY MART,Clear Brook,VA,39.256491,-78.096111,3.599000,nominatim
72262,7-ELEVEN #38855,Colonial Heights,VA,37.268040,-77.407260,3.509000,gazetteer
66898,PILOT TRAVEL CENTERS #384,Colonial Heights,VA,37.268040,-77.407260,3.799000,gazetteer
70331,LOVES TRAVEL STOP #707,Covington,VA,37.793460,-79.993950,3.649000,gazetteer
65759,XPRESS STOP,Cross Junction,VA,39.320378,-78.293338,3.332333,nominatim
70943,QUARLES #4700,Culpeper,VA,38.473180,-77.996660,3.799000,gazetteer
70944,QUARLES #4701,Culpeper,VA,38.473180,-77.996660,3.799000,gazetteer
64347,PILOT TRAVEL CENTERS #256,Danville,VA,36.585970,-79.395020,4.009000,gazetteer
64435,SPEEDWAY #4632,Danville,VA,36.585970,-79.395020,4.059000,gazetteer
71572,7-ELEVEN #41525,Disputanta,VA,37.124316,-77.225806,2.999000,nominatim
70159,LOVES TRAVEL STOP #717,Disputanta,VA,37.124316,-77.225806,3.562333,nominatim
67106,PILOT TRAVEL CENTER #4656,Disputanta,VA,37.124316,-77.225806,3.572333,nominatim
72705,SHEETZ #795,Disputanta,VA,37.124316,-77.225806,2.982333,nominatim
52335,SHELL,Disputanta,VA,37.124316,-77.225806,3.029000,nominatim
52367,DOSWELL TRUCK STOP,Doswell,VA,37.860140,-77.464149,2.899000,nominatim
71004,QUARLES #4924,Doswell,VA,37.860140,-77.464149,3.699000,nominatim
69417,LOVLEN FOODS,Drewryville,VA,36.715705,-77.306360,3.049000,nominatim
1940,7-ELEVEN #40063,Dublin,VA,37.105680,-80.685340,3.199000,gazetteer
63615,One9 #1413,Dublin,VA,37.105680,-80.685340,3.242333,gazetteer
67641,DANIEL BOONE TRAVEL CENTER,Duffield,VA,36.711763,-82.793294,3.557333,nominatim
67342,One9 #1414,Elliston,VA,37.216520,-80.232540,3.242333,gazetteer
64436,MS 58 PLAZA,Emporia,VA,36.685980,-77.542480,3.182333,gazetteer
4605,PILOT DEALER #898 SADLERS TRUCK STOP,Emporia,VA,36.685980,-77.542480,3.799000,gazetteer
3767,SIMMONS TRAVEL CENTER,Emporia,VA,36.685980,-77.542480,3.099000,gazetteer
70905,QUARLES #4401,Fairfax,VA,38.846220,-77.306370,4.059000,gazetteer
68621,CIRCLE K #2723367,Fancy Gap,VA,36.666521,-80.691868,3.290667,nominatim
61787,DUCK THRU FOOD STORE #5,Franklin,VA,36.677650,-76.922460,3.499000,gazetteer
69185,LOVES TRAVEL STOP #560,Franklin,VA,36.677650,-76.922460,3.889000,gazetteer
65761,NEW DIXIE MART #15,Franklin,VA,36.677650,-76.922460,3.099000,gazetteer
6305,I-95 Fuel Stop,Fredericksburg,VA,38.303180,-77.460540,3.264000,gazetteer
70892,QUARLES #4001,Fredericksburg,VA,38.303180,-77.460540,3.759000,gazetteer
70893,QUARLES #4002,Fredericksburg,VA,38.303180,-77.460540,3.759000,gazetteer
70947,QUARLES #4946,Fredericksburg,VA,38.303180,-77.460540,3.759000,gazetteer
70953,QUARLES #4948,Fredericksburg,VA,38.303180,-77.460540,3.759000,gazetteer
70955,QUARLES #4949,Fredericksburg,VA,38.303180,-77.460540,3.759000,gazetteer
70957,QUARLES #4950,Fredericksburg,VA,38.303180,-77.460540,3.759000,gazetteer
70958,QUARLES #4951,Fredericksburg,VA,38.303180,-77.460540,3.759000,gazetteer
10033,SHELL,Fredericksburg,VA,38.303180,-77.460540,3.255667,gazetteer
65762,7-ELEVEN #34516,Front Royal,VA,38.918170,-78.194440,3.525667,gazetteer
70896,QUARLES #4200,Front Royal,VA,38.918170,-78.194440,3.699000,gazetteer
63798,PETRO GLADE SPRING #372,Glade Spring,VA,36.791220,-81.771230,3.587333,gazetteer
70479,CROSSROADS MARKET,Gladstone,VA,37.546809,-78.849462,3.439000,nominatim
1953,FAS MART #3555,Gordonsville,VA,38.137360,-78.187780,3.699000,gazetteer
70980,QUARLES #4938,Gum Spring,VA,37.775526,-77.896811,3.699000,nominatim
70988,QUARLES #4909,Hampton,VA,37.029870,-76.345220,3.425667,gazetteer
70990,QUARLES #4915,Hampton,VA,37.029870,-76.345220,3.425667,gazetteer
5927,HARRISONBURG TRAVEL CENTER,Harrisonburg,VA,38.449570,-78.868920,2.899000,gazetteer
68375,PILOT #491,Harrisonburg,VA,38.449570,-78.868920,3.659000,gazetteer
70898,QUARLES #4303,Harrisonburg,VA,38.449570,-78.868920,2.899000,gazetteer
70983,QUARLES #4943,Henrico,VA,37.629476,-77.518903,3.699000,nominatim
72447,SHEETZ #689,Henrico,VA,37.629476,-77.518903,2.949000,nominatim
6041,COCKERHAM FUEL CENTER #4,Hillsville,VA,36.762630,-80.734790,3.282333,gazetteer
72149,IVOR MART,Hopewell,VA,37.304320,-77.287200,3.699000,gazetteer
66091,KEYSVILLE SAV U TIME,Keysville,VA,37.040430,-78.483330,3.399000,gazetteer
1950,7-ELEVEN #34515,King George,VA,38.268180,-77.184420,3.399000,gazetteer
70964,SEALSTON DELI,King George,VA,38.268180,-77.184420,3.499000,gazetteer
1944,LOVES TRAVEL STOPS #399,Lambsburg,VA,36.585408,-80.761182,3.589000,nominatim
69865,7-ELEVEN #40036,Lanexa,VA,37.423757,-76.901075,3.659000,nominatim
65764,LEESBURG CITGO,Leesburg,VA,39.115660,-77.563600,3.499000,gazetteer
70951,QUARLES #4947,Leesburg,VA,39.115660,-77.563600,3.659000,gazetteer
4622,TA LEE HI TRAVEL PLAZA,Lexington,VA,37.784020,-79.442820,3.659000,gazetteer
70904,QUARLES #4400,Lorton,VA,38.704280,-77.227760,4.059000,gazetteer
72217,PIEDMONT PETROLEUM,Lynchburg,VA,37.413750,-79.142250,3.459000,gazetteer
70902,QUARLES #4309,Lynchburg,VA,37.413750,-79.142250,3.774000,gazetteer
3086,SPEEDWAY #4638,Madison Heights,VA,37.430980,-79.123080,3.495667,gazetteer
70939,QUARLES #4606,Manassas,VA,38.750950,-77.475270,3.859000,gazetteer
70940,QUARLES #4607,Manassas,VA,38.750950,-77.475270,3.859000,gazetteer
61796,EXXON,Martinsville,VA,36.691530,-79.872540,3.375000,gazetteer
66915,CIRCLE K #2723716,Max Meadows,VA,36.970400,-80.949530,3.462333,gazetteer
5399,FLYING J TRAVEL PLAZA #750,Max Meadows,VA,36.970400,-80.949530,3.549000,gazetteer
66024,LOVES TRAVEL STOP #239,Max Meadows,VA,36.970400,-80.949530,3.545000,gazetteer
69740,LOVES TRAVEL STOP #613,Meadowview,VA,36.760390,-81.862900,3.599000,gazetteer
70997,QUARLES #4913,Midlothian,VA,37.505980,-77.649160,3.699000,gazetteer
67766,STOP IN Food Store #8143,Montvale,VA,37.384580,-79.731150,3.365667,gazetteer
71951,7-ELEVEN #39448,Mount Crawford,VA,38.356468,-78.941857,3.315667,nominatim
63516,SHEETZ #701,Mount Jackson,VA,38.745950,-78.642240,2.874000,gazetteer
36,SHENANDOAH TRUCK CENTER,Mount Jackson,VA,38.745950,-78.642240,2.899000,gazetteer
64451,ROYAL FARMS #79,New Church,VA,37.979012,-75.531036,3.339000,nominatim
63697,MILLER MART #40,Newport News,VA,36.980380,-76.429750,3.305667,gazetteer
70991,QUARLES #4917,Newport News,VA,36.980380,-76.429750,3.410667,gazetteer
68989,QUARLES #4907,Norfolk,VA,36.846810,-76.285220,3.809000,gazetteer
68949,JOES KWIK MARTS #475,Orange,VA,38.245410,-78.110830,3.332333,gazetteer
63456,SHELL,Petersburg,VA,37.227930,-77.401930,3.200667,gazetteer
70276,STAR EXPRESS #5,Petersburg,VA,37.227930,-77.401930,3.049000,gazetteer
5980,THRIFT MART TRUCK PLAZA,Petersburg,VA,37.227930,-77.401930,3.199000,gazetteer
2331,PINNERS POINT,Portsmouth,VA,36.835430,-76.298270,3.499000,gazetteer
70998,QUARLES #4916,Portsmouth,VA,36.835430,-76.298270,3.465667,gazetteer
65767,STATELINE FOOD MART #69,Pound,VA,37.123710,-82.601270,3.599000,gazetteer
70970,QUARLES #4931,Powhatan,VA,37.542090,-77.918890,3.699000,gazetteer
70041,LOVES TRAVEL STOP #705,Providence Forge,VA,37.442426,-77.043958,3.889000,nominatim
66945,PILOT TRAVEL CENTERS #159,Providence Forge,VA,37.442426,-77.043958,3.899000,nominatim
70982,EXXON/QUARLES #4942,Quinton,VA,37.532789,-77.115445,3.509000,nominatim
7005,PETRO STOPPING CENTER,Raphine,VA,37.937355,-79.232810,3.659000,nominatim
2182,PILOT TRAVEL CENTER #4649,Raphine,VA,37.937355,-79.232810,3.659000,nominatim
67850,SMILEYS FUEL CITY,Raphine,VA,37.937355,-79.232810,3.539000,nominatim
70987,QUARLES #4902,Richmond,VA,37.553760,-77.460260,3.699000,gazetteer
70994,QUARLES #4906,Richmond,VA,37.553760,-77.460260,3.699000,gazetteer
71001,QUARLES #4921,Richmond,VA,37.553760,-77.460260,3.699000,gazetteer
71003,QUARLES #4923,Richmond,VA,37.553760,-77.460260,3.699000,gazetteer
71005,QUARLES #4925,Richmond,VA,37.553760,-77.460260,3.699000,gazetteer
71006,QUARLES #4926,Richmond,VA,37.553760,-77.460260,3.699000,gazetteer
70974,QUARLES #4933,Richmond,VA,37.553760,-77.460260,3.699000,gazetteer
70975,QUARLES #4935,Richmond,VA,37.553760,-77.460260,3.699000,gazetteer
71708,QUARLES #4936,Richmond,VA,37.553760,-77.460260,3.699000,gazetteer
71208,RACEWAY #6789,Richmond,VA,37.553760,-77.460260,3.429000,gazetteer
8936,CIRCLE K #107,Ridgeway,VA,36.989310,-79.482530,3.399000,gazetteer
71702,SHOP AND SAVE,Ridgeway,VA,36.989310,-79.482530,3.909000,gazetteer
66869,SPEEDWAY #4630,Ridgeway,VA,36.989310,-79.482530,3.409000,gazetteer
70900,QUARLES #4306,Roanoke,VA,37.270970,-79.941430,3.559000,gazetteer
70903,QUARLES #4310,Roanoke,VA,37.270970,-79.941430,3.559000,gazetteer
60579,SPEEDWAY #4633,Roanoke,VA,37.270970,-79.941430,3.399000,gazetteer
70971,QUARLES #4932,Rockville,VA,37.725978,-77.678324,3.699000,nominatim
4062,DUDLEYS TRUCK STOP RESTAURANT,Rocky Mount,VA,36.997640,-79.891980,3.299000,gazetteer
68927,MARATHON,Rosedale,VA,36.959278,-81.931235,3.749000,nominatim
70946,QUARLES #4703,Ruckersville,VA,38.233190,-78.369170,3.699000,gazetteer
4933,VILLAGE TRUCK STOP,Rural Retreat,VA,36.893730,-81.275930,3.299000,gazetteer
65765,FOSTERS CONVENIENCE STORE,Rustburg,VA,37.276810,-79.100850,3.599000,gazetteer
2917,GOLDYS TRUCK PLAZA,Rustburg,VA,37.276810,-79.100850,3.519000,gazetteer
9959,FLYING J #876,Ruther Glen,VA,37.940875,-77.461865,3.619000,nominatim
52591,FLYING J TRAVEL PLAZA #749,Ruther Glen,VA,37.940875,-77.461865,3.619000,nominatim
2923,LOVES TRAVEL STOPS #435,Ruther Glen,VA,37.940875,-77.461865,3.589000,nominatim
455,MR FUEL #753,Ruther Glen,VA,37.940875,-77.461865,3.265667,nominatim
70901,QUARLES #4307,Salem,VA,37.293470,-80.054760,3.559000,gazetteer
70992,QUARLES #4904,Sandston,VA,37.523480,-77.315810,3.259000,gazetteer
70941,QUARLES #4934,Sandston,VA,37.523480,-77.315810,3.259000,gazetteer
66406,LOVES TRAVEL STOPS #317,Skippers,VA,36.611817,-77.546646,3.789000,nominatim
68845,PILOT TRAVEL CENTER #4651,Skippers,VA,36.611817,-77.546646,3.799000,nominatim
64438,PILOT TRAVEL CENTER #4622,South Boston,VA,36.698750,-78.901400,4.009000,gazetteer
68494,LOVES TRAVEL STOPS #469,South Hill,VA,36.726530,-78.128890,3.949000,gazetteer
66556,PILOT TRAVEL CENTER #899- SLIP IN,South Hill,VA,36.726530,-78.128890,3.959000,gazetteer
70657,INTERFUEL,Springfield,VA,38.789280,-77.187200,3.899000,gazetteer
70927,QUARLES #4434,Springfield,VA,38.789280,-77.187200,4.059000,gazetteer
1951,CIRCLE K #2723713,Staunton,VA,38.149910,-79.073200,3.385667,gazetteer
70641,LOVES TRAVEL STOP #706,Staunton,VA,38.149910,-79.073200,3.649000,gazetteer
65862,PILOT TRAVEL CENTERS #396,Staunton,VA,38.149910,-79.073200,3.659000,gazetteer
70960,QUARLES #4962,Staunton,VA,38.149910,-79.073200,2.899000,gazetteer
71793,QUARLES #4602,Sterling,VA,39.006220,-77.428600,3.659000,gazetteer
70938,QUARLES #4605,Sterling,VA,39.006220,-77.428600,3.659000,gazetteer
61804,CARTERS ONE STOP,Stony Creek,VA,36.947928,-77.400811,2.959000,nominatim
6198,DAVIS TRAVEL CENTER #102,Stony Creek,VA,36.947928,-77.400811,3.065667,nominatim
72260,Duck Thru #58,Suffolk,VA,36.728360,-76.584960,3.449000,gazetteer
1954,Joe's Kwik Mart #8409,Suffolk,VA,36.728360,-76.584960,3.032333,gazetteer
64441,MILLER MART #55,Suffolk,VA,36.728360,-76.584960,3.092333,gazetteer
70162,PILOT #1049,Suffolk,VA,36.728360,-76.584960,3.899000,gazetteer
67109,SPEEDWAY #4676,Suffolk,VA,36.728360,-76.584960,3.799000,gazetteer
66139,LOVES TRAVEL STOPS #305,Toms Brook,VA,38.946499,-78.439174,3.649000,nominatim
1956,PILOT TRAVEL CENTER #4642,Toms Brook,VA,38.946499,-78.439174,3.659000,nominatim
61806,LANKFORD TRUCK PLAZA,Townsend,VA,37.184981,-75.958473,3.399000,nominatim
6150,CIRCLE K #2723707,Troutville,VA,37.418190,-79.874769,3.065667,nominatim
5302,ONE9 #258,Troutville,VA,37.418190,-79.874769,3.032333,nominatim
70996,QUARLES #4912,Troy,VA,37.950974,-78.246393,3.899000,nominatim
4544,BIG CHARLIES TRUCK PLAZA,Virginia Beach,VA,36.852930,-75.977990,3.489000,gazetteer
70989,QUARLES #4911,Virginia Beach,VA,36.852930,-75.977990,3.572333,gazetteer
62911,DAVIS TRAVEL CENTER #108,Warfield,VA,36.895704,-77.825829,3.099000,nominatim
4628,QUARLES #4601,Warrenton,VA,38.713450,-77.795270,3.322333,gazetteer
70937,QUARLES #4603,Warrenton,VA,38.713450,-77.795270,3.799000,gazetteer
63193,Shell,Warrenton,VA,38.713450,-77.795270,3.257333,gazetteer
70962,QUARLES #4965,Warsaw,VA,37.958740,-76.758010,3.759000,gazetteer
70899,QUARLES #4304,Waynesboro,VA,38.068470,-78.889470,3.799000,gazetteer
64455,SPEEDWAY #4648,Waynesboro,VA,38.068470,-78.889470,3.959000,gazetteer
70930,QUARLES #4504,Winchester,VA,39.185660,-78.163330,3.799000,gazetteer
70933,QUARLES #4507,Winchester,VA,39.185660,-78.163330,3.799000,gazetteer
70895,QUARLES #4011/SHELL,Woodford,VA,38.113189,-77.408871,2.899000,nominatim
71114,SHEETZ #672,Woodford,VA,38.113189,-77.408871,2.899000,nominatim
68234,CIRCLE K #2723705,Wytheville,VA,36.948450,-81.084810,3.265667,gazetteer
66728,CIRCLE K #2723706,Wytheville,VA,36.948450,-81.084810,3.349000,gazetteer
66908,CIRCLE K #2723708,Wytheville,VA,36.948450,-81.084810,3.365667,gazetteer
2336,FLYING J TRAVEL PLAZA #754,Wytheville,VA,36.948450,-81.084810,3.549000,gazetteer
65873,PILOT TRAVEL CENTER #4619,Wytheville,VA,36.948450,-81.084810,3.550667,gazetteer
1958,SPEEDWAY #4618,Wytheville,VA,36.948450,-81.084810,3.412333,gazetteer
5801,TA WYTHEVILLE TRAVEL CENTER,Wytheville,VA,36.948450,-81.084810,3.519000,gazetteer
65770,JOLLEY #136,Alburgh,VT,44.974990,-73.301260,3.539000,nominatim
66606,BART INDUSTRIES,Bellows Falls,VT,43.133410,-72.443980,3.709000,gazetteer
65771,CITGO,Brattleboro,VT,42.850920,-72.557870,3.672333,gazetteer
68235,JOLLEY #113,Derby,VT,44.947412,-72.133932,3.539000,nominatim
68279,MACS MARKET #101,Fair Haven,VT,43.594790,-73.265670,3.599000,gazetteer
10020,Maplefields,Fair Haven,VT,43.594790,-73.265670,3.599000,gazetteer
69657,JIFFY MART,Ferrisburgh,VT,44.205610,-73.246230,3.599000,gazetteer
1960,MAPLEWOOD IRVING,Montpelier,VT,44.260060,-72.575390,3.699000,gazetteer
70692,RUTLAND ROUTE 7 IRVING,Rutland,VT,43.610620,-72.972610,3.699000,gazetteer
66284,JOLLEY #150,Saint Albans,VT,44.810880,-73.083190,3.539000,gazetteer
68364,Maplefields,Saint Albans,VT,44.810880,-73.083190,3.539000,gazetteer
71509,MAPLEFIELDS IRVING,Saint Johnsbury,VT,44.419220,-72.015090,3.599000,gazetteer
3477,CIRCLE K #4707404,Springfield,VT,43.298410,-72.482310,3.699000,gazetteer
69629,SWANTON MOBIL,Swanton,VT,44.918100,-73.124300,3.539000,gazetteer
72294,SWANTON SUNOCO,Swanton,VT,44.918100,-73.124300,3.539000,gazetteer
2788,JIFFY MART #451,Wells River,VT,44.154300,-72.047163,3.569000,nominatim
52414,Mobil dba ONE9 #1341,Arlington,WA,48.198710,-122.125140,3.799000,gazetteer
70343,PILOT TRAVEL CENTER #1103,Arlington,WA,48.198710,-122.125140,4.559000,gazetteer
71138,LUMMI BAY MARKET,Bellingham,WA,48.759550,-122.488220,3.759000,gazetteer
72793,TA EXPRESS BLAINE #917,Blaine,WA,48.993720,-122.747120,4.139000,gazetteer
71798,Space Age #202,Castle Rock,WA,46.275110,-122.907610,3.659000,gazetteer
2817,Chevron #382354,Chehalis,WA,46.662050,-122.964020,4.299000,gazetteer
67622,LOVES TRAVEL STOP #454,Chehalis,WA,46.662050,-122.964020,4.589000,gazetteer
52629,LOVES TRAVEL STOP #413,Ellensburg,WA,46.996510,-120.547850,3.829000,gazetteer
6987,One9 #965,Ellensburg,WA,46.996510,-120.547850,3.839000,gazetteer
70628,PILOT #1195,Ellensburg,WA,46.996510,-120.547850,3.839000,gazetteer
3421,ERNIES TRUCK STOP,Federal Way,WA,47.322320,-122.312620,4.599000,gazetteer
64442,PILOT TRUCK STOP #583,Ferndale,WA,48.846500,-122.591010,4.559000,gazetteer
68330,SHREES TRUCK STOP,George,WA,47.079020,-119.855880,3.569000,gazetteer
68581,CHEVRON #308195,Granger,WA,46.342070,-120.187270,4.329000,gazetteer
52040,REBEL TRUCK STOP,Kalama,WA,46.007670,-122.844360,4.499000,gazetteer
3178,ERNIES FUEL STOP #1605,Kent,WA,47.380930,-122.234840,4.599000,gazetteer
61819,CHEVRON,Longview,WA,46.138170,-122.938170,4.499000,gazetteer
1606,DONNAS TRAVEL PLAZA,Marysville,WA,48.051760,-122.177080,4.559000,gazetteer
5297,ERNIES TRUCK STOP,Moses Lake,WA,47.130140,-119.278080,3.949000,gazetteer
71087,HALF SUN TRAVEL PLAZA,Moses Lake,WA,47.130140,-119.278080,3.569000,gazetteer
71607,Loves Travel Stop #827,Moses Lake,WA,47.130140,-119.278080,3.889000,gazetteer
6275,TA SEATTLE EAST TRAVEL CENTER,North Bend,WA,47.495660,-121.786780,3.859000,gazetteer
67060,PILOT TRAVEL CENTERS #151,Olympia,WA,47.044910,-122.901690,4.599000,gazetteer
63211,OMAK MART,Omak,WA,48.410990,-119.527550,4.149000,gazetteer
6564,FLYING J FRANCHISE #970,Pasco,WA,46.239580,-119.100570,4.599000,gazetteer
71735,Loves Travel Stop #811,Pasco,WA,46.239580,-119.100570,4.589000,gazetteer
69902,MAVERIK COUNTRY STORE #441,Pasco,WA,46.239580,-119.100570,4.279000,gazetteer
586,AMERISTAR TRAVEL PLAZA #120,Prosser,WA,46.206800,-119.768920,4.399000,gazetteer
69979,LOVES TRAVEL STOP #681,Prosser,WA,46.206800,-119.768920,4.589000,gazetteer
68991,LOVES TRAVEL STOP #514,Ritzville,WA,47.127550,-118.379990,3.919000,gazetteer
60587,BJS AUTO TRUCK PLAZA,Rock Island,WA,47.377070,-120.143950,3.999000,gazetteer
69313,PETERSONS DIESEL FUELING,Seattle,WA,47.606210,-122.332070,4.399000,gazetteer
71285,Shrees Truck Stop Seattle,Seattle,WA,47.606210,-122.332070,3.799000,gazetteer
6994,FLYING J FRANCHISE #967,Spokane,WA,47.659660,-117.429080,3.929000,gazetteer
73045,MAVERIK #717,Spokane,WA,47.659660,-117.429080,3.979000,gazetteer
70146,MAVERIK COUNTRY STORE #567,Spokane,WA,47.659660,-117.429080,3.969000,gazetteer
71440,MAVERIK COUNTRY STORE #667,Spokane,WA,47.659660,-117.429080,3.969000,gazetteer
1976,One9 #963,Spokane,WA,47.659660,-117.429080,3.959000,gazetteer
66972,PETRO STOPPING CENTER #339,Spokane,WA,47.659660,-117.429080,3.959000,gazetteer
70480,BIG B TRUCK STOP,Sprague,WA,47.300158,-117.975506,3.899000,nominatim
67361,SUMNER TRUCK STOP,Sumner,WA,47.203160,-122.240400,4.299000,gazetteer
52140,Sinclair,Sunnyside,WA,46.323740,-120.008650,4.599000,gazetteer
6986,LOVES TRAVEL STOP #448,Tacoma,WA,47.252880,-122.444290,4.589000,gazetteer
68243,PILOT EXPRESS #1173,Tacoma,WA,47.252880,-122.444290,4.599000,gazetteer
70612,SHREES TRUCK STOP #2,Thorp,WA,47.068014,-120.672687,3.809000,nominatim
1977,GEE CEES TRUCK STOP,Toledo,WA,46.439830,-122.846780,3.839000,gazetteer
72345,YAKAMART,Toppenish,WA,46.377350,-120.308670,3.509000,gazetteer
6992,FLYING J #1169,Tumwater,WA,47.007320,-122.909310,4.599000,gazetteer
72343,WOLF DEN,Wapato,WA,46.447630,-120.420340,3.409000,gazetteer
4528,WENATCHEE VALLEY TRUCK STOP,Wenatchee,WA,47.423460,-120.310350,4.089000,gazetteer
5613,CHEVRON #381108,Yakima,WA,46.602070,-120.505900,3.999000,gazetteer
72571,MAVERIK #719,Yakima,WA,46.602070,-120.505900,3.899000,gazetteer
69513,KWIK TRIP #885,Abbotsford,WI,44.946360,-90.315970,3.452333,gazetteer
69484,KWIK TRIP #774,Adams,WI,43.956080,-89.818180,3.274000,gazetteer
71817,KWIK TRIP #1128,Altoona,WI,44.804680,-91.443210,3.332333,gazetteer
70277,KWIK TRIP #595,Amery,WI,45.306910,-92.362140,3.560667,gazetteer
71498,KWIK TRIP #1143,Antigo,WI,45.140250,-89.152340,3.507333,gazetteer
61830,APPLETON TRAVEL PLAZA,Appleton,WI,44.261930,-88.415380,3.405667,gazetteer
67616,KWIK TRIP #887,Appleton,WI,44.261930,-88.415380,3.302333,gazetteer
64445,KWIK TRIP #413,Arcadia,WI,44.252740,-91.501540,3.315667,gazetteer
70098,KWIK TRIP #110,Ashland,WI,46.592440,-90.883800,3.699000,gazetteer
70059,KWIK TRIP #118,Ashland,WI,46.592440,-90.883800,3.699000,gazetteer
4008,BALDWIN TRAVEL PLAZA,Baldwin,WI,44.966630,-92.374360,3.503000,gazetteer
64517,KWIK TRIP #696,Baldwin,WI,44.966630,-92.374360,3.574000,gazetteer
73084,Kwik Trip #747,Baldwin,WI,44.966630,-92.374360,3.499000,gazetteer
69977,KWIK TRIP #855,Baraboo,WI,43.471090,-89.744290,3.115667,gazetteer
815,Kwik Trip #1508,Barneveld,WI,43.015550,-89.895400,3.489000,gazetteer
61832,BARRON FARMERS UNION,Barron,WI,45.401350,-91.849060,3.639000,gazetteer
73096,KWIK TRIP #748,Barron,WI,45.401350,-91.849060,3.647333,gazetteer
72812,Kwik Trip #748,Barron,WI,45.401350,-91.849060,3.664000,gazetteer
65789,BEAR CREEK CITGO,Bear Creek,WI,44.530273,-88.727244,3.439000,nominatim
71382,KWIK TRIP #346,Beaver Dam,WI,43.457770,-88.837330,3.195667,gazetteer
5770,Kwik Trip # 1281,Belgium,WI,43.499720,-87.850370,3.255667,gazetteer
72570,Lake View Cheese & Liquor,Belgium,WI,43.499720,-87.850370,3.255667,gazetteer
71428,KWIK TRIP #1140,Belleville,WI,42.859720,-89.538180,3.604000,gazetteer
6981,Kwik Trip #1197,Belmont,WI,42.736110,-90.334290,3.564000,gazetteer
71688,KWIK TRIP #1151,Beloit,WI,42.508350,-89.031780,3.374000,gazetteer
7946,PILOT TRAVEL CENTERS #289,Beloit,WI,42.508350,-89.031780,3.799000,gazetteer
64446,SPEEDWAY #4293,Beloit,WI,42.508350,-89.031780,3.799000,gazetteer
69508,KWIK TRIP #777,Berlin,WI,43.968040,-88.943450,3.425667,gazetteer
69237,KWIK TRIP #239,Big Bend,WI,42.881400,-88.206760,3.332333,gazetteer
70083,KWIK TRIP #596,Black Earth,WI,43.137220,-89.746790,3.444000,gazetteer
64671,FLYING J TRAVEL PLAZA #756,Black River Falls,WI,44.294680,-90.851530,3.382333,gazetteer
70067,KWIK TRIP #240,Black River Falls,WI,44.294680,-90.851530,3.312333,gazetteer
20118,KWIK TRIP #648,Black River Falls,WI,44.294680,-90.851530,3.237333,gazetteer
67202,KWIK TRIP #328,Blair,WI,44.294400,-91.235160,3.237333,gazetteer
1983,KWIK TRIP #427,Bloomer,WI,45.100240,-91.488770,3.415667,gazetteer
64447,KWIK TRIP #621,Bonduel,WI,44.740270,-88.444820,3.457333,gazetteer
69173,KWIK TRIP #231,Boscobel,WI,43.134430,-90.705400,3.474000,gazetteer
67233,KWIK TRIP #807,Brillion,WI,44.177210,-88.064270,3.365667,gazetteer
61835,BRISTOL BP,Bristol,WI,42.558910,-88.049250,3.719000,gazetteer
70334,KWIK TRIP #1021,Brodhead,WI,42.618340,-89.376230,3.415667,gazetteer
71365,COLES BP,Brownsville,WI,43.616380,-88.490660,3.099000,gazetteer
68466,KWIK TRIP #462,Burlington,WI,42.678070,-88.276200,3.274000,gazetteer
69935,KWIK TRIP #586,Butler,WI,43.105840,-88.069530,3.474000,gazetteer
73098,KWIK TRIP #1269,Cadott,WI,44.948020,-91.150700,3.400667,gazetteer
60589,RIVER COUNTRY PLAZA,Cadott,WI,44.948020,-91.150700,3.397333,gazetteer
70293,KWIK TRIP #922,Cameron,WI,45.408570,-91.744060,3.664000,gazetteer
1985,Camp Douglas BP,Camp Douglas,WI,43.922470,-90.271520,3.154000,gazetteer
71850,CEDAR GROVE OASIS,Cedar Grove,WI,43.569720,-87.823420,3.239000,gazetteer
67630,KWIK TRIP #630,Chilton,WI,44.028880,-88.162880,3.365667,gazetteer
72580,KWIK TRIP #1267,Chippewa Falls,WI,44.936910,-91.392930,3.392333,gazetteer
67206,KWIK TRIP #352,Chippewa Falls,WI,44.936910,-91.392930,3.407333,gazetteer
68386,KWIK TRIP #884,Clintonville,WI,44.620530,-88.762320,3.559000,gazetteer
71689,KWIK TRIP #1108,Colgate,WI,43.192830,-88.206774,3.247333,nominatim
67149,HOOPS TRAVEL CENTER,Coloma,WI,44.034437,-89.522392,3.182333,nominatim
67113,COLUMBUS WEST TRAVEL CENTER,Columbus,WI,43.338050,-89.015390,3.119000,gazetteer
70885,KWIK TRIP #1061,Combined Locks,WI,44.265820,-88.314270,3.549000,gazetteer
70282,PLEASANT SPRINGS TRAVEL,Cottage Grove,WI,43.076110,-89.199560,3.390667,gazetteer
66035,ROAD RANGER #136,Cottage Grove,WI,43.076110,-89.199560,3.544000,gazetteer
71322,KWIK TRIP #1101,Crivitz,WI,45.232480,-88.007610,3.304000,gazetteer
70075,KWIK TRIP #815,Cumberland,WI,45.532180,-92.019350,3.624000,gazetteer
66290,ABBYLAND TRUCK STOP,Curtiss,WI,44.953759,-90.434239,3.462333,nominatim
71717,Kwik Trip #1199,Darien,WI,42.601680,-88.707600,3.199000,gazetteer
60590,DARLINGTON MINI MART,Darlington,WI,42.683060,-90.117630,3.399000,gazetteer
70050,KWIK TRIP #124,De Forest,WI,43.247770,-89.343730,3.235667,fuzzy
70111,KWIK TRIP #557,De Forest,WI,43.247770,-89.343730,3.310667,fuzzy
6980,TA MADISON TRAVEL CENTER,De Forest,WI,43.247770,-89.343730,3.839000,fuzzy
6975,TRUCKERS INN STOP,De Forest,WI,43.247770,-89.343730,3.199000,fuzzy
71701,CIRCLE K #2746510,De Pere,WI,44.448880,-88.060380,3.349000,gazetteer
67350,DE PERE SUPER STORE,De Pere,WI,44.448880,-88.060380,3.255667,gazetteer
69905,KWIK TRIP #105,De Pere,WI,44.448880,-88.060380,3.352333,gazetteer
66939,KWIK TRIP #416,De Pere,WI,44.448880,-88.060380,3.390667,gazetteer
70496,KWIK TRIP #1015,Denmark,WI,44.347770,-87.827320,3.362333,gazetteer
71395,KWIK TRIP #340,Dodgeville,WI,42.960270,-90.130120,3.489000,gazetteer
71871,KWIK TRIP #1133,Durand,WI,44.626350,-91.965730,3.430667,gazetteer
71505,KWIK TRIP #1029,East Troy,WI,42.785290,-88.405100,3.174000,gazetteer
66221,ROAD RANGER #236,East Troy,WI,42.785290,-88.405100,3.082333,gazetteer
69172,KWIK TRIP #210,Eau Claire,WI,44.811350,-91.498490,3.407333,gazetteer
70078,KWIK TRIP #573,Eau Claire,WI,44.811350,-91.498490,3.399000,gazetteer
71529,Kwik Trip #1161,Eau Claire,WI,44.811350,-91.498490,3.407333,gazetteer
65791,EDGAR TRAVEL CENTER,Edgar,WI,44.927190,-89.963460,3.559000,gazetteer
5247,EDGERTON TRAVEL PLAZA,Edgerton,WI,42.835280,-89.067610,3.199000,gazetteer
71984,BP,Elkhorn,WI,42.672790,-88.544540,3.149000,gazetteer
70558,LOVES TRAVEL STOP #752,Elkhorn,WI,42.672790,-88.544540,3.240667,gazetteer
70481,GOHL POST BP,Endeavor,WI,43.715812,-89.466233,3.175667,nominatim
71338,KWIK TRIP #755,Fennimore,WI,42.983600,-90.655400,3.424000,gazetteer
69238,KWIK TRIP #242,Fond Du Lac,WI,43.775000,-88.438830,3.340667,gazetteer
69290,LOVES TRAVEL STOP #587,Fond Du Lac,WI,43.775000,-88.438830,3.445667,gazetteer
6968,R STORE #4513,Fond Du Lac,WI,43.775000,-88.438830,3.299000,gazetteer
71278,Kwik Trip #1506,Fort Atkinson,WI,42.928890,-88.837050,3.577333,gazetteer
67293,KWIK TRIP #367,Fox Lake,WI,43.565540,-88.906500,3.245667,gazetteer
66935,FRANCIS CREEK TRAVEL PLAZA,Francis Creek,WI,44.199440,-87.721480,3.384000,gazetteer
52400,PILOT TRAVEL CENTERS #324,Franksville,WI,42.760020,-87.913410,3.889000,gazetteer
20119,FREMONT CITGO,Fremont,WI,44.259700,-88.864830,3.399000,gazetteer
65793,KWIK TRIP #921,Friendship,WI,43.970530,-89.816790,3.274000,gazetteer
65794,BP,Green Bay,WI,44.519160,-88.019830,3.349000,gazetteer
70646,KWIK TRIP #1051,Green Bay,WI,44.519160,-88.019830,3.440667,gazetteer
71807,KWIK TRIP #1270,Green Bay,WI,44.519160,-88.019830,3.290667,gazetteer
69330,KWIK TRIP #292,Green Bay,WI,44.519160,-88.019830,3.390667,gazetteer
70024,KWIK TRIP #827,Green Bay,WI,44.519160,-88.019830,3.499000,gazetteer
65796,ADDISON STATION,Hartford,WI,43.317780,-88.378990,3.149000,gazetteer
73125,KWIK TRIP #1283,Hartland,WI,43.105010,-88.342040,3.749000,gazetteer
71381,KWIK TRIP #1112,Hayward,WI,46.013010,-91.484620,3.639000,gazetteer
66612,STOP N GO #1709,Hixton,WI,44.386014,-91.014352,3.237333,nominatim
71500,KWIK TRIP #1114,Holmen,WI,43.963300,-91.256250,3.330667,gazetteer
61843,KWIK TRIP #332,Horicon,WI,43.451380,-88.631210,3.215667,gazetteer
67229,KWIK TRIP #740,Hortonville,WI,44.334700,-88.638160,3.509000,gazetteer
70686,HOLIDAY STATIONSTORE #2746471,Hudson,WI,44.974690,-92.756870,3.539000,gazetteer
6970,TA Twin City East Travel Center,Hudson,WI,44.974690,-92.756870,3.547333,gazetteer
68924,KWIK TRIP #326,Janesville,WI,42.682790,-89.018720,3.374000,gazetteer
70798,QUICK FUEL #1926,Janesville,WI,42.682790,-89.018720,3.399000,gazetteer
2623,TA JANESVILLE TRAVEL CENTER,Janesville,WI,42.682790,-89.018720,3.299000,gazetteer
71140,BP,Jefferson,WI,43.005560,-88.807330,3.209000,gazetteer
68926,KWIK TRIP #872,Jefferson,WI,43.005560,-88.807330,3.382333,gazetteer
68308,PINECONE TRAVEL PLAZA,Johnson Creek,WI,43.076110,-88.774270,3.219000,gazetteer
69384,KWIK TRIP #209,Kaukauna,WI,44.278040,-88.272050,3.369000,gazetteer
71366,AMOCO,Kenosha,WI,42.584740,-87.821190,3.719000,gazetteer
67369,KENOSHA TRAVEL PLAZA,Kenosha,WI,42.584740,-87.821190,3.719000,gazetteer
71699,KWIK TRIP #597,Kenosha,WI,42.584740,-87.821190,3.744000,gazetteer
65800,BP,Kewaskum,WI,43.520830,-88.228990,3.219000,gazetteer
70761,CASEYS #3841,Kieler,WI,42.582307,-90.601836,3.489000,nominatim
71695,KWIK TRIP #1126,La Crosse,WI,43.801360,-91.239580,3.384000,gazetteer
67230,KWIK TRIP #750,La Crosse,WI,43.801360,-91.239580,3.299000,gazetteer
67219,KWIK TRIP #455,Ladysmith,WI,45.463020,-91.104040,3.272333,gazetteer
61849,KWIK TRIP #306,Lake Mills,WI,43.081390,-88.911770,3.432333,gazetteer
5944,LAKE MILLS TRAVEL PLAZA,Lake Mills,WI,43.081390,-88.911770,3.360667,gazetteer
65804,KWIK TRIP #628,Larsen,WI,44.191650,-88.623999,3.432333,nominatim
67976,KWIK TRIP #587,Lena,WI,44.951100,-88.046770,3.282333,gazetteer
70278,KWIK TRIP #923,Little Chute,WI,44.279990,-88.318440,3.269000,gazetteer
6976,MOASIS TRUCK CENTER,Little Chute,WI,44.279990,-88.318440,3.199000,gazetteer
65805,HI WAY HOP BP,Lomira,WI,43.591380,-88.443710,3.099000,gazetteer
65806,SHELL,Lomira,WI,43.591380,-88.443710,3.389000,gazetteer
71477,KWIK TRIP #1141,Luxemburg,WI,44.538610,-87.703980,3.482333,gazetteer
9553,LYNDON STATION BP,Lyndon Station,WI,43.711713,-89.900466,3.177000,nominatim
70066,KWIK TRIP #957,Madison,WI,43.073050,-89.401230,3.604000,gazetteer
64508,QUICK FUEL #1150,Madison,WI,43.073050,-89.401230,3.575667,gazetteer
68956,SPEEDWAY #4533,Madison,WI,43.073050,-89.401230,3.599000,gazetteer
67365,KWIK TRIP #491,Manitowoc,WI,44.088610,-87.657580,3.382333,gazetteer
71996,BP,Maribel,WI,44.276383,-87.807313,3.249000,nominatim
2000,RIVER CITY TRAVEL PLAZA,Marinette,WI,45.099980,-87.630660,3.399000,gazetteer
67829,KWIK TRIP #721,Marshall,WI,43.168330,-89.066780,3.497333,gazetteer
71316,KWIK TRIP #1084,Marshfield,WI,44.668850,-90.171800,3.475667,gazetteer
69873,KWIK TRIP #142,Marshfield,WI,44.668850,-90.171800,3.479000,gazetteer
52334,KWIK TRIP #775,Mauston,WI,43.797190,-90.077350,3.287333,gazetteer
9550,Mauston Interstate BP,Mauston,WI,43.797190,-90.077350,3.227333,gazetteer
63598,PILOT TRAVEL CENTERS #164,Mauston,WI,43.797190,-90.077350,3.299000,gazetteer
71445,SPEEDWAY #1051,Mauston,WI,43.797190,-90.077350,3.299000,gazetteer
71331,KWIK TRIP #1106,Medford,WI,45.138580,-90.340140,3.422333,gazetteer
68303,KWIK TRIP #351,Medford,WI,45.138580,-90.340140,3.400667,gazetteer
69547,KWIK TRIP #297,Menasha,WI,44.202210,-88.446500,3.490667,gazetteer
66301,KWIK TRIP #743,Menasha,WI,44.202210,-88.446500,3.507333,gazetteer
69827,KWIK TRIP #164,Menomonie,WI,44.875520,-91.919340,3.499000,gazetteer
70576,KWIK TRIP #593,Menomonie,WI,44.875520,-91.919340,3.574000,gazetteer
52422,KWIK TRIP #674,Menomonie,WI,44.875520,-91.919340,3.499000,gazetteer
69574,LOVES TRAVEL STOP #622,Menomonie,WI,44.875520,-91.919340,3.579000,gazetteer
5729,MENOMONIE FARMERS UNION,Menomonie,WI,44.875520,-91.919340,3.649000,gazetteer
69297,KWIK TRIP #241,Merrill,WI,45.180520,-89.683460,3.407333,gazetteer
67209,KWIK TRIP #386,Merrill,WI,45.180520,-89.683460,3.499000,gazetteer
3093,RSTORE #4488,Merrill,WI,45.180520,-89.683460,3.240667,gazetteer
70053,KWIK TRIP #964,Middleton,WI,43.097220,-89.504290,3.529000,gazetteer
69568,KWIK TRIP #295,Milton,WI,42.775560,-88.944000,3.399000,gazetteer
70551,KWIK TRIP #1047,Milwaukee,WI,43.038900,-87.906470,3.540667,gazetteer
64509,QUICK FUEL #1002,Milwaukee,WI,43.038900,-87.906470,3.740667,gazetteer
63706,QUICK FUEL #1003,Milwaukee,WI,43.038900,-87.906470,3.425667,gazetteer
64511,QUICK FUEL #1010,Milwaukee,WI,43.038900,-87.906470,3.779000,gazetteer
64662,QUICK FUEL #1011,Milwaukee,WI,43.038900,-87.906470,3.520667,gazetteer
69014,SPEEDWAY #4100,Milwaukee,WI,43.038900,-87.906470,3.599000,gazetteer
69455,SPEEDWAY #4214,Milwaukee,WI,43.038900,-87.906470,3.365667,gazetteer
73126,Kwik Trip #1298,Mondovi,WI,44.567740,-91.670990,3.349000,gazetteer
70009,KWIK TRIP #661,Monroe,WI,42.601120,-89.638450,3.362333,gazetteer
71499,KWIK TRIP #1130,Mount Horeb,WI,43.008610,-89.738460,3.589000,gazetteer
69505,KWIK TRIP #282,Mukwonago,WI,42.866680,-88.333430,3.337333,gazetteer
65809,KWIK TRIP #399,Necedah,WI,44.026080,-90.074020,3.249000,gazetteer
70789,7FLEET #46080,Neenah,WI,44.185820,-88.462610,3.449000,gazetteer
68951,KWIK TRIP #313,Neillsville,WI,44.559960,-90.596250,3.339000,gazetteer
67366,KWIK TRIP #499,New Berlin,WI,42.976400,-88.108420,3.490667,gazetteer
64512,QUICK FUEL #1001,New Berlin,WI,42.976400,-88.108420,3.499000,gazetteer
71025,KWIK TRIP #644,New Holstein,WI,43.949990,-88.084260,3.390667,gazetteer
65810,HIGHWAY HARRY'S,New Lisbon,WI,43.879140,-90.165410,3.172333,gazetteer
70373,KWIK TRIP #791,New London,WI,44.392760,-88.739830,3.484000,gazetteer
67204,KWIK TRIP #337,New Richmond,WI,45.123020,-92.536590,3.499000,gazetteer
69506,KWIK TRIP #290,Oak Creek,WI,42.885850,-87.863140,3.719000,gazetteer
67337,KWIK TRIP #422,Oak Creek,WI,42.885850,-87.863140,3.744000,gazetteer
70054,KWIK TRIP #976,Oak Creek,WI,42.885850,-87.863140,3.579000,gazetteer
66295,LOVES TRAVEL STOP #432,Oak Creek,WI,42.885850,-87.863140,3.867000,gazetteer
1634,PILOT TRAVEL CENTERS #40,Oak Creek,WI,42.885850,-87.863140,3.889000,gazetteer
63607,ROAD RANGER #209,Oakdale,WI,43.959844,-90.380402,3.234000,nominatim
71303,KWIK TRIP #1132,Omro,WI,44.039430,-88.744280,3.377333,gazetteer
67226,KWIK TRIP #494,Onalaska,WI,43.884410,-91.235140,3.335667,gazetteer
71812,KWIK TRIP #1198,Oostburg,WI,43.622770,-87.794530,3.242333,gazetteer
71153,KWIK TRIP #1083,Osceola,WI,45.320520,-92.704930,3.499000,gazetteer
67221,KWIK TRIP #457,Oshkosh,WI,44.024710,-88.542610,3.290667,gazetteer
66352,KWIK TRIP #871,Oshkosh,WI,44.024710,-88.542610,3.290667,gazetteer
52452,PLAINVIEW TRAVEL PLAZA,Oshkosh,WI,44.024710,-88.542610,3.199000,gazetteer
63629,SPEEDWAY #4523,Osseo,WI,44.572180,-91.227380,3.545667,gazetteer
52537,TA Express Osseo #431,Osseo,WI,44.572180,-91.227380,3.469000,gazetteer
70088,KWIK TRIP #138,Park Falls,WI,45.934400,-90.441550,3.147333,gazetteer
67343,EAGLE EXPRESS,Peshtigo,WI,45.054430,-87.749270,3.399000,gazetteer
69804,KWIK TRIP #184,Pewaukee,WI,43.080570,-88.261200,3.449000,gazetteer
71109,KWIK TRIP #1067,Phillips,WI,45.696630,-90.400430,3.315667,gazetteer
65812,PLAINFIELD PLAZA,Plainfield,WI,44.213860,-89.492340,3.290667,gazetteer
71738,KWIK TRIP #1196,Platteville,WI,42.734160,-90.478460,3.514000,gazetteer
64463,KWIK TRIP #202,Plover,WI,44.456360,-89.544010,3.265667,gazetteer
67334,KWIK TRIP #338,Plover,WI,44.456360,-89.544010,3.299000,gazetteer
68389,WEBERS OF PLYMOUTH,Plymouth,WI,43.748610,-87.977040,3.499000,gazetteer
67368,KWIK TRIP #653,Portage,WI,43.539150,-89.462620,3.274000,gazetteer
65813,KWIK TRIP #683,Portage,WI,43.539150,-89.462620,3.249000,gazetteer
6206,PETRO PORTAGE,Portage,WI,43.539150,-89.462620,3.807333,gazetteer
69854,LOVES TRAVEL STOP #637,Poynette,WI,43.390260,-89.402900,3.789000,gazetteer
5191,NORTH POINT PLAZA,Poynette,WI,43.390260,-89.402900,3.172333,gazetteer
68535,CASEYS #3295,Prairie Du Chien,WI,43.051650,-91.141240,3.499000,gazetteer
65814,Kracheys BP Truck Stop,Prairie Du Chien,WI,43.051650,-91.141240,3.574000,gazetteer
71555,Kwik Trip #307,Prairie Du Chien,WI,43.051650,-91.141240,3.599000,gazetteer
70573,KWIK TRIP #1038,Prairie Du Sac,WI,43.286930,-89.724010,3.484000,gazetteer
2340,RSTORE #4478,Prentice,WI,45.546070,-90.286540,3.039000,gazetteer
70308,KWIK TRIP #946,Pulaski,WI,44.672220,-88.242600,3.457333,gazetteer
61862,KWIK TRIP #781,Redgranite,WI,44.041920,-89.098450,3.352333,gazetteer
2115,KWIK TRIP #838,Reedsburg,WI,43.532480,-90.002630,3.194000,gazetteer
69848,KWIK TRIP #173,Rhinelander,WI,45.636620,-89.412080,3.452333,gazetteer
69174,KWIK TRIP #860,Rhinelander,WI,45.636620,-89.412080,3.452333,gazetteer
67223,KWIK TRIP #476,Rice Lake,WI,45.506070,-91.738230,3.432333,gazetteer
6971,KWIK TRIP #1013,Richfield,WI,43.256120,-88.193980,3.390667,gazetteer
6214,PIONEER Travel Plaza,Richfield,WI,43.256120,-88.193980,3.215667,gazetteer
67208,KWIK TRIP #363,Richland Center,WI,43.334710,-90.386790,3.389000,gazetteer
67211,KWIK TRIP #392,Ripon,WI,43.842200,-88.835940,3.390667,gazetteer
71520,KWIK TRIP #1104,River Falls,WI,44.861360,-92.623810,3.405667,gazetteer
67358,KWIK TRIP #453,River Falls,WI,44.861360,-92.623810,3.447333,gazetteer
68625,FLYING J #470 HUDSON,Roberts,WI,44.983860,-92.556030,3.559000,gazetteer
72711,Kwik Trip #1260,Roberts,WI,44.983860,-92.556030,3.424000,gazetteer
71772,Kwik Trip #1137,Saint Croix Falls,WI,45.409960,-92.639650,3.524000,gazetteer
70751,CASEYS #3795,Saukville,WI,43.381670,-87.940650,3.289000,gazetteer
69684,KWIK TRIP #140,Schofield,WI,44.909690,-89.604570,3.424000,gazetteer
66303,KWIK TRIP #787,Schofield,WI,44.909690,-89.604570,3.415667,gazetteer
69236,KWIK TRIP #225,Seymour,WI,44.514990,-88.330380,3.390667,gazetteer
71579,KWIK TRIP #1138,Sheboygan,WI,43.750830,-87.714530,3.242333,gazetteer
2009,KWIK TRIP #139,Sheboygan,WI,43.750830,-87.714530,3.290667,gazetteer
68653,KWIK TRIP #679,Sheboygan,WI,43.750830,-87.714530,3.215667,gazetteer
69988,LOVES TRAVEL STOP #640,Sheboygan,WI,43.750830,-87.714530,3.289000,gazetteer
70097,KWIK TRIP #112,Sheboygan Falls,WI,43.731970,-87.822130,3.292333,gazetteer
68618,MINER TOWNE MART,Shullsburg,WI,42.573340,-90.230960,3.399000,gazetteer
71071,KWIK TRIP #1074,Somerset,WI,45.124410,-92.673540,3.524000,gazetteer
69294,KWIK TRIP #317,Sparta,WI,43.944130,-90.812910,3.242333,gazetteer
61867,KWIK TRIP #318,Sparta,WI,43.944130,-90.812910,3.342333,gazetteer
72930,SPARTA CO-OP,Sparta,WI,43.944130,-90.812910,3.189000,gazetteer
66963,SPARTA TRAVEL CENTER,Sparta,WI,43.944130,-90.812910,3.179000,gazetteer
67200,KWIK TRIP #319,Spencer,WI,44.757740,-90.296800,3.475667,gazetteer
71852,KWIK TRIP #1164,Spooner,WI,45.822450,-91.889340,3.599000,gazetteer
70498,KWIK TRIP #939,Stanley,WI,44.959970,-90.937080,3.469000,gazetteer
63506,KWIK TRIP #342,Stevens Point,WI,44.523580,-89.574560,3.559000,gazetteer
68737,KWIK TRIP #691,Stevens Point,WI,44.523580,-89.574560,3.559000,gazetteer
69002,KWIK TRIP #863,Stevens Point,WI,44.523580,-89.574560,3.584000,gazetteer
71828,KWIK TRIP #1209,Sturgeon Bay,WI,44.834160,-87.377040,3.582333,gazetteer
72749,KWIK TRIP #1282,Sturgeon Bay,WI,44.834160,-87.377040,3.507333,gazetteer
71187,KWIK TRIP #1041,Sturtevant,WI,42.698070,-87.894520,3.794000,gazetteer
63588,KWIK TRIP #686,Sturtevant,WI,42.698070,-87.894520,3.769000,gazetteer
63246,Petro Stopping Center #368,Sturtevant,WI,42.698070,-87.894520,3.889000,gazetteer
63538,SUAMICO CITGO,Suamico,WI,44.631940,-88.039270,3.269000,gazetteer
60601,HOLIDAY STATIONSTORE #2746229,Superior,WI,46.720770,-92.104080,3.339000,gazetteer
69934,KWIK TRIP #135,Superior,WI,46.720770,-92.104080,3.499000,gazetteer
69235,KWIK TRIP #203,Superior,WI,46.720770,-92.104080,3.339000,gazetteer
2002,KWIK TRIP #222,Superior,WI,46.720770,-92.104080,3.339000,gazetteer
71155,KWIK TRIP #1124,Sussex,WI,43.133900,-88.222040,3.377333,gazetteer
72709,KWIK TRIP #1299,Sussex,WI,43.133900,-88.222040,3.285667,gazetteer
71556,KWIK TRIP #1167,Thorp,WI,44.961080,-90.799860,3.452333,gazetteer
9,KWIK TRIP #796,Tomah,WI,43.978580,-90.504020,3.287333,gazetteer
64336,LOVES TRAVEL STOPS #345,Tomah,WI,43.978580,-90.504020,3.289000,gazetteer
65817,TREGO TRAVEL CENTER,Trego,WI,45.901677,-91.824977,3.582333,nominatim
72122,KWIK TRIP #1115,Turtle Lake,WI,45.394400,-92.142410,3.655667,gazetteer
69901,KWIK TRIP #638,Two Rivers,WI,44.153880,-87.569250,3.390667,gazetteer
67220,KWIK TRIP #456,Verona,WI,42.990830,-89.533180,3.579000,gazetteer
67367,KWIK TRIP #757,Viroqua,WI,43.556920,-90.888740,3.359000,gazetteer
71110,KWIK TRIP #1121,Watertown,WI,43.194720,-88.728990,3.289000,gazetteer
67207,KWIK TRIP #354,Watertown,WI,43.194720,-88.728990,3.372333,gazetteer
67364,KWIK TRIP #373,Waukesha,WI,43.011680,-88.231480,3.457333,gazetteer
66615,KWIK TRIP #396,Waukesha,WI,43.011680,-88.231480,3.399000,gazetteer
70062,KWIK TRIP #970,Waukesha,WI,43.011680,-88.231480,3.532333,gazetteer
64660,QUICK FUEL #1005,Waukesha,WI,43.011680,-88.231480,3.623000,gazetteer
67656,KWIK TRIP #888,Waupaca,WI,44.358030,-89.085950,3.457333,gazetteer
70171,CITGO HERITAGE RIDGE,Waupun,WI,43.633320,-88.729550,3.147333,gazetteer
70492,KWIK TRIP #1033,Wausau,WI,44.959140,-89.630120,3.454000,gazetteer
69043,KWIK TRIP #204,Wausau,WI,44.959140,-89.630120,3.332333,gazetteer
71315,KWIK TRIP #1062,West Bend,WI,43.425280,-88.183430,3.555667,gazetteer
65818,KWIK TRIP #1048,West Salem,WI,43.899130,-91.081250,3.317333,gazetteer
61877,CASEYS #3715,Whitewater,WI,42.833620,-88.732330,3.299000,gazetteer
71521,KWIK TRIP #1065,Whitewater,WI,42.833620,-88.732330,3.424000,gazetteer
71476,KWIK TRIP #493,Whitewater,WI,42.833620,-88.732330,3.499000,gazetteer
4983,KWIK TRIP #603,Wilson,WI,44.953431,-92.173789,3.549000,nominatim
65820,KWIK TRIP #673,Windsor,WI,43.218330,-89.341510,3.254000,gazetteer
71447,KWIK TRIP #612,Winneconne,WI,44.110820,-88.712610,3.532333,gazetteer
69976,KWIK TRIP #583,Wisconsin Dells,WI,43.627480,-89.770960,3.237333,gazetteer
61880,KWIK TRIP #310,Wisconsin Rapids,WI,44.383580,-89.817350,3.262333,gazetteer
4977,KWIK TRIP #331,Wisconsin Rapids,WI,44.383580,-89.817350,3.262333,gazetteer
61879,KWIK TRIP #347,Wisconsin Rapids,WI,44.383580,-89.817350,3.312333,gazetteer
65822,RSTORE #4499,Wittenberg,WI,44.827200,-89.169560,3.155667,gazetteer
67234,KWIK TRIP #847,Wonewoc,WI,43.652750,-90.223460,3.499000,gazetteer
70082,KWIK TRIP #588,Woodruff,WI,45.896340,-89.699040,3.095667,gazetteer
20121,GO MART FOOD STORE #50,Beckley,WV,37.778170,-81.188160,3.599000,gazetteer
2020,BFS FOODS #72,Bruceton Mills,WV,39.658955,-79.639645,3.499000,nominatim
71295,MOUNTAINEER MART #33,Buckhannon,WV,38.993990,-80.232030,3.899000,gazetteer
6885,GO MART FOOD STORE #31,Charleston,WV,38.349820,-81.632620,3.499000,gazetteer
65824,CHANEYS SERVICE STATION,Chester,WV,40.613120,-80.562850,3.799000,gazetteer
68333,GO MART FOOD STORE #106,Elkins,WV,38.925940,-79.846730,3.499000,gazetteer
67642,GO MART FOOD STORE #103,Ellenboro,WV,39.264523,-81.056222,3.699000,nominatim
5085,K AN T TRUCKSTOP,Fairmont,WV,39.485080,-80.142580,3.399000,gazetteer
69573,AC & T Falling Waters,Falling Waters,WV,39.559260,-77.890830,3.849000,gazetteer
72614,FAST FUEL FOOD STORES,Gassaway,WV,38.673150,-80.774820,3.565667,gazetteer
2021,GO MART FOOD STORE #59,Huntington,WV,38.419250,-82.445150,3.499000,gazetteer
6984,TA HURRICANE TRAVEL CENTER,Hurricane,WV,38.432590,-82.020140,3.632333,gazetteer
70232,RUTTERS #73,Inwood,WV,39.357880,-78.040000,3.659000,gazetteer
2022,GO MART FOOD STORE #86,Ivydale,WV,38.310097,-81.704569,3.599000,nominatim
3418,Par Mar Store #164,Jane Lew,WV,39.109875,-80.406799,3.999000,nominatim
72595,CIRCLE K #2654400,Kearneysville,WV,39.388156,-77.885552,3.265667,nominatim
72562,7-ELEVEN #17703,Martinsburg,WV,39.456210,-77.963890,3.249000,gazetteer
70929,QUARLES #4503,Martinsburg,WV,39.456210,-77.963890,3.959000,gazetteer
71664,RUTTERS #95,Martinsburg,WV,39.456210,-77.963890,3.999000,gazetteer
2756,PAR MAR FOOD STORE #89,Mineral Wells,WV,39.178000,-81.512070,3.499000,gazetteer
72225,SHEETZ #144,Moorefield,WV,39.062330,-78.969470,3.289000,gazetteer
70017,PACIFIC PRIDE,Morgantown,WV,39.629530,-79.955900,3.459000,gazetteer
67440,PILOT TRAVEL CENTERS #503,Morgantown,WV,39.629530,-79.955900,4.059000,gazetteer
2192,GO MART FOOD STORE #51,Mount Nebo,WV,39.602305,-79.707830,3.599000,nominatim
63754,U SAVE TRAVEL PLAZA,Mount Nebo,WV,39.602305,-79.707830,3.599000,nominatim
69193,Certified Oil #400305,New Martinsville,WV,39.644520,-80.857600,3.317333,gazetteer
63519,PILOT TRAVEL CENTERS #243,Nitro,WV,38.414810,-81.844020,3.625667,gazetteer
66528,GO MART FOOD STORE #99,Parkersburg,WV,39.266740,-81.561510,3.489000,gazetteer
69170,SPEEDWAY #9381,Parkersburg,WV,39.266740,-81.561510,3.464000,gazetteer
71265,U SAVE FOOD STORES 1,Richwood,WV,38.224840,-80.533140,3.599000,gazetteer
1618,GO MART FOOD STORE #33,Ripley,WV,38.818700,-81.710690,3.499000,gazetteer
67160,LOVES TRAVEL STOPS #378,Ripley,WV,38.818700,-81.710690,3.589000,gazetteer
69145,SPEEDWAY #9561,Ripley,WV,38.818700,-81.710690,3.499000,gazetteer
1859,GO MART FOOD STORE #44,Sutton,WV,38.664540,-80.709820,3.559000,gazetteer
68622,PILOT #474,Sutton,WV,38.664540,-80.709820,3.865667,gazetteer
9528,GO MART FOOD STORE #43,Teays,WV,38.441757,-81.952912,3.499000,nominatim
6869,TA WHEELING TRAVEL CENTER,Valley Grove,WV,40.087573,-80.570351,3.529000,nominatim
65828,PAR MAR FOOD STORE #52,West Union,WV,39.296470,-80.777050,4.099000,gazetteer
71888,KJS ALPINE,Alpine,WY,43.163530,-111.018020,3.799000,gazetteer
71436,GOOD 2 GO #213,Buffalo,WY,44.348310,-106.698940,3.525000,gazetteer
66337,ZIP TRIP #60,Buffalo,WY,44.348310,-106.698940,3.580667,gazetteer
67405,ANTELOPE TRUCK STOP,Burns,WY,41.191816,-104.358907,3.199000,nominatim
52146,FLYING J TRAVEL PLAZA #758,Casper,WY,42.866630,-106.313080,3.999000,gazetteer
2030,GHOST TOWN FUEL STOP,Casper,WY,42.866630,-106.313080,3.429000,gazetteer
69892,MAVERIK COUNTRY STORE #547,Casper,WY,42.866630,-106.313080,3.185667,gazetteer
7768,BIG D #30,Cheyenne,WY,41.139980,-104.820250,3.204000,gazetteer
7767,FLYING J TRAVEL PLAZA #759,Cheyenne,WY,41.139980,-104.820250,3.709000,gazetteer
6961,LITTLE AMERICA,Cheyenne,WY,41.139980,-104.820250,3.709000,gazetteer
66054,LOVES TRAVEL STOP #220,Cheyenne,WY,41.139980,-104.820250,3.709000,gazetteer
1445,PILOT TRAVEL CENTERS #402,Cheyenne,WY,41.139980,-104.820250,3.709000,gazetteer
3297,SAPP BROS TRAVEL CENTER,Cheyenne,WY,41.139980,-104.820250,3.700667,gazetteer
7959,SPF #45,Cheyenne,WY,41.139980,-104.820250,3.225667,gazetteer
2034,TA CHEYENNE TRAVEL CENTER,Cheyenne,WY,41.139980,-104.820250,3.699000,gazetteer
63653,FLYING J TRAVEL PLAZA #760,Cokeville,WY,42.082440,-110.955190,3.899000,gazetteer
6850,BROKEN WHEEL TRUCK STOP,Douglas,WY,42.759690,-105.382210,3.759000,gazetteer
2040,Fast Stop Travel Centers #1133,Douglas,WY,42.759690,-105.382210,3.499000,gazetteer
6960,FLYING J TRAVEL PLAZA #761,Evanston,WY,41.268280,-110.963240,3.699000,gazetteer
64478,PILOT TRAVEL CENTERS #141,Evanston,WY,41.268280,-110.963240,3.699000,gazetteer
65831,Hat Six Travel Center,Evansville,WY,42.859970,-106.268360,3.999000,gazetteer
3592,TA BRIDGER TRAVEL CENTER #188,Fort Bridger,WY,41.316833,-110.384961,3.715667,nominatim
68306,BIG D #018,Gillette,WY,44.291090,-105.502220,3.459000,gazetteer
68903,BIG D KWIK SHOP,Gillette,WY,44.291090,-105.502220,3.379000,gazetteer
72030,CENEX,Gillette,WY,44.291090,-105.502220,3.489000,gazetteer
6547,FLYING J TRAVEL PLAZA #762,Gillette,WY,44.291090,-105.502220,3.899000,gazetteer
72869,MAVERIK #738,Gillette,WY,44.291090,-105.502220,3.359000,gazetteer
69465,MAVERIK COUNTRY STORE #476,Gillette,WY,44.291090,-105.502220,3.365667,gazetteer
71190,LOVES TRAVEL STOPS #888,Green River,WY,41.528580,-109.466250,3.589000,gazetteer
4700,A C TRUCKSTOP,Laramie,WY,41.311370,-105.591100,3.079000,gazetteer
2125,BIG D #44,Laramie,WY,41.311370,-105.591100,3.249000,gazetteer
70291,LOVES TRAVEL STOP #723,Laramie,WY,41.311370,-105.591100,3.615667,gazetteer
71327,MAVERIK COUNTRY STORE #668,Laramie,WY,41.311370,-105.591100,3.245667,gazetteer
52235,PETRO STOPPING CENTER #303,Laramie,WY,41.311370,-105.591100,3.575667,gazetteer
52152,PILOT TRAVEL CENTERS #308,Laramie,WY,41.311370,-105.591100,3.609000,gazetteer
6962,LITTLE AMERICA TRAVEL CENTER,Little America,WY,41.544369,-109.858126,3.525667,nominatim
68549,GOOD 2 GO #212,Lovell,WY,44.837450,-108.389560,3.657000,gazetteer
3280,OUTPOST TRUCK STOP,Lusk,WY,42.762470,-104.452170,3.689000,gazetteer
2897,GAS N GO #15,Lyman,WY,41.327450,-110.292930,3.465667,gazetteer
70482,BIG D OIL #19,Midwest,WY,43.411391,-106.280075,3.459000,nominatim
2029,HOMAX SERVICE,Mills,WY,42.840520,-106.365860,3.169000,gazetteer
186,COFFEE CUP FUEL STOP #5,Moorcroft,WY,44.263310,-104.950250,3.239000,gazetteer
71232,GATEWAY TRAVEL CENTER,Newcastle,WY,43.854700,-104.204940,3.324000,gazetteer
2041,PINE BLUFFS SINCLAIR,Pine Bluffs,WY,41.181930,-104.069120,3.699000,gazetteer
52212,FLYING J TRAVEL PLAZA #763,Rawlins,WY,41.791070,-107.238660,3.749000,gazetteer
72784,Maverik Country Store #724,Rawlins,WY,41.791070,-107.238660,3.289000,gazetteer
6341,TA RAWLINS TRAVEL CENTER,Rawlins,WY,41.791070,-107.238660,3.722333,gazetteer
2626,WEST END SINCLAIR,Rawlins,WY,41.791070,-107.238660,3.319000,gazetteer
2638,PIT STOP TRAVEL CENTER,Riverton,WY,43.024960,-108.380100,4.399000,gazetteer
579,FLYING J TRAVEL PLAZA #764,Rock Springs,WY,41.587460,-109.202900,3.670667,gazetteer
5996,Fast Stop Travel Centers #1134,Rock Springs,WY,41.587460,-109.202900,3.499000,gazetteer
73036,Maverik Country Store #741,Rock Springs,WY,41.587460,-109.202900,3.307333,gazetteer
66804,PWI #586,Rock Springs,WY,41.587460,-109.202900,3.199000,gazetteer
70160,COMMON CENTS #212,Sheridan,WY,44.797190,-106.956180,3.560667,gazetteer
71528,GOOD 2 GO #218,Sheridan,WY,44.797190,-106.956180,3.442333,gazetteer
3580,STINKER I 80 TRAVEL PLAZA,Sinclair,WY,41.779175,-107.116251,3.759000,nominatim
70361,MAVERIK COUNTRY STORE #599,Thayne,WY,42.920814,-111.002469,3.669000,nominatim
65835,SOUTHSIDE TRAVEL CENTER,Thermopolis,WY,43.646070,-108.212040,3.799000,gazetteer
63671,WESTERN TRAVEL TERMINAL,Torrington,WY,42.062460,-104.184390,3.399000,gazetteer
66257,LOVES TRAVEL STOP #310,Wamsutter,WY,41.672931,-107.979217,3.723000,nominatim
2044,One9 #1251,Wamsutter,WY,41.672931,-107.979217,3.499000,nominatim
66717,Fast Stop Travel Centers #1131,Wheatland,WY,42.054070,-104.952950,3.499000,gazetteer
72216,Pit Stop #14,Worland,WY,44.016900,-107.955370,3.829000,gazetteer
72231,RENO JUNCTION TRAVEL PLAZA,Wright,WY,43.751240,-105.492010,3.509000,gazetteer
