city,state,lat,lon,population
'a'ala,HI,21.315440,-157.862830,4302
aaronsburg,PA,40.899790,-77.453320,613
abbeville,AL,31.571840,-85.250490,2620
abbeville,GA,31.992120,-83.306820,2815
abbeville,LA,29.974650,-92.134290,12434
abbeville,SC,34.178170,-82.379010,5191
abbotsford,WI,44.946360,-90.315970,2264
abbottstown,PA,39.886490,-76.984700,1020
abell,MD,39.325950,-76.611390,975
aberdeen,FL,26.550630,-80.148660,2672
aberdeen,ID,42.944080,-112.838330,1929
aberdeen,IN,41.438930,-87.111420,1875
aberdeen,MA,42.344540,-71.149500,3575
aberdeen,MD,39.509560,-76.164120,15580
aberdeen,MS,33.825110,-88.543660,5397
aberdeen,NC,35.131550,-79.429480,7343
aberdeen,OH,38.655630,-83.761030,1607
aberdeen,SD,45.464700,-98.486480,28102
aberdeen,WA,46.975370,-123.815720,16276
aberdeen proving ground,MD,39.466860,-76.130660,2093
abernathy,TX,33.832300,-101.842950,2743
abilene,KS,38.917220,-97.213910,6558
abilene,TX,32.448740,-99.733140,125182
abingdon,IL,40.804480,-90.401800,3182
abingdon,MD,39.462330,-76.279120,4826
abingdon,VA,36.709830,-81.977350,8119
abington,MA,42.104820,-70.945320,15985
abington,PA,40.120670,-75.117950,55310
abita springs,LA,30.478640,-90.040080,2499
abram,TX,26.199800,-98.411130,2067
absarokee,MT,45.520500,-109.442940,1150
absecon,NJ,39.428450,-74.495710,8317
academy garden,PA,40.061780,-74.996280,5437
acalanes ridge,CA,37.904720,-122.078570,1137
accokeek,MD,38.667620,-77.028310,10573
accomac,VA,37.719570,-75.665480,496
accord,NY,41.785650,-74.229040,562
accoville,WV,37.768720,-81.837060,574
achille,OK,33.833430,-96.387210,510
ackerman,MS,33.310120,-89.172840,1482
ackermanville,PA,40.839260,-75.219350,610
ackley,IA,42.554150,-93.053260,1560
acme,PA,40.126740,-79.428650,3833
acres green,CO,39.556660,-104.896090,3007
acton,CA,34.469990,-118.196740,7596
acton,MA,42.485090,-71.432840,20897
acton,ME,43.534250,-70.909780,2230
acushnet,MA,41.680660,-70.907820,10850
acushnet center,MA,41.685080,-70.906420,3073
acworth,GA,34.066350,-84.678370,22131
acworth,NH,43.217850,-72.292030,890
ada,MN,47.299690,-96.515350,1656
ada,OH,40.769500,-83.822710,5811
ada,OK,34.774530,-96.678340,17303
adair,IA,41.500540,-94.643590,728
adair,OK,36.436760,-95.271360,819
adair village,OR,44.670680,-123.217880,818
adairsville,GA,34.368700,-84.934110,4778
adairville,KY,36.667540,-86.851940,889
adams,MA,42.624250,-73.117600,5515
adams,MN,43.565240,-92.719350,779
adams,NE,40.459440,-96.510020,596
adams,NY,43.809230,-76.024090,1829
adams,TN,36.582270,-87.065560,656
adams,WI,43.956080,-89.818180,1893
adams center,NY,43.860060,-76.005480,1568
adams morgan,DC,38.921500,-77.042200,15830
adamstown,MD,39.310940,-77.474710,2372
adamstown,PA,40.241200,-76.056330,1840
adamsville,AL,33.600940,-86.956110,4400
adamsville,TN,35.235910,-88.390600,2239
addis,LA,30.353800,-91.265390,4589
addison,AL,34.202320,-87.181400,741
addison,IL,41.931700,-87.988960,37208
addison,ME,44.618410,-67.744160,1257
addison,MI,41.986430,-84.347170,594
addison,NY,42.102850,-77.233590,1716
addison,TX,32.961790,-96.829170,15518
addison,VT,44.088670,-73.302620,1361
addison,WI,43.422780,-88.374540,3439
addyston,OH,39.136720,-84.709110,931
adel,GA,31.137270,-83.424080,5316
adel,IA,41.614430,-94.017450,4245
adelanto,CA,34.582770,-117.409220,33166
adelino,NM,34.715890,-106.731140,823
adell,WI,43.619160,-87.952040,521
adelphi,MD,39.003170,-76.971920,15086
adena,OH,40.218680,-80.872870,730
adrian,GA,32.530720,-82.589300,657
adrian,MI,41.897550,-84.037170,20691
adrian,MN,43.634970,-95.932800,1220
adrian,MO,38.397520,-94.351620,1622
advance,IN,39.995880,-86.620000,511
advance,MO,37.104550,-89.909530,1366
advance,NC,35.941250,-80.409220,1138
adwolf,VA,36.789280,-81.582060,1530
aetna estates,CO,39.738130,-104.673230,834
affton,MO,38.550610,-90.333170,20307
afton,IA,41.027490,-94.198010,829
afton,MN,44.902750,-92.783540,2966
afton,NY,42.228140,-75.526570,810
afton,OK,36.693690,-94.963020,1050
afton,WY,42.724930,-110.931870,1972
agate beach,OR,44.677340,-124.061780,12351
agawam,MA,42.069540,-72.614810,28761
agency,IA,40.995020,-92.306850,641
agency,MO,39.644720,-94.739960,672
agoura,CA,34.143060,-118.737870,20537
agoura hills,CA,34.136390,-118.774530,20915
agua caliente,CA,38.324080,-122.488040,27090
agua dulce,CA,34.496380,-118.325630,3342
agua dulce,TX,31.655110,-106.138870,3014
agua fria,NM,35.654480,-106.022240,2800
aguanga,CA,33.442810,-116.865020,1128
aguila,AZ,33.942810,-113.174080,798
ahoskie,NC,36.286820,-76.984680,4910
ahtanum,WA,46.559570,-120.622010,3601
ahwahnee,CA,37.365500,-119.726270,2246
ahwatukee foothills,AZ,33.341710,-111.984030,83464
aiken,SC,33.560420,-81.719550,30604
ailey,GA,32.187400,-82.565690,552
aina haina,HI,21.281940,-157.752500,3558
aina haina-hawaii loa ridge,HI,21.291390,-157.755780,3608
ainaloa,HI,19.526940,-154.993060,2965
ainsworth,IA,41.288910,-91.552380,571
ainsworth,NE,42.550000,-99.862620,1626
air force academy,CO,38.994250,-104.863750,6680
airmont,NY,41.100930,-74.116250,8891
airport,HI,21.339900,-157.928450,28916
airport drive,MO,37.142560,-94.510780,844
airville,PA,39.832320,-76.406350,3100
airway heights,WA,47.644610,-117.593270,6639
aitkin,MN,46.533010,-93.710250,2053
ajo,AZ,32.371720,-112.860710,3304
ak-chin village,AZ,33.028380,-112.087640,862
akiachak,AK,60.909440,-161.431390,627
akron,CO,40.160540,-103.214380,1724
akron,IA,42.828880,-96.559480,1450
akron,IN,41.038380,-86.028050,1133
akron,NY,43.020890,-78.495300,2845
akron,OH,41.081440,-81.519010,197542
akron,PA,40.156760,-76.202170,3993
akutan,AK,54.134300,-165.775150,1040
ala moana,HI,21.292010,-157.842760,5579
ala moana - kakaʻako,HI,21.296490,-157.856710,18957
alabama,NY,43.096450,-78.390860,1818
alabaster,AL,33.244280,-86.816380,32707
alachua,FL,29.751630,-82.424830,9757
alafaya,FL,28.564100,-81.211400,78113
alakanuk,AK,62.688890,-164.615280,735
alamance,NC,36.035140,-79.485850,991
alameda,CA,37.770990,-122.260870,78630
alamo,CA,37.850200,-122.032180,14570
alamo,GA,32.147120,-82.777920,3330
alamo,NM,34.420890,-107.510880,1085
alamo,NV,37.364960,-115.164460,1080
alamo,TN,35.784790,-89.117290,2487
alamo,TX,26.183690,-98.123060,19246
alamo heights,TX,29.484950,-98.465850,8038
alamogordo,NM,32.899530,-105.960270,30753
alamosa,CO,37.469450,-105.870020,9819
alamosa east,CO,37.477350,-105.842170,1458
alanson,MI,45.444180,-84.786710,746
alapaha,GA,31.385200,-83.222930,656
alba,MO,37.238390,-94.417450,539
alba,TX,32.792900,-95.634400,510
albany,CA,37.886870,-122.297750,19735
albany,GA,31.578510,-84.155740,74843
albany,IL,41.789470,-90.219290,890
albany,IN,40.300880,-85.241910,2119
albany,KY,36.690900,-85.134680,2012
albany,LA,30.504360,-90.582310,1104
albany,MN,45.629960,-94.570000,2647
albany,MO,39.223340,-94.113280,1791
albany,NH,43.957850,-71.167570,697
albany,NY,42.652580,-73.756230,101228
albany,OH,39.227570,-82.202370,905
albany,OR,44.636510,-123.105930,52175
albany,TX,32.723450,-99.297300,2014
albany,WI,42.707780,-89.437060,1018
albany park,IL,41.968360,-87.723390,52079
albemarle,NC,35.350140,-80.200060,16003
albers,IL,38.543380,-89.612310,1174
albert city,IA,42.781920,-94.948600,688
albert lea,MN,43.648010,-93.368270,17674
albertson,NY,40.773430,-73.643180,5182
albertville,AL,34.267830,-86.208780,21462
albertville,MN,45.237740,-93.654410,7345
albia,IA,41.026670,-92.805750,3829
albion,IL,38.377550,-88.056150,1932
albion,IN,41.395600,-85.424420,2325
albion,ME,44.532290,-69.442540,2023
albion,MI,42.243100,-84.753030,8229
albion,NE,41.690840,-98.003670,1589
albion,NY,43.246450,-78.193630,5998
albion,PA,40.958950,-78.946980,1553
albion,WA,46.791000,-117.250450,578
albuquerque,NM,35.084490,-106.651140,564559
alburnett,IA,42.148330,-91.618510,695
alburtis,PA,40.510930,-75.602970,2519
alcester,SD,43.021380,-96.630870,761
alcoa,TN,35.789530,-83.973790,9316
alda,NE,40.871120,-98.468120,655
aldan,PA,39.921500,-75.287960,4165
alden,IA,42.520260,-93.376040,764
alden,MN,43.670230,-93.576050,646
alden,NY,42.900060,-78.491970,2589
alderson,WV,37.725950,-80.642020,1182
alderton,WA,47.169550,-122.229280,2893
alderwood manor,WA,47.808000,-122.261000,8442
aldine,TX,29.932450,-95.380210,15869
aledo,IL,41.199760,-90.749310,3564
aledo,TX,32.695960,-97.602250,3412
alex,OK,34.914790,-97.778650,554
alexander,AR,34.629540,-92.441270,2848
alexander,ME,45.088690,-67.468330,534
alexander city,AL,32.944010,-85.953850,14718
alexander mills,NC,35.310680,-81.858710,661
alexandria,AL,33.773990,-85.885520,3917
alexandria,IN,40.262820,-85.675810,5047
alexandria,KY,38.959510,-84.387990,9009
alexandria,LA,31.311290,-92.445140,47889
alexandria,MN,45.885240,-95.377540,11843
alexandria,NH,43.611460,-71.792860,1415
alexandria,OH,40.088950,-82.612390,523
alexandria,SD,43.653590,-97.782850,623
alexandria,TN,36.077560,-86.033320,976
alexandria,VA,38.804840,-77.046920,159467
alexandria bay,NY,44.335880,-75.917730,1097
alexis,IL,41.063370,-90.555970,809
alfred,ME,43.476470,-70.718390,2596
alfred,NY,42.254240,-77.790550,4061
alger,OH,40.706160,-83.843830,845
algodones,NM,35.380590,-106.479190,814
algoma,MS,34.176220,-89.031170,602
algoma,WI,44.608890,-87.432590,3094
algona,IA,43.069970,-94.233020,5470
algona,WA,47.278990,-122.252060,3144
algonac,MI,42.618580,-82.532300,4055
algonquin,IL,42.165580,-88.294250,30571
algonquin,MD,38.582900,-76.105770,1241
algood,TN,36.195890,-85.448580,3725
alhambra,AZ,33.498380,-112.134320,127764
alhambra,CA,34.095290,-118.127010,85551
alhambra,IL,38.888380,-89.731480,661
aliamanu / salt lakes / foster village,HI,21.360220,-157.918380,38833
aliamanu makai,HI,21.358670,-157.919170,2374
aliamanu mauka,HI,21.359930,-157.906660,1047
alice,TX,27.752250,-98.069720,19408
aliceville,AL,33.129570,-88.151420,2381
alief,TX,29.711060,-95.596330,98725
aliquippa,PA,40.636730,-80.240060,9197
aliso viejo,CA,33.565040,-117.727120,50195
allapattah,FL,25.814540,-80.223940,54289
allardt,TN,36.380900,-84.884390,631
allegan,MI,42.529200,-85.855300,5071
allegany,NY,42.090060,-78.494190,1738
allegheny west,PA,40.008450,-75.177960,14249
alleghenyville,PA,40.234260,-75.988550,1134
allen,OK,34.878980,-96.412510,935
allen,TX,33.103170,-96.670550,98143
allen lane,PA,40.056500,-75.197400,3895
allen park,MI,42.257540,-83.211040,27425
allendale,CA,38.444630,-121.943020,1506
allendale,MD,39.289930,-76.681540,2974
allendale,MI,42.972250,-85.953650,17579
allendale,NJ,41.041490,-74.129030,6822
allendale,SC,33.007930,-81.308440,3126
allenhurst,GA,31.784100,-81.607610,665
allenport,PA,40.373690,-77.870000,648
allenspark,CO,40.194430,-105.525550,528
allenstown,NH,43.156730,-71.404780,0
allensville,PA,40.535910,-77.816940,503
allenton,WI,43.420550,-88.340930,823
allentown,FL,30.762690,-87.042190,894
allentown,NJ,40.177890,-74.583490,1825
allentown,PA,40.608430,-75.490180,120207
allenwood,NJ,40.141500,-74.099860,925
allgood,AL,33.912040,-86.509430,628
alliance,NC,35.144890,-76.802160,749
alliance,NE,42.101630,-102.872150,8522
alliance,OH,40.915340,-81.105930,22055
allison,IA,42.752750,-92.795190,1029
allison,PA,39.988960,-79.864770,625
allison park,PA,40.559510,-79.958670,21552
allouez,WI,44.477490,-88.016210,13930
alloway,NJ,39.560950,-75.362420,1402
allston,MA,42.358430,-71.125890,28821
allston/brighton,MA,42.355690,-71.142310,4185
allyn,WA,47.385650,-122.827640,1963
alma,AR,35.477870,-94.221880,5575
alma,GA,31.539370,-82.462360,3536
alma,KS,39.016670,-96.289160,802
alma,MI,43.378920,-84.659730,9193
alma,NE,40.097510,-99.362040,1146
alma,NY,42.012570,-78.057780,847
alma,WI,44.319970,-91.914880,748
almedia,PA,41.014530,-76.381050,1078
almena,WI,45.416900,-92.032960,663
almont,MI,42.920580,-83.044930,2723
alna,ME,44.106190,-69.603660,702
aloha,OR,45.494280,-122.867050,49425
alondra park,CA,33.889460,-118.330910,8592
alorton,IL,38.589770,-90.120110,1933
alpaugh,CA,35.887730,-119.487340,1026
alpena,MI,45.061680,-83.432750,10175
alpha,IL,41.191700,-90.380130,648
alpha,NJ,40.667040,-75.157400,2303
alpharetta,GA,34.075380,-84.294090,63693
alpine,CA,32.835050,-116.766410,14236
alpine,NJ,40.955930,-73.931250,1917
alpine,TX,30.358620,-103.662060,5952
alpine,UT,40.453280,-111.777990,10235
alpine,WY,43.163530,-111.018020,850
alsip,IL,41.668920,-87.738660,19346
alstead,NH,43.148970,-72.360640,2071
alta,CA,39.206570,-120.811330,610
alta,IA,42.673590,-95.290550,1883
alta sierra,CA,35.731260,-118.553900,7047
altadena,CA,34.189730,-118.131180,42777
altamont,IL,39.061990,-88.748110,2308
altamont,KS,37.190340,-95.297190,1047
altamont,NY,42.700630,-74.033740,1720
altamont,OR,42.206810,-121.737220,19257
altamont,PA,40.786200,-76.224940,602
altamont,TN,35.429520,-85.723030,1027
altamonte springs,FL,28.661110,-81.365620,43159
altavista,VA,37.111810,-79.285580,3474
altha,FL,30.570470,-85.127140,529
altheimer,AR,34.319260,-91.847360,894
alto,CA,37.904370,-122.525530,711
alto,GA,34.467320,-83.573780,1167
alto,TX,31.650450,-95.072720,1223
alto,WI,43.676650,-88.795110,1048
alto bonito,TX,26.307570,-98.640300,569
alto bonito colonia,TX,26.304240,-98.640300,624
alton,IA,42.987490,-96.010570,1264
alton,IL,38.890600,-90.184280,27003
alton,ME,45.031450,-68.728650,848
alton,MO,36.694230,-91.399300,877
alton,NH,43.452300,-71.217570,501
alton,TX,26.287290,-98.313350,15760
alton north (historical),TX,26.295350,-98.304460,5541
altona,CO,40.133870,-105.282770,501
altona,IL,41.114760,-90.164560,511
altona,NY,44.888370,-73.655700,730
altoona,AL,34.026210,-86.326090,924
altoona,IA,41.644160,-93.464660,16984
altoona,PA,40.518680,-78.394740,45344
altoona,WI,44.804680,-91.443210,7321
alturas,CA,41.487140,-120.543490,2594
alturas,FL,27.871690,-81.715080,4185
altus,AR,35.446200,-93.762420,730
altus,OK,34.638130,-99.333980,19214
alum creek,WV,38.286000,-81.811000,1749
alum rock,CA,37.366050,-121.827180,15536
alva,FL,26.715620,-81.610080,2596
alva,OK,36.804990,-98.667180,5180
alvarado,TX,32.406530,-97.211680,4015
alvin,TX,29.423850,-95.244100,25791
alvord,TX,33.358450,-97.694750,1403
ama,LA,29.952150,-90.296470,1316
amagansett,NY,40.973710,-72.143690,1165
amalga,UT,41.861040,-111.895780,514
amanda,OH,39.649510,-82.744340,747
amarillo,TX,35.222000,-101.831300,198645
amberley,OH,39.204780,-84.428000,3591
ambler,PA,40.154550,-75.221570,6505
amboy,IL,41.714200,-89.328710,2356
amboy,MN,43.888010,-94.156630,522
amboy,WA,45.910110,-122.446490,1608
ambridge,PA,40.589230,-80.225060,6859
amelia,LA,29.666320,-91.102040,2459
amelia,OH,39.028400,-84.217710,4932
amelia court house,VA,37.342930,-77.980560,1099
amenia,NY,41.849260,-73.556790,955
american canyon,CA,38.174920,-122.260800,20554
american falls,ID,42.786020,-112.854440,4321
american fork,UT,40.376900,-111.795760,28326
americus,GA,32.072390,-84.232690,16028
americus,KS,38.506960,-96.261940,884
amery,WI,45.306910,-92.362140,2834
ames,IA,42.034710,-93.619940,65060
ames,TX,31.520990,-97.779470,1171
ames lake,WA,47.632880,-121.966230,1486
amesbury,MA,42.858420,-70.930050,18313
amesti,CA,36.963560,-121.779120,3478
amherst,MA,42.367230,-72.518520,39833
amherst,NH,42.861470,-71.625350,613
amherst,NY,42.978390,-78.799760,122366
amherst,OH,41.397820,-82.222380,12135
amherst,TX,34.010370,-102.415460,683
amherst,VA,37.585140,-79.051410,2210
amherst,WI,44.450810,-89.284840,1038
amherst center,MA,42.375370,-72.519250,19065
amidon,ND,46.482230,-103.321850,21
amite,LA,30.726570,-90.508980,4640
amity,AR,34.264820,-93.461020,702
amity,OR,45.115670,-123.207330,1641
amity gardens,PA,40.274260,-75.735190,3402
amityville,NY,40.678990,-73.417070,9486
ammon,ID,43.469640,-111.966640,14960
amory,MS,33.984280,-88.488100,7067
amsterdam,NY,42.938690,-74.188190,18008
amsterdam,OH,39.957570,-82.378210,549
anacoco,LA,31.252130,-93.341280,845
anaconda,MT,46.128540,-112.942260,9417
anacortes,WA,48.512600,-122.612670,18103
anacostia,DC,38.866500,-76.983860,11789
anadarko,OK,35.072560,-98.243660,6717
anaheim,CA,33.835290,-117.914500,350742
anahola,HI,22.142260,-159.313880,2223
anahuac,TX,29.773000,-94.682700,2324
anamosa,IA,42.108340,-91.285160,5469
anchor point,AK,59.776670,-151.831390,1930
anchorage,AK,61.218060,-149.900280,289600
anchorage,KY,38.266740,-85.533020,2420
ancient oaks,PA,40.547320,-75.589350,6661
andale,KS,37.790570,-97.629490,992
andalusia,AL,31.308080,-86.482430,9063
andalusia,IL,41.439200,-90.717640,1182
anderson,CA,40.448210,-122.297780,10217
anderson,IN,40.105320,-85.680250,55305
anderson,MO,36.650630,-94.443550,1982
anderson,SC,34.503440,-82.650130,27335
anderson,TX,30.487150,-95.986900,229
anderson mill,TX,30.454920,-97.805840,8744
andersonville,OH,39.427840,-83.009630,779
andorra,PA,40.072610,-75.231290,2619
andover,FL,25.968430,-80.212830,9877
andover,IL,41.293920,-90.292070,573
andover,KS,37.713900,-97.136430,12745
andover,MA,42.658430,-71.137000,8762
andover,ME,44.635620,-70.751180,898
andover,MN,45.233300,-93.291340,32213
andover,NH,43.437020,-71.823410,2246
andover,NJ,40.985930,-74.742110,581
andover,NY,42.156460,-77.795550,1008
andover,OH,41.606720,-80.572300,1119
andrews,FL,29.532930,-82.881690,798
andrews,IN,40.862540,-85.601650,1133
andrews,NC,35.201750,-83.824070,1752
andrews,SC,33.451280,-79.560900,2888
andrews,TX,32.318720,-102.545720,13816
andrews air force base,MD,38.805310,-76.874600,2973
aneth,UT,37.216110,-109.187060,501
angel fire,NM,36.393090,-105.285010,1122
angelica,NY,42.306730,-78.015840,838
angels camp,CA,38.068260,-120.539650,2677
angier,NC,35.507100,-78.739180,4970
angleton,TX,29.169410,-95.431880,19429
angola,IN,41.634770,-84.999410,8644
angola,NY,42.638390,-79.027820,2114
angola on the lake,NY,42.654780,-79.048930,1675
angora,PA,39.944000,-75.237680,6413
anguilla,MS,32.974020,-90.824540,666
angwin,CA,38.575740,-122.449980,3051
aniak,AK,61.578330,-159.522220,528
anita,IA,41.445260,-94.764700,956
ankeny,IA,41.729710,-93.605770,56764
anmoore,WV,39.256760,-80.292310,757
ann arbor,MI,42.277560,-83.740880,117070
anna,IL,37.460330,-89.247030,4321
anna,OH,40.394490,-84.172720,1545
anna,TX,33.349000,-96.548600,11463
anna maria,FL,27.531150,-82.733430,1669
annabella,UT,38.709140,-112.059920,800
annandale,MN,45.262740,-94.124430,3304
annandale,NJ,40.640930,-74.881280,1695
annandale,VA,38.830390,-77.196370,41008
annapolis,MD,38.978590,-76.491840,40812
annawan,IL,41.397260,-89.904550,858
annetta,TX,32.709300,-97.676140,1442
annetta north,TX,32.719300,-97.675860,573
annetta south,TX,32.668190,-97.660580,558
anniston,AL,33.659830,-85.831630,22347
annville,KY,37.319250,-83.970480,1095
annville,PA,40.329540,-76.515240,4767
anoka,MN,45.197740,-93.387180,17350
anson,ME,44.798390,-69.889220,752
anson,TX,32.756500,-99.896210,2334
ansonia,CT,41.346210,-73.079000,18854
ansonia,OH,40.214490,-84.636900,1150
ansonville,NC,35.104590,-80.109230,595
ansted,WV,38.136220,-81.099550,1397
antelope,CA,38.708240,-121.329950,45770
antelope,SD,43.303060,-100.629300,826
antelope valley-crestview,WY,44.224880,-105.474090,1658
anthem,AZ,33.860000,-112.112000,21700
anthon,IA,42.388320,-95.866680,569
anthony,KS,37.153360,-98.031170,2230
anthony,NM,32.003990,-106.605830,9293
anthony,TX,31.999270,-106.605550,5517
antigo,WI,45.140250,-89.152340,7869
antioch,CA,38.004920,-121.805790,110542
antioch,IL,42.477240,-88.095640,14329
antlers,OK,34.231210,-95.620250,2354
anton,TX,33.811200,-102.163790,1128
antonito,CO,37.079180,-106.008630,759
antrim,NH,43.030910,-71.938970,1397
antwerp,NY,44.199230,-75.606880,685
antwerp,OH,41.181440,-84.740510,1692
anza,CA,33.555030,-116.673630,3014
apache,OK,34.893680,-98.365890,1430
apache junction,AZ,33.415050,-111.549580,38074
apalachicola,FL,29.726000,-84.985600,2281
apalachin,NY,42.069520,-76.154650,1131
apex,NC,35.732650,-78.850290,45585
apison,TN,35.023960,-85.023840,2469
aplington,IA,42.584150,-92.884360,1079
apollo,PA,40.581450,-79.566430,1588
apollo beach,FL,27.773080,-82.407590,14055
apopka,FL,28.676170,-81.511860,48382
appalachia,VA,36.906760,-82.781830,1671
apple canyon lake,IL,42.420610,-90.156470,558
apple creek,OH,40.751720,-81.839300,1184
apple mountain lake,VA,38.924280,-78.101390,1396
apple valley,CA,34.500830,-117.185880,72174
apple valley,MN,44.731910,-93.217720,51221
apple valley,OH,40.438900,-82.353910,5058
apple valley,UT,37.089710,-113.124390,718
appleton,ME,44.289240,-69.250880,1321
appleton,MN,45.196910,-96.019770,1341
appleton,WI,44.261930,-88.415380,74139
appleton city,MO,38.190580,-94.029390,1092
applewood,CO,39.757780,-105.162500,7160
appling,GA,33.546080,-82.317300,0
appomattox,VA,37.357090,-78.825290,1759
aptos,CA,36.977170,-121.899400,6220
aptos hills-larkin valley,CA,36.960640,-121.834040,2381
aquasco,MD,38.585120,-76.724970,981
aquebogue,NY,40.944540,-72.627040,2438
aquia harbour,VA,38.462620,-77.388870,6727
arab,AL,34.318150,-86.495820,8295
arabi,GA,31.831570,-83.737950,563
arabi,LA,29.954370,-90.005350,3635
aragon,GA,34.045650,-85.056060,1243
aransas pass,TX,27.909470,-97.149990,8530
arapaho,OK,35.577830,-98.964530,826
arapahoe,NC,35.025720,-76.825490,538
arapahoe,NE,40.304170,-99.900400,1010
arapahoe,WY,42.962180,-108.489830,1656
arbon valley,ID,42.884730,-112.594240,599
arbuckle,CA,39.017400,-122.057750,3028
arbutus,MD,39.254550,-76.699970,20483
arcade,GA,34.077890,-83.561550,1799
arcade,NY,42.533950,-78.423070,1986
arcadia,CA,34.139730,-118.035340,58408
arcadia,FL,27.215880,-81.858420,7851
arcadia,IN,40.175870,-86.021650,1666
arcadia,LA,32.549040,-92.920160,2861
arcadia,MD,39.333850,-76.567740,1077
arcadia,MO,37.588110,-90.629010,575
arcadia,OH,41.108390,-83.516870,584
arcadia,SC,34.958180,-81.990660,2634
arcadia,WI,44.252740,-91.501540,2991
arcadia lakes,SC,34.053770,-80.961200,869
arcanum,OH,39.990050,-84.553290,2087
arcata,CA,40.866520,-124.082840,17843
archbald,PA,41.494800,-75.536850,6960
archbold,OH,41.521440,-84.307170,4341
archdale,NC,35.914580,-79.971980,11564
archer,FL,29.529970,-82.519000,1173
archer city,TX,33.595660,-98.625610,1754
archer lodge,NC,35.694040,-78.375560,4708
archie,MO,38.481680,-94.354390,1201
arco,ID,43.636570,-113.300280,857
arcola,IL,39.684760,-88.306440,2884
arcola,TX,29.496070,-95.465780,1668
arden hills,MN,45.050240,-93.156610,9951
arden on the severn,MD,39.065940,-76.578850,1953
arden-arcade,CA,38.602500,-121.378540,92186
ardmore,OK,34.174260,-97.143630,25176
ardmore,PA,40.006780,-75.285460,12455
ardmore,TN,34.992030,-86.846670,1213
ardsley,NY,41.010650,-73.843750,4638
arena,WI,43.165550,-89.912900,828
arenas valley,NM,32.793960,-108.184210,1522
arendtsville,PA,39.923150,-77.298600,961
argenta,IL,39.981980,-88.822850,912
argentine,MI,42.791420,-83.846340,2525
argo,AL,33.687780,-86.500510,4071
argos,IN,41.237800,-86.214650,1691
argyle,MN,48.332760,-96.820890,642
argyle,TX,33.121230,-97.183350,3905
argyle,WI,42.701120,-89.867070,848
arial,SC,34.845950,-82.641520,2543
aristocrat ranchettes,CO,40.109150,-104.762470,1344
ariton,AL,31.600170,-85.718830,746
arivaca,AZ,31.574810,-111.332320,695
arivaca junction,AZ,31.727310,-111.061200,1090
arizona city,AZ,32.755890,-111.670960,10475
arizona village,AZ,34.853060,-114.584410,946
arkadelphia,AR,34.120930,-93.053780,10745
arkansas city,AR,33.608720,-91.206780,327
arkansas city,KS,37.061970,-97.038370,12136
arkoma,OK,35.354540,-94.434100,1925
arkport,NY,42.394510,-77.696660,822
arlee,MT,47.161870,-114.085110,636
arlington,GA,31.439900,-84.724920,1406
arlington,MA,42.415370,-71.156440,42844
arlington,MD,39.348570,-76.683240,3065
arlington,MN,44.608300,-94.080530,2169
arlington,NC,36.227360,-80.833400,781
arlington,NE,41.452500,-96.351130,1246
arlington,NY,41.695930,-73.896800,4061
arlington,OH,40.893660,-83.650210,1453
arlington,OR,45.716800,-120.200880,583
arlington,SD,44.364410,-97.133120,883
arlington,TN,35.296200,-89.661470,11625
arlington,TX,32.735690,-97.108070,388125
arlington,VA,38.881010,-77.104280,207627
arlington,VT,43.074800,-73.154000,1213
arlington,WA,48.198710,-122.125140,18949
arlington,WI,43.338040,-89.380400,812
arlington heights,IL,42.088360,-87.980630,75926
arlington heights,OH,39.215060,-84.455500,740
arlington heights,PA,40.990090,-75.216290,6333
arlington heights,WA,48.202050,-122.062080,2284
arma,KS,37.543940,-94.700240,1451
armada,MI,42.844200,-82.884370,1744
armistead gardens,MD,39.301770,-76.549410,3779
armona,CA,36.315780,-119.708460,4156
armonk,NY,41.126480,-73.714020,4330
armour,SD,43.318600,-98.346750,686
armstrong,IA,43.396070,-94.478310,889
arnaudville,LA,30.397700,-91.931510,1069
arnett,OK,36.135040,-99.774840,532
arnold,CA,38.255470,-120.351030,3843
arnold,MD,39.032060,-76.502740,23106
arnold,MN,46.880220,-92.090470,2960
arnold,MO,38.432830,-90.377620,21357
arnold,NE,41.422500,-100.193460,580
arnold,PA,40.580070,-79.766720,4988
arnold line,MS,31.335170,-89.373400,1719
arnolds park,IA,43.372740,-95.123880,1234
aroma park,IL,41.079750,-87.811430,712
aromas,CA,36.888560,-121.643000,2650
arp,TX,32.225430,-95.057720,996
arrington,VA,37.684030,-78.901130,708
arrochar,NY,40.598440,-74.072640,13010
arroyo colorado estates colonia,TX,26.189240,-97.608320,997
arroyo grande,CA,35.118590,-120.590730,18108
arroyo seco,NM,36.516690,-105.569180,1785
artemus,KY,36.833420,-83.841590,590
artesia,CA,33.865850,-118.083120,16961
artesia,NM,32.842330,-104.403300,12036
arthur,IL,39.714760,-88.472280,2288
arthur,NE,41.571650,-101.691560,117
artondale,WA,47.299540,-122.620690,12653
arundel,ME,43.382590,-70.477830,3571
arvada,CO,39.802760,-105.087480,115368
arverne,NY,40.591220,-73.795970,14120
arvin,CA,35.209130,-118.828430,20876
asbury,IA,42.514450,-90.751520,5291
asbury lake,FL,30.049130,-81.821490,8700
asbury park,NJ,40.220390,-74.012080,15818
ascutney,VT,43.407020,-72.407030,540
ash flat,AR,36.223960,-91.608480,1064
ash grove,MO,37.315330,-93.585200,1466
asharoken,NY,40.927880,-73.359840,654
ashaway,RI,41.423430,-71.785620,1485
ashburn,GA,31.706010,-83.653220,3820
ashburn,IL,41.747530,-87.711160,42752
ashburn,VA,39.043720,-77.487490,43511
ashburnham,MA,42.636200,-71.907850,5643
ashburton,MD,39.328230,-76.671700,2243
ashby,MA,42.677870,-71.820350,2895
ashdown,AR,33.674290,-94.131310,4479
asheboro,NC,35.707910,-79.813640,26103
asherton,TX,28.441930,-99.760330,1084
asheville,NC,35.600950,-82.554020,95056
ashfield,MA,42.526470,-72.788430,1831
ashford,AL,31.182960,-85.236320,2158
ashford,WI,43.586940,-88.370660,1725
ashkum,IL,40.880310,-87.955040,737
ashland,AL,33.273730,-85.836070,1983
ashland,CA,37.694650,-122.113850,21925
ashland,IL,39.887830,-90.007890,1256
ashland,KS,37.188640,-99.765680,816
ashland,KY,38.478410,-82.637940,21108
ashland,MA,42.261210,-71.463400,15802
ashland,ME,46.631150,-68.406150,709
ashland,MO,38.774480,-92.257130,3865
ashland,MS,34.832870,-89.175900,538
ashland,MT,45.594440,-106.270850,824
ashland,NE,41.039160,-96.368350,2558
ashland,NH,43.695350,-71.630630,1244
ashland,NJ,39.863170,-75.006000,8302
ashland,OH,40.868670,-82.318220,20317
ashland,OR,42.194580,-122.709480,20861
ashland,PA,40.781750,-76.345780,2734
ashland,VA,37.759030,-77.479980,7503
ashland,WI,46.592440,-90.883800,8040
ashland city,TN,36.274220,-87.064170,4649
ashland heights,SD,44.129710,-103.125180,754
ashley,IL,38.329490,-89.190910,507
ashley,IN,41.526200,-85.066780,985
ashley,MI,43.186700,-84.474430,555
ashley,ND,46.034140,-99.371500,726
ashley,OH,40.408950,-82.955460,1361
ashley,PA,41.210360,-75.896590,2726
ashmont,MA,42.283430,-71.068940,30000
ashmore,IL,39.533090,-88.022260,766
ashtabula,OH,41.865050,-80.789810,18371
ashton,ID,44.071580,-111.448290,1051
ashton,IL,41.866140,-89.221210,916
ashton-sandy spring,MD,39.149760,-77.005040,5628
ashville,AL,33.837040,-86.254420,2256
ashville,OH,39.715620,-82.952960,4190
ashwaubenon,WI,44.482210,-88.070100,17176
asotin,WA,46.339330,-117.048210,1282
aspen,CO,39.191100,-106.817540,6882
aspen hill,MD,39.079550,-77.073030,48759
aspen park,CO,39.539160,-105.294710,882
aspermont,TX,33.133430,-100.227330,868
aspinwall,PA,40.491460,-79.904770,2763
assonet,MA,41.795940,-71.067820,4084
assumption,IL,39.520320,-89.048970,1116
astatula,FL,28.709720,-81.732850,1917
astor,FL,29.162480,-81.525350,1556
astoria,IL,40.227540,-90.359570,1086
astoria,NY,40.772050,-73.930140,150165
astoria,OR,46.187880,-123.831250,9626
atascadero,CA,35.489420,-120.670730,29819
atascocita,TX,29.998830,-95.176600,65844
atchison,KS,39.563050,-95.121640,10712
atco,NJ,39.769840,-74.887390,12350
atglen,PA,39.949270,-75.973560,1408
athena,OR,45.811800,-118.490530,1140
athens,AL,34.802430,-86.972190,24966
athens,GA,33.960950,-83.377940,127315
athens,IL,39.960880,-89.723990,1938
athens,ME,44.923110,-69.672830,881
athens,MI,42.088660,-85.234710,1007
athens,NY,42.260360,-73.809570,1617
athens,OH,39.329240,-82.101260,25044
athens,PA,41.957300,-76.518000,3255
athens,TN,35.442850,-84.592990,13688
athens,TX,32.204870,-95.855520,12788
athens,WI,45.033020,-90.074020,1096
athens,WV,37.422340,-81.016200,951
atherton,CA,37.461330,-122.197740,7167
athol,ID,47.947960,-116.707970,696
athol,MA,42.595920,-72.226750,8265
athol,NY,43.492570,-73.842900,737
atkins,AR,35.246470,-92.936560,3051
atkins,IA,41.996940,-91.862130,1795
atkins,VA,36.867340,-81.423440,1143
atkinson,IL,41.420870,-90.015110,948
atkinson,NE,42.531390,-98.978150,1241
atkinson,NH,42.838420,-71.147000,6782
atlanta,GA,33.749000,-84.387980,510823
atlanta,IL,40.259480,-89.233420,1648
atlanta,IN,40.215320,-86.026370,735
atlanta,MI,45.004730,-84.143890,827
atlanta,TX,33.113740,-94.164350,5605
atlantic,IA,41.403600,-95.013880,6833
atlantic,NC,34.884890,-76.340470,543
atlantic,VA,37.900680,-75.507700,862
atlantic beach,FL,30.334410,-81.398700,13193
atlantic beach,NC,34.699050,-76.740210,1502
atlantic beach,NY,40.588990,-73.729020,1914
atlantic city,NJ,39.364150,-74.423060,39260
atlantic highlands,NJ,40.407890,-74.034310,4311
atlantic mine,MI,47.097150,-88.627620,2082
atlantis,FL,26.590900,-80.100880,2106
atlas,PA,40.799810,-76.427730,809
atmore,AL,31.023790,-87.493870,10049
atoka,NM,32.769560,-104.388850,1077
atoka,OK,34.385930,-96.128330,3065
atoka,TN,35.441190,-89.778140,9064
attalla,AL,34.021760,-86.088590,5899
attica,IN,40.294200,-87.248900,3117
attica,KS,37.241410,-98.226740,591
attica,MI,43.030310,-83.166050,994
attica,NY,42.864230,-78.280290,2470
attica,OH,41.064780,-82.887690,879
attleboro,MA,41.944540,-71.285610,44284
atwater,CA,37.347720,-120.609080,29237
atwater,MN,45.138850,-94.778060,1124
atwater,OH,41.023950,-81.163430,758
atwater village,CA,34.116400,-118.256460,15455
atwood,IL,39.799480,-88.462280,1191
atwood,KS,39.806670,-101.042100,1187
atwood,TN,35.973120,-88.678110,918
au gres,MI,44.048630,-83.695820,859
au sable,MI,44.410850,-83.332190,1404
au sable forks,NY,44.441710,-73.674580,559
auberry,CA,37.080780,-119.485410,2369
aubrey,TX,33.304280,-96.986120,3352
auburn,AL,32.609860,-85.480780,62059
auburn,CA,38.896570,-121.076890,13776
auburn,GA,34.013720,-83.827680,7524
auburn,IL,39.591720,-89.746490,4793
auburn,IN,41.366990,-85.058860,12979
auburn,KS,38.906110,-95.816100,1218
auburn,KY,36.864210,-86.710270,1352
auburn,MA,42.194540,-71.835630,16724
auburn,ME,44.097850,-70.231170,22871
auburn,MI,43.603360,-84.069700,2113
auburn,NE,40.392780,-95.838890,3339
auburn,NH,43.004530,-71.348400,5089
auburn,NY,42.931730,-76.566050,26985
auburn,PA,40.598420,-76.093270,722
auburn,WA,47.307320,-122.228450,77006
auburn gresham,IL,41.741790,-87.653220,45842
auburn hills,MI,42.687530,-83.234100,22672
auburn lake trails,CA,38.914340,-120.952440,3426
auburndale,FL,28.065300,-81.788690,15035
auburndale,MA,42.347320,-71.249500,6928
auburndale,WI,44.626910,-90.007630,673
audubon,IA,41.718040,-94.932490,2017
audubon,MN,46.863290,-95.981720,510
audubon,NJ,39.890950,-75.072950,8730
audubon,PA,40.127880,-75.431850,8433
audubon park,KY,38.203960,-85.725240,1508
audubon park,NJ,39.896500,-75.087670,1011
august,CA,37.978810,-121.262170,8390
augusta,AR,35.282310,-91.365410,2051
augusta,GA,33.470970,-81.974840,43459
augusta,IL,40.230050,-90.950130,566
augusta,KS,37.686680,-96.976700,9299
augusta,KY,38.771740,-84.005760,1163
augusta,ME,44.310620,-69.779490,18899
augusta,MI,42.336430,-85.352220,904
augusta,NY,42.974790,-75.501290,2041
augusta,WI,44.680240,-91.119880,1532
augusta,WV,39.295380,-78.637790,5734
aulander,NC,36.229600,-77.114130,834
ault,CO,40.582480,-104.731910,1622
ault field,WA,48.338120,-122.674410,1541
aumsville,OR,44.840950,-122.870920,4013
aurelia,IA,42.712760,-95.436670,992
aurora,CO,39.729430,-104.831920,359407
aurora,IL,41.760580,-88.320070,200661
aurora,IN,39.057000,-84.901340,3701
aurora,MN,47.529930,-92.237120,1666
aurora,MO,36.970890,-93.717980,7477
aurora,NC,35.305450,-76.788540,522
aurora,NE,40.867230,-98.004220,4496
aurora,NY,42.753960,-76.702450,718
aurora,OH,41.317550,-81.345390,15838
aurora,OR,45.230950,-122.755930,979
aurora,SD,44.284130,-96.685610,650
aurora,TX,33.060680,-97.503360,1307
aurora,UT,38.922190,-111.934090,1029
austell,GA,33.812610,-84.634380,7107
austin,AR,34.998420,-91.983760,3383
austin,IN,38.758390,-85.808030,4295
austin,MN,43.666630,-92.974640,24563
austin,PA,41.631180,-78.091390,550
austin,TX,30.267150,-97.743060,974447
austinburg,OH,41.772000,-80.854530,516
austintown,OH,41.101720,-80.764520,29677
autaugaville,AL,32.434020,-86.654700,859
auxier,KY,37.737040,-82.758210,669
auxvasse,MO,39.018100,-91.897120,985
ava,IL,37.888380,-89.494820,637
ava,MO,36.952000,-92.660450,2934
avalon,CA,33.342810,-118.327850,3799
avalon,NJ,39.101220,-74.717660,1283
avalon,PA,40.500900,-80.067560,4642
ave maria,FL,26.336670,-81.438060,6242
avella,PA,40.275070,-80.460620,804
avenal,CA,36.004120,-120.129030,13301
avenel,NJ,40.580380,-74.285150,17011
aventura,FL,25.956480,-80.139210,37649
avenue b and c,AZ,32.719040,-114.660050,4176
averill park,NY,42.633970,-73.553730,1693
avery,CA,38.204360,-120.369920,646
avery creek,NC,35.463450,-82.582620,1950
avila beach,CA,35.179980,-120.731840,1627
avilla,AR,34.682590,-92.585160,896
avilla,IN,41.365880,-85.238860,2413
avis,PA,41.184790,-77.313860,1508
aviston,IL,38.606720,-89.607590,2084
avoca,AR,36.402020,-94.070760,512
avoca,IA,41.476660,-95.338050,1504
avoca,IN,38.911990,-86.547770,583
avoca,MI,43.061970,-82.691040,1200
avoca,NY,42.409510,-77.421370,922
avoca,PA,41.339800,-75.736300,2661
avoca,WI,43.181930,-90.324570,627
avocado heights,CA,34.036120,-117.991180,15411
avon,AL,31.189340,-85.286040,530
avon,CO,39.631370,-106.522250,6505
avon,CT,41.809820,-72.830650,18932
avon,IL,40.664210,-90.434850,757
avon,IN,39.762820,-86.399720,16451
avon,MA,42.130660,-71.041160,4521
avon,ME,44.806170,-70.271180,524
avon,MN,45.609130,-94.451670,1466
avon,NC,35.352120,-75.510430,776
avon,NY,42.912010,-77.745560,3319
avon,OH,41.451710,-82.035420,22544
avon,PA,40.345650,-76.389960,1667
avon,SD,43.005000,-98.059800,571
avon center,OH,41.459760,-82.019590,15724
avon lake,OH,41.505320,-82.028200,23453
avon park,FL,27.595870,-81.506190,10086
avon-by-the-sea,NJ,40.192340,-74.015970,1794
avondale,AZ,33.435600,-112.349600,80684
avondale,CO,38.237500,-104.351080,674
avondale,IL,41.938920,-87.711170,39721
avondale,LA,29.912980,-90.203690,4954
avondale,PA,39.823440,-75.783270,1399
avondale estates,GA,33.771490,-84.267140,3139
avonia,PA,42.045610,-80.269790,1205
avonmore,PA,40.528950,-79.461430,982
avra valley,AZ,32.437850,-111.315390,6050
awendaw,SC,33.037670,-79.613130,1371
axis,AL,30.929910,-88.027220,757
axtell,NE,40.478350,-99.126760,736
ayden,NC,35.472660,-77.415520,5053
ayer,MA,42.561200,-71.589790,2868
aynor,SC,33.999890,-79.199490,667
azalea park,FL,28.541110,-81.300620,12556
azle,TX,32.895130,-97.545860,11693
aztalan,WI,43.072780,-88.862330,1485
aztec,NM,36.822230,-107.992850,6147
azusa,CA,34.133620,-117.907560,49690
b and e colonia,TX,26.356460,-98.754190,518
babbie,AL,31.279610,-86.325510,606
babbitt,MN,47.708530,-91.944600,1519
babson park,FL,27.831970,-81.522300,1356
babylon,NY,40.695660,-73.325680,12161
back bay,MA,42.350100,-71.087000,17577
back mountain,PA,41.335910,-75.996310,26973
back of the hill,MA,42.329260,-71.111020,6272
bacliff,TX,29.506900,-94.992430,8619
baconton,GA,31.379620,-84.161020,871
bad axe,MI,43.801960,-83.000780,3011
baden,MD,38.659280,-76.777750,2128
baden,PA,40.635070,-80.228120,4037
badger,AK,64.800000,-147.533330,19482
badger,IA,42.614410,-94.146070,550
badin,NC,35.405970,-80.116720,1981
bagdad,AZ,34.581130,-113.204640,1876
bagdad,FL,30.598800,-87.032230,3761
bagley,MN,47.521620,-95.398350,1394
baidland,PA,40.194790,-79.970880,1563
bailey,CO,39.405540,-105.473330,8042
bailey,NC,35.780710,-78.118880,565
bailey prairie,TX,29.151910,-95.508830,727
baileys crossroads,VA,38.850390,-77.129700,23643
baileyton,AL,34.262320,-86.612770,625
bainbridge,GA,30.903800,-84.575470,12507
bainbridge,IN,39.761160,-86.811950,742
bainbridge,NY,42.293410,-75.479350,1325
bainbridge,OH,41.386440,-81.339550,3267
bainbridge,PA,40.090930,-76.667470,1355
bainbridge island,WA,47.626210,-122.521240,23840
baird,TX,32.394020,-99.394240,1483
bairdford,PA,40.631180,-79.881440,698
baiting hollow,NY,40.956210,-72.744270,1642
baker,CA,35.264980,-116.074460,735
baker,LA,30.588240,-91.168160,13695
baker,MT,46.366950,-104.284660,2011
baker city,OR,44.774870,-117.834380,9752
bakersfield,CA,35.373290,-119.018710,373640
bakerstown,PA,40.650900,-79.936440,1761
bakersville,NC,36.015670,-82.158740,452
bal harbour,FL,25.891760,-80.126990,2877
bala cynwyd,PA,40.007610,-75.234070,9299
balaton,MN,44.233300,-95.872240,624
balch springs,TX,32.728740,-96.622770,25210
balcones heights,TX,29.488010,-98.551690,3254
bald knob,AR,35.309810,-91.567910,2908
baldwin,FL,30.302740,-81.975390,1453
baldwin,GA,34.491770,-83.537390,3286
baldwin,LA,29.837980,-91.544280,2345
baldwin,MI,43.901120,-85.851730,1159
baldwin,ND,47.026660,-100.749570,545
baldwin,NY,40.656490,-73.609300,24033
baldwin,PA,40.338130,-79.978940,19819
baldwin,WI,44.966630,-92.374360,3972
baldwin city,KS,38.775010,-95.186360,4669
baldwin harbor,NY,40.639550,-73.608460,8102
baldwin park,CA,34.085290,-117.960900,77071
baldwinsville,NY,43.158680,-76.332710,7770
baldwinville,MA,42.608420,-72.075910,2028
baldwyn,MS,34.509540,-88.635330,3339
balfour,NC,35.346510,-82.472060,1187
ball,LA,31.415460,-92.411800,3990
ball ground,GA,34.338150,-84.376590,1720
ballard,UT,40.289400,-109.943200,1106
ballenger creek,MD,39.372600,-77.435260,18274
ballinger,TX,31.738210,-99.947310,3767
ballplay,AL,34.058710,-85.808020,1580
ballston lake,NY,42.911740,-73.868180,9776
ballston spa,NY,43.000910,-73.849010,5375
ballville,OH,41.327830,-83.132140,2976
ballwin,MO,38.595050,-90.546230,30577
bally,PA,40.402320,-75.587130,1103
balm,FL,27.759470,-82.261200,1457
balmorhea,TX,30.984310,-103.744630,523
balmville,NY,41.534820,-74.014860,3178
balsam lake,WI,45.452180,-92.454640,991
baltic,CT,41.617040,-72.084520,1250
baltic,OH,40.440070,-81.699020,789
baltic,SD,43.761360,-96.740330,1132
baltimore,MD,39.290380,-76.612190,585708
baltimore,OH,39.845340,-82.600720,2970
baltimore highlands,MD,39.233160,-76.636630,7019
bamberg,SC,33.297100,-81.034820,3383
bancroft,IA,43.292740,-94.218020,710
bancroft,KY,38.283130,-85.611630,508
bancroft,MI,42.878640,-84.063850,522
bancroft,WI,44.309690,-89.513730,535
bancroft,WV,38.509530,-81.839850,592
bandera,TX,29.726610,-99.073650,877
bandon,OR,43.119000,-124.408450,3115
bangor,CA,39.388500,-121.405240,646
bangor,ME,44.798840,-68.772650,32391
bangor,MI,42.312540,-86.113080,1850
bangor,PA,40.865650,-75.206570,5203
bangor,WI,43.893020,-90.990410,1492
bangor trident base,WA,47.722740,-122.714460,6054
bangs,TX,31.717100,-99.132550,1581
banks,OR,45.618720,-123.114280,1934
banks springs,LA,32.082100,-92.092910,1192
banner elk,NC,36.163180,-81.871500,1138
banner hill,TN,36.130660,-82.424580,1497
banning,CA,33.925570,-116.876410,30945
bannockburn,IL,42.193360,-87.866460,1571
banquete,TX,27.806140,-97.796110,726
bantam,CT,41.724540,-73.236230,735
bar harbor,ME,44.387580,-68.203900,2552
bar nunn,WY,42.913580,-106.343360,2820
baraboo,WI,43.471090,-89.744290,12155
baraga,MI,46.778540,-88.489020,1996
barataria,LA,29.723270,-90.123690,1109
barbers point housing,HI,21.321320,-158.080910,2364
barberton,OH,41.012830,-81.605120,26234
barberton,WA,45.693170,-122.598990,5661
barbourmeade,KY,38.297290,-85.603290,1258
barboursville,WV,38.409530,-82.294590,4069
barbourville,KY,36.866480,-83.888810,3174
barclay,MD,39.314720,-76.612330,2692
bardonia,NY,41.109540,-73.996250,4108
bardstown,KY,37.809230,-85.466900,13091
bardwell,KY,36.870610,-89.009790,694
bardwell,TX,32.269040,-96.696100,675
bargersville,IN,39.520880,-86.167770,6846
barker,NY,43.330060,-78.554750,512
barker heights,NC,35.311230,-82.444010,1254
barker ten mile,NC,34.679890,-78.988640,952
barkhamsted,CT,41.929260,-72.913990,3647
barling,AR,35.325650,-94.301600,4740
barlow,KY,37.051720,-89.046730,672
barnegat,NJ,39.753180,-74.222920,2817
barnegat light,NJ,39.757620,-74.106250,576
barnes lake-millers lake,MI,43.179560,-83.312300,1093
barnesboro,PA,40.662570,-78.780030,2534
barnesville,GA,33.054570,-84.155750,6625
barnesville,MN,46.652180,-96.419790,2577
barnesville,OH,39.988130,-81.176500,4125
barneveld,WI,43.015550,-89.895400,1232
barnhart,MO,38.344220,-90.393450,5682
barnsdall,OK,36.562020,-96.161670,1209
barnstable,MA,41.700110,-70.299470,47821
barnstead,NH,43.333970,-71.292840,4572
barnum,MN,46.503000,-92.688530,598
barnum island,NY,40.604550,-73.644020,2414
barnwell,SC,33.244870,-81.358720,4592
baroda,MI,41.957540,-86.485570,850
barracks row,DC,38.881280,-76.995000,14080
barrackville,WV,39.503700,-80.166750,1321
barre,MA,42.422870,-72.105080,1009
barre,VT,44.197010,-72.502050,8746
barrett,TX,29.879950,-95.062980,3199
barrington,IL,42.153910,-88.136190,10353
barrington,NH,43.222860,-71.047010,8417
barrington,NJ,39.864840,-75.055170,6817
barrington,RI,41.740660,-71.308660,16669
barrington hills,IL,42.144750,-88.155630,4251
barron,WI,45.401350,-91.849060,3322
barry,IL,39.694210,-91.039020,1274
barry farms,DC,38.860000,-76.999000,4129
barryville,NY,41.477590,-74.911000,1289
barstow,CA,34.898590,-117.022820,23692
barstow heights,CA,34.869710,-117.056150,24202
bartelso,IL,38.536440,-89.466470,601
bartlesville,OK,36.747310,-95.980820,36595
bartlett,IL,41.995030,-88.185630,41545
bartlett,NE,41.885290,-98.552300,109
bartlett,TN,35.204530,-89.873980,58579
bartlett,TX,30.794910,-97.425560,2761
barton,VT,44.748100,-72.176210,700
barton,WI,43.443610,-88.180650,2615
barton creek,TX,30.285210,-97.869170,3077
bartonsville,MD,39.392600,-77.358040,1451
bartonville,IL,40.650320,-89.652050,6382
bartonville,TX,33.073180,-97.131680,1680
bartow,FL,27.896410,-81.843140,18972
bartram village,PA,39.930300,-75.216900,2564
barview,OR,43.354280,-124.313170,1844
basalt,CO,39.368870,-107.032820,3891
basehor,KS,39.141670,-94.938580,5402
basile,LA,30.485200,-92.595970,1816
basin,WY,44.379960,-108.038990,1305
basin city,WA,46.594030,-119.152230,1092
basking ridge,NJ,40.706210,-74.549320,21424
bass lake,CA,37.324670,-119.566250,527
bass lake,IN,41.207260,-86.601960,1195
bassett,NE,42.585830,-99.537890,557
bassett,VA,36.759300,-79.990320,1100
bastrop,LA,32.778280,-91.911440,10713
bastrop,TX,30.110490,-97.315270,8231
basye,VA,38.807060,-78.792240,1253
batavia,IA,40.994180,-92.167400,516
batavia,IL,41.850030,-88.312570,26495
batavia,NY,42.998120,-78.187520,15010
batavia,OH,39.077010,-84.176880,1648
batchelor,LA,30.840460,-91.661510,2389
batesburg,SC,33.907920,-81.547330,4380
batesburg-leesville,SC,33.910140,-81.537330,5441
batesville,AR,35.769800,-91.640970,10668
batesville,IN,39.300050,-85.222180,6611
batesville,MS,34.311500,-89.944260,7385
batesville,TX,28.951080,-99.617830,1068
bath,ME,43.910640,-69.820600,8305
bath,MI,42.818640,-84.448590,2083
bath,NH,44.167010,-71.966200,951
bath,NY,42.337020,-77.317760,5635
bath,PA,40.725650,-75.394070,2667
bath beach,NY,40.604550,-74.004310,33080
baton rouge,LA,30.443320,-91.187470,227470
battery park city,NY,40.711490,-74.016250,7422
battle creek,IA,42.315540,-95.598610,695
battle creek,MI,42.317300,-85.178160,51589
battle creek,NE,41.999450,-97.598390,1193
battle ground,IN,40.508370,-86.841680,1474
battle ground,WA,45.780950,-122.533430,19407
battle lake,MN,46.280520,-95.713660,880
battle mountain,NV,40.642130,-116.934270,3635
battleboro,NC,36.049040,-77.749140,527
battlefield,MO,37.115610,-93.370190,6001
battlement mesa,CO,39.441370,-108.025070,4471
baudette,MN,48.712470,-94.599930,1063
bawcomville,LA,32.470420,-92.167360,3588
baxley,GA,31.778250,-82.348460,4440
baxter,IA,41.826100,-93.151590,1103
baxter,MN,46.343300,-94.286670,7934
baxter,TN,36.153670,-85.643590,1384
baxter estates,NY,40.834820,-73.695410,1012
baxter springs,KS,37.023680,-94.735500,4028
bay,AR,35.742300,-90.562330,1813
bay city,MI,43.594470,-83.888860,33917
bay city,OR,45.522600,-123.889300,1332
bay city,TX,28.982760,-95.969400,17598
bay harbor,MI,45.364130,-85.082080,5749
bay harbor islands,FL,25.887590,-80.131160,6036
bay head,NJ,40.071780,-74.054300,972
bay hill,FL,28.468060,-81.516180,4884
bay minette,AL,30.882960,-87.773050,9118
bay park,NY,40.633160,-73.670410,2212
bay pines,FL,27.814190,-82.778160,2931
bay point,CA,38.029090,-121.961630,21534
bay saint louis,MS,30.308810,-89.330050,9260
bay shore,MI,45.358340,-85.097280,754
bay shore,NY,40.725100,-73.245390,26337
bay springs,MS,31.979040,-89.287280,1738
bay view,OH,41.432550,-82.960470,660
bay view,WA,48.483720,-122.477670,696
bay village,OH,41.484770,-81.922080,15402
bay wood,NY,40.750100,-73.291230,7350
bayard,NE,41.754970,-103.324100,1148
bayard,NM,32.761740,-108.130600,2264
bayboro,NC,35.142940,-76.770210,1243
baychester,NY,40.869280,-73.836450,16274
bayfield,CO,37.225560,-107.598110,2567
bayonet point,FL,28.326670,-82.683430,23467
bayonne,NJ,40.668710,-74.114310,66311
bayou boeuf,LA,29.869370,-90.596750,14195
bayou cane,LA,29.624100,-90.751200,19355
bayou gauche,LA,29.787430,-90.413140,2071
bayou goula,LA,30.209920,-91.168990,612
bayou la batre,AL,30.403520,-88.248520,2621
bayou vista,LA,29.689650,-91.270940,4652
bayou vista,TX,29.326350,-94.938530,1592
bayport,MN,45.021360,-92.781040,3714
bayport,NY,40.738430,-73.050670,8896
bayshore,NC,34.289610,-77.787480,3393
bayshore gardens,FL,27.425320,-82.590380,16323
bayside,CA,40.842350,-124.063670,17132
bayside,NY,40.768440,-73.777080,66455
bayside,WI,43.180560,-87.900640,4419
bayside gardens,OR,45.713720,-123.915130,880
baytown,TX,29.735500,-94.977430,76335
bayview,CA,40.772630,-124.183950,2510
bayview,MD,39.288950,-76.541630,2874
bayview-hunters point,CA,37.728550,-122.381070,34835
bayville,NJ,39.909290,-74.154860,20512
bayville,NY,40.910650,-73.562070,6764
beach,ND,46.918070,-104.004370,1115
beach city,OH,40.653120,-81.580960,1011
beach city,TX,29.662170,-94.889920,2566
beach haven,NJ,39.559280,-74.243200,1172
beach haven west,NJ,39.669840,-74.231810,3896
beach park,IL,42.422240,-87.857300,13976
beachwood,NJ,39.939010,-74.192920,11214
beachwood,OH,41.464500,-81.508730,11762
beacon,NY,41.504820,-73.969580,14347
beacon hill,MA,42.358710,-71.067830,9305
beacon square,FL,28.208620,-82.755380,7224
beaconsfield,MA,42.336760,-71.141160,7199
beale air force base,CA,39.109170,-121.354440,1319
bealeton,VA,38.571790,-77.763880,4435
beals,ME,44.519800,-67.614990,643
bean station,TN,36.343700,-83.284060,3104
bear,DE,39.629280,-75.658260,19371
bear creek,AK,60.164170,-149.395000,1956
bear creek,AL,34.274820,-87.700580,1047
bear river,WY,41.384110,-111.026300,518
bear river city,UT,41.614650,-112.126620,852
bear rocks,PA,40.122850,-79.461700,1048
bear valley springs,CA,35.159130,-118.628420,5172
bearden,AR,33.724550,-92.615710,897
beardstown,IL,40.017550,-90.424290,5738
beasley,TX,29.497460,-95.918010,665
beatrice,NE,40.268060,-96.746970,12388
beatty,NV,36.908560,-116.759230,1010
beattystown,NJ,40.813150,-74.842940,4554
beattyville,KY,37.571750,-83.706860,1244
beaufort,NC,34.718400,-76.661610,4212
beaufort,SC,32.431700,-80.669930,13306
beaumont,CA,33.929460,-116.977250,43811
beaumont,MS,31.169350,-88.920040,942
beaumont,TX,30.086050,-94.101850,115282
beaver,OK,36.816140,-100.519870,1454
beaver,PA,40.695340,-80.304780,4420
beaver,UT,38.276910,-112.641050,3007
beaver,WV,37.747810,-81.143520,1308
beaver city,NE,40.137510,-99.829560,591
beaver dam,AZ,36.899420,-113.932740,1962
beaver dam,KY,37.401990,-86.875830,3618
beaver dam,WI,43.457770,-88.837330,16564
beaver dam lake,NY,41.447430,-74.114630,2242
beaver falls,PA,40.752010,-80.319230,8661
beaver meadows,PA,40.928140,-75.914640,842
beaver springs,PA,40.746190,-77.209430,674
beavercreek,OH,39.709230,-84.063270,46277
beavercreek,OR,45.287900,-122.535640,4485
beaverdale,IA,40.846700,-91.208480,952
beaverdale,PA,40.322020,-78.696960,1035
beaverdam lake-salisbury mills,NY,41.441620,-74.116290,2242
beaverton,MI,43.882250,-84.484730,1049
beaverton,OR,45.487060,-122.803710,96577
beavertown,PA,40.753690,-77.169430,973
bechtelsville,PA,40.373430,-75.629080,941
beckemeyer,IL,38.605600,-89.435920,1016
becker,MN,45.393300,-93.876920,4700
becket,MA,42.332030,-73.082880,1786
beckett,NJ,39.754000,-75.357410,4847
beckett ridge,OH,39.347000,-84.435220,9187
beckley,WV,37.778170,-81.188160,17056
beckville,TX,32.242940,-94.455480,843
bedford,IA,40.666930,-94.721360,1415
bedford,IN,38.861160,-86.487210,13347
bedford,KY,38.592560,-85.317730,608
bedford,MA,42.490650,-71.276170,12502
bedford,NH,42.946470,-71.515900,21188
bedford,NY,41.204260,-73.643740,1834
bedford,OH,41.393110,-81.536510,12747
bedford,PA,40.018690,-78.503910,2742
bedford,TX,32.844020,-97.143070,49337
bedford,VA,37.334310,-79.523090,6561
bedford heights,OH,41.417000,-81.527340,10625
bedford hills,NY,41.236760,-73.694580,3001
bedford park,IL,41.762810,-87.800060,577
bedminster,NJ,40.680660,-74.645440,8165
bedminster,PA,40.425940,-75.179060,8402
bee cave,TX,30.308540,-97.945010,6292
bee ridge,FL,27.283940,-82.480650,9598
beebe,AR,35.070640,-91.879590,8106
beebe plain,VT,45.005320,-72.140660,854
beech creek,PA,41.075900,-77.588600,700
beech grove,IN,39.721990,-86.089980,14548
beech mountain lakes,PA,41.041580,-75.935450,2022
beecher,IL,41.340590,-87.621430,4450
beecher,MI,43.090030,-83.694400,10232
beechfield,MD,39.271770,-76.692750,4013
beechmont,KY,37.174490,-87.032500,689
beechwood,MI,42.796970,-86.125880,3015
beechwood,MS,32.327650,-90.826770,3426
beechwood trails,OH,40.023670,-82.650720,3020
beechwood village,KY,38.254790,-85.631350,1365
beemer,NE,41.930000,-96.811700,671
beeville,TX,28.400950,-97.749740,13277
beggs,OK,35.742600,-96.070270,1247
bel air,CA,34.083340,-118.448690,8253
bel air,MD,39.535940,-76.348290,10190
bel air north,MD,39.554290,-76.373090,30568
bel air south,MD,39.505060,-76.319770,47709
bel-nor,MO,38.702000,-90.316780,1482
bel-ridge,MO,38.709500,-90.325390,2722
belchertown,MA,42.277040,-72.400920,2899
belcourt,ND,48.839170,-99.744870,2078
belding,MI,43.097810,-85.228910,5769
belen,NM,34.662840,-106.776420,7152
belfair,WA,47.450650,-122.827370,3931
belfast,ME,44.425910,-69.006420,6682
belfast,NY,42.342840,-78.111400,837
belfast,PA,40.780650,-75.277960,1257
belfield,ND,46.885290,-103.199620,1055
belford,NJ,40.425940,-74.086810,1768
belgium,WI,43.499720,-87.850370,2261
belgrade,ME,44.447290,-69.832550,3096
belgrade,MN,45.453020,-95.004460,755
belgrade,MT,45.776040,-111.176900,8029
belhaven,NC,35.540170,-76.622990,1602
belington,WV,39.025100,-79.935630,1933
bell,CA,33.977510,-118.187020,36205
bell,OK,35.718140,-94.576050,535
bell acres,PA,40.590070,-80.166450,1395
bell buckle,TN,35.591740,-86.354160,517
bell gardens,CA,33.965290,-118.151460,43106
bell hill,WA,48.056200,-123.084900,837
bell road (historical),PA,39.906780,-75.233790,6137
bella villa,MO,38.541160,-90.280110,729
bella vista,AR,36.480700,-94.271340,27999
bella vista,CA,40.640710,-122.232500,2781
bella vista,PA,39.935390,-75.157120,6154
bellair-meadowbrook terrace,FL,30.178810,-81.743410,13343
bellaire,KS,37.762510,-97.266990,3934
bellaire,MI,44.980280,-85.211170,1065
bellaire,NY,40.713990,-73.754020,5610
bellaire,OH,40.016180,-80.742310,4189
bellaire,TX,29.705790,-95.458830,18518
bellamy,AL,32.449030,-88.133630,543
bellbrook,OH,39.635620,-84.070770,7053
belle,MO,38.285880,-91.720440,1528
belle,WV,38.232050,-81.537620,1211
belle center,OH,40.506720,-83.747990,798
belle chasse,LA,29.854930,-89.990630,12679
belle fourche,SD,44.671370,-103.852150,5696
belle glade,FL,26.684510,-80.667560,18251
belle glade camp,FL,26.657570,-80.682840,1167
belle harbor,NY,40.575940,-73.848190,6758
belle haven,VA,38.785390,-77.063030,6518
belle isle,FL,28.458340,-81.359240,6689
belle meade,TN,36.095890,-86.856940,3004
belle plaine,IA,41.896940,-92.278240,2475
belle plaine,KS,37.393910,-97.281150,1621
belle plaine,MN,44.622740,-93.768570,6918
belle plaine,WI,44.715260,-88.666210,1846
belle rose,LA,30.050480,-91.041490,1902
belle terre,NY,40.959820,-73.067880,792
belle vernon,PA,40.125070,-79.866440,1073
belleair,FL,27.935850,-82.806210,3992
belleair beach,FL,27.923080,-82.843160,1609
belleair bluffs,FL,27.921410,-82.817050,2095
bellefontaine,AL,30.493530,-88.103610,608
bellefontaine,OH,40.361160,-83.759660,13117
bellefontaine neighbors,MO,38.740330,-90.226500,10798
bellefonte,DE,39.766000,-75.502000,1193
bellefonte,KY,38.492580,-82.690160,866
bellefonte,PA,40.913390,-77.778330,6248
bellemeade,KY,38.252290,-85.592180,894
belleplain,NJ,39.268730,-74.866560,597
bellerose,NY,40.724270,-73.715130,1201
bellerose terrace,NY,40.720660,-73.725960,2198
belleview,FL,29.055260,-82.062310,4765
belleville,IL,38.520050,-89.983990,42034
belleville,KS,39.824450,-97.632540,1907
belleville,MI,42.204760,-83.485210,3880
belleville,NJ,40.793710,-74.150140,36878
belleville,PA,40.605070,-77.725550,1827
belleville,WI,42.859720,-89.538180,2425
bellevue,DC,38.826000,-77.010000,9643
bellevue,IA,42.258630,-90.422910,2176
bellevue,ID,43.463520,-114.260600,2300
bellevue,IL,40.684480,-89.680100,1954
bellevue,KY,39.106450,-84.478830,5892
bellevue,MA,42.287600,-71.145330,5277
bellevue,MI,42.443370,-85.018050,1278
bellevue,NE,41.136670,-95.890840,55510
bellevue,OH,41.273660,-82.841580,8005
bellevue,PA,40.493960,-80.051720,8252
bellevue,WA,47.610380,-122.200680,139820
bellevue,WI,44.444160,-87.920100,15317
bellflower,CA,33.881680,-118.117010,78441
bellingham,MA,42.086760,-71.474510,4854
bellingham,WA,48.759550,-122.488220,85146
bellmawr,NJ,39.867610,-75.094620,11462
bellmead,TX,31.594050,-97.108890,10164
bellmore,NY,40.668710,-73.527070,16218
bellona-gittings,MD,39.369160,-76.622010,653
bellows falls,VT,43.133410,-72.443980,3048
bellport,NY,40.757040,-72.939270,2078
bells,TN,35.711180,-89.087560,2447
bells,TX,33.610380,-96.410820,1426
bellview,FL,30.461590,-87.314970,23355
bellville,OH,40.620060,-82.510720,1871
bellville,TX,29.950230,-96.257190,4262
bellwood,IL,41.881420,-87.883120,19308
bellwood,PA,40.597000,-78.333000,1828
bellwood,VA,37.421810,-77.437480,6352
belmar,NJ,40.178450,-74.021800,5712
belmond,IA,42.846080,-93.614100,2314
belmont,CA,37.520210,-122.275800,27218
belmont,MA,42.395930,-71.178670,24729
belmont,MI,43.075580,-85.609200,9244
belmont,MS,34.509820,-88.209210,2039
belmont,NC,35.242920,-81.037300,10533
belmont,NH,43.445360,-71.477850,1301
belmont,NY,42.223120,-78.034450,939
belmont,OH,39.729500,-84.139660,519
belmont,PA,39.965670,-75.202400,3526
belmont,VA,39.064830,-77.509990,5966
belmont,WI,42.736110,-90.334290,986
belmont,WV,39.379520,-81.258450,901
belmont cragin,IL,41.931700,-87.768670,79159
belmont estates,VA,38.452710,-78.919790,1263
beloit,KS,39.456120,-98.106160,3790
beloit,OH,40.923110,-80.993700,939
beloit,WI,42.508350,-89.031780,36891
belpre,OH,39.273960,-81.572900,6476
belt,MT,47.386080,-110.925510,596
belton,MO,38.811950,-94.531900,23168
belton,SC,34.522890,-82.494290,4336
belton,TX,31.056010,-97.464450,20547
beltsville,MD,39.034830,-76.907470,16772
belvedere,CA,37.872700,-122.464420,2121
belvedere,SC,33.530970,-81.944840,5792
belvedere park,GA,33.754830,-84.267420,15152
belvidere,IL,42.263910,-88.844270,25132
belvidere,NJ,40.829820,-75.077670,2607
belville,NC,34.230000,-77.989200,1936
belwood,NC,35.477080,-81.523420,929
belzoni,MS,33.184290,-90.489260,2069
bement,IL,39.921980,-88.572010,1683
bemidji,MN,47.473560,-94.880280,14594
bemis,MA,42.368710,-71.203670,7472
ben avon,PA,40.508120,-80.083110,1777
ben lomond,CA,37.089110,-122.086350,6234
benavides,TX,27.598920,-98.408070,1317
benbrook,TX,32.673190,-97.460580,22629
bend,CA,40.255160,-122.208610,619
bend,OR,44.058170,-121.315310,87014
bendersville,PA,39.982590,-77.249430,644
benicia,CA,38.049370,-122.158580,28167
benjamin,TX,33.583980,-99.792310,267
benjamin,UT,40.098290,-111.731320,1145
benkelman,NE,40.049160,-101.532940,840
benld,IL,39.092820,-89.803980,1488
bennet,NE,40.680000,-96.506400,845
bennett,CO,39.758870,-104.427460,2484
bennettsville,SC,34.617380,-79.684780,8605
benning,DC,38.895110,-76.948860,8978
benning road,DC,38.889840,-76.937580,10269
bennington,KS,39.030560,-97.594200,653
bennington,NE,41.364720,-96.157800,1669
bennington,VT,42.878130,-73.196770,9074
benns church,VA,36.937930,-76.586060,872
bennsville,MD,38.609290,-77.012200,11923
bensalem,PA,40.104550,-74.951280,60427
bensenville,IL,41.955030,-87.940070,18440
bensley,VA,37.446810,-77.443320,5819
benson,AZ,31.967860,-110.294520,4888
benson,MN,45.315000,-95.602500,3240
benson,NC,35.382110,-78.548620,3591
benson,UT,41.787430,-111.930220,1485
bensonhurst,NY,40.601770,-73.994030,60000
bent creek,NC,35.509000,-82.607900,1287
bentley,KS,37.886120,-97.516990,523
bentleyville,OH,41.413110,-81.410950,857
bentleyville,PA,40.116740,-80.008390,2525
benton,AR,34.564540,-92.586830,34177
benton,IL,37.996720,-88.920070,7041
benton,KS,37.788900,-97.108650,876
benton,KY,36.857280,-88.350310,4357
benton,LA,32.694870,-93.741850,2015
benton,ME,44.586180,-69.550880,2658
benton,MO,37.097830,-89.562580,863
benton,PA,41.195080,-76.383550,831
benton,TN,35.174240,-84.653550,1292
benton,WI,42.569720,-90.380680,964
benton city,WA,46.263190,-119.487800,3234
benton harbor,MI,42.116710,-86.454190,9976
benton heights,MI,42.131150,-86.407240,4084
bentonville,AR,36.372850,-94.208820,44499
benwood,WV,40.018130,-80.734250,1361
berea,KY,37.568690,-84.296320,14882
berea,MD,39.309610,-76.578010,3469
berea,OH,41.366160,-81.854300,18874
berea,SC,34.885400,-82.455960,14295
beresford,SD,43.080540,-96.773660,1976
bergen,NY,43.085340,-77.942230,1133
bergen beach,NY,40.620380,-73.906800,13596
bergenfield,NJ,40.927600,-73.997360,27621
bergholz,OH,40.519510,-80.883980,636
berino,NM,32.070930,-106.621380,1441
berkeley,CA,37.871590,-122.272750,120972
berkeley,IL,41.888920,-87.903400,5203
berkeley,MO,38.754500,-90.331230,9073
berkeley heights,NJ,40.683430,-74.442650,14179
berkeley lake,GA,33.983710,-84.186580,2024
berkeley springs,WV,39.624800,-78.224720,766
berkley,CO,39.804430,-105.026090,11207
berkley,MA,41.845930,-71.082820,5849
berkley,MI,42.503090,-83.183540,15268
berkshire heights,MA,42.188980,-73.369000,3781
berlin,GA,31.068240,-83.623780,559
berlin,MA,42.381200,-71.637010,2422
berlin,MD,38.322620,-75.217690,5065
berlin,NH,44.468670,-71.185080,9367
berlin,NJ,39.791230,-74.929050,7590
berlin,OH,40.561170,-81.794300,898
berlin,PA,39.920640,-78.957800,2019
berlin,WI,43.968040,-88.943450,5420
berlin heights,OH,41.325330,-82.493230,690
bermuda dunes,CA,33.742800,-116.289180,7282
bermuda run,NC,36.003750,-80.422000,2561
bernalillo,NM,35.300040,-106.551140,8843
bernardston,MA,42.670920,-72.549530,2193
bernardsville,NJ,40.718710,-74.569320,7801
berne,IN,40.657820,-84.951910,4084
berne,NY,42.625350,-74.133460,2794
bernhards bay,NY,43.244510,-75.933530,1350
bernice,LA,32.822090,-92.657930,1648
bernice,OK,36.615910,-94.917740,562
bernie,MO,36.668940,-89.968700,1951
bernville,PA,40.433430,-76.112160,951
berrien springs,MI,41.946430,-86.338900,1764
berry,AL,33.659830,-87.600010,1113
berry creek,CA,39.645160,-121.403300,1424
berry hill,TN,36.117000,-86.766390,547
berryville,AR,36.364790,-93.567970,5371
berryville,TX,32.088490,-95.471900,1014
berryville,VA,39.151770,-77.982220,4300
berthold,ND,48.313070,-101.737110,501
berthoud,CO,40.308320,-105.081090,6031
bertram,TX,30.743800,-98.055580,1390
bertrand,MO,36.909500,-89.452580,792
bertrand,NE,40.526670,-99.633720,738
bertsch-oceanview,CA,41.752500,-124.158750,2436
berwick,LA,29.694650,-91.218990,4765
berwick,ME,43.265920,-70.864500,2187
berwick,PA,41.054530,-76.233270,10223
berwyn,IL,41.850590,-87.793670,56368
berwyn,PA,40.044830,-75.438810,3631
berwyn heights,MD,38.994000,-76.910530,3280
bessemer,AL,33.401780,-86.954440,26730
bessemer,MI,46.481340,-90.052950,1770
bessemer,PA,40.974780,-80.493680,1072
bessemer city,NC,35.284860,-81.283970,5548
bethalto,IL,38.909210,-90.040660,9349
bethany,IL,39.645590,-88.738130,1322
bethany,MO,40.268330,-94.028290,3149
bethany,OK,35.518670,-97.632260,19589
bethany,OR,45.557890,-122.867600,20646
bethany,WV,40.205630,-80.556740,1029
bethany beach,DE,38.539560,-75.055180,1170
bethel,AK,60.792220,-161.755830,6450
bethel,CT,41.371210,-73.414010,9549
bethel,ME,44.404230,-70.790620,2507
bethel,NC,35.807100,-77.378860,1620
bethel,OH,38.963680,-84.080770,2771
bethel,VT,43.833400,-72.633990,569
bethel,WA,47.493980,-122.631250,3713
bethel acres,OK,35.308680,-97.025580,3101
bethel heights,AR,36.214240,-94.129370,2490
bethel island,CA,38.014920,-121.640510,2137
bethel park,PA,40.327570,-80.039500,32118
bethel springs,TN,35.233690,-88.606440,713
bethesda,MD,38.980670,-77.100260,60858
bethesda,OH,40.016180,-81.072600,1245
bethlehem,GA,33.932060,-83.713780,671
bethlehem,NC,35.825690,-81.307030,4214
bethlehem,NH,44.280340,-71.688140,972
bethlehem,PA,40.625930,-75.370460,74892
bethlehem,WV,39.392030,-80.280640,2588
bethlehem village,CT,41.640100,-73.203080,2021
bethpage,NY,40.744270,-73.482070,16429
betsy layne,KY,37.551490,-82.633490,688
bettendorf,IA,41.524480,-90.515690,35505
better waverly,MD,39.324390,-76.605170,2622
bettsville,OH,41.246440,-83.235760,642
beulah,MI,44.631940,-86.090920,341
beulah,ND,47.263340,-101.777950,3393
beulah valley,CO,38.072230,-104.966380,556
beulaville,NC,34.923780,-77.773870,1330
bevent,WI,44.770530,-89.389560,1115
beverly,MA,42.558430,-70.880050,41186
beverly,NJ,40.065390,-74.919060,2559
beverly,OH,39.547850,-81.639570,1308
beverly,TX,31.525170,-97.141950,2162
beverly,WV,38.840660,-79.875350,685
beverly cove,MA,42.553430,-70.853660,40365
beverly hills,CA,34.073620,-118.400360,34869
beverly hills,FL,28.916920,-82.458150,8445
beverly hills,MD,39.339270,-76.570240,637
beverly hills,MI,42.523920,-83.223260,10267
beverly hills,MO,38.700050,-90.292340,566
beverly hills,TX,31.521560,-97.153890,2033
beverly shores,IN,41.692540,-86.977530,610
bevier,MO,39.746980,-92.564080,703
bevil oaks,TX,30.150210,-94.269630,1245
bexley,OH,39.968950,-82.937680,13654
bibb city,GA,32.495700,-84.991880,506
bicknell,IN,38.774210,-87.307790,2892
biddeford,ME,43.492580,-70.453380,21282
biddle street,MD,39.303670,-76.579000,935
big bass lake,PA,41.253830,-75.476440,1270
big bear city,CA,34.261120,-116.845030,12304
big bear lake,CA,34.243900,-116.911420,5213
big beaver,PA,40.824510,-80.362840,1923
big bend,WI,42.881400,-88.206760,1312
big chimney,WV,38.405650,-81.535680,627
big coppitt key,FL,24.596530,-81.660090,2458
big delta,AK,64.152500,-145.842220,591
big flats,NY,42.137300,-76.936910,5277
big flats airport,NY,42.169300,-76.889770,7595
big lake,AK,61.521390,-149.954440,3350
big lake,MN,45.332460,-93.746080,10368
big lake,TX,31.191540,-101.460390,3315
big lake,WA,48.402880,-122.241270,1835
big park,AZ,34.780300,-111.762650,6695
big pine,CA,37.164930,-118.289550,1756
big pine key,FL,24.669870,-81.353970,4252
big piney,WY,42.538280,-110.114320,531
big point,MS,30.586860,-88.481960,611
big rapids,MI,43.698080,-85.483660,10397
big river,CA,34.140020,-114.361340,1327
big rock,IL,41.763920,-88.547020,1165
big run,PA,40.967010,-78.878370,613
big sandy,MT,48.178590,-110.112150,593
big sandy,TN,36.234780,-88.085310,542
big sandy,TX,32.583750,-95.108830,1374
big sky,MT,45.284650,-111.368290,2308
big spring,TX,32.250400,-101.478740,28862
big stone gap,VA,36.881760,-82.747100,5614
big sur,CA,36.270240,-121.807450,1000
big timber,MT,45.834940,-109.955460,1648
big wells,TX,28.573320,-99.568660,762
bigfork,MT,48.063290,-114.072610,4270
biggs,CA,39.412390,-121.712750,1704
biglerville,PA,39.930370,-77.248040,1209
billerica,MA,42.558430,-71.268950,39904
billings,MO,37.067550,-93.552140,1083
billings,MT,45.783290,-108.500690,117116
billings,OK,36.528920,-97.443940,510
billington heights,NY,42.784230,-78.626420,1685
biloxi,MS,30.396030,-88.885310,45637
biltmore forest,NC,35.533720,-82.528460,1441
bingen,WA,45.714840,-121.464520,721
binger,OK,35.308950,-98.342000,654
bingham,ME,45.058670,-69.882280,758
bingham canyon,UT,40.558330,-112.130560,726
bingham farms,MI,42.515870,-83.273260,1133
binghamton,NY,42.098690,-75.917970,46032
biola,CA,36.802170,-120.016270,1623
birch bay,WA,48.917890,-122.744620,8413
birch run,MI,43.250860,-83.794130,1479
birch tree,MO,36.991160,-91.492640,662
birchwood,MN,45.061080,-92.976050,1139
birchwood lakes,PA,41.254540,-74.918500,1386
bird island,MN,44.767460,-94.895550,994
birdsboro,PA,40.264540,-75.804090,5159
birmingham,AL,33.520660,-86.802490,196357
birmingham,MI,42.546700,-83.211320,20857
birnamwood,WI,44.933300,-89.209560,798
biron,WI,44.423850,-89.780400,804
bisbee,AZ,31.448150,-109.928410,5208
biscayne park,FL,25.882600,-80.180600,3216
biscoe,NC,35.359860,-79.779760,1690
bishop,CA,37.363540,-118.395110,3806
bishop,TX,27.586140,-97.799160,3150
bishopville,MD,38.442610,-75.193520,531
bishopville,SC,34.218210,-80.248410,3274
bismarck,IL,40.263930,-87.608080,555
bismarck,MO,37.769220,-90.624850,1500
bismarck,ND,46.808330,-100.783740,75092
bison,SD,45.520260,-102.461270,339
bithlo,FL,28.554720,-81.106450,8268
biwabik,MN,47.532980,-92.340180,992
bixby,OK,35.942040,-95.883320,24657
bixby,TX,26.151740,-97.853610,504
black canyon city,AZ,34.070870,-112.150710,2837
black creek,NC,35.635160,-77.933040,767
black creek,WI,44.477490,-88.450660,1322
black diamond,FL,28.912480,-82.485930,1101
black diamond,WA,47.308710,-122.003170,4376
black eagle,MT,47.524680,-111.278310,904
black earth,WI,43.137220,-89.746790,1403
black forest,CO,39.013050,-104.700810,13116
black jack,MO,38.793380,-90.267330,6947
black lick,PA,40.472500,-79.186880,1462
black mountain,NC,35.617900,-82.321230,8278
black point-green point,CA,38.115470,-122.513180,1306
black river,NY,44.012560,-75.794370,1332
black river falls,WI,44.294680,-90.851530,3564
black rock,AR,36.108400,-91.097350,625
black rock,NM,35.088370,-108.791190,1323
blackduck,MN,47.733010,-94.548580,779
blackfoot,ID,43.190470,-112.344980,11740
blackhawk,CA,37.820760,-121.907740,9354
blackhawk,SD,44.151100,-103.307960,2892
blacklake,CA,35.049690,-120.538640,930
blacklick estates,OH,39.905060,-82.864340,8682
blacksburg,SC,35.121240,-81.515920,1883
blacksburg,VA,37.229570,-80.413940,44215
blackshear,GA,31.306050,-82.242070,3581
blackstone,MA,42.017880,-71.541170,9163
blackstone,VA,37.080430,-77.997230,3491
blackville,SC,33.357930,-81.270660,2295
blackwater,AZ,33.031170,-111.582630,1062
blackwell,OK,36.804480,-97.282820,6875
blackwells mills,NJ,40.475660,-74.571270,803
blackwood,NJ,39.802340,-75.064060,4545
bladenboro,NC,34.538780,-78.787520,1726
bladensburg,MD,38.939280,-76.933860,9640
blades,DE,38.635670,-75.609930,1354
blaine,MN,45.160800,-93.234950,62124
blaine,TN,36.154250,-83.704070,1867
blaine,WA,48.993720,-122.747120,5056
blair,NE,41.544440,-96.125020,7975
blair,OK,34.779510,-99.335360,778
blair,WI,44.294400,-91.235160,1351
blairs,VA,36.679860,-79.373080,916
blairstown,IA,41.909440,-92.084350,670
blairstown,NJ,40.982880,-74.960450,515
blairsville,GA,34.876200,-83.958240,554
blairsville,PA,40.431180,-79.260870,3321
blakely,GA,31.377680,-84.934090,4871
blakely,PA,41.480910,-75.594630,6334
blanchard,LA,32.580980,-93.892680,2935
blanchard,OK,35.137840,-97.658090,8280
blanchard,PA,41.064230,-77.597770,740
blanchardville,WI,42.810280,-89.862070,818
blanchester,OH,39.293120,-83.988820,4246
blanco,TX,30.097990,-98.421410,1889
bland,MO,38.301710,-91.632940,522
bland,VA,37.102060,-81.116200,409
blanding,UT,37.624330,-109.479660,3785
blandinsville,IL,40.556150,-90.865970,620
blandon,PA,40.441200,-75.886870,7152
blasdell,NY,42.797280,-78.823370,2592
blauvelt,NY,41.063430,-73.957640,5689
blawnox,PA,40.493400,-79.860610,1416
blende,CO,38.245840,-104.568580,878
blennerhassett,WV,39.263690,-81.629290,3089
blessing,TX,28.871370,-96.218020,927
bliss,NY,42.577010,-78.252790,527
bliss corner,MA,41.611770,-70.938370,5280
blissfield,MI,41.832550,-83.862440,3255
bloomdale,OH,41.172550,-83.556320,692
bloomer,WI,45.100240,-91.488770,3520
bloomfield,CT,41.826490,-72.730090,21535
bloomfield,IA,40.751690,-92.414910,2617
bloomfield,IN,39.026990,-86.937510,2336
bloomfield,KY,37.910340,-85.316620,1052
bloomfield,MO,36.885890,-89.929260,1903
bloomfield,NE,42.598890,-97.645620,977
bloomfield,NJ,40.806770,-74.185420,49120
bloomfield,NM,36.711120,-107.984510,7314
bloomfield,NY,40.612600,-74.178200,1248
bloomfield,PA,40.460900,-79.950890,1095
bloomfield hills,MI,42.583640,-83.245490,4004
blooming grove,TX,32.092100,-96.715820,824
blooming prairie,MN,43.866630,-93.051030,1993
bloomingburg,OH,39.605060,-83.395470,921
bloomingdale,DC,38.916780,-77.011370,4980
bloomingdale,FL,27.893640,-82.240370,22711
bloomingdale,GA,32.132420,-81.299000,2764
bloomingdale,IL,41.957530,-88.080900,22254
bloomingdale,NJ,41.002040,-74.326540,8215
bloomingdale,TN,36.584550,-82.489320,9888
bloomington,CA,34.070290,-117.395880,23851
bloomington,IL,40.484200,-88.993690,78292
bloomington,IN,39.165330,-86.526390,84067
bloomington,MN,44.840800,-93.298280,86435
bloomington,TX,28.647770,-96.892490,2459
bloomington,WI,42.885270,-90.923460,718
bloomsburg,PA,41.003700,-76.454950,14585
bloomsbury,NJ,40.653990,-75.086560,848
bloomsdale,MO,38.009500,-90.217900,529
bloomville,OH,41.052000,-83.014910,933
blossburg,PA,41.679520,-77.063860,1516
blossom,TX,33.661500,-95.385790,1551
blossvale,NY,43.279790,-75.643520,2816
blountstown,FL,30.443790,-85.047440,2497
blountsville,AL,34.081490,-86.591100,1697
blountville,TN,36.533160,-82.326810,3074
blowing rock,NC,36.135130,-81.677610,1292
blue ash,OH,39.232000,-84.378270,12159
blue ball,PA,40.118710,-76.047170,1031
blue bell,PA,40.152330,-75.266290,6067
blue berry hill,TX,28.388890,-97.782220,866
blue earth,MN,43.637460,-94.102180,3236
blue grass,IA,41.508920,-90.765980,1676
blue grass,PA,40.065670,-75.027390,6382
blue hill,ME,44.413970,-68.586690,943
blue hill,NE,40.332510,-98.448670,889
blue hills,CT,41.812880,-72.697590,2901
blue island,IL,41.657260,-87.680050,23652
blue jay,OH,39.227000,-84.737170,959
blue lake,CA,40.882910,-123.983950,1252
blue mound,IL,39.701150,-89.123140,1111
blue mound,TX,32.856520,-97.338910,2490
blue mounds,WI,43.017730,-89.834600,938
blue mountain,MS,34.670930,-89.026450,953
blue point,NY,40.743990,-73.034550,4773
blue rapids,KS,39.681940,-96.659740,983
blue ridge,AL,32.492640,-86.190520,1341
blue ridge,GA,34.863970,-84.324090,1286
blue ridge,TX,31.276290,-96.741370,917
blue ridge,VA,37.378470,-79.806980,3084
blue ridge manor,GA,33.860100,-84.600210,1128
blue ridge manor,KY,38.243130,-85.563020,794
blue ridge shores,VA,38.105140,-78.024720,813
blue ridge summit,PA,39.724260,-77.471380,891
blue river,CO,39.429710,-106.043910,904
blue springs,MO,39.016950,-94.281610,54148
bluefield,VA,37.252620,-81.271210,5279
bluefield,WV,37.269840,-81.222320,10323
bluewater,AZ,34.168630,-114.264950,725
bluewater village,NM,35.227160,-107.983130,628
bluewell,WV,37.312620,-81.259820,2184
bluff city,TN,36.474270,-82.260970,1723
bluffdale,UT,40.489670,-111.938820,10931
bluffs,IL,39.751990,-90.535130,677
bluffton,IN,40.738660,-85.171640,10005
bluffton,OH,40.895330,-83.888830,4161
bluffton,SC,32.237150,-80.860390,16728
bluffview,WI,43.371100,-89.773180,742
bluford,IL,38.330880,-88.725890,673
blythe,CA,33.610300,-114.596350,19208
blythe,GA,33.292640,-82.201510,701
blytheville,AR,35.927300,-89.918980,14694
blythewood,SC,34.214320,-80.973980,2782
boalsburg,PA,40.775620,-77.792500,3722
boardman,OH,41.024230,-80.662850,35376
boardman,OR,45.839860,-119.700580,3354
boaz,AL,34.200650,-86.166370,9688
boaz,WV,39.361460,-81.502070,1297
bobtown,PA,39.761190,-79.981450,757
boca del mar,FL,26.345080,-80.146710,24244
boca pointe,FL,26.333130,-80.159490,4073
boca raton,FL,26.358690,-80.083100,93235
bodega bay,CA,38.333250,-123.048060,1077
bodfish,CA,35.588010,-118.492030,1956
boerne,TX,29.794660,-98.731970,13674
bogalusa,LA,30.791020,-89.848690,11933
bogart,GA,33.949280,-83.534610,1042
bogata,TX,33.470670,-95.213840,1111
boger city,NC,35.480690,-81.213410,593
bogota,NJ,40.876210,-74.029860,8400
bogue,NC,34.699330,-77.036890,701
bogue chitto,MS,32.830690,-88.932000,887
bohemia,NY,40.769260,-73.115110,10180
bohners lake,WI,42.623070,-88.280370,2444
boiling spring lakes,NC,34.030450,-78.067210,5789
boiling springs,NC,35.254290,-81.667040,4674
boiling springs,PA,40.149810,-77.128310,3225
boiling springs,SC,35.046510,-81.981770,8219
boise,ID,43.613500,-116.203450,235684
boise city,OK,36.729470,-102.513240,1127
bokchito,OK,34.017320,-96.142760,657
bokeelia,FL,26.705630,-82.158980,1780
boles acres,NM,32.807030,-105.986100,1638
boley,OK,35.493410,-96.483620,1183
bolinas,CA,37.909370,-122.686370,1620
bolindale,OH,41.207280,-80.777580,2089
boling,TX,29.264410,-95.943840,1122
bolingbrook,IL,41.698640,-88.068400,74306
bolivar,MO,37.614480,-93.410470,10714
bolivar,NY,43.071180,-75.888800,1138
bolivar,OH,40.650060,-81.452060,992
bolivar,TN,35.256190,-88.987840,5093
bolivar,WV,39.323430,-77.752770,1060
bolivar peninsula,TX,29.478290,-94.579910,2417
bolivia,NC,34.067670,-78.148330,151
bolt,WV,37.762330,-81.412330,548
bolton,MA,42.433430,-71.607840,4220
bolton,MS,32.349310,-90.460100,548
bolton,NC,34.320720,-78.401950,673
bolton hill,MD,39.307820,-76.625730,5034
bolton landing,NY,43.557290,-73.654840,513
bon air,VA,37.524870,-77.557770,16366
bon aqua junction,TN,35.927840,-87.310840,1230
bonadelle ranchos-madera ranchos,CA,36.984670,-119.874630,8569
bonanza,AR,35.239260,-94.426050,556
bonanza,GA,33.465670,-84.336590,3135
bondsville,MA,42.212590,-72.345360,1812
bonduel,WI,44.740270,-88.444820,1456
bondurant,IA,41.700540,-93.462160,4996
bonham,TX,33.577330,-96.178310,10079
bonifay,FL,30.791860,-85.679650,2726
bonita,CA,32.657830,-117.030030,12538
bonita springs,FL,26.339810,-81.778700,51704
bonne terre,MO,37.923110,-90.555400,7133
bonneau,SC,33.305450,-79.957860,505
bonneau beach,SC,33.319890,-80.000360,1929
bonneauville,PA,39.812040,-77.137210,1827
bonner springs,KS,39.059730,-94.883580,7606
bonner-west riverside,MT,46.876690,-113.886780,1663
bonners ferry,ID,48.691330,-116.316310,2549
bonney lake,WA,47.177050,-122.186510,19903
bonny doon,CA,37.041620,-122.150520,2678
bono,AR,35.908680,-90.802620,2236
bonsall,CA,33.288920,-117.225590,3982
booker,TX,36.453360,-100.537370,1636
boomer,WV,38.150660,-81.287330,615
boone,IA,42.059700,-93.880230,12692
boone,NC,36.216790,-81.674550,18156
booneville,AR,35.140090,-93.921590,3888
booneville,KY,37.476200,-83.674910,76
booneville,MS,34.658150,-88.566720,8816
boonsboro,MD,39.506210,-77.652490,3455
boonton,NJ,40.902600,-74.407100,8441
boonville,CA,39.009070,-123.366120,1035
boonville,IN,38.049210,-87.274170,6180
boonville,MO,38.973640,-92.743240,8403
boonville,NC,36.232640,-80.708120,1207
boonville,NY,43.483680,-75.336560,2040
boothbay,ME,43.876470,-69.633660,3077
boothbay harbor,ME,43.852300,-69.628100,1086
boothville,LA,29.343550,-89.419780,854
boothwyn,PA,39.830110,-75.441580,4933
bootjack,CA,37.464940,-119.886560,960
bordelonville,LA,31.105460,-91.907340,525
borden,IN,38.466730,-85.945800,891
bordentown,NJ,40.146220,-74.711830,3882
borger,TX,35.667820,-101.397390,12964
boron,CA,34.999420,-117.649780,2253
boronda,CA,36.698850,-121.674950,1710
borough of far hills,NJ,40.690380,-74.621550,919
borough park,NY,40.633990,-73.996810,149248
borrego springs,CA,33.255870,-116.375010,3429
boscawen,NH,43.315080,-71.620910,3911
boscobel,WI,43.134430,-90.705400,3189
bosque farms,NM,34.854780,-106.705300,3838
bossier city,LA,32.515990,-93.732120,68094
boston,GA,30.791860,-83.789890,1323
boston,MA,42.358430,-71.059770,653833
boston,NY,42.628950,-78.737530,8049
boston,PA,40.312010,-79.823100,545
boston,VA,37.609300,-75.842710,504
boston heights,OH,41.264780,-81.513170,1292
boston seaport,MA,42.346690,-71.043310,3680
bostonia,CA,32.813000,-116.944000,15379
boswell,IN,40.521150,-87.378350,762
boswell,OK,34.027320,-95.869140,699
boswell,PA,40.161470,-79.028920,1224
boswell's corner,VA,38.505410,-77.372630,1375
bothell,WA,47.762320,-122.205400,42939
bothell east,WA,47.806310,-122.184270,8018
bothell west,WA,47.805270,-122.240640,16607
botkins,OH,40.467830,-84.180500,1152
bottineau,ND,48.827230,-100.445700,2343
boulder,CO,40.014990,-105.270550,106803
boulder,MT,46.236590,-112.120830,1207
boulder city,NV,35.978590,-114.832490,15551
boulder creek,CA,37.126060,-122.122190,4923
boulder hill,IL,41.712530,-88.336180,8108
boulevard gardens,FL,26.123260,-80.179970,1274
boulevard park,WA,47.513000,-122.317000,5287
bound brook,NJ,40.568440,-74.538490,10497
bountiful,UT,40.889390,-111.880770,43784
bourbon,IN,41.295600,-86.116390,1781
bourbon,MO,38.154770,-91.244030,1621
bourbonnais,IL,41.153760,-87.887540,18569
bourg,LA,29.553550,-90.602310,2579
bourne,MA,41.741220,-70.598920,1418
bouse,AZ,33.932520,-114.005770,996
boutte,LA,29.902430,-90.388140,3075
bovey,MN,47.295500,-93.418820,811
bovina,TX,34.513680,-102.883000,1769
bow bog,NH,43.120640,-71.511460,8381
bow mar,CO,39.628320,-105.049980,945
bowbells,ND,48.803080,-102.246000,377
bowdle,SD,45.453040,-99.654010,502
bowdoinham,ME,44.010080,-69.898380,722
bowdon,GA,33.537890,-85.253280,2072
bowie,MD,38.942780,-76.730280,58025
bowie,TX,33.559000,-97.848650,5126
bowleys quarters,MD,39.335390,-76.390240,6755
bowling green,FL,27.638370,-81.823970,2919
bowling green,KY,36.990320,-86.443600,63616
bowling green,MD,39.623700,-78.804460,1077
bowling green,MO,39.341990,-91.195140,5388
bowling green,OH,41.374770,-83.651320,31246
bowling green,VA,38.049580,-77.346650,1160
bowman,GA,34.204830,-83.030700,820
bowman,ND,46.183060,-103.394910,1744
bowman,SC,33.348770,-80.682870,934
bowmans addition,MD,39.691750,-78.748350,627
bowmanstown,PA,40.799820,-75.661850,884
bowmansville,NY,42.938390,-78.684750,641
bowmansville,PA,40.196760,-76.017440,2077
box elder,SD,44.112490,-103.068230,9289
boxborough,MA,42.490840,-71.528510,4996
boxford,MA,42.661200,-70.996720,2339
boyce,LA,31.390460,-92.669310,979
boyce,VA,39.093160,-78.059440,615
boyceville,WI,45.043570,-92.041010,1103
boyd,TX,33.078730,-97.565300,1335
boyd,WI,44.951910,-91.034870,540
boyd-booth,MD,39.287140,-76.649820,516
boyden,IA,43.191090,-96.005850,708
boydton,VA,36.667640,-78.387500,416
boyertown,PA,40.333710,-75.637410,4046
boyes hot springs,CA,38.313800,-122.481930,6656
boyette,FL,27.817530,-82.222590,6518
boykins,VA,36.583210,-77.199970,543
boyle,MS,33.704000,-90.726480,622
boyle heights,CA,34.033900,-118.205350,92785
boylston,MA,42.391760,-71.703680,4078
boyne city,MI,45.216680,-85.013940,3776
boynton beach,FL,26.525350,-80.066430,73966
bozeman,MT,45.679650,-111.038560,43405
braceville,IL,41.226980,-88.264780,769
bracey,VA,36.599590,-78.143050,1554
brackenridge,PA,40.608120,-79.741160,3211
brackettville,TX,29.310510,-100.417860,1655
bradbury,CA,34.146950,-117.970900,1089
braddock,PA,40.403400,-79.868380,2128
braddock heights,MD,39.418710,-77.503600,2608
braddock hills,PA,40.417290,-79.865050,1861
bradenton,FL,27.498930,-82.574820,54437
bradenton beach,FL,27.467610,-82.698300,1171
bradenville,PA,40.321460,-79.340040,545
bradford,AR,35.423140,-91.455960,760
bradford,IL,41.177260,-89.657600,736
bradford,ME,45.066730,-68.937810,1233
bradford,OH,40.132270,-84.430780,1847
bradford,PA,41.955900,-78.643920,8507
bradford,RI,41.398990,-71.737010,1406
bradford,TN,36.076450,-88.810060,1011
bradford,VT,43.992570,-72.128980,788
bradford woods,PA,40.637570,-80.081720,1171
bradley,AR,33.098190,-93.654900,566
bradley,IL,41.141980,-87.861150,15617
bradley,ME,44.920900,-68.628090,1291
bradley,WV,37.865390,-81.193990,2040
bradley beach,NJ,40.202340,-74.012080,4268
bradley gardens,NJ,40.562880,-74.654600,14206
bradley junction,FL,27.795310,-81.980360,686
bradner,OH,41.324220,-83.438540,1019
brady,TX,31.135170,-99.335060,5549
brady,WA,46.995930,-123.511830,676
braham,MN,45.722740,-93.170780,1770
braidwood,IL,41.265030,-88.212280,6172
brainerd,MN,46.358020,-94.200830,13371
braintree,MA,42.203840,-71.002150,37297
braman corners,NY,42.808690,-74.218740,1001
brambleton,VA,38.982050,-77.538600,9845
branch,MN,45.485240,-92.961880,2696
branchport,NY,42.598680,-77.153860,1376
branchville,AL,33.700000,-86.400000,973
branchville,NJ,41.146490,-74.752390,802
branchville,SC,33.251270,-80.815650,989
brandenburg,KY,37.998960,-86.169410,2852
brandermill,VA,37.432090,-77.649710,13173
brandon,FL,27.937800,-82.285920,103483
brandon,MS,32.273200,-89.985920,23529
brandon,SD,43.594700,-96.571990,9856
brandon,VT,43.798120,-73.087610,1648
brandon,WI,43.735260,-88.781220,859
brandywine,MD,38.696780,-76.847750,6719
branford,CT,41.279540,-72.815100,29438
branford,FL,29.959120,-82.928180,721
branford center,CT,41.277380,-72.815110,5819
branson,MO,36.643670,-93.218510,11431
brantley,AL,31.582380,-86.257180,805
brantleyville,AL,33.215950,-86.874990,884
braselton,GA,34.109270,-83.762670,9476
brasher falls,NY,44.807550,-74.773800,669
brass castle,NJ,40.764820,-75.011010,1555
bratenahl,OH,41.542550,-81.626240,1171
brattleboro,VT,42.850920,-72.557870,7414
brawley,CA,32.978660,-115.530270,25897
bray,OK,34.637860,-97.817530,1193
braymer,MO,39.586960,-93.796050,848
brazil,IN,39.523650,-87.125020,8109
brazoria,TX,29.044410,-95.569110,3071
brea,CA,33.916680,-117.900060,41944
breaux bridge,LA,30.273530,-91.899280,8395
breckenridge,CO,39.481650,-106.038350,4896
breckenridge,MI,43.408080,-84.475000,1305
breckenridge,MN,46.263570,-96.588130,3290
breckenridge,TX,32.755680,-98.902290,5590
breckenridge hills,MO,38.714500,-90.367340,4715
breckinridge center,KY,37.682820,-87.863080,2080
brecksville,OH,41.319780,-81.626790,13440
breese,IL,38.610600,-89.527030,4506
breesport,NY,42.173410,-76.733840,626
breezy point,MN,46.590010,-94.219820,2350
breinigsville,PA,40.536760,-75.631300,4138
bremen,GA,33.721220,-85.145500,6355
bremen,IN,41.446440,-86.148060,4565
bremen,ME,44.001470,-69.428660,813
bremen,OH,39.701730,-82.426820,1437
bremerton,WA,47.567320,-122.632640,39520
bremond,TX,31.165180,-96.676920,920
brenda,AZ,33.679750,-113.944660,676
brenham,TX,30.166880,-96.397740,16579
brent,AL,32.937350,-87.164720,4898
brent,FL,30.468810,-87.236080,21804
brent,OK,35.367870,-94.793560,716
brentwood,CA,37.931870,-121.695790,58968
brentwood,MD,38.943170,-76.956640,3191
brentwood,MO,38.617550,-90.349280,8057
brentwood,NH,42.978700,-71.072840,3405
brentwood,NY,40.781210,-73.246230,60664
brentwood,PA,40.370630,-79.974770,9512
brentwood,TN,36.033120,-86.782780,41763
brentwood estates,TN,36.025060,-86.779170,31279
brentwood village,DC,38.920940,-76.984420,11359
bressler,PA,40.229530,-76.819970,1437
bret harte,CA,37.602070,-121.005190,5152
brevard,NC,35.233450,-82.734290,7735
brewer,ME,44.796740,-68.761420,9232
brewers hill,MD,39.284170,-76.564620,1539
brewerton,NY,43.238120,-76.140760,4029
brewerytown,PA,39.977060,-75.181850,9291
brewster,MA,41.760110,-70.082800,2000
brewster,NE,41.938890,-99.864850,18
brewster,NY,41.397320,-73.617070,2332
brewster,OH,40.707000,-81.598180,2169
brewster,WA,48.095980,-119.780620,2354
brewster hill,NY,41.423980,-73.604290,2089
brewton,AL,31.105180,-87.072190,5434
briar,TX,32.995120,-97.542800,5665
briar chapel,NC,35.824170,-79.116940,5108
briar creek,PA,41.045920,-76.282160,681
briarcliff,TX,30.407420,-98.044460,1510
briarcliff manor,NY,41.145650,-73.823750,8028
briarcliffe acres,SC,33.784890,-78.742520,529
briarwood,NY,40.709350,-73.815290,53877
briarwood beach,OH,41.076720,-81.896250,766
brice prairie,WI,43.938570,-91.299860,1887
brices creek,NC,35.055990,-77.087730,3073
brick,NJ,40.059280,-74.137080,76021
brickerville,PA,40.225930,-76.302460,1309
bridesburg,PA,40.000390,-75.069620,6573
bridge city,LA,29.933260,-90.170070,7706
bridge city,TX,30.020770,-93.845730,7941
bridgehampton,NY,40.937880,-72.300920,1756
bridgeport,AL,34.947580,-85.714420,2355
bridgeport,CA,38.255750,-119.231270,575
bridgeport,CT,41.179230,-73.189450,147629
bridgeport,IL,41.838090,-87.651160,33878
bridgeport,MI,43.359470,-83.881640,6950
bridgeport,NE,41.665250,-103.099100,1521
bridgeport,NY,43.155350,-75.969360,1490
bridgeport,OH,40.069790,-80.740080,1794
bridgeport,PA,40.105110,-75.345180,4564
bridgeport,TX,33.210120,-97.754760,6381
bridgeport,WA,48.008200,-119.671160,2457
bridgeport,WV,39.286480,-80.256200,8359
bridger,MT,45.295780,-108.913750,729
bridgeton,MO,38.767000,-90.411510,11786
bridgeton,NJ,39.427340,-75.234080,25031
bridgeton,OR,45.601780,-122.669260,593
bridgetown,OH,39.153110,-84.637170,14407
bridgeview,IL,41.750030,-87.804220,16407
bridgeview/greenlawn,MD,39.301510,-76.654660,1679
bridgeville,DE,38.742610,-75.604370,2256
bridgeville,PA,40.356180,-80.110060,5092
bridgewater,MA,41.990380,-70.975040,7841
bridgewater,ME,46.427820,-67.843360,636
bridgewater,NH,43.638410,-71.736470,1037
bridgewater,NJ,40.600790,-74.648150,44464
bridgewater,PA,40.705340,-80.301170,693
bridgewater,VA,38.382070,-78.976700,5889
bridgman,MI,41.943100,-86.556970,2258
bridgton,ME,44.054790,-70.712840,2071
bridport,VT,43.985060,-73.312620,1215
brielle,NJ,40.107890,-74.056530,4757
brier,WA,47.784540,-122.274290,6656
brigantine,NJ,39.410120,-74.364590,9204
brigham city,UT,41.510210,-112.015500,18752
bright,IN,39.218390,-84.856060,5693
brighton,AL,33.434280,-86.947210,2862
brighton,CO,39.985260,-104.820530,37585
brighton,IA,41.174740,-91.819610,659
brighton,IL,39.039770,-90.140660,2198
brighton,MA,42.350100,-71.156440,45977
brighton,MI,42.529480,-83.780220,7609
brighton,NY,43.147560,-77.550550,36609
brighton,TN,35.483970,-89.725080,2996
brighton beach,NY,40.577880,-73.959580,31462
brighton park,IL,41.818920,-87.698940,44202
brightwaters,NY,40.720930,-73.267340,3088
brightwood,DC,38.961220,-77.027480,17624
brightwood,VA,38.421520,-78.193610,1001
brilliant,AL,34.025380,-87.758360,884
brilliant,OH,40.264790,-80.626190,1482
brillion,WI,44.177210,-88.064270,3142
brimfield,IL,40.838930,-89.886500,854
brimfield,MA,42.122870,-72.200910,3397
brimfield,OH,41.100060,-81.346500,3343
brinckerhoff,NY,41.543980,-73.868190,2900
brinkley,AR,34.887870,-91.194570,2890
brinnon,WA,47.679260,-122.898210,797
briny breezes,FL,26.508410,-80.050870,603
brisbane,CA,37.680770,-122.399970,4717
bristol,CT,41.671760,-72.949270,60452
bristol,FL,30.432470,-84.977020,976
bristol,IN,41.721440,-85.817490,1667
bristol,ME,43.957580,-69.509210,2749
bristol,NH,43.591190,-71.736750,1688
bristol,PA,40.100670,-74.851830,9569
bristol,RI,41.677050,-71.266160,22795
bristol,TN,36.595110,-82.188740,26666
bristol,TX,32.461530,-96.569990,668
bristol,VA,36.596490,-82.188470,17141
bristol,VT,44.133390,-73.079010,2030
bristol,WI,42.558910,-88.049250,4951
bristow,OK,35.830630,-96.391120,4248
bristow,VA,38.722890,-77.536100,8910
britt,IA,43.097740,-93.801890,1973
brittany farms-highlands,PA,40.269010,-75.214010,3695
britton,MI,41.986710,-83.831050,569
britton,SD,45.791620,-97.750940,1242
broad channel,NY,40.603160,-73.820410,2443
broad creek,NC,34.720720,-76.936330,2334
broad ripple,IN,39.866710,-86.141650,17041
broadalbin,NY,43.058680,-74.196520,1303
broadlands,VA,39.018160,-77.520270,12313
broadmoor,CA,37.686600,-122.482750,4176
broadus,MT,45.443870,-105.411330,488
broadview,IL,41.863920,-87.853390,7918
broadview heights,OH,41.313940,-81.685130,19229
broadview park,FL,26.099530,-80.208660,7125
broadway,NC,35.457930,-79.053080,1264
broadway,VA,38.613170,-78.798910,3807
broadway east,MD,39.308460,-76.588820,3376
brock hall,MD,38.850110,-76.761080,9552
brockport,NY,43.213670,-77.939180,8357
brockton,MA,42.083430,-71.018380,95314
brockway,PA,41.249230,-78.799470,2040
brocton,NY,42.388670,-79.441160,1429
brodhead,KY,37.404250,-84.413830,1205
brodhead,WI,42.618340,-89.376230,3291
brodheadsville,PA,40.924540,-75.393790,1800
broening manor,MD,39.274240,-76.537830,1971
brogden,NC,35.292660,-78.034430,2633
broken arrow,OK,36.052600,-95.790820,106563
broken bow,NE,41.401950,-99.639280,3551
broken bow,OK,34.029280,-94.739100,4131
bromley,KY,39.082000,-84.560220,809
bronson,FL,29.447740,-82.642330,1110
bronson,MI,41.872270,-85.194700,2335
bronte,TX,31.887370,-100.291760,972
bronxville,NY,40.938150,-73.832080,6438
brook,IN,40.866430,-87.363640,972
brook farm,MA,42.288590,-71.163030,6551
brook highland,AL,33.435660,-86.673880,6746
brook park,OH,41.398380,-81.804580,18809
brookdale,CA,37.106340,-122.106080,1991
brookdale,NJ,40.833710,-74.182920,9239
brookdale,SC,33.506820,-80.823420,4873
brookfield,IL,41.823920,-87.851730,18944
brookfield,MA,42.213980,-72.102300,833
brookfield,MO,39.784470,-93.073530,4358
brookfield,NH,43.558970,-71.065340,643
brookfield,NJ,39.882610,-75.015720,675
brookfield,WI,43.060570,-88.106480,38025
brookfield center,OH,41.240610,-80.557850,1207
brookhaven,GA,33.858440,-84.340200,51910
brookhaven,MS,31.579060,-90.440650,12414
brookhaven,NY,40.779270,-72.915380,3451
brookhaven,PA,39.869280,-75.382410,8078
brookhaven,WV,39.611750,-79.904510,5171
brookings,OR,42.052610,-124.283980,6476
brookings,SD,44.311360,-96.798390,23657
brookland,AR,35.900070,-90.582050,2977
brookland,DC,38.932890,-76.984140,8259
brooklawn,NJ,39.878170,-75.120730,1933
brooklet,GA,32.379630,-81.663170,1457
brooklin,ME,44.266190,-68.569190,874
brookline,MA,42.331760,-71.121160,58732
brookline,NH,42.734810,-71.658130,4650
brooklyn,CT,41.788150,-71.949800,981
brooklyn,IA,41.733610,-92.445460,1420
brooklyn,IL,38.658660,-90.165940,715
brooklyn,IN,39.539210,-86.369160,1601
brooklyn,MD,39.230390,-76.602190,9549
brooklyn,MI,42.105870,-84.248280,1198
brooklyn,NY,40.650100,-73.949580,2736074
brooklyn,OH,41.439770,-81.735410,10899
brooklyn,WI,42.853610,-89.370400,1449
brooklyn center,MN,45.076080,-93.332730,30770
brooklyn heights,NY,40.695380,-73.993750,20256
brooklyn heights,OH,41.425330,-81.688180,1543
brooklyn park,MD,39.228440,-76.616360,14373
brooklyn park,MN,45.094130,-93.356340,79149
brookmont,MD,38.942060,-77.120260,3468
brookneal,VA,37.050140,-78.944180,1119
brookport,IL,37.123670,-88.630330,930
brookridge,FL,28.551100,-82.492040,4420
brooks,GA,33.290950,-84.459370,547
brooks,KY,38.061180,-85.709680,2401
brooks,ME,44.550350,-69.120870,1063
brookshire,TX,29.786060,-95.951070,5120
brookside,AL,33.637880,-86.916660,1329
brookside,DE,39.667060,-75.726880,14353
brookside,OH,40.070630,-80.760920,614
brookside village,TX,29.586900,-95.325220,1570
brookston,IN,40.602810,-86.867230,1534
brooksville,FL,28.555540,-82.389910,7854
brooksville,KY,38.682570,-84.065760,638
brooksville,ME,44.346740,-68.683640,947
brooksville,MS,33.234570,-88.582270,1173
brooktrails,CA,39.443770,-123.385290,3235
brookville,IN,39.423110,-85.012740,2566
brookville,NY,40.813160,-73.567350,3566
brookville,OH,39.836720,-84.411340,5900
brookville,PA,41.161170,-79.083090,3868
brookwood,AL,33.255670,-87.320830,1822
broomall,PA,39.981500,-75.356580,10789
broomfield,CO,39.920540,-105.086650,65065
brooten,MN,45.501080,-95.124470,745
brothertown,WI,43.968050,-88.308990,1321
broussard,LA,30.147150,-91.961230,11303
broward estates,FL,26.125640,-80.193380,3777
browerville,MN,46.085800,-94.865860,757
brown city,MI,43.212250,-82.989660,1274
brown deer,WI,43.163340,-87.964530,12102
brownfield,ME,43.938130,-70.908680,1301
brownfield,TX,33.181200,-102.274350,9736
browning,MT,48.556920,-113.013420,1027
brownlee park,MI,42.318930,-85.142490,2108
browns lake,WI,42.692520,-88.231200,2039
browns mills,NJ,39.972610,-74.582930,11223
browns point,WA,47.300380,-122.441240,1198
browns valley,MN,45.595240,-96.833410,557
brownsboro,TX,32.302370,-95.613570,1073
brownsboro farm,KY,38.302850,-85.596070,664
brownsburg,IN,39.843380,-86.397770,24996
brownsdale,MN,43.740240,-92.869350,684
brownsfield,LA,30.546580,-91.120660,5401
brownstown,IL,38.995880,-88.952840,747
brownstown,IN,38.878940,-86.041920,2952
brownstown,PA,40.123710,-76.213840,2816
brownsville,FL,25.821760,-80.241160,15313
brownsville,KY,37.192550,-86.267750,826
brownsville,LA,32.487090,-92.154300,4317
brownsville,NY,40.660940,-73.920140,74497
brownsville,OR,44.393460,-122.984810,1738
brownsville,PA,40.023690,-79.883940,2292
brownsville,TN,35.593970,-89.262290,9876
brownsville,TX,25.901750,-97.497480,186738
brownsville,WI,43.616380,-88.490660,582
brownton,MN,44.731910,-94.350260,738
browntown,PA,41.309800,-75.787420,1418
brownville,ME,45.307000,-69.033370,1309
brownville,NJ,40.400660,-74.295150,2383
brownville,NY,44.007000,-75.984090,1156
brownwood,TX,31.709320,-98.991160,19031
broxton,GA,31.625190,-82.886810,1190
bruce,MS,33.992060,-89.348960,1906
bruce,WI,45.456910,-91.273210,729
bruceton,TN,36.038120,-88.244490,1434
bruceville-eddy,TX,31.305170,-97.251670,1497
bruin,PA,41.054780,-79.726720,505
brundidge,AL,31.720160,-85.816060,1989
bruno,WV,37.690660,-81.869010,544
brunson,SC,32.925440,-81.187330,523
brunswick,GA,31.150130,-81.491470,16157
brunswick,MD,39.314270,-77.627770,6116
brunswick,ME,43.914520,-69.965330,15175
brunswick,MO,39.423360,-93.130480,830
brunswick,NC,34.286840,-78.701130,1131
brunswick,OH,41.238110,-81.841800,34689
brunswick station,ME,43.886700,-69.932640,578
brush,CO,40.258870,-103.623840,5459
brush fork,WV,37.280950,-81.255930,1197
brush prairie,WA,45.732890,-122.546490,2652
brushy,OK,35.557040,-94.725500,900
brushy creek,TX,30.513530,-97.739730,21764
brusly,LA,30.394360,-91.253720,2785
brussels,WI,44.736110,-87.620930,1110
bryan,OH,41.474770,-84.552450,8436
bryan,TX,30.674360,-96.369960,82118
bryans road,MD,38.627060,-77.073030,7244
bryant,AR,34.595930,-92.489050,19986
bryant,WA,48.238990,-122.157920,1870
bryantown,MD,38.555120,-76.841910,655
bryn athyn,PA,40.131500,-75.067390,1392
bryn mawr,PA,40.303960,-80.086720,5009
bryn mawr-skyway,WA,47.494300,-122.240920,15645
bryson,TX,33.161230,-98.385610,528
bryson city,NC,35.431270,-83.449440,1458
buchanan,GA,33.802600,-85.188560,1156
buchanan,MI,41.827270,-86.361120,4362
buchanan,NY,41.262040,-73.938190,2268
buchanan,VA,37.527360,-79.679760,1178
buchanan dam,TX,30.739900,-98.431140,1519
buchanan lake village,TX,30.850730,-98.449480,692
buchtel,OH,39.462010,-82.181810,557
buckatunna,MS,31.539050,-88.528920,516
buckeye,AZ,33.370320,-112.583780,50876
buckeye lake,OH,39.933680,-82.472380,2760
buckeystown,MD,39.334820,-77.431650,1019
buckfield,ME,44.289510,-70.365340,1791
buckhall,VA,38.731780,-77.431100,16293
buckhannon,WV,38.993990,-80.232030,5657
buckhead ridge,FL,27.130330,-80.893670,1450
buckholts,TX,30.872970,-97.124990,509
buckhorn,CA,38.452160,-120.528540,2429
buckingham,FL,26.675070,-81.732030,4036
buckingham,VA,37.550150,-78.555560,0
buckland,MA,42.592310,-72.791760,2026
buckley,IL,40.596980,-88.038100,569
buckley,MI,44.504450,-85.677010,705
buckley,WA,47.163160,-122.026780,4550
bucklin,KS,37.547240,-99.634290,794
buckner,KY,38.383680,-85.439960,5837
buckner,MO,39.132510,-94.198560,3067
bucksport,ME,44.573690,-68.795590,2885
bucksport,SC,33.664890,-79.102540,876
bucoda,WA,46.798990,-122.869850,566
bucyrus,OH,40.808390,-82.975460,11916
buda,IL,41.326150,-89.678990,519
buda,TX,30.085210,-97.840280,13705
budd lake,NJ,40.871210,-74.734050,8968
bude,MS,31.462950,-90.850100,1012
buechel,KY,38.195070,-85.651900,7287
buellton,CA,34.613600,-120.192650,5082
buena,NJ,39.513730,-74.924620,4603
buena,WA,46.428740,-120.313390,990
buena park,CA,33.867510,-117.998120,83270
buena vista,CA,37.321330,-121.916620,1704
buena vista,CO,38.842220,-106.131130,2760
buena vista,GA,32.319040,-84.517140,2206
buena vista,MI,43.420300,-83.898580,6816
buena vista,VA,37.734300,-79.353920,6618
buenaventura lakes,FL,28.335840,-81.353130,26079
buffalo,IA,41.456420,-90.723470,1299
buffalo,IN,40.882540,-86.745290,692
buffalo,MN,45.171910,-93.874690,16026
buffalo,MO,37.643930,-93.092410,3040
buffalo,NY,42.886450,-78.878370,258071
buffalo,OK,36.835590,-99.630400,1311
buffalo,SC,34.725690,-81.683430,1266
buffalo,SD,45.584160,-103.546030,345
buffalo,TX,31.463790,-96.058020,1887
buffalo,WV,38.617590,-81.981800,1253
buffalo,WY,44.348310,-106.698940,4632
buffalo (historical),IA,41.311100,-94.003560,1262
buffalo center,IA,43.385790,-93.946620,895
buffalo city,WI,44.230520,-91.864320,973
buffalo grove,IL,42.151410,-87.959790,41496
buffalo lake,MN,44.737180,-94.616930,690
buffalo soapstone,AK,61.716230,-149.099990,855
buford,GA,34.120660,-84.004350,13748
buhl,ID,42.599070,-114.759490,4275
buhl,MN,47.493540,-92.777960,990
buhler,KS,38.134450,-97.770050,1332
buies creek,NC,35.413220,-78.735570,2942
bull creek,MO,36.715060,-93.203510,595
bull run,VA,38.783730,-77.520550,14983
bull run mountain estates,VA,38.903720,-77.661660,1251
bull shoals,AR,36.383960,-92.581550,1933
bull valley,IL,42.320580,-88.355090,1104
bullard,TX,32.139880,-95.320230,2832
bullhead city,AZ,35.147780,-114.568300,39445
bulls gap,TN,36.257040,-83.086000,724
bulverde,TX,29.743830,-98.453070,4925
buna,TX,30.432980,-93.962400,2142
bunche park,FL,25.920650,-80.236990,4080
bunk foss,WA,47.961710,-122.094410,3570
bunker hill,IL,39.042820,-89.951770,1716
bunker hill,IN,40.660320,-86.102770,858
bunker hill,OR,43.355950,-124.204830,1444
bunker hill village,TX,29.767450,-95.529940,3957
bunkerville,NV,36.773030,-114.128020,1303
bunkie,LA,30.953250,-92.182630,4066
bunnell,FL,29.466090,-81.257840,2828
bunnlevel,NC,35.309610,-78.780300,552
buras,LA,29.351890,-89.524220,945
burbank,CA,34.180840,-118.308970,105319
burbank,IL,41.733920,-87.779500,29128
burbank,WA,46.199860,-119.013060,3291
burden,KS,37.312800,-96.754200,533
burgaw,NC,34.552110,-77.926100,4100
burgettstown,PA,40.382010,-80.392840,1352
burgin,KY,37.753410,-84.766610,965
burien,WA,47.470380,-122.346790,50467
burkburnett,TX,34.097870,-98.570610,11043
burke,SD,43.182500,-99.292050,589
burke,TX,31.231850,-94.768540,735
burke,VA,38.793450,-77.271650,41055
burkesville,KY,36.790340,-85.370520,1515
burleigh,NJ,39.045670,-74.851560,725
burleith-leighton,MD,39.319250,-76.660710,638
burleson,TX,32.542080,-97.320850,43625
burley,ID,42.535740,-113.792790,10436
burley,WA,47.417870,-122.630970,2057
burlingame,CA,37.584100,-122.366080,30459
burlingame,KS,38.753890,-95.834990,892
burlington,CO,39.306110,-102.269360,3720
burlington,IA,40.807540,-91.112920,25410
burlington,IL,42.052800,-88.548140,637
burlington,IN,40.480310,-86.394720,596
burlington,KS,38.194470,-95.742760,2615
burlington,KY,39.027560,-84.724110,15926
burlington,MA,42.504820,-71.195610,24498
burlington,NC,36.095690,-79.437800,52472
burlington,ND,48.275290,-101.428780,1181
burlington,NJ,40.071220,-74.864890,9808
burlington,OH,38.407300,-82.535710,2676
burlington,VT,44.475880,-73.212070,42452
burlington,WA,48.475660,-122.325440,8633
burlington,WI,42.678070,-88.276200,10650
burlington junction,MO,40.445550,-95.066090,506
burnet,TX,30.758240,-98.228360,6239
burnettown,SC,33.511000,-81.852000,2673
burney,CA,40.882380,-121.660820,3154
burnham,IL,41.638920,-87.556710,4210
burnham,ME,44.692840,-69.427550,1187
burnham,PA,40.638680,-77.568610,2018
burns,OR,43.586260,-119.054100,2757
burns,TN,36.053390,-87.312510,1473
burns flat,OK,35.348940,-99.170360,2049
burns harbor,IN,41.625870,-87.133370,1609
burnside,AZ,35.751120,-109.624550,537
burnside,KY,36.988970,-84.599940,843
burnsville,MN,44.767740,-93.277720,61481
burnsville,MS,34.840650,-88.314770,932
burnsville,NC,35.917340,-82.300960,1660
burnt store marina,FL,26.765070,-82.050920,1793
burr oak,MI,41.847270,-85.318590,819
burr ridge,IL,41.748920,-87.918390,10818
burrton,KS,38.023900,-97.669770,895
burt,IA,43.197460,-94.219690,511
burt,MI,43.236690,-83.906360,1228
burton,MI,42.999470,-83.616340,28788
burton,OH,41.470610,-81.145100,1461
burton,SC,32.435750,-80.724000,6976
burtonsville,MD,39.111220,-76.932480,8323
burwell,NE,41.781670,-99.133150,1211
busby,MT,45.537210,-106.955610,745
bushland,TX,35.192000,-102.064640,1500
bushnell,FL,28.664990,-82.112860,2995
bushnell,IL,40.552820,-90.506240,2976
bushwick,NY,40.694270,-73.918750,112620
bushyhead,OK,36.461480,-95.494140,1314
bustleton,PA,40.082610,-75.031560,32655
butcher's hill,MD,39.289550,-76.588300,1970
butler,AL,32.089590,-88.221970,1798
butler,GA,32.557090,-84.238250,1885
butler,IN,41.429770,-84.871350,2701
butler,KY,38.786460,-84.369660,588
butler,MO,38.258630,-94.330510,4091
butler,NJ,41.003710,-74.341540,7701
butler,OH,40.588390,-82.424890,912
butler,PA,40.861180,-79.895330,13289
butler,WI,43.105840,-88.069530,1825
butler beach,FL,29.798300,-81.267010,4951
butlertown,MD,39.282610,-76.104390,505
butner,NC,36.132090,-78.756670,7751
butte,AK,61.542220,-149.033330,3246
butte,MT,46.003820,-112.534740,34190
butte,NE,42.911390,-98.849260,310
butte des morts,WI,44.099430,-88.654000,962
butterfield,MN,43.958290,-94.794700,594
buttonwillow,CA,35.400520,-119.469560,1508
buxton,ME,43.637860,-70.518940,8136
buxton,NC,35.267680,-75.542370,1273
buzzards bay,MA,41.745380,-70.618090,3859
byers,CO,39.711370,-104.227740,1160
byesville,OH,39.969790,-81.536510,2375
byhalia,MS,34.872320,-89.690640,1255
bylas,AZ,33.134280,-110.120040,1962
byng,OK,34.861200,-96.665570,1191
bynum,AL,33.613160,-85.961080,1795
byram,CT,41.004260,-73.653740,4146
byram,MS,32.179320,-90.245370,11509
byrdstown,TN,36.574510,-85.128840,814
byrnes mill,MO,38.437830,-90.581790,2888
byromville,GA,32.202110,-83.908510,520
byron,CA,37.867150,-121.638010,1277
byron,GA,32.653760,-83.759630,5105
byron,IL,42.126970,-89.255660,3648
byron,MI,42.822810,-83.944400,558
byron,MN,44.032740,-92.645460,5328
byron,NY,43.079780,-78.063900,2369
byron,WY,44.796340,-108.506510,617
byron center,MI,42.812250,-85.722810,5822
bystrom,CA,37.620760,-120.985770,4008
cabazon,CA,33.917520,-116.787240,2535
cabin john,MD,38.975390,-77.158030,2280
cabool,MO,37.123940,-92.101270,2130
cabot,AR,34.974530,-92.016530,25587
cache,OK,34.629520,-98.628670,2925
cactus,TX,36.052260,-102.002400,3197
cactus flat,AZ,32.758400,-109.716190,1518
cactus forest,AZ,32.960060,-111.319840,594
caddo,OK,34.126760,-96.263320,1048
caddo mills,TX,33.065670,-96.227760,1470
caddo valley,AR,34.182040,-93.071010,607
cade,LA,30.087420,-91.905400,1723
cadillac,MI,44.251950,-85.401160,10373
cadiz,KY,36.865050,-87.835300,2626
cadiz,OH,40.272850,-80.996760,3271
cadott,WI,44.948020,-91.150700,1426
cadwell,GA,32.339620,-83.042090,530
cahaba heights,AL,33.464000,-86.731930,5287
cahokia,IL,38.570880,-90.190110,14402
cairnbrook,PA,40.118970,-78.818080,520
cairo,GA,30.877510,-84.202140,9752
cairo,IL,37.005330,-89.176460,1733
cairo,NE,41.001120,-98.607570,807
cairo,NY,42.298970,-73.998470,1402
cairo,OH,40.832000,-84.086060,531
cajahs mountain,NC,35.834850,-81.541480,2823
calabasas,CA,34.157780,-118.638420,23058
calabash,NC,33.890730,-78.568340,2119
calais,ME,45.183760,-67.276620,2980
calcium,NY,44.021730,-75.846040,3491
calcutta,OH,40.673400,-80.576460,3742
caldwell,ID,43.662940,-116.687360,51686
caldwell,KS,37.032250,-97.606990,1030
caldwell,NJ,40.839820,-74.276540,7948
caldwell,OH,39.747850,-81.516510,1690
caldwell,TX,30.531320,-96.693030,4283
caledonia,MI,42.789200,-85.516690,1590
caledonia,MN,43.634690,-91.496810,2787
caledonia,MS,33.682890,-88.324480,1017
caledonia,NY,42.973120,-77.852780,2146
caledonia,OH,40.636450,-82.969070,557
caledonia,WI,42.807800,-87.924250,24684
calera,AL,33.102900,-86.753600,13213
calera,OK,33.934540,-96.428600,2247
calexico,CA,32.678950,-115.498880,40053
calhan,CO,39.035550,-104.297190,789
calhoun,GA,34.502590,-84.951050,16309
calhoun,KY,37.538940,-87.258330,762
calhoun,LA,32.512650,-92.358470,679
calhoun city,MS,33.855390,-89.311460,1739
calhoun falls,SC,34.092340,-82.595690,1964
calico rock,AR,36.119510,-92.135990,1734
caliente,NV,37.614960,-114.511940,1109
califon,NJ,40.719540,-74.835720,1080
california,MD,38.300400,-76.507450,11857
california,MO,38.627530,-92.566580,4396
california,PA,40.065630,-79.891710,6608
california city,CA,35.125800,-117.985900,13277
california pines,CA,41.409890,-120.679130,520
calimesa,CA,34.003900,-117.061980,8542
calipatria,CA,33.125600,-115.514150,7424
calistoga,CA,38.578800,-122.579710,5330
callahan,FL,30.562180,-81.830660,1185
callaway,FL,30.152980,-85.569930,14405
callaway,NE,41.291950,-99.922620,522
callaway-garrison,MD,39.331560,-76.679630,1582
callender,CA,35.053030,-120.596280,1262
calmar,IA,43.183580,-91.864050,960
caln,PA,39.990940,-75.780220,1519
calpella,CA,39.233500,-123.203890,679
calumet,MI,47.246590,-88.454010,703
calumet,OK,35.601160,-98.118670,564
calumet,PA,40.210900,-79.485320,1241
calumet city,IL,41.615590,-87.529490,37031
calumet park,IL,41.662810,-87.660600,7865
calvert,TX,30.977970,-96.673860,1151
calvert beach,MD,38.465960,-76.477170,808
calvert city,KY,37.033390,-88.350040,2532
calverton,MD,39.057610,-76.935810,17724
calverton,NY,40.906490,-72.743430,6510
calverton park,MO,38.764770,-90.313730,1293
calwa,CA,36.710510,-119.758480,818
calypso,NC,35.153780,-78.105270,548
camanche,IA,41.788090,-90.256240,4341
camanche north shore,CA,38.244340,-120.953910,979
camanche village,CA,38.269920,-120.973270,847
camano,WA,48.173990,-122.528210,14202
camargo,KY,37.994250,-83.887700,1124
camarillo,CA,34.216390,-119.037600,67608
camas,WA,45.587060,-122.399540,21846
cambria,CA,35.564140,-121.080750,6032
cambria,IL,37.781440,-89.119250,1265
cambria,WI,43.542210,-89.107340,754
cambria heights,NY,40.694550,-73.738470,20287
cambrian park,CA,37.256890,-121.930790,3282
cambridge,IA,41.898320,-93.529100,821
cambridge,IL,41.303650,-90.192900,2113
cambridge,MA,42.375100,-71.105610,110402
cambridge,MD,38.563170,-76.078830,12507
cambridge,ME,45.024220,-69.473940,512
cambridge,MN,45.572740,-93.224390,8451
cambridge,NE,40.281950,-100.165690,1051
cambridge,NY,43.028130,-73.381220,1830
cambridge,OH,40.031180,-81.588460,10402
cambridge,WI,43.003610,-89.016500,1494
cambridge city,IN,39.812550,-85.171630,1784
cambridge springs,PA,41.803670,-80.056440,2538
cambridgeport,MA,42.358430,-71.103660,13438
camden,AL,31.990980,-87.290550,1930
camden,AR,33.584560,-92.834330,11347
camden,DE,39.113450,-75.541870,3505
camden,IN,40.608650,-86.540000,600
camden,ME,44.209800,-69.064760,3570
camden,MI,41.752270,-84.757730,504
camden,NC,36.328490,-76.171880,599
camden,NJ,39.925950,-75.119620,76119
camden,NY,43.334510,-75.747960,2202
camden,OH,41.237830,-82.305720,2281
camden,SC,34.246540,-80.607020,7085
camden,TN,36.058950,-88.097820,3575
camden point,MO,39.452780,-94.741630,526
camdenton,MO,38.008090,-92.744630,3880
cameron,AZ,35.875830,-111.412920,885
cameron,LA,29.797720,-93.325150,406
cameron,MO,39.740280,-94.241060,9836
cameron,TX,30.853250,-96.976930,5460
cameron,WI,45.408570,-91.744060,1795
cameron,WV,39.827020,-80.566470,903
cameron park,CA,38.668790,-120.987160,18228
cameron park,TX,25.964520,-97.476650,6963
cameron park colonia,TX,25.971470,-97.478320,6963
cameron village,MD,39.356660,-76.599580,1310
camilla,GA,31.231290,-84.210460,5089
camillus,NY,43.039230,-76.304100,1228
camino,CA,38.738240,-120.674930,1750
cammack village,AR,34.778150,-92.349040,748
camp douglas,WI,43.922470,-90.271520,607
camp h.m. smith,HI,21.384710,-157.909620,6626
camp hill,AL,32.800410,-85.653570,981
camp hill,PA,40.239810,-76.919970,7923
camp lake,WI,42.534740,-88.143700,3665
camp meeker,CA,38.425190,-122.959440,2461
camp pendleton north,CA,33.314650,-117.316030,5200
camp pendleton south,CA,33.228440,-117.379290,10616
camp point,IL,40.039210,-91.069300,1125
camp springs,MD,38.804000,-76.906640,19096
camp swift,TX,30.190770,-97.292210,6383
camp verde,AZ,34.563640,-111.854320,11155
camp wood,TX,29.669390,-100.012290,701
campbell,CA,37.287170,-121.949960,41117
campbell,FL,28.258900,-81.456460,2479
campbell,MO,36.493390,-90.075090,1922
campbell,NY,42.233130,-77.197470,713
campbell,OH,41.078390,-80.599240,7982
campbell,TX,33.148170,-95.951360,656
campbellsburg,IN,38.651440,-86.261090,578
campbellsburg,KY,38.523680,-85.202730,828
campbellsport,WI,43.597770,-88.278990,1978
campbellsville,KY,37.343400,-85.341910,11237
campbelltown,PA,40.277590,-76.585250,3616
campion,CO,40.349430,-105.077760,1839
campo,CA,32.606450,-116.468910,2684
campobello,SC,35.115670,-82.150110,526
campti,LA,31.893500,-93.118220,1044
campton,KY,37.734250,-83.547410,431
cana,VA,36.589580,-80.671730,1254
canaan,CT,42.027310,-73.329280,1212
canaan,ME,44.761730,-69.561440,2097
canaan,NH,43.647570,-72.011750,524
canadensis,PA,41.192040,-75.251290,2164
canadian,TX,35.912820,-100.382080,3013
canadian lakes,MI,43.579190,-85.301700,2756
canadohta lake,PA,41.813670,-79.834770,516
canajoharie,NY,42.905630,-74.571810,2163
canal fulton,OH,40.889780,-81.597620,5487
canal winchester,OH,39.842840,-82.804620,7818
canandaigua,NY,42.874230,-77.288040,10431
canarsie,NY,40.643720,-73.900690,87366
canaseraga,NY,42.461460,-77.776940,524
canastota,NY,43.079510,-75.750740,4661
canby,MN,44.708850,-96.276430,1709
canby,OR,45.262900,-122.692590,17271
candia,NH,43.077860,-71.276730,4405
candler-mcafee,GA,33.726720,-84.272460,23025
cando,ND,48.486670,-99.209860,1122
candor,NC,35.295140,-79.745320,838
candor,NY,42.232850,-76.342440,815
cane savannah,SC,33.901820,-80.450360,1117
caney,KS,37.011460,-95.935260,2080
caneyville,KY,37.424220,-86.488310,620
canfield,OH,41.025060,-80.760910,7355
canisteo,NY,42.270350,-77.605820,2204
canistota,SD,43.597760,-97.290620,638
cannelton,IN,37.911440,-86.744430,1517
cannon air force base,NM,34.396890,-103.324440,2245
cannon ball,ND,46.389440,-100.594010,875
cannon beach,OR,45.891770,-123.961530,1702
cannon falls,MN,44.506910,-92.905480,4062
cannonsburg,KY,38.388690,-82.702660,856
canoga park,CA,34.201120,-118.598140,60578
canon,GA,34.346220,-83.109870,803
canonsburg,PA,40.262570,-80.187280,8922
canterbury,NH,43.337020,-71.565350,2108
canterwood,WA,47.375100,-122.589300,3079
canton,GA,34.236760,-84.490760,25469
canton,IL,40.558090,-90.035120,14211
canton,KS,38.386120,-97.428090,734
canton,MA,42.158430,-71.144770,21679
canton,MD,39.280390,-76.566630,12731
canton,ME,44.440800,-70.316490,1165
canton,MI,42.308650,-83.482160,86825
canton,MO,40.129500,-91.518520,2377
canton,MS,32.612640,-90.036750,13676
canton,NC,35.532880,-82.837360,4190
canton,NY,44.595620,-75.169090,6570
canton,OH,40.798950,-81.378450,71885
canton,OK,36.053650,-98.588420,615
canton,PA,41.656460,-76.853290,1920
canton,SD,43.300810,-96.592820,3331
canton,TX,32.556520,-95.863300,3752
canton industrial area,MD,39.268610,-76.555620,925
canton valley,CT,41.834260,-72.891770,1580
cantonment,FL,30.608530,-87.339980,26493
canute,OK,35.421990,-99.279530,545
canutillo,TX,31.911490,-106.600270,6321
canyon,TX,34.980330,-101.918800,14887
canyon city,OR,44.389600,-118.950230,672
canyon country,CA,34.423330,-118.472030,59530
canyon day,AZ,33.784770,-110.026490,1209
canyon lake,CA,33.685020,-117.273090,11080
canyon lake,TX,29.875220,-98.262510,21262
canyon rim,UT,40.706610,-111.821880,10062
canyonville,OR,42.927340,-123.281170,1911
capac,MI,43.012530,-82.927990,1849
cape canaveral,FL,28.405840,-80.604770,9912
cape carteret,NC,34.691550,-77.063000,2066
cape charles,VA,37.270080,-76.016490,1017
cape coral,FL,26.562850,-81.949530,175229
cape girardeau,MO,37.305880,-89.518150,39462
cape may,NJ,38.935110,-74.906010,3514
cape may court house,NJ,39.082610,-74.823780,5338
cape neddick,ME,43.193700,-70.620890,2568
cape saint claire,MD,39.043170,-76.444960,8747
cape vincent,NY,44.127830,-76.333000,741
capitan,NM,33.545360,-105.572200,1392
capitol gateway,DC,38.891130,-76.918510,7374
capitol heights,MD,38.885110,-76.915810,4574
capitol hill,DC,38.889000,-77.000250,15056
capitol riverfront,DC,38.877960,-77.003140,18874
capitola,CA,36.975230,-121.953290,10189
capron,IL,42.399740,-88.740380,1348
captain cook,HI,19.496940,-155.921670,3429
captains cove,VA,37.989960,-75.422720,1042
captiva,FL,26.522020,-82.189260,583
caraway,AR,35.758130,-90.322320,1270
carbon cliff,IL,41.494760,-90.390680,2037
carbon hill,AL,33.891770,-87.526120,1975
carbonado,WA,47.079820,-122.051500,625
carbondale,CO,39.402210,-107.211160,6670
carbondale,IL,37.727270,-89.216750,26399
carbondale,KS,38.818620,-95.689150,1396
carbondale,PA,41.573690,-75.501850,8566
carbonville,UT,39.619960,-110.834330,1567
cardington,OH,40.500620,-82.893510,2047
cardwell,MO,36.047010,-90.292880,687
carefree,AZ,33.822260,-111.918200,3610
carencro,LA,30.317140,-92.049010,8575
carey,ID,43.307680,-113.944750,602
carey,OH,40.952560,-83.382420,3586
caribou,ME,46.860600,-68.011970,7816
carl junction,MO,37.176720,-94.565510,7729
carle place,NY,40.752600,-73.610410,4981
carleton,MI,42.059210,-83.390770,2338
carlin,NV,40.713810,-116.103970,2302
carlinville,IL,39.279770,-89.881770,5665
carlisle,AR,34.783150,-91.746520,2183
carlisle,IA,41.500820,-93.491050,4168
carlisle,IN,38.968380,-87.405570,692
carlisle,KY,38.312020,-84.027430,2010
carlisle,MA,42.529260,-71.349500,4799
carlisle,OH,39.582000,-84.320220,5259
carlisle,OK,35.500650,-95.026340,606
carlisle,PA,40.201480,-77.188870,19143
carlisle-rockledge,AL,34.114450,-86.124070,2137
carlock,IL,40.582260,-89.132030,555
carlsbad,CA,33.158090,-117.350590,114746
carlsbad,NM,32.420670,-104.228840,28957
carlsbad,TX,31.605430,-100.643430,719
carlsborg,WA,48.090650,-123.172120,995
carlstadt,NJ,40.840380,-74.090700,6279
carlton,MN,46.663830,-92.424910,1048
carlton,MT,46.675760,-114.078720,694
carlton,OR,45.294280,-123.176490,2067
carlyle,IL,38.610330,-89.372580,3224
carlyss,LA,30.168820,-93.375990,4670
carmel,IN,39.978370,-86.118040,88713
carmel,ME,44.797570,-69.051150,2512
carmel,NY,41.430090,-73.680130,4800
carmel hamlet,NY,41.414850,-73.685240,6817
carmel valley village,CA,36.506050,-121.765940,4407
carmel-by-the-sea,CA,36.555240,-121.923290,3897
carmi,IL,38.090880,-88.158650,5119
carmichael,CA,38.617130,-121.328280,61762
carnation,WA,47.647880,-121.914010,1873
carnegie,OK,35.103670,-98.603670,1700
carnegie,PA,40.408680,-80.083390,7931
carnelian bay,CA,39.226850,-120.081860,524
carnesville,GA,34.369830,-83.235160,580
carney,MD,39.394270,-76.523580,29941
carney,OK,35.808390,-97.012810,661
carneys point,NJ,39.711220,-75.470200,7382
carnot-moon,PA,40.518560,-80.217360,11372
carnuel,NM,35.063940,-106.457250,1232
caro,MI,43.490730,-83.398850,4099
caroga lake,NY,43.137850,-74.481250,518
carol city,FL,25.940650,-80.245600,63031
carol stream,IL,41.912530,-88.134790,40356
caroleen,NC,35.280960,-81.796210,652
carolina,RI,41.457040,-71.663400,970
carolina beach,NC,34.035170,-77.893600,6137
carolina shores,NC,33.901010,-78.580570,3767
carpendale,WV,39.633210,-78.783740,937
carpenter,PA,40.052330,-75.200180,5300
carpentersville,IL,42.121140,-88.257860,38512
carpinteria,CA,34.398880,-119.518460,13727
carrabelle,FL,29.853260,-84.664350,2729
carrboro,NC,35.910140,-79.075290,21156
carriage club,CO,39.532490,-104.901090,1090
carrier mills,IL,37.684220,-88.632830,1625
carriere,MS,30.616860,-89.652560,13198
carrington,ND,47.449720,-99.126220,2072
carrizo hill,TX,28.503600,-99.829500,582
carrizo springs,TX,28.521930,-99.860610,5898
carrizozo,NM,33.641740,-105.877210,941
carroll,IA,42.065820,-94.866930,9968
carroll,NH,44.298400,-71.540640,706
carroll,OH,39.798950,-82.701000,520
carroll park,PA,39.970950,-75.236570,11767
carroll valley,PA,39.749260,-77.383040,3941
carroll-south hilton,MD,39.285790,-76.666910,1241
carrollton,AL,33.261690,-88.095030,988
carrollton,GA,33.580110,-85.076610,26203
carrollton,IL,39.302270,-90.407060,2429
carrollton,KY,38.680900,-85.179400,3886
carrollton,MI,43.458640,-83.930250,6583
carrollton,MO,39.358350,-93.495770,3638
carrollton,MS,33.508180,-89.920360,182
carrollton,OH,40.572840,-81.085650,3137
carrollton,TX,32.953730,-96.890280,133168
carrollton,VA,36.946820,-76.560510,4574
carrollton ridge,MD,39.282320,-76.648860,2318
carrolltown,PA,40.602850,-78.708630,817
carrollwood,FL,28.050020,-82.492870,33365
carrollwood village,FL,28.067520,-82.520930,40949
carson,CA,33.831410,-118.282020,93281
carson,IA,41.236660,-95.418060,816
carson,ND,46.417780,-101.564870,290
carson,WA,45.725390,-121.819240,2279
carson city,MI,43.176980,-84.846390,1090
carson city,NV,39.163800,-119.767400,58639
carsonville,MI,43.426970,-82.671320,511
carter lake,IA,41.290550,-95.918070,3791
carter springs,NV,38.861940,-119.641120,553
carteret,NJ,40.577330,-74.228200,24170
cartersville,GA,34.165330,-84.802310,20319
carterville,IL,37.760050,-89.077300,5818
carterville,MO,37.149230,-94.443000,1852
carthage,IL,40.416430,-91.136250,2545
carthage,IN,39.738380,-85.571920,890
carthage,ME,44.624230,-70.473120,541
carthage,MO,37.176450,-94.310220,14319
carthage,MS,32.732640,-89.536180,4899
carthage,NC,35.345990,-79.416970,2395
carthage,NY,43.978120,-75.609360,3591
carthage,TN,36.252280,-85.951650,2278
carthage,TX,32.157380,-94.337420,6844
cartwright,OK,33.852880,-96.561940,609
caruthers,CA,36.542730,-119.833200,2497
caruthersville,MO,36.193120,-89.655640,5930
carver,MA,41.883440,-70.762540,11718
carver,MN,44.763570,-93.625790,4311
carver ranches,FL,25.988420,-80.192270,4406
carville,LA,30.217420,-91.096210,1108
cary,IL,42.211970,-88.238140,17965
cary,NC,35.791540,-78.781120,159769
caryville,TN,36.298970,-84.223260,2200
casa blanca,AZ,33.120330,-111.888190,1388
casa conejo,CA,34.183620,-118.943430,3249
casa de oro-mount helix,CA,32.763970,-116.968770,18762
casa grande,AZ,32.879500,-111.757350,51460
casas adobes,AZ,32.323410,-110.995100,66795
cascade,IA,42.298620,-91.014860,2271
cascade,ID,44.516280,-116.041800,938
cascade,MT,47.271060,-111.700540,696
cascade,WI,43.658330,-88.007040,701
cascade locks,OR,45.669840,-121.890640,1159
cascade valley,WA,47.134590,-119.328080,2246
cascade-chipita park,CO,38.943540,-105.002370,1655
casco,ME,44.006740,-70.522840,587
casco,WI,44.557770,-87.618150,578
caseville,MI,43.941130,-83.271350,744
casey,IL,39.299200,-87.992530,2709
caseyville,IL,38.636720,-90.025660,4045
cashion,OK,35.798100,-97.678660,847
cashmere,WA,47.522350,-120.469800,3159
cashton,WI,43.741910,-90.779300,1097
caspar,CA,39.363500,-123.815850,509
casper,WY,42.866630,-106.313080,60285
caspian,MI,46.064330,-88.632890,868
cass city,MI,43.600850,-83.174670,2357
cass lake,MN,47.379400,-94.604150,747
cassadaga,NY,42.344220,-79.309490,611
casselberry,FL,28.677780,-81.327850,27056
casselton,ND,46.900530,-97.211200,2521
cassopolis,MI,41.911710,-86.010010,1729
cassville,MO,36.677010,-93.868810,3306
cassville,NY,42.945900,-75.254330,1279
cassville,WI,42.714440,-90.990680,924
cassville,WV,39.665640,-80.063680,701
castaic,CA,34.488880,-118.622870,19015
castalia,OH,41.400050,-82.808520,832
castalian springs,TN,36.393660,-86.308050,556
castanea,PA,41.124790,-77.429700,1125
castile,NY,42.628950,-78.054450,986
castine,ME,44.387850,-68.799750,1029
castle dale,UT,39.212190,-111.019610,1550
castle hayne,NC,34.355720,-77.899990,1202
castle hills,TX,29.523290,-98.516410,4424
castle pines,CO,39.458040,-104.896090,3614
castle pines north,CO,39.471740,-104.894820,10360
castle point,MO,38.758110,-90.248170,3962
castle rock,CO,39.372210,-104.856090,55591
castle rock,WA,46.275110,-122.907610,2184
castle shannon,PA,40.364790,-80.022280,8235
castleberry,AL,31.299060,-87.022470,565
castleton,VT,43.610620,-73.179830,1485
castleton-on-hudson,NY,42.518410,-73.751230,1473
castlewood,CO,39.584710,-104.901090,25271
castlewood,SD,44.722740,-97.030070,636
castlewood,VA,36.890100,-82.279590,2045
castro valley,CA,37.694100,-122.086350,61388
castroville,CA,36.765790,-121.758000,6481
castroville,TX,29.355790,-98.878640,2931
catahoula,LA,30.214640,-91.709000,1094
catalina,AZ,32.505560,-110.921110,7569
catalina foothills,AZ,32.297850,-110.918700,50796
catasauqua,PA,40.654820,-75.474630,6525
catawba,NC,35.707360,-81.075630,618
catawba,SC,34.852920,-80.911190,1343
catawissa,PA,40.952030,-76.459670,1514
cathan,WA,48.114260,-122.277370,567
cathcart,WA,47.847880,-122.099290,2458
cathedral city,CA,33.779740,-116.465290,53826
catheys valley,CA,37.432440,-120.097960,825
cathlamet,WA,46.203170,-123.383180,532
catlettsburg,KY,38.404800,-82.600440,1808
catlin,IL,40.065040,-87.701970,2007
cato,NY,43.168120,-76.573000,521
cato,WI,44.142770,-87.861200,1546
catonsville,MD,39.272050,-76.731920,41567
catoosa,OK,36.188990,-95.745820,7146
catskill,NY,42.217310,-73.864570,3874
cattaraugus,NY,42.329230,-78.868090,937
cattle creek,CO,39.458320,-107.262550,641
cavalier,ND,48.793880,-97.622310,1244
cave city,AR,35.941740,-91.548470,1868
cave city,KY,37.136720,-85.956920,2394
cave creek,AZ,33.833330,-111.950830,5341
cave junction,OR,42.162890,-123.648120,1932
cave spring,GA,34.107600,-85.336340,1175
cave spring,VA,37.227640,-80.012820,24922
cave springs,AR,36.263410,-94.231870,3076
cavetown,MD,39.644260,-77.585820,1473
cawood,KY,36.783980,-83.228230,731
cayce,SC,33.965710,-81.073980,13619
cayucos,CA,35.442750,-120.892130,2592
cayuga,IN,39.948650,-87.459740,1118
cayuga,NY,42.918960,-76.726340,527
cayuga heights,NY,42.460100,-76.487760,3822
cazenovia,NY,42.930070,-75.852690,2855
cañon city,CO,38.440980,-105.242450,16400
cecil,WI,44.809990,-88.452320,554
cecil-bishop,PA,40.318190,-80.193310,2476
cecilia,KY,37.665900,-85.956630,572
cecilia,LA,30.337140,-91.853170,1980
cecilton,MD,39.404000,-75.867440,671
cedar bluff,AL,34.220090,-85.607740,1802
cedar bluff,VA,37.087610,-81.759000,1076
cedar bluffs,NE,41.396950,-96.611420,595
cedar city,UT,37.677480,-113.061890,30184
cedar crest,NM,35.107550,-106.372800,958
cedar falls,IA,42.527760,-92.445470,41255
cedar glen lakes,NJ,39.952340,-74.399870,1421
cedar glen west,NJ,40.042060,-74.292650,1267
cedar grove,FL,30.171030,-85.625200,3397
cedar grove,NJ,40.851770,-74.229030,12457
cedar grove,NM,35.170880,-106.190020,747
cedar grove,WI,43.569720,-87.823420,2112
cedar grove,WV,38.221210,-81.427890,952
cedar hill,MO,38.353390,-90.641240,1721
cedar hill,NM,36.936950,-107.890340,847
cedar hill,TX,32.588470,-96.956120,48507
cedar hills,OR,45.504840,-122.798430,8300
cedar hills,UT,40.414120,-111.758540,10265
cedar key,FL,29.138580,-83.035120,703
cedar knolls,NJ,40.822040,-74.448760,4000
cedar lake,IN,41.364760,-87.441150,12000
cedar mill,OR,45.524840,-122.810930,14546
cedar park,PA,39.950390,-75.227400,8653
cedar park,TX,30.505200,-97.820290,65945
cedar point,NC,34.687660,-77.072450,1304
cedar rapids,IA,42.008330,-91.644070,130405
cedar ridge,CA,38.065760,-120.276860,1132
cedar springs,MI,43.223360,-85.551420,3624
cedar vale,KS,37.104200,-96.500010,533
cedar valley,UT,40.333200,-112.081150,871
cedarbrook,PA,40.077990,-75.176750,12219
cedarburg,WI,43.296670,-87.987590,11482
cedarcroft,MD,39.367050,-76.609690,626
cedaredge,CO,38.901650,-107.926450,2183
cedarhurst,NY,40.622880,-73.724300,6682
cedartown,GA,34.011230,-85.255930,9750
cedarville,AR,35.569810,-94.366880,1368
cedarville,CA,41.529060,-120.173280,514
cedarville,IL,42.375850,-89.633170,716
cedarville,MD,38.662900,-76.802190,717
cedarville,NJ,39.332610,-75.199630,776
cedarville,OH,39.744230,-83.808540,4177
cedmont,MD,39.346680,-76.534520,2524
cedonia,MD,39.332210,-76.532060,3168
celebration,FL,28.325290,-81.533130,7427
celeste,TX,33.294280,-96.194700,836
celina,OH,40.548940,-84.570230,10387
celina,TN,36.550060,-85.505250,1494
celina,TX,33.324560,-96.784440,64427
celoron,NY,42.109500,-79.283100,1070
cementon,PA,40.689260,-75.507680,1538
centennial,CO,39.579160,-104.876920,109741
centennial park,AZ,36.953810,-112.981320,1264
center,CO,37.753060,-106.108640,2204
center,MO,39.508100,-91.528770,506
center,ND,47.116380,-101.299590,564
center,NE,42.609450,-97.876730,93
center,TX,31.510730,-96.424700,5727
center city,MN,45.393850,-92.816600,628
center city,PA,39.951200,-75.159230,57239
center harbor,NH,43.709800,-71.460350,1061
center hill,FL,28.649990,-81.992580,1194
center line,MI,42.485040,-83.027700,8320
center moriches,NY,40.800380,-72.789820,7580
center ossipee,NH,43.755080,-71.152010,561
center point,AL,33.645660,-86.683600,16655
center point,IA,42.190830,-91.785180,2521
center valley,PA,40.529270,-75.393240,711
centerburg,OH,40.304510,-82.696280,2052
centereach,NY,40.858430,-73.099550,31578
centerfield,UT,39.125240,-111.819090,1387
centerport,NY,40.885380,-73.376230,5508
centerton,AR,36.359800,-94.285210,12023
centerville,GA,32.630140,-83.689630,7575
centerville,IA,42.092760,-93.935510,5745
centerville,IN,39.817820,-84.996350,2576
centerville,MA,41.648720,-70.348080,9190
centerville,MN,45.163020,-93.055780,3930
centerville,MO,37.435050,-90.958460,188
centerville,OH,39.628390,-84.159380,23882
centerville,PA,40.045350,-79.975610,3191
centerville,SC,34.532050,-82.704020,6586
centerville,SD,43.119430,-96.961440,868
centerville,TN,35.778960,-87.466960,3584
centerville,TX,31.257960,-95.978290,903
centerville,UT,40.918000,-111.872160,16877
central,AZ,32.867570,-109.792860,645
central,LA,30.554350,-91.036770,28295
central,SC,34.724270,-82.781250,5167
central,TN,35.803690,-89.537300,2686
central,UT,37.416650,-113.624410,613
central 14th street / spring road,DC,38.937070,-77.032650,25899
central 14th street / wmata northern bus barn,DC,38.944670,-77.032620,11147
central bridge,NY,42.711190,-74.338740,593
central city,AZ,33.440010,-112.058050,58161
central city,CO,39.801930,-105.514160,724
central city,IA,42.203880,-91.524060,1269
central city,IL,41.237810,-88.281730,1359
central city,KY,37.293930,-87.123330,5892
central city,NE,41.115850,-98.001720,2886
central city,PA,40.110630,-78.801970,1073
central falls,RI,41.890660,-71.392280,19303
central forest park,MD,39.326770,-76.688330,1097
central garage,VA,37.744030,-77.131640,1318
central gardens,TX,29.995490,-94.014060,4347
central heights-midland city,AZ,33.403720,-110.815410,2534
central high,OK,34.623130,-98.089760,1184
central islip,NY,40.790650,-73.201780,34450
central lake,MI,45.070000,-85.264510,935
central park,WA,46.973430,-123.692390,2685
central park heights,MD,39.343680,-76.671060,4339
central point,OR,42.375960,-122.916430,17995
central square,NY,43.286740,-76.146040,1813
central valley,NY,41.331760,-74.120980,1810
central valley,UT,38.703860,-112.098810,554
central valley (historical),CA,40.680430,-122.371120,4340
central waterford,CT,41.345040,-72.129480,2887
centralia,IL,38.525050,-89.133400,12655
centralia,KS,39.725830,-96.127220,509
centralia,MO,39.210320,-92.137950,4194
centralia,WA,46.716210,-122.954300,16753
centre,AL,34.152040,-85.678850,3570
centre hall,PA,40.847560,-77.686110,1243
centreville,AL,32.946200,-87.116690,2704
centreville,IL,38.583380,-90.125110,5027
centreville,MD,39.041780,-76.066330,4627
centreville,MI,41.923380,-85.528320,1415
centreville,MS,31.089620,-91.068440,1560
centreville,VA,38.840390,-77.428880,71135
centuria,WI,45.451350,-92.554090,925
century,FL,30.973240,-87.263860,1762
century city,CA,34.055570,-118.417860,5513
ceredo,WV,38.396470,-82.558770,1388
ceres,CA,37.594930,-120.957710,47963
ceresco,NE,41.057220,-96.644740,897
cerritos,CA,33.858350,-118.064790,49975
cerro gordo,IL,39.890590,-88.728130,1353
cetronia,PA,40.586760,-75.529630,2115
chackbay,LA,29.883540,-90.797320,5177
chadbourn,NC,34.322110,-78.826970,1791
chadron,NE,42.829420,-102.999910,5775
chadwick,IL,42.013360,-89.890680,526
chadwicks,NY,43.027850,-75.271550,1506
chaffee,MO,37.180050,-89.655090,2943
chagrin falls,OH,41.436160,-81.386500,4021
chalco,NE,41.183890,-96.150300,10994
chalfant,PA,40.408680,-79.838940,791
chalfont,PA,40.288440,-75.209060,4069
chalkville,AL,33.653160,-86.647770,3901
challenge-brownsville,CA,39.464470,-121.263380,1148
challis,ID,44.504640,-114.231730,1043
chalmers,IN,40.663090,-86.869460,503
chalmette,LA,29.942960,-89.965370,16751
chama,NM,36.903070,-106.579480,1004
chamberino,NM,32.040100,-106.685550,919
chamberlain,SD,43.810830,-99.330660,2386
chamberlayne,VA,37.626530,-77.428590,5456
chambersburg,PA,39.937590,-77.661100,20691
chamblee,GA,33.892050,-84.298810,28244
chamita,NM,36.070300,-106.096970,870
champaign,IL,40.116420,-88.243380,86096
champion heights,OH,41.289990,-80.845950,6498
champlain,NY,44.986430,-73.446530,1074
champlin,MN,45.188850,-93.397450,23894
chandler,AZ,33.306160,-111.841250,260828
chandler,IN,38.041710,-87.368060,3385
chandler,OK,35.701730,-96.880860,3175
chandler,TX,32.307930,-95.479960,2949
chandlerville,IL,40.048100,-90.155120,523
chanhassen,MN,44.862190,-93.530790,25332
channahon,IL,41.429480,-88.228670,12594
channel islands beach,CA,34.158060,-119.223160,3103
channel lake,IL,42.478630,-88.137590,1664
channelview,TX,29.776060,-95.114650,38289
channing,TX,35.683650,-102.330200,360
chantilly,VA,38.894280,-77.431100,23039
chanute,KS,37.679210,-95.457200,9252
chaparral,NM,32.023760,-106.385660,14631
chapel hill,NC,35.913200,-79.055840,59568
chapel hill,TN,35.626460,-86.693330,1467
chapin,IL,39.881420,-88.773960,575
chapin,SC,34.165980,-81.349820,1554
chapman,KS,38.972220,-97.022510,1376
chapmanville,WV,37.973710,-82.017350,1205
chappaqua,NY,41.159540,-73.764850,1436
chappell,NE,41.092770,-102.470740,921
chardon,OH,41.614220,-81.148990,5148
charenton,LA,29.881590,-91.525110,1903
chariton,IA,41.013890,-93.306600,4214
charlack,MO,38.702550,-90.343450,1371
charlemont,MA,42.627860,-72.869820,1382
charleroi,PA,40.137850,-79.898100,4015
charles city,IA,43.066360,-92.672410,7455
charles city,VA,37.343480,-77.073030,133
charles north,MD,39.310580,-76.617090,1085
charles town,WV,39.288990,-77.859720,5899
charles village,MD,39.323160,-76.613300,8267
charleston,AR,35.297040,-94.036320,2483
charleston,IL,39.496150,-88.176150,21196
charleston,ME,45.085060,-69.040590,1452
charleston,MO,36.920890,-89.350630,5815
charleston,MS,34.006780,-90.056760,2048
charleston,NY,40.536770,-74.237370,1567
charleston,SC,32.776320,-79.932750,132609
charleston,TN,35.287300,-84.758270,676
charleston,WV,38.349820,-81.632620,46838
charlestown,IN,38.453120,-85.670240,8088
charlestown,MA,42.377870,-71.062000,20397
charlestown,MD,39.573730,-75.974950,1198
charlestown,NH,43.238690,-72.424530,1152
charlestown,RI,41.383160,-71.641730,8421
charlevoix,MI,45.318060,-85.258400,2540
charlotte,MI,42.563650,-84.835820,9054
charlotte,NC,35.227090,-80.843130,911311
charlotte,TN,36.177280,-87.339730,1506
charlotte,TX,28.861920,-98.706410,1815
charlotte,VT,44.309770,-73.260960,3861
charlotte court house,VA,37.056540,-78.638330,530
charlotte hall,MD,38.480960,-76.778020,1420
charlotte harbor,FL,26.958390,-82.067030,3714
charlotte park,FL,26.910060,-82.053980,2325
charlottesville,VA,38.029310,-78.476680,46597
charlton,MA,42.135650,-71.970070,12764
charter oak,CA,34.103060,-117.845890,9310
chase,PA,41.284800,-75.962980,978
chase city,VA,36.799310,-78.458330,2296
chaska,MN,44.789410,-93.602180,25199
chateaugay,NY,44.926430,-74.079610,820
chatfield,MN,43.845520,-92.189050,2799
chatham,IL,41.741150,-87.612550,31392
chatham,LA,32.306260,-92.450420,544
chatham,MA,41.682060,-69.959740,1421
chatham,NJ,40.740930,-74.383760,8993
chatham,NY,42.364250,-73.594840,1696
chatham,VA,36.825690,-79.398080,1481
chatmoss,VA,36.656800,-79.812260,1698
chatom,AL,31.465170,-88.254460,1237
chatsworth,CA,34.257230,-118.601200,41255
chatsworth,GA,34.765910,-84.769940,4351
chatsworth,IL,40.753650,-88.291990,1151
chattahoochee,FL,30.705460,-84.845740,3144
chattahoochee hills,GA,33.550630,-84.760490,2690
chattanooga,TN,35.045630,-85.309680,181099
chattanooga valley,GA,34.932850,-85.355510,3846
chattaroy,WV,37.703430,-82.280970,756
chaumont,NY,44.067000,-76.130210,616
chauncey,OH,39.397850,-82.129310,1039
chauvin,LA,29.438550,-90.595370,2912
chazy,NY,44.889760,-73.435970,565
cheat lake,WV,39.672020,-79.853390,7988
chebanse,IL,41.003090,-87.908100,1023
cheboygan,MI,45.646960,-84.474480,4733
checotah,OK,35.470100,-95.523040,3261
cheektowaga,NY,42.903390,-78.754750,75178
chehalis,WA,46.662050,-122.964020,7391
chelan,WA,47.840970,-120.016460,4060
chelmsford,MA,42.599810,-71.367280,33925
chelsea,AL,33.340110,-86.630260,12059
chelsea,MA,42.391760,-71.032830,39398
chelsea,ME,44.250350,-69.717270,2661
chelsea,MI,42.318070,-84.021810,5205
chelsea,NY,40.600660,-74.194870,2953
chelsea,OK,36.535650,-95.432470,1969
chelsea,VT,43.989790,-72.447600,1242
cheltenham,PA,40.060940,-75.094060,4810
chelyan,WV,38.195380,-81.490950,776
chenango bridge,NY,42.166740,-75.862420,2883
chenequa,WI,43.111670,-88.392320,603
cheney,KS,37.630010,-97.782550,2159
cheney,WA,47.487390,-117.575760,11534
cheneyville,LA,31.014910,-92.287350,608
chenoa,IL,40.741700,-88.719790,1763
chenoweth,OR,45.627620,-121.243410,1855
chepachet,RI,41.915100,-71.671460,1675
cheraw,SC,34.697660,-79.883400,5778
cherokee,AL,34.757030,-87.972810,1014
cherokee,IA,42.749430,-95.551670,5030
cherokee,KS,37.345890,-94.808850,713
cherokee,NC,35.474270,-83.314870,2138
cherokee,OK,36.754470,-98.356740,1560
cherokee village,AR,36.297840,-91.515970,4603
cherry creek,CO,39.611000,-104.861000,11120
cherry grove,OH,39.072560,-84.321880,4378
cherry grove,WA,45.795120,-122.578990,546
cherry hill,MD,39.254830,-76.634410,7647
cherry hill,NJ,39.934840,-75.030730,70475
cherry hill,VA,38.569840,-77.266930,16000
cherry hill mall,NJ,39.935950,-75.009060,14171
cherry hills village,CO,39.641650,-104.959430,6539
cherry tree,OK,35.741480,-94.643280,883
cherry valley,AR,35.402030,-90.753170,615
cherry valley,CA,33.972520,-116.977250,6362
cherry valley,IL,42.234740,-88.948990,3098
cherry valley,NY,42.795630,-74.753200,503
cherryfield,ME,44.607300,-67.925840,1203
cherryland,CA,37.679380,-122.103300,14728
cherryvale,KS,37.270340,-95.552480,2230
cherryvale,SC,33.955710,-80.458140,2496
cherryville,NC,35.378740,-81.378970,5974
cherryville,PA,40.753980,-75.538520,1580
chesaning,MI,43.184750,-84.114970,2288
chesapeake,OH,38.427860,-82.457100,726
chesapeake,VA,36.819040,-76.274940,235429
chesapeake,WV,38.223440,-81.536230,1502
chesapeake beach,MD,38.686230,-76.534680,5873
chesapeake city,MD,39.530950,-75.807440,691
chesapeake ranch estates,MD,38.346240,-76.417730,10519
chesapeake ranch estates-drum point,MD,38.350220,-76.418890,11503
cheshire,CT,41.498990,-72.900660,29443
cheshire,MA,42.562030,-73.162880,514
cheshire village,CT,41.502600,-72.899520,5786
chesilhurst,NJ,39.732340,-74.881000,1634
chesnee,SC,35.148450,-81.860940,899
chester,CA,40.306270,-121.231910,2144
chester,GA,32.393780,-83.152930,1568
chester,IL,37.913660,-89.822050,8588
chester,MA,42.279260,-72.978710,627
chester,MD,38.975390,-76.289400,4167
chester,ME,45.408670,-68.499750,546
chester,MT,48.510540,-110.967470,883
chester,NH,42.956750,-71.257280,5236
chester,NJ,40.784270,-74.696830,1675
chester,NY,41.362590,-74.271260,3918
chester,PA,39.847530,-75.357850,34092
chester,SC,34.704860,-81.214260,5486
chester,VA,37.356820,-77.441650,20987
chester,VT,43.262850,-72.595090,2994
chester,WV,40.613120,-80.562850,2498
chester center,CT,41.401320,-72.452700,1558
chester gap,VA,38.853450,-78.135000,839
chester heights,PA,39.890110,-75.475480,2626
chester hill,PA,40.889780,-78.228350,859
chester springs,PA,40.095100,-75.616870,7520
chesterbrook,PA,40.075660,-75.459080,4589
chesterfield,IN,40.112540,-85.596920,2495
chesterfield,MA,42.391750,-72.839820,1222
chesterfield,MO,38.663110,-90.577070,47864
chesterfield,NH,42.887300,-72.470370,3773
chesterfield,SC,34.735990,-80.088120,1452
chesterfield,VA,37.377090,-77.505820,0
chesterfield court house,VA,37.377090,-77.504990,3808
chesterland,OH,41.522270,-81.337890,2521
chesterton,IN,41.610590,-87.064200,13433
chestertown,MD,39.209000,-76.066610,5093
chestertown,NY,43.652570,-73.800960,677
chesterville,ME,44.551170,-70.086170,1216
chestnut hill,MA,42.330650,-71.166160,23649
chestnut hill,PA,40.077060,-75.207400,9710
chestnut ridge,NY,41.084260,-74.055700,8158
cheswick,PA,40.541730,-79.799220,1730
cheswold,DE,39.219280,-75.585760,1415
cheswolde,MD,39.364000,-76.689140,7592
chetek,WI,45.314130,-91.651000,2191
chetopa,KS,37.037290,-95.089960,1082
chevak,AK,61.527780,-165.586390,1018
cheval,FL,28.148620,-82.514540,10702
cheverly,MD,38.928170,-76.915810,6485
cheviot,OH,39.157000,-84.613280,8295
chevy chase,DC,38.981000,-77.083000,9545
chevy chase,MD,39.002870,-77.071150,9545
chevy chase heights,PA,40.636730,-79.144200,1502
chevy chase section five,MD,38.983720,-77.074140,693
chevy chase section three,MD,38.979000,-77.073870,801
chevy chase view,MD,39.019830,-77.082480,977
chevy chase village,MD,38.969280,-77.078870,2060
chewelah,WA,48.276290,-117.715520,2607
cheyenne,OK,35.613940,-99.671490,824
cheyenne,WY,41.139980,-104.820250,65132
cheyenne wells,CO,38.821400,-102.353240,837
chicago,IL,41.850030,-87.650050,2664452
chicago heights,IL,41.506150,-87.635600,30284
chicago lawn,IL,41.775030,-87.696440,55551
chicago loop,IL,41.884070,-87.633300,33442
chicago ridge,IL,41.701420,-87.779220,14373
chichester,NH,43.249250,-71.399790,2382
chickamauga,GA,34.871190,-85.290790,3107
chickasaw,AL,30.763800,-88.074720,5954
chickasha,OK,35.052570,-97.936430,16488
chico,CA,39.728490,-121.837480,121345
chico,TX,33.295950,-97.798920,1069
chico,WA,47.611480,-122.710420,2259
chicopee,MA,42.148700,-72.607870,56741
chicora,PA,40.948120,-79.742830,1006
chief lake,WI,45.926620,-91.332950,583
chiefland,FL,29.474960,-82.859840,2218
chilchinbito,AZ,36.527220,-110.082350,506
childersburg,AL,33.278170,-86.354980,5046
childress,TX,34.426450,-100.204000,6101
chilhowie,VA,36.798450,-81.682340,1741
chili,NM,36.105020,-106.149750,654
chillicothe,IL,40.922260,-89.486200,6226
chillicothe,MO,39.795290,-93.552440,9487
chillicothe,OH,39.333120,-82.982400,21727
chillicothe,TX,34.256470,-99.516760,660
chillum,MD,38.963720,-76.990810,33513
chilmark,MA,41.343170,-70.744750,858
chiloquin,OR,42.577640,-121.866130,721
chilton,TX,31.280180,-97.064160,911
chilton,WI,44.028880,-88.162880,3896
chimayo,NM,36.003910,-105.946970,3177
china,ME,44.478680,-69.517260,4269
china,TX,30.047990,-94.335740,1130
china grove,NC,35.569310,-80.581730,4182
china grove,TX,29.388850,-98.348900,1291
china lake acres,CA,35.640510,-117.763950,1876
chinatown,CA,37.796600,-122.408580,100574
chinatown,HI,21.311730,-157.861830,3001
chinatown,NY,40.716490,-73.996250,90000
chinatown,PA,39.953450,-75.154620,1776
chinchilla,PA,41.475080,-75.677130,2098
chincoteague,VA,37.933180,-75.378810,2914
chinle,AZ,36.154450,-109.552610,4518
chino,CA,34.012230,-117.688940,85595
chino hills,CA,33.993800,-117.758880,78309
chino valley,AZ,34.757520,-112.453780,11137
chinook,MT,48.590000,-109.231280,1228
chinquapin park,MD,39.363140,-76.602280,1247
chipley,FL,30.781860,-85.538540,3565
chippewa falls,WI,44.936910,-91.392930,14047
chippewa lake,OH,41.069780,-81.900970,720
chippewa park,OH,40.515610,-83.889060,891
chisago city,MN,45.373580,-92.889940,4932
chisholm,ME,44.481450,-70.199500,1380
chisholm,MN,47.489100,-92.883800,4981
chittenango,NY,43.045070,-75.866580,4891
chittenden,VT,43.707840,-72.948160,1231
choccolocco,AL,33.659270,-85.703570,2804
chocowinity,NC,35.512660,-77.100510,821
choctaw,LA,29.839100,-90.690920,879
choctaw,OK,35.497560,-97.268920,12179
choctaw lake,OH,39.960060,-83.484920,1546
choteau,MT,47.812450,-112.183630,1696
choudrant,LA,32.530150,-92.514310,955
chouteau,OK,36.185930,-95.343020,2092
chowchilla,CA,37.123000,-120.260180,18510
chrisman,IL,39.803650,-87.673640,1272
christiana,PA,39.954830,-75.996890,1171
christiana,TN,35.710070,-86.399440,9830
christiansburg,OH,40.055330,-84.026050,504
christiansburg,VA,37.129850,-80.408940,21943
christmas,FL,28.536390,-81.017560,1146
christopher,IL,37.972550,-89.053410,2779
christoval,TX,31.193500,-100.498710,504
chualar,CA,36.570520,-121.518550,1190
chubbuck,ID,42.920750,-112.466090,14428
chuckey,TN,36.215940,-82.688210,9560
chula vista,CA,32.640050,-117.084200,265757
chuluota,FL,28.641940,-81.123400,2483
chums corner,MI,44.671950,-85.656460,946
chumuckla,FL,30.776580,-87.237190,850
church hill,MD,39.141220,-75.985500,747
church hill,PA,40.682010,-77.598610,1627
church hill,TN,36.522320,-82.713490,6719
church point,LA,30.402980,-92.215130,4521
church rock,NM,35.533910,-108.599800,1128
churchill,MT,45.750760,-111.304400,902
churchill,OH,41.162000,-80.664800,2149
churchill,PA,40.438400,-79.843100,2979
churchville,NY,43.104230,-77.884450,2032
churchville,PA,40.194000,-75.004000,4128
churubusco,IN,41.230600,-85.319420,1795
cibecue,AZ,34.044770,-110.485390,1713
cibolo,TX,29.561620,-98.226960,33433
cicero,IL,41.845590,-87.753940,83886
cicero,IN,40.123930,-86.013320,4891
cicero,NY,43.175620,-76.119370,31632
cienega springs,AZ,34.188630,-114.224670,1798
cienegas terrace,TX,29.367450,-100.943710,3424
cimarron,KS,37.806690,-100.348200,2262
cimarron,NM,36.510870,-104.915830,912
cimarron hills,CO,38.858610,-104.698860,16161
cincinnati,OH,39.127110,-84.514390,311097
cincinnatus,NY,42.542290,-75.895750,1056
cinco ranch,TX,29.738840,-95.758000,18274
cinnaminson,NJ,39.996780,-74.992670,14646
circle,MT,47.416670,-105.592220,613
circle d-kc estates,TX,30.161000,-97.234730,2393
circle pines,MN,45.148580,-93.151610,4958
circleville,OH,39.600620,-82.946010,13857
circleville,UT,38.171640,-112.270480,523
cisco,TX,32.388190,-98.979230,3791
cisne,IL,38.515880,-88.437550,659
cissna park,IL,40.564760,-87.893090,812
citra,FL,29.411920,-82.109820,5732
citronelle,AL,31.090730,-88.228060,3887
citrus,CA,34.115010,-117.891730,10866
citrus city,TX,26.326460,-98.385300,2321
citrus heights,CA,38.707120,-121.281060,87056
citrus hills,FL,28.888310,-82.432600,7470
citrus park,AZ,33.548650,-112.444330,4028
citrus park,FL,28.078350,-82.569820,24252
citrus ridge,FL,28.333850,-81.642320,13285
citrus springs,FL,28.997480,-82.470650,8622
city island,NY,40.847320,-73.786520,4362
city of milford (balance),CT,41.223740,-73.061640,51271
city of sammamish,WA,47.604440,-122.037680,45780
city view,SC,34.861510,-82.431510,1345
clackamas,OR,45.407620,-122.570370,6767
claflin,KS,38.525010,-98.533680,630
claiborne,LA,32.515980,-92.191800,11507
clairton,PA,40.292290,-79.881710,6681
clam falls,WI,45.688560,-92.293530,588
clancy,MT,46.465210,-111.986380,1661
clanton,AL,32.838740,-86.629430,8844
clara city,MN,44.954960,-95.366400,1320
clarcona,FL,28.612780,-81.498680,2990
clare,MI,43.819470,-84.768630,3082
claremont,CA,34.096680,-117.719780,36283
claremont,MN,44.044410,-92.997700,536
claremont,NC,35.714580,-81.146190,1365
claremont,NH,43.376740,-72.346760,12984
claremore,OK,36.312600,-95.616090,18997
clarence,IA,41.888910,-91.056540,970
clarence,MO,39.741980,-92.258520,781
clarence,NY,42.976730,-78.591970,2646
clarence,PA,41.048110,-77.940280,626
clarence center,NY,43.010610,-78.637530,2257
clarendon,AR,34.693150,-91.313740,1504
clarendon,TX,34.937830,-100.888200,1944
clarendon,VT,43.516180,-72.969830,2489
clarendon hills,IL,41.797530,-87.954780,8676
clarendon hills,MA,42.275100,-71.124500,8971
clarinda,IA,40.739810,-95.038000,5418
clarion,IA,42.731640,-93.732990,2767
clarion,PA,41.214790,-79.385320,6089
clarissa,MN,46.130240,-94.948640,655
clark,NJ,40.630000,-74.310000,14628
clark,PA,41.286170,-80.427570,630
clark,SD,44.877740,-97.733140,1050
clark fork,ID,48.145210,-116.175730,541
clark mills,NY,43.092290,-75.379620,1905
clark-fulton,OH,41.464020,-81.709790,18185
clarkdale,AZ,34.771130,-112.057940,4240
clarkesville,GA,34.612600,-83.524890,1746
clarkfield,MN,44.788890,-95.803890,811
clarkrange,TN,36.183400,-85.017460,575
clarks,LA,32.026550,-92.139030,1006
clarks green,PA,41.499000,-75.696000,1476
clarks grove,MN,43.763850,-93.329100,681
clarks hill,IN,40.246980,-86.725010,677
clarks summit,PA,41.488690,-75.708520,4950
clarksburg,MD,39.238720,-77.279430,13766
clarksburg,WV,39.280650,-80.344530,16152
clarksdale,MS,34.200110,-90.570930,16847
clarkson,KY,37.495330,-86.221360,895
clarkson,NE,41.726670,-97.122260,633
clarkson,NY,43.233120,-77.927510,4358
clarkson valley,MO,38.618390,-90.589290,2652
clarkston,GA,33.809550,-84.239640,12215
clarkston,MI,42.735860,-83.418830,1035
clarkston,UT,41.920200,-112.049950,694
clarkston,WA,46.416290,-117.045570,7317
clarkston heights-vineland,WA,46.387420,-117.083000,6326
clarksville,AR,35.471470,-93.466570,9433
clarksville,IA,42.784700,-92.667690,1409
clarksville,IN,38.296740,-85.759960,21866
clarksville,OH,39.401450,-83.981320,547
clarksville,TN,36.529770,-87.359450,166722
clarksville,TX,33.610660,-95.052720,3187
clarksville,VA,36.624030,-78.556940,1204
clarksville city,TX,32.529590,-94.902990,879
clarkton,MO,36.451730,-89.967040,1231
clarkton,NC,34.487390,-78.656130,820
clarktown,OH,38.850630,-82.911280,958
claryville,KY,38.919230,-84.395490,2355
clatskanie,OR,46.101220,-123.206790,1759
claude,TX,35.111720,-101.363220,1224
claverack-red mills,NY,42.226330,-73.726860,913
clawson,MI,42.533370,-83.146320,12015
claxton,GA,32.161580,-81.904000,2334
clay,AL,33.702600,-86.599710,9655
clay,CA,38.336020,-121.159390,1195
clay,KY,37.476710,-87.820020,1141
clay,NY,43.185900,-76.172430,58206
clay,PA,40.218430,-76.255510,1559
clay,WV,38.460380,-81.085110,467
clay center,KS,37.519460,-96.771140,4300
clay center,NE,40.521680,-98.055330,730
clay city,IL,38.688660,-88.354210,929
clay city,IN,39.276710,-87.112790,840
clay city,KY,37.859250,-83.918530,1095
claycomo,MO,39.202500,-94.492450,1468
clayhatchee,AL,31.235730,-85.722710,577
claymont,DE,39.800670,-75.459640,8253
claypool,AZ,33.411170,-110.842610,1538
claypool hill,VA,37.062610,-81.751780,1776
claysburg,PA,40.296740,-78.449740,1625
claysville,PA,40.117850,-80.410340,810
clayton,AL,31.878220,-85.449660,2925
clayton,CA,37.941030,-121.935790,11867
clayton,DE,39.290670,-75.634370,3123
clayton,GA,34.878150,-83.400990,2234
clayton,IL,40.031440,-90.960690,745
clayton,IN,39.689210,-86.522500,995
clayton,LA,31.722660,-91.543180,686
clayton,MO,38.642550,-90.323730,15884
clayton,NC,35.650710,-78.456390,19304
clayton,NJ,39.660110,-75.092120,8493
clayton,NM,36.451690,-103.184100,2774
clayton,NY,44.239490,-76.085780,1956
clayton,OH,39.863110,-84.360500,13146
clayton,OK,34.589550,-95.352750,795
clayton,WI,45.331350,-92.171300,550
cle elum,WA,47.195400,-120.939250,1901
clear lake,IA,43.138020,-93.379370,7590
clear lake,MN,45.444970,-93.998870,645
clear lake,SD,44.745800,-96.682560,1273
clear lake,WA,48.464270,-122.234040,1002
clear lake,WI,45.251910,-92.271300,1040
clear lake riviera,CA,38.954060,-122.720820,3090
clear lake shores,TX,29.547450,-95.032150,1169
clearbrook,MN,47.691900,-95.431120,517
clearbrook park,NJ,40.309830,-74.464600,2667
clearfield,PA,41.027280,-78.439190,6030
clearfield,UT,41.110780,-112.026050,30653
clearlake,CA,38.958230,-122.626370,15182
clearlake oaks,CA,39.026280,-122.671930,2359
clearview,WA,47.833710,-122.125960,3324
clearview,WV,40.141180,-80.688130,553
clearview acres,WY,41.580520,-109.276800,795
clearwater,FL,27.965850,-82.800100,117292
clearwater,KS,37.502800,-97.504490,2537
clearwater,MN,45.419410,-94.048870,1783
clearwater,SC,33.496800,-81.892060,4370
cleary,MS,32.165430,-90.180640,1544
cleburne,TX,32.347640,-97.386680,30020
clementon,NJ,39.811500,-74.982940,4947
clemmons,NC,36.021530,-80.382000,19844
clemson,SC,34.683440,-82.837370,15446
clendenin,WV,38.488710,-81.348170,1187
cleona,PA,40.337310,-76.475520,2135
cleone,CA,39.489890,-123.785570,618
cleora,OK,36.578970,-94.971070,1463
clermont,FL,28.549440,-81.772850,32390
clermont,GA,34.477880,-83.773510,922
clermont,IA,43.003590,-91.652370,609
clermont,IN,39.809770,-86.322490,1408
cleveland,AL,33.990930,-86.577490,1315
cleveland,FL,26.961730,-81.983980,2990
cleveland,GA,34.597040,-83.763240,3773
cleveland,MN,44.325520,-93.837730,700
cleveland,MO,38.679180,-94.593570,663
cleveland,MS,33.744000,-90.724820,12327
cleveland,NC,35.733200,-80.677010,873
cleveland,NY,43.240350,-75.883800,738
cleveland,OH,41.499500,-81.695410,365379
cleveland,OK,36.310320,-96.465840,3216
cleveland,TN,35.159520,-84.876610,43898
cleveland,TX,30.341320,-95.085490,7858
cleveland,WI,43.914990,-87.747310,1468
cleveland heights,OH,41.520050,-81.556240,44962
cleveland park,DC,38.936220,-77.065530,9790
clever,MO,37.030330,-93.472970,2517
cleves,OH,39.161720,-84.749120,3386
clewiston,FL,26.754230,-80.933680,7505
cliffside,NC,35.238180,-81.769820,611
cliffside park,NJ,40.821490,-73.987640,24857
cliffwood beach,NJ,40.442050,-74.216810,3194
clifton,AZ,33.050900,-109.296180,3685
clifton,CO,39.091930,-108.448980,19889
clifton,IL,40.935310,-87.934490,1410
clifton,KS,39.567220,-97.278640,537
clifton,ME,44.816740,-68.511140,772
clifton,NJ,40.858430,-74.163760,86334
clifton,NY,40.620100,-74.077090,9519
clifton,SC,34.979570,-81.817880,541
clifton,TN,35.387020,-87.995310,2663
clifton,TX,31.782380,-97.576690,3361
clifton forge,VA,37.816240,-79.824490,3739
clifton heights,PA,39.929280,-75.296300,6684
clifton park,NY,42.865630,-73.770950,36705
clifton springs,NY,42.961730,-77.139980,2092
climax,MI,42.238380,-85.334990,781
clint,TX,31.592340,-106.224140,1146
clinton,AR,35.591470,-92.460440,2538
clinton,CT,41.278710,-72.527590,3368
clinton,IA,41.844470,-90.188740,26064
clinton,IL,40.153650,-88.964530,7048
clinton,IN,39.656980,-87.398070,4811
clinton,KY,36.667280,-88.993400,1318
clinton,LA,30.865740,-91.015660,1577
clinton,MA,42.416760,-71.682850,7389
clinton,MD,38.765110,-76.898310,35970
clinton,ME,44.637840,-69.503100,1419
clinton,MI,42.071990,-83.971610,2272
clinton,MO,38.368630,-93.778270,8899
clinton,MS,32.341530,-90.321760,25254
clinton,MT,46.769090,-113.712600,1052
clinton,NC,34.997950,-78.323330,8767
clinton,NJ,40.636770,-74.909890,2657
clinton,NY,43.048400,-75.378500,1891
clinton,OH,40.926720,-81.630400,1214
clinton,OK,35.515610,-98.967310,9565
clinton,SC,34.472630,-81.880660,8637
clinton,TN,36.103410,-84.131860,10049
clinton,UT,41.139670,-112.050500,21399
clinton,WA,47.978430,-122.355700,928
clinton,WI,42.557790,-88.865110,2140
clinton corners,NY,41.830090,-73.762350,3168
clinton township,MI,42.586980,-82.919920,99753
clintondale,NY,41.694820,-74.051250,1452
clintonville,WI,44.620530,-88.762320,4455
clintwood,VA,37.150110,-82.455980,1325
clio,AL,31.708780,-85.610500,1529
clio,MI,43.177530,-83.734130,2536
clio,SC,34.579610,-79.546440,689
clive,IA,41.603040,-93.724110,15447
cloquet,MN,46.721610,-92.459360,12075
closter,NJ,40.973150,-73.961530,8662
cloudcroft,NM,32.957310,-105.742490,682
clover,SC,35.111250,-81.226460,5744
clover hill,MD,39.456210,-77.428870,3542
cloverdale,CA,38.805460,-123.017220,8811
cloverdale,IN,39.514770,-86.793900,2090
cloverdale,MS,31.497950,-91.420670,645
cloverdale,VA,37.365140,-79.905600,3119
cloverleaf,TX,29.778280,-95.171880,22942
cloverly,MD,39.108160,-76.997750,15126
cloverport,KY,37.833390,-86.632760,1156
clovis,CA,36.825230,-119.702920,104180
clovis,NM,34.404800,-103.205230,39480
cluster springs,VA,36.620970,-78.921680,811
clute,TX,29.024690,-95.398830,11444
clyde,CA,38.025480,-122.029410,678
clyde,KS,39.591110,-97.398920,689
clyde,NC,35.533440,-82.910690,1243
clyde,NY,43.084230,-76.869400,2006
clyde,OH,41.304220,-82.975190,6260
clyde,TX,32.405960,-99.493690,3771
clyde hill,WA,47.631770,-122.217900,3230
clymer,NY,42.020890,-79.630050,1698
clymer,PA,40.668120,-79.011700,1315
coachella,CA,33.680300,-116.173890,44635
coahoma,TX,32.296510,-101.306230,887
coal city,IL,41.287810,-88.285620,5489
coal city,WV,37.679000,-81.210380,1815
coal creek,CO,39.906380,-105.377490,2400
coal fork,WV,38.317600,-81.520950,1233
coal grove,OH,38.503410,-82.647110,2143
coal hill,AR,35.437310,-93.672970,1025
coal run village,KY,37.513160,-82.558490,1602
coal valley,IL,41.428650,-90.460960,3748
coaldale,PA,40.822870,-75.906870,2197
coalfield,TN,36.028970,-84.420760,2463
coalgate,OK,34.538150,-96.218610,1867
coaling,AL,33.159010,-87.340830,1648
coalinga,CA,36.139680,-120.360150,16564
coalmont,TN,35.337580,-85.704140,821
coalport,PA,40.747840,-78.534470,507
coalville,IA,42.445250,-94.125790,610
coalville,UT,40.917730,-111.399360,1431
coarsegold,CA,37.262170,-119.700980,1840
coatesville,IN,39.687820,-86.670280,542
coatesville,PA,39.983160,-75.823840,13148
coats,NC,35.407940,-78.671960,2408
cobb,CA,38.822130,-122.723050,1778
cobb island,MD,38.258460,-76.843860,1166
cobbs creek,PA,39.947610,-75.240180,33373
cobden,IL,37.531440,-89.253420,1139
cobleskill,NY,42.677850,-74.485420,4566
coburg,OR,44.137070,-123.066480,1055
cochiti,NM,35.608920,-106.350300,528
cochiti lake,NM,35.648090,-106.337530,569
cochituate,MA,42.320930,-71.364230,6569
cochran,GA,32.386830,-83.354610,4363
cochranton,PA,41.520050,-80.048390,1109
cochranville,PA,39.891770,-75.921610,668
cockeysville,MD,39.481220,-76.643860,20776
cockrell hill,TX,32.736240,-96.886950,4316
cocoa,FL,28.386120,-80.742000,17711
cocoa beach,FL,28.320550,-80.609220,11595
cocoa west,FL,28.359420,-80.771090,5925
coconut creek,FL,26.251750,-80.178940,59302
coconut grove,FL,25.712600,-80.256990,20076
cody,WY,44.526340,-109.056530,9792
coeburn,VA,36.943990,-82.464040,1999
coello,IL,37.994220,-89.067300,553
coeur d'alene,ID,47.677680,-116.780470,49122
coeymans,NY,42.473970,-73.792350,848
coffeen,IL,39.089210,-89.390640,665
coffeeville,MS,33.976780,-89.675640,872
coffeyville,KS,37.037300,-95.616370,9669
coggon,IA,42.280820,-91.530440,659
cohasset,CA,39.925440,-121.731090,847
cohasset,MA,42.241770,-70.803650,7388
cohasset,MN,47.263560,-93.620220,2745
cohassett beach,WA,46.868420,-124.111840,722
cohocton,NY,42.502290,-77.507210,817
cohoe,AK,60.368610,-151.306390,1364
cohoes,NY,42.774240,-73.700120,16538
cohutta,GA,34.959520,-84.952720,637
cokato,MN,45.075800,-94.189980,2727
cokeburg,PA,40.101180,-80.067280,618
coker,AL,33.245950,-87.687790,978
cokeville,WY,42.082440,-110.955190,541
colbert,GA,34.037890,-83.212650,600
colbert,OK,33.853160,-96.502490,1183
colby,KS,39.395840,-101.052380,5417
colby,WI,44.909970,-90.315690,1828
colchester,CT,41.575650,-72.332030,4781
colchester,IL,40.426430,-90.792630,1337
colchester,VT,44.543940,-73.147910,16986
colcord,OK,36.264250,-94.693000,815
cold spring,KY,39.021730,-84.439940,6170
cold spring,MD,39.348440,-76.657750,1108
cold spring,MN,45.455800,-94.428880,4094
cold spring,NY,41.420090,-73.954580,1964
cold spring harbor,NY,40.871490,-73.456790,5070
cold springs,NV,39.680190,-119.976590,8544
coldspring,TX,30.592420,-95.129380,899
coldstream,KY,38.314790,-85.523850,1137
coldstream homestead montebello,MD,39.322940,-76.595470,5638
coldwater,KS,37.268910,-99.326780,806
coldwater,MI,41.940330,-85.000520,10844
coldwater,MS,32.714860,-89.214230,1608
coldwater,OH,40.479770,-84.628290,4487
cole,OK,35.102290,-97.572810,570
cole camp,MO,38.460020,-93.202700,1105
colebrook,NH,44.894490,-71.495920,1394
coleman,FL,28.799710,-82.070090,843
coleman,MI,43.756690,-84.585840,1205
coleman,TX,31.827370,-99.426450,4393
coleman,WI,45.064980,-88.034270,705
coleraine,MN,47.288830,-93.427710,1999
colesville,MD,39.075660,-77.001920,14647
colfax,CA,39.100730,-120.953280,1995
colfax,IA,41.677770,-93.245200,2051
colfax,IL,40.566980,-88.616450,1046
colfax,IN,40.195040,-86.667230,680
colfax,LA,31.519060,-92.706820,1524
colfax,WA,46.880170,-117.364350,2870
colfax,WI,44.997460,-91.727120,1161
collbran,CO,39.240530,-107.961180,702
college,AK,64.856940,-147.802780,12964
college city,AR,36.125350,-90.939290,537
college park,GA,33.653440,-84.449370,14601
college park,MD,38.980670,-76.936920,32301
college place,WA,46.049300,-118.388300,9062
college point,NY,40.787600,-73.845970,27307
college station,AR,34.708150,-92.221260,600
college station,TX,30.627980,-96.334410,107889
collegedale,TN,35.053130,-85.050230,10743
collegeville,MN,45.594410,-94.363050,3516
collegeville,PA,40.185660,-75.451570,5287
colleyville,TX,32.880960,-97.155010,25487
collierville,CA,38.214640,-121.268840,1934
collierville,TN,35.042040,-89.664530,48863
collingdale,PA,39.911780,-75.277130,8792
collings lakes,NJ,39.595670,-74.881560,1706
collingswood,NJ,39.918170,-75.071280,14000
collins,GA,32.181300,-82.109010,582
collins,MS,31.645440,-89.555350,2570
collins,OH,41.258660,-82.491280,631
collinsburg,PA,40.224240,-79.768380,1125
collinsville,AL,34.263980,-85.860530,1973
collinsville,CT,41.812880,-72.920100,3746
collinsville,IL,38.670330,-89.984550,24754
collinsville,MS,32.497920,-88.845880,1948
collinsville,OK,36.364540,-95.838880,6492
collinsville,TX,33.561500,-96.911110,1687
collinsville,VA,36.715140,-79.915320,7335
collinwood,OH,41.558380,-81.569290,34220
collinwood,TN,35.174250,-87.737800,973
colma,CA,37.676880,-122.459690,1520
colman,SD,43.982470,-96.814500,576
colmar manor,MD,38.933170,-76.945810,1469
colmesneil,TX,30.907980,-94.422140,584
colo,IA,42.017770,-93.315210,861
cologne,MN,44.771630,-93.781350,1605
coloma,CA,38.799900,-120.890220,529
coloma,MI,42.186150,-86.308360,1455
colon,MI,41.958380,-85.324980,1159
colona,IL,41.483920,-90.353180,5100
colonia,NJ,40.574550,-74.302090,17795
colonial beach,VA,38.254570,-76.963580,3580
colonial heights,TN,36.485100,-82.503200,6934
colonial heights,VA,37.268040,-77.407260,17820
colonial park,PA,40.300640,-76.809690,13229
colonial pine hills,SD,44.007770,-103.315460,2493
colonie,NY,42.717860,-73.833460,7906
colony park,PA,40.346830,-75.982400,1076
colorado city,AZ,36.990260,-112.975770,4832
colorado city,CO,37.945290,-104.835260,2193
colorado city,TX,32.388170,-100.864560,4117
colorado springs,CO,38.833880,-104.821360,456568
colorado triangle,DC,38.956140,-77.033310,11780
colquitt,GA,31.171290,-84.733250,1886
colrain,MA,42.673140,-72.696760,1845
colstrip,MT,45.884160,-106.623640,2336
colton,CA,34.073900,-117.313650,54621
colton,SD,43.786090,-96.927560,690
colts neck,NJ,40.287610,-74.172370,10142
columbia,AL,31.292710,-85.112670,737
columbia,CA,38.036310,-120.401310,2297
columbia,IL,38.443660,-90.201220,10191
columbia,KY,37.102840,-85.306350,4644
columbia,LA,32.105160,-92.077910,382
columbia,MD,39.240380,-76.839420,99615
columbia,MO,38.951710,-92.334070,129330
columbia,MS,31.251840,-89.837580,6229
columbia,NC,35.917660,-76.252150,832
columbia,NH,44.851990,-71.551750,799
columbia,PA,40.033710,-76.504410,10388
columbia,SC,34.000710,-81.034810,142416
columbia,TN,35.615070,-87.035280,36800
columbia city,IN,41.157270,-85.488310,8857
columbia city,OR,45.890110,-122.807050,1958
columbia city,WA,47.563990,-122.275400,19000
columbia cross roads,PA,41.835910,-76.801900,600
columbia falls,ME,44.653690,-67.727500,623
columbia falls,MT,48.372460,-114.181520,5093
columbia heights,DC,38.925670,-77.029420,38000
columbia heights,MN,45.040800,-93.263000,19715
columbiana,AL,33.178170,-86.607210,4168
columbiana,OH,40.888390,-80.693960,6291
columbiaville,MI,43.156690,-83.410510,782
columbine,CO,39.587770,-105.069430,24280
columbine valley,CO,39.601100,-105.032210,1360
columbus,GA,32.460980,-84.987710,206922
columbus,IN,39.201440,-85.921380,46690
columbus,KS,37.169230,-94.844120,3146
columbus,MN,45.265220,-93.050150,4007
columbus,MS,33.495670,-88.427260,23168
columbus,MT,45.636610,-109.252110,2042
columbus,NC,35.253170,-82.197060,994
columbus,NE,41.429730,-97.368380,22797
columbus,NJ,40.072610,-74.720720,8783
columbus,NM,31.827600,-107.640020,1625
columbus,NY,42.683960,-75.372670,947
columbus,OH,39.961180,-82.998790,913175
columbus,PA,41.940890,-79.581720,824
columbus,TX,29.706620,-96.539690,3629
columbus,WI,43.338050,-89.015390,4996
columbus air force base,MS,33.632390,-88.451530,1373
columbus grove,OH,40.919500,-84.056890,2063
columbus junction,IA,41.280030,-91.360710,1860
colusa,CA,39.214330,-122.009420,5935
colver,PA,40.543400,-78.787800,959
colville,WA,48.546570,-117.905540,4719
colwich,KS,37.779180,-97.536440,1378
colwyn,PA,39.912340,-75.253790,2553
comanche,OK,34.368970,-97.963920,1625
comanche,TX,31.897370,-98.603660,4197
combee settlement,FL,28.058350,-81.905360,5577
combes,TX,26.248690,-97.733880,3059
combine,TX,32.588470,-96.508600,2107
combined locks,WI,44.265820,-88.314270,3532
comer,GA,34.063720,-83.125430,1138
comfort,TX,29.967710,-98.905030,2363
commack,NY,40.842880,-73.292890,36124
commerce,CA,34.000570,-118.159790,13081
commerce,GA,34.204000,-83.457110,6762
commerce,OK,36.933400,-94.873010,2483
commerce,TX,33.247060,-95.899970,8892
commerce city,CO,39.808320,-104.933870,53696
commercial point,OH,39.768400,-83.057130,1611
communications hill,CA,37.289000,-121.855100,11267
como,IL,41.766420,-89.767050,567
como,MS,34.510660,-89.939810,1245
como,TX,33.060670,-95.472170,706
como,WI,42.612240,-88.482320,2631
compton,CA,33.895850,-118.220070,98462
comstock northwest,MI,42.321820,-85.517590,5455
comstock park,MI,43.038640,-85.670030,10088
conashaugh lakes,PA,41.305930,-74.989620,1294
concerned citizens of forest park,MD,39.323140,-76.683690,1141
concord,AL,33.467610,-87.031110,1837
concord,CA,37.977980,-122.031070,128667
concord,MA,42.460370,-71.348950,16810
concord,MI,42.177820,-84.643020,1050
concord,MO,38.524500,-90.357340,16421
concord,NC,35.408880,-80.581580,87696
concord,NH,43.208140,-71.537570,43976
concord,NY,40.608160,-74.084310,8857
concord,VA,37.342640,-78.975020,1458
concord,WI,43.069450,-88.598710,2070
concorde hills,OH,39.210620,-84.357080,663
concordia,KS,39.570840,-97.662540,5218
concordia,MO,38.983350,-93.568550,2390
concordia,NJ,40.310940,-74.448210,3092
concow,CA,39.730180,-121.526610,710
concrete,WA,48.539280,-121.746250,716
conda,ID,42.728250,-111.532450,21260
condon,OR,45.234300,-120.185030,681
condon,TN,36.181190,-83.793800,1866
conehatta,MS,32.451250,-89.285340,1342
conejos,CO,37.088350,-106.019740,58
conemaugh,PA,40.326000,-78.897000,1350
conestoga,PA,39.940660,-76.346350,1258
coney island,NY,40.577880,-73.994030,60000
confluence,PA,39.812850,-79.356700,749
congers,NY,41.150650,-73.945420,8363
congress,AZ,34.162530,-112.850740,1975
congress heights,DC,38.842890,-77.000250,8180
conklin,NY,42.034240,-75.803800,5008
conley,GA,33.644830,-84.325760,6228
conneaut,OH,41.947560,-80.554240,12712
conneaut lake,PA,41.603390,-80.305340,635
conneaut lakeshore,PA,41.627110,-80.310080,2395
conneautville,PA,41.757830,-80.367840,751
connell,WA,46.663470,-118.861110,5446
connellsville,PA,40.017850,-79.589480,7515
connelly springs,NC,35.742910,-81.513430,1635
connersville,IN,39.641160,-85.141070,13010
connerton,FL,28.314410,-82.475390,2116
conning towers-nautilus park,CT,41.385480,-72.068770,8834
connoquenessing,PA,40.817840,-80.014230,618
conover,NC,35.706520,-81.218690,8248
conrad,IA,42.224710,-92.874650,1100
conrad,MT,48.170250,-111.946130,2593
conroe,TX,30.311880,-95.456050,68602
conshohocken,PA,40.079280,-75.301570,7956
constantia,NY,43.247850,-76.000200,1182
constantine,MI,41.841160,-85.668600,2064
continental,OH,41.100330,-84.266340,1119
contoocook,NH,43.222020,-71.713970,1444
contra costa centre,CA,37.927520,-122.057860,5364
convent,LA,30.020760,-90.829820,711
converse,IN,40.577540,-85.873320,1231
converse,SC,34.992070,-81.834830,608
converse,TX,29.518010,-98.316120,21987
convoy,OH,40.916720,-84.702740,1068
conway,AR,35.088700,-92.442100,64980
conway,FL,28.502780,-81.330620,13467
conway,MA,42.509810,-72.699530,1841
conway,MO,37.501990,-92.821010,777
conway,NC,36.437100,-77.228860,772
conway,NH,43.979240,-71.120350,1823
conway,PA,40.659790,-80.239230,2150
conway,SC,33.836000,-79.047810,21053
conway springs,KS,37.390300,-97.642270,1237
conyers,GA,33.667610,-84.017690,15875
conyngham,PA,40.992030,-76.056590,1881
cook,MN,47.852420,-92.689620,567
cookeville,TN,36.162840,-85.501640,32113
cool,CA,38.887220,-121.014720,4100
cool valley,MO,38.727830,-90.310110,1187
cooleemee,NC,35.810420,-80.555890,972
coolidge,AZ,32.977840,-111.517620,12297
coolidge,GA,31.011300,-83.866280,526
coolidge,TX,31.754050,-96.649990,950
coolidge corner,MA,42.345930,-71.124500,5197
coon rapids,IA,41.870820,-94.677480,1269
coon rapids,MN,45.119970,-93.287730,62240
coon valley,WI,43.702190,-91.013190,780
cooper,TX,31.243240,-95.582170,2180
cooper city,FL,26.057310,-80.271720,35364
coopers plains,NY,42.182300,-77.141640,598
coopersburg,PA,40.511490,-75.390460,2421
cooperstown,ND,47.444440,-98.123980,945
cooperstown,NY,42.700480,-74.924260,1792
cooperstown,WI,44.312770,-87.774530,1278
coopersville,MI,43.063910,-85.934770,4351
coopertown,TN,36.437550,-86.967220,4401
coos bay,OR,43.366500,-124.217890,16182
coosada,AL,32.497910,-86.331360,1240
copake lake,NY,42.139260,-73.582340,823
copan,OK,36.897580,-95.926090,741
copeland,OK,36.655910,-94.828290,1629
copenhagen,NY,43.893400,-75.673530,800
copiague,NY,40.681490,-73.399840,22993
coplay,PA,40.670100,-75.495460,3229
copley,OH,41.098940,-81.644570,13641
coppell,TX,32.954570,-97.015010,41159
copper canyon,TX,33.095950,-97.096680,1431
copperas cove,TX,31.124060,-97.903080,33081
copperopolis,CA,37.981040,-120.641870,3671
copperton,UT,40.564670,-112.097440,826
coppin heights/ash-co-east,MD,39.307000,-76.657250,1845
coquille,OR,43.177050,-124.187610,3858
coral gables,FL,25.721490,-80.268380,51117
coral hills,MD,38.870390,-76.921080,9895
coral springs,FL,26.271190,-80.270600,129485
coral terrace,FL,25.745930,-80.304500,24376
coralville,IA,41.676400,-91.580450,20608
coram,MT,48.418020,-114.046230,539
coram,NY,40.868710,-73.001490,39113
coraopolis,PA,40.518400,-80.166720,5590
corbin,KY,36.948700,-84.096880,7389
corcoran,CA,36.098010,-119.560400,22477
corcoran,MN,45.095240,-93.547460,5552
cordaville,MA,42.268980,-71.523950,2650
cordele,GA,31.963510,-83.782390,10943
cordell,OK,35.290610,-98.988410,2892
cordes lakes,AZ,34.307810,-112.103490,2633
cordova,AK,60.543200,-145.758670,2196
cordova,AL,33.759830,-87.183330,2028
cordova,IL,41.680310,-90.319020,660
cordova,MD,38.875670,-75.996050,562
cordova,NC,34.912930,-79.822000,1775
cordova,TN,35.155650,-89.776200,68779
cordry sweetwater lakes,IN,39.304640,-86.118370,1128
corfu,NY,42.960060,-78.405580,695
corinna,ME,44.921170,-69.261710,2230
corinne,UT,41.551040,-112.110230,694
corinth,MS,34.934250,-88.522270,14866
corinth,NY,43.244520,-73.832340,2516
corinth,TX,33.154010,-97.064730,20998
corn,OK,35.378110,-98.782020,506
cornelia,GA,34.511490,-83.527120,4223
cornelius,NC,35.486800,-80.860070,28092
cornelius,OR,45.519840,-123.059830,12317
cornell,WI,45.167190,-91.149310,1440
cornersville,TN,35.361460,-86.839720,1222
corning,AR,36.407840,-90.579830,3162
corning,CA,39.927660,-122.179160,7548
corning,IA,40.989990,-94.740810,1537
corning,NY,42.142850,-77.054690,10897
corning,OH,39.602570,-82.088200,573
cornish,ME,43.804800,-70.801170,1319
cornville,AZ,34.717800,-111.921540,3280
cornville,ME,44.836730,-69.673110,1256
cornwall,NY,41.444820,-74.015700,2966
cornwall,PA,40.273700,-76.406070,4226
cornwells heights,PA,40.076780,-74.948780,1391
corona,CA,33.875290,-117.566440,164226
corona,NY,40.747050,-73.860140,109698
corona de tucson,AZ,31.965360,-110.775640,5675
coronado,CA,32.685890,-117.183090,24812
corpus christi,TX,27.800580,-97.396380,316239
corrales,NM,35.237820,-106.606690,8502
corralitos,CA,36.988560,-121.806340,2326
correctionville,IA,42.474990,-95.785570,811
corrigan,TX,30.996860,-94.827150,1539
corry,PA,41.920330,-79.640330,6420
corsica,SD,43.425270,-98.407300,595
corsicana,TX,32.095430,-96.468870,23952
corte madera,CA,37.925480,-122.527480,9901
cortez,CO,37.348880,-108.585930,8715
cortez,FL,27.469210,-82.686210,4241
cortland,IL,41.920030,-88.688700,4325
cortland,NY,42.601180,-76.180480,18907
cortland,OH,41.330330,-80.725360,6927
cortland west,NY,42.594310,-76.225870,1356
cortlandt manor,NY,41.280000,-73.871640,19929
corunna,MI,42.981970,-84.117750,3404
corvallis,MT,46.314090,-114.112870,976
corvallis,OR,44.564570,-123.262040,55780
corydon,IA,40.756950,-93.318820,1589
corydon,IN,38.212010,-86.121920,3144
corydon,KY,37.743380,-87.703910,707
cos cob,CT,41.033430,-73.599570,6770
coshocton,OH,40.272020,-81.859580,11121
cosmopolis,WA,46.955370,-123.773780,1594
costa mesa,CA,33.641130,-117.918670,113204
cotati,CA,38.326860,-122.707210,7445
coto de caza,CA,33.604190,-117.586990,14866
cottage city,MD,38.938170,-76.948310,1370
cottage grove,MN,44.827740,-92.943820,35918
cottage grove,OR,43.797620,-123.059520,9969
cottage grove,WI,43.076110,-89.199560,6854
cottage lake,WA,47.744270,-122.077350,22494
cottageville,SC,32.936840,-80.480940,738
cotter,AR,36.271180,-92.535440,951
cottleville,MO,38.746160,-90.654010,4723
cotton plant,AR,35.008150,-91.251240,604
cotton valley,LA,32.819310,-93.417670,974
cottondale,FL,30.797140,-85.376600,900
cottonport,LA,30.984080,-92.053460,1953
cottonwood,AL,31.048790,-85.304930,1264
cottonwood,AZ,34.739190,-112.009880,11818
cottonwood,CA,38.658240,-121.971080,3850
cottonwood,CO,39.562490,-104.801920,931
cottonwood,ID,46.048490,-116.349590,921
cottonwood,MN,44.608850,-95.674190,1212
cottonwood falls,KS,38.372240,-96.542780,872
cottonwood heights,UT,40.619670,-111.810210,34343
cottonwood shores,TX,30.555750,-98.323910,1158
cotuit,MA,41.616780,-70.436970,2364
cotulla,TX,28.436930,-99.235030,4216
coudersport,PA,41.774790,-78.020560,2482
coulee city,WA,47.611260,-119.292250,572
coulee dam,WA,47.965430,-118.976130,1093
coulterville,IL,38.186440,-89.605650,913
council,ID,44.729890,-116.438200,808
council bluffs,IA,41.261940,-95.860830,62597
council grove,KS,38.661120,-96.491950,2086
country club,CA,37.968810,-121.340780,9379
country club,FL,25.948150,-80.317000,47105
country club estates,GA,31.212730,-81.464270,8545
country club hills,IL,41.568090,-87.720330,16795
country club hills,MO,38.720880,-90.274840,1272
country club village,MO,39.832220,-94.821630,2449
country homes,WA,47.748500,-117.404390,5841
country knolls,NY,42.915080,-73.805120,2224
country lake estates,NJ,39.942620,-74.544040,3943
country squire lakes,IN,39.034780,-85.698580,3571
country walk,FL,25.633990,-80.432280,15997
countryside,IL,41.782810,-87.878110,6002
countryside,VA,39.040940,-77.413600,10072
coupeville,WA,48.219820,-122.686280,1887
courtdale,PA,41.280080,-75.912140,735
courtland,AL,34.668980,-87.309460,597
courtland,MN,44.268300,-94.340250,653
courtland,MS,34.240940,-89.942870,509
courtland,VA,36.716260,-77.068020,1246
coushatta,LA,32.014880,-93.342120,1852
cove,OR,45.296530,-117.807990,554
cove,TX,29.827440,-94.802420,509
cove creek,NC,35.606490,-83.011250,1171
covedale,OH,39.121170,-84.606330,6447
covelo,CA,39.793270,-123.249220,1255
coventry,RI,41.700100,-71.682840,35525
coventry lake,CT,41.772320,-72.332580,2990
covina,CA,34.090010,-117.890340,48984
covington,GA,33.596780,-83.860180,13916
covington,IN,40.141700,-87.394740,2568
covington,KY,39.083670,-84.508550,40997
covington,LA,30.475490,-90.100420,9928
covington,OH,40.117270,-84.353840,2625
covington,OK,36.307540,-97.586440,554
covington,TN,35.564250,-89.646470,9036
covington,VA,37.793460,-79.993950,5658
covington,WA,47.358180,-122.122160,19197
cowan,TN,35.164530,-86.010540,1704
coward,SC,33.973220,-79.747010,750
cowarts,AL,31.200180,-85.304650,1988
cowden,IL,39.248380,-88.862290,583
cowen,WV,38.409550,-80.557870,505
coweta,OK,35.951770,-95.650810,9559
cowley,WY,44.883290,-108.469570,735
cowpens,SC,35.016790,-81.803990,2267
coxsackie,NY,42.350920,-73.802900,2701
coyne center,IL,41.404760,-90.559300,827
coyote acres,TX,27.713080,-98.133620,508
cozad,NE,40.859730,-99.987340,3863
crab orchard,KY,37.464530,-84.506600,833
crab orchard,TN,35.909240,-84.878000,759
crab orchard,WV,37.740670,-81.230660,2678
crafton,PA,40.435070,-80.066170,5876
craig,AK,55.476390,-133.148330,1248
craig,CO,40.515250,-107.546450,8844
craig beach,OH,41.117000,-80.983420,1143
craigsville,VA,38.078740,-79.383090,930
craigsville,WV,38.330670,-80.653150,2213
crainville,IL,37.751990,-89.067850,1381
cramerton,NC,35.238750,-81.075080,4328
cranberry township,PA,40.684960,-80.107140,28098
cranbury,NJ,40.316220,-74.513760,2181
crandall,TX,32.627910,-96.455820,3238
crandon,WI,45.571910,-88.902890,1863
crandon lakes,NJ,41.124260,-74.839890,1178
crane,MO,36.905340,-93.571580,1352
crane,TX,31.397360,-102.350140,3895
cranesville,PA,41.905060,-80.343680,614
cranford,NJ,40.658440,-74.299590,22627
cranston,RI,41.779820,-71.437280,81073
crawford,GA,33.882900,-83.154600,826
crawford,MS,33.301510,-88.614770,627
crawford,NE,42.683020,-103.412700,973
crawford,TX,31.534330,-97.443070,741
crawfordsville,IN,40.041150,-86.874450,16024
crawfordville,FL,30.176040,-84.375180,3702
crawfordville,GA,33.554020,-82.895980,508
creal springs,IL,37.619490,-88.836730,532
creede,CO,37.849170,-106.926430,405
creedmoor,NC,36.122370,-78.686110,4425
creighton,NE,42.466670,-97.906180,1120
crenshaw,MS,34.502610,-90.198700,857
creola,AL,30.891850,-88.039720,1955
cresaptown,MD,39.592870,-78.833350,4592
crescent,IA,41.365000,-95.858070,630
crescent,LA,30.247700,-91.287330,959
crescent,OK,35.952540,-97.594770,1527
crescent beach,FL,29.768860,-81.253680,931
crescent city,CA,41.755950,-124.201750,6774
crescent city,FL,29.430250,-81.510630,1540
crescent city,IL,40.770040,-87.858930,598
crescent springs,KY,39.051450,-84.581610,4010
cresco,IA,43.381360,-92.114050,3833
cresco,PA,41.153980,-75.280460,4240
cresskill,NJ,40.941490,-73.959300,8812
cresson,PA,40.459790,-78.591680,1633
cresson,TX,32.532640,-97.617800,788
cressona,PA,40.626760,-76.192720,1625
crest,CA,32.807270,-116.868080,2593
crest hill,IL,41.554750,-88.098670,21153
crested butte,CO,38.869710,-106.987820,1579
crestline,CA,34.241950,-117.285600,10770
crestline,OH,40.787560,-82.736570,4438
creston,IA,41.058600,-94.361350,7854
creston,IL,41.930860,-88.964540,649
creston,OH,40.987000,-81.893750,2181
crestview,FL,30.762130,-86.570510,23270
crestview hills,KY,39.027280,-84.584940,3340
crestwood,IL,41.644630,-87.741540,10984
crestwood,KY,38.324240,-85.472460,4847
crestwood,MO,38.557000,-90.381780,11966
crestwood village,NJ,39.948170,-74.360700,7907
creswell,OR,43.917900,-123.024530,5199
crete,IL,41.444480,-87.631430,8191
crete,NE,40.627780,-96.961420,7037
creve coeur,IL,40.647260,-89.591210,5272
creve coeur,MO,38.660890,-90.422620,18276
crewe,VA,37.173210,-78.123330,2241
cricket,NC,36.171520,-81.193980,1855
cridersville,OH,40.654220,-84.150780,1828
crimora,VA,38.154020,-78.850300,2209
cripple creek,CO,38.746660,-105.178310,1155
crisfield,MD,37.983460,-75.853820,2655
crittenden,KY,38.782840,-84.605220,3848
crivitz,WI,45.232480,-88.007610,965
crocker,MO,37.948930,-92.263780,1071
crocker,WA,47.080910,-122.103830,1268
crockett,CA,38.052420,-122.213020,3094
crockett,TX,31.318240,-95.456610,6554
crofton,KY,37.047820,-87.485000,754
crofton,MD,39.001780,-76.687470,27348
crofton,NE,42.728890,-97.495620,691
croghan,NY,43.895900,-75.392410,610
crompond,NY,41.288000,-73.848000,2292
cromwell,CT,41.595100,-72.645370,13750
cromwell,IN,41.400600,-85.615820,504
crooked lake park,FL,27.829190,-81.583970,1722
crooks,SD,43.664700,-96.810890,1329
crookston,MN,47.774140,-96.608120,7787
crooksville,OH,39.768960,-82.092090,2498
croom,MD,38.752620,-76.763860,2631
cropseyville,NY,42.748970,-73.557340,1713
crosby,MN,46.482180,-93.957760,2345
crosby,ND,48.914200,-103.294910,1408
crosby,TX,29.911890,-95.062150,2299
crosbyton,TX,33.660080,-101.237930,1699
cross city,FL,29.634650,-83.126940,1707
cross country,MD,39.366120,-76.697970,5305
cross lanes,WV,38.420370,-81.790680,9995
cross mountain,TX,29.645500,-98.659470,3124
cross plains,TN,36.548660,-86.696110,1722
cross plains,TX,32.126250,-99.165340,970
cross plains,WI,43.114440,-89.655680,4000
cross roads,PA,39.819550,-76.576630,514
cross roads,TX,33.230650,-97.001900,840
crossett,AR,33.128180,-91.961240,5220
crosslake,MN,46.659410,-94.113870,2141
crossville,AL,34.287590,-85.994140,1848
crossville,IL,38.161710,-88.065310,724
crossville,TN,35.948960,-85.026900,11411
croswell,MI,43.275580,-82.621040,2338
crothersville,IN,38.800610,-85.841640,1597
croton-on-hudson,NY,41.208430,-73.891250,8269
crow agency,MT,45.601640,-107.461190,1616
crowder,MS,34.173450,-90.137590,670
crowell,TX,33.983970,-99.724820,866
crowley,LA,30.214090,-92.374580,13144
crowley,TX,32.579030,-97.362520,14853
crown heights,NY,41.642000,-73.929000,2840
crown point,IN,41.416980,-87.365310,28879
crown point,NY,43.950340,-73.437070,1903
crownpoint,NM,35.678080,-108.151180,2278
crownsville,MD,39.028440,-76.601350,1757
croydon,NH,43.450630,-72.163140,704
croydon,PA,40.087330,-74.903500,9950
crozet,VA,38.069580,-78.700580,5565
crucible,PA,39.948410,-79.964770,725
crugers,NY,41.233430,-73.922640,1534
crump,TN,35.221750,-88.318090,1400
crystal,MN,45.032740,-93.360230,22943
crystal beach,NY,42.813680,-77.263590,644
crystal city,MO,38.221170,-90.379010,4847
crystal city,TX,28.677480,-99.828110,7496
crystal falls,MI,46.098010,-88.334020,1414
crystal lake,CT,41.931760,-72.378420,1945
crystal lake,FL,28.035580,-81.908410,5514
crystal lake,IL,42.241130,-88.316200,40448
crystal lakes,OH,39.889230,-84.026600,1483
crystal lawns,IL,41.570310,-88.158120,1872
crystal river,FL,28.902480,-82.592600,3089
crystal springs,FL,28.181400,-82.157580,1327
crystal springs,MS,31.987380,-90.357040,4939
cuba,IL,42.183910,-88.190910,1361
cuba,MO,38.062820,-91.403480,3374
cuba,NM,36.022240,-106.958370,736
cuba,NY,42.217570,-78.275290,1529
cuba city,WI,42.605550,-90.429850,2055
cudahy,CA,33.960570,-118.185350,24311
cudahy,WI,42.959740,-87.861470,18353
cudjoe key,FL,24.671530,-81.498420,1763
cuero,TX,29.093870,-97.289160,7115
culbertson,MT,48.144460,-104.516900,815
culbertson,NE,40.229720,-100.838490,590
cullen,LA,32.969030,-93.450730,1125
cullman,AL,34.174820,-86.843610,15350
culloden,WV,38.420090,-82.055420,3061
cullom,IL,40.877810,-88.269220,529
cullowhee,NC,35.313710,-83.176530,6228
culp creek,OR,43.703460,-122.847570,2000
culpeper,VA,38.473180,-77.996660,17557
culver,IN,41.218930,-86.423060,1396
culver,OR,44.525680,-121.213100,1442
culver city,CA,34.021120,-118.396470,39717
cumberland,IN,39.776150,-85.957200,5467
cumberland,KY,36.978150,-82.988500,2103
cumberland,MD,39.652870,-78.762520,20130
cumberland,RI,41.966770,-71.432840,34843
cumberland,VA,37.495980,-78.245270,393
cumberland,WI,45.532180,-92.019350,2146
cumberland center,ME,43.796470,-70.258940,2499
cumberland head,NY,44.716430,-73.402630,1627
cumberland hill,RI,41.974540,-71.467000,7934
cumby,TX,33.137340,-95.839410,790
cumings,TX,29.578290,-95.798840,981
cumming,GA,34.207320,-84.140190,5718
cummington,MA,42.461750,-72.893980,995
cupertino,CA,37.323000,-122.032180,60572
currituck,NC,36.449880,-76.015480,0
curtice,OH,41.618380,-83.367710,1526
curtis,NE,40.630010,-100.515700,897
curtis bay,MD,39.226770,-76.588020,3759
curtisville,PA,40.642290,-79.850890,1064
curwensville,PA,40.975610,-78.525020,2474
cushing,ME,44.019250,-69.239770,1374
cushing,OK,35.985060,-96.766970,7867
cushing,TX,31.814620,-94.840490,612
cusseta,GA,32.305430,-84.772700,11267
custer,SD,43.766650,-103.598810,1952
cut and shoot,TX,30.333270,-95.357990,1105
cut bank,MT,48.633040,-112.326160,3002
cut off,LA,29.542720,-90.338140,5976
cutchogue,NY,41.010660,-72.485090,3349
cuthbert,GA,31.771270,-84.789370,3670
cutler,CA,36.523280,-119.286780,5000
cutler,FL,25.615100,-80.310610,18117
cutler,ME,44.657580,-67.203870,648
cutler bay,FL,25.578300,-80.337700,45425
cutler ridge,FL,25.580660,-80.346720,26831
cutlerville,MI,42.840860,-85.663640,14370
cutten,CA,40.769850,-124.142840,3108
cuyahoga falls,OH,41.133940,-81.484560,49146
cuyahoga heights,OH,41.435330,-81.657350,617
cygnet,OH,41.240050,-83.643270,617
cylburn,MD,39.347620,-76.664080,2212
cynthiana,IN,38.187540,-87.710300,539
cynthiana,KY,38.390350,-84.294100,6423
cypress,CA,33.816960,-118.037290,49290
cypress,TX,29.969110,-95.697170,200839
cypress gardens,FL,27.993910,-81.690080,8917
cypress hills,NY,40.677050,-73.891250,54944
cypress lake,FL,26.538130,-81.899250,11846
cypress quarters,FL,27.251990,-80.813950,1215
cypress village,CA,33.687870,-117.759160,9610
cyril,OK,34.896460,-98.200600,1046
césar chávez,TX,26.303400,-98.115290,1929
d'hanis,TX,29.330510,-99.279760,847
d'iberville,MS,30.426310,-88.890860,11400
dacono,CO,40.084710,-104.939420,4792
dacula,GA,33.988720,-83.897960,5330
dade city,FL,28.364720,-82.195920,6955
dade city north,FL,28.383340,-82.193890,3113
dadeville,AL,32.831240,-85.763570,3150
dagsboro,DE,38.549280,-75.245740,859
dahlgren,IL,38.198100,-88.684500,506
dahlgren,VA,38.331240,-77.051090,2653
dahlonega,GA,34.532590,-83.984910,6394
daingerfield,TX,33.031790,-94.721870,2452
daisetta,TX,30.113270,-94.642980,991
dakota,WI,43.990250,-89.356510,1207
dakota city,IA,42.722190,-94.197180,813
dakota city,NE,42.415550,-96.418360,1906
dakota dunes,SD,42.487490,-96.486420,2540
dakota ridge,CO,39.616380,-105.139340,33892
dale,IN,40.016710,-86.400000,1544
dale,PA,40.312850,-78.904190,1174
dale,WI,44.273040,-88.678440,528
dale city,VA,38.637060,-77.311090,65969
daleville,AL,31.310170,-85.712990,5141
daleville,IN,40.121150,-85.558030,1608
daleville,VA,37.409860,-79.912540,2557
dalhart,TX,36.059480,-102.513250,8370
dallas,GA,33.923710,-84.840770,12870
dallas,NC,35.316530,-81.176190,4622
dallas,OR,44.919280,-123.317050,15277
dallas,PA,41.336190,-75.963250,2783
dallas,TX,32.783060,-96.806670,1326087
dallas center,IA,41.684430,-93.961060,1792
dallas city,IL,40.636150,-91.167370,910
dallastown,PA,39.899540,-76.640250,4017
dallesport,WA,45.617340,-121.179520,1202
dalton,GA,34.769800,-84.970220,33853
dalton,MA,42.473700,-73.166210,7012
dalton,NH,44.415890,-71.694810,987
dalton,OH,40.798940,-81.695410,1850
dalton,PA,41.534240,-75.736030,1209
dalton city,IL,39.711980,-88.804520,527
dalton gardens,ID,47.729630,-116.770190,2386
dalworthington gardens,TX,32.702910,-97.155290,2373
daly city,CA,37.705770,-122.461920,106562
dalzell,IL,41.357810,-89.176200,681
dalzell,SC,34.016820,-80.430080,3059
damariscotta,ME,44.032860,-69.518660,1142
damascus,MD,39.288440,-77.203870,15257
damascus,OR,45.417620,-122.458980,10952
damascus,VA,36.633730,-81.783730,800
dammeron valley,UT,37.305260,-113.670560,803
damon,TX,29.290520,-95.734670,552
dana,IN,39.807810,-87.495020,581
dana,NC,35.329280,-82.375400,3329
dana point,CA,33.466970,-117.698110,34181
danbury,CT,41.394820,-73.454010,84657
danbury,NC,36.409300,-80.205880,187
danbury,NH,43.525630,-71.861750,1141
danbury,TX,29.228300,-95.344940,1776
danby,VT,43.346180,-72.995380,1286
dandridge,TN,36.015370,-83.414890,2924
dane,WI,43.250550,-89.501510,1120
danforth,IL,40.820310,-87.977820,578
danforth,ME,45.660340,-67.868350,654
dania beach,FL,26.052310,-80.143930,31446
daniel,UT,40.470790,-111.414630,1058
daniels,WV,37.743270,-81.124080,1881
danielson,CT,41.802600,-71.885910,3987
danielsville,GA,34.124280,-83.221260,577
dannemora,NY,44.721430,-73.723750,3629
dansville,MI,42.555870,-84.303300,556
dansville,NY,42.560900,-77.696110,4550
dante,VA,36.978440,-82.297640,649
danvers,IL,40.529480,-89.177310,1137
danvers,MA,42.575090,-70.930050,26493
danville,AL,34.414540,-87.087510,6242
danville,AR,35.053980,-93.393520,2350
danville,CA,37.821590,-121.999960,44400
danville,IA,40.864480,-91.314600,936
danville,IL,40.124480,-87.630020,32108
danville,IN,39.760600,-86.526390,9614
danville,KY,37.645630,-84.772170,16690
danville,NH,42.912590,-71.124500,4537
danville,OH,40.447560,-82.260160,1018
danville,PA,40.963420,-76.612730,4689
danville,VA,36.585970,-79.395020,42082
danville,WV,38.080930,-81.834010,655
daphne,AL,30.603530,-87.903600,24896
darby,MT,46.022700,-114.178140,747
darby,PA,39.918450,-75.259070,10687
darbydale,OH,39.853670,-83.182970,793
dardanelle,AR,35.223140,-93.157950,4659
dardenne prairie,MO,38.769500,-90.729020,12890
darien,CT,41.078710,-73.469290,20732
darien,GA,31.370230,-81.433990,1858
darien,IL,41.751980,-87.973950,22256
darien,WI,42.601680,-88.707600,1610
darley park,MD,39.315430,-76.593740,913
darlington,IN,40.110040,-86.771950,843
darlington,SC,34.299880,-79.876170,6155
darlington,WI,42.683060,-90.117630,2405
darmstadt,IN,38.099210,-87.578910,1462
darnestown,MD,39.103440,-77.290820,6802
darrington,WA,48.255390,-121.601510,1376
darrtown,OH,39.495610,-84.661340,516
dash point,WA,47.318990,-122.426510,931
dasher,GA,30.747430,-83.220700,963
dassel,MN,45.081630,-94.306930,1437
dauberville,PA,40.463700,-75.981880,848
dauphin,PA,40.367310,-76.931090,791
dauphin island,AL,30.255480,-88.109720,1251
davenport,FL,28.161400,-81.601740,3534
davenport,IA,41.523640,-90.577640,102582
davenport,OK,35.704790,-96.765300,821
davenport,WA,47.654050,-118.149970,1672
david city,NE,41.252790,-97.130040,2836
davidson,NC,35.502330,-80.839120,12207
davidsonville,MD,38.922890,-76.628300,8000
davidsville,PA,40.227020,-78.936410,1130
davie,FL,26.062870,-80.233100,100882
davis,CA,38.544910,-121.740520,67666
davis,IL,42.422510,-89.413730,642
davis,OK,34.504530,-97.119460,2794
davis,WV,39.128720,-79.464770,658
davis junction,IL,42.101690,-89.093160,2270
davis park,NY,40.683990,-73.004830,717
davisboro,GA,32.979040,-82.607910,1986
davison,MI,43.034750,-83.518010,4965
dawson,GA,31.773820,-84.448000,4353
dawson,MN,44.932740,-96.054480,1444
dawson,TX,31.894050,-96.714710,801
dawson springs,KY,37.167270,-87.692510,2737
dawsonville,GA,34.421210,-84.119080,2525
day heights,OH,39.173950,-84.226330,2620
day valley,CA,37.035780,-121.862460,3409
dayton,IA,42.261360,-94.068570,798
dayton,IL,41.384760,-88.794240,537
dayton,IN,40.374200,-86.768900,1578
dayton,KY,39.112840,-84.472720,5433
dayton,ME,43.549720,-70.575550,1805
dayton,MN,45.243850,-93.514960,5096
dayton,NJ,40.372610,-74.510150,7063
dayton,NV,39.237140,-119.592950,8964
dayton,OH,39.758950,-84.191610,135512
dayton,OR,45.220670,-123.076210,2575
dayton,PA,40.880340,-79.241980,530
dayton,TN,35.493960,-85.012450,7384
dayton,TX,30.046610,-94.885200,7575
dayton,VA,38.414850,-78.938640,1588
dayton,WA,46.323750,-117.972440,2526
dayton,WY,44.875250,-107.262300,804
daytona beach,FL,29.210810,-81.022830,72647
daytona beach shores,FL,29.176090,-80.982830,4389
de graff,OH,40.312000,-83.915770,1263
de kalb,MS,32.767630,-88.650880,1057
de kalb,TX,33.508730,-94.616320,1657
de kalb junction,NY,44.505060,-75.273820,519
de land southwest,FL,29.007700,-81.311290,1052
de leon,TX,32.110970,-98.535880,2150
de leon springs,FL,29.119890,-81.352860,2614
de lisle,MS,30.379360,-89.264490,1147
de pere,WI,44.448880,-88.060380,24724
de queen,AR,34.037890,-94.341320,6707
de smet,SD,44.387470,-97.550350,1072
de soto,IA,41.531660,-94.009670,1089
de soto,IL,37.817550,-89.227860,1575
de soto,KS,38.979170,-94.968580,6074
de soto,MO,38.139500,-90.555130,6495
de valls bluff,AR,34.784820,-91.458460,587
de witt,AR,34.292880,-91.337900,3292
de witt,IA,41.823360,-90.538190,5242
de witt,NE,40.393610,-96.922810,504
deadwood,SD,44.376650,-103.729640,1258
deal,NJ,40.243170,-74.000690,738
deale,MD,38.776510,-76.555240,4945
deansboro,NY,42.995070,-75.428510,1500
deanwood,DC,38.898450,-76.929420,9895
dearborn,MI,42.322260,-83.176310,95171
dearborn,MO,39.521940,-94.769960,506
dearborn heights,MI,42.336980,-83.273260,56145
dearing,GA,33.413190,-82.385130,547
deary,ID,46.799340,-116.555990,508
death valley,CA,36.239620,-116.811330,1124
deatsville,AL,32.608190,-86.395810,1157
debary,FL,28.883050,-81.308680,19998
decatur,AL,34.605930,-86.983340,55437
decatur,AR,36.335910,-94.460770,1773
decatur,GA,33.774830,-84.296310,21957
decatur,IL,39.840310,-88.954800,73254
decatur,IN,40.830600,-84.929130,9465
decatur,MI,42.108100,-85.974460,1767
decatur,MS,32.439030,-89.108390,1797
decatur,TN,35.514790,-84.790220,1575
decatur,TX,33.234280,-97.586140,6521
decatur,WI,42.634330,-89.411550,1803
decaturville,TN,35.584240,-88.119480,869
decherd,TN,35.209800,-86.079430,2424
deckerville,MI,43.526690,-82.735210,801
decorah,IA,43.303310,-91.785710,7907
decordova,TX,32.429860,-97.695030,2855
dedham,MA,42.241770,-71.166160,24729
dedham,ME,44.691740,-68.661980,1478
deemer,MS,32.745410,-89.118120,763
deemston,PA,40.025910,-80.030330,716
deenwood,GA,31.235000,-82.375000,2146
deep river center,CT,41.382210,-72.438620,2484
deephaven,MN,44.929690,-93.522460,3843
deer creek,IL,40.630040,-89.332590,682
deer isle,ME,44.223970,-68.677530,1950
deer lake,PA,40.625090,-76.060490,673
deer lodge,MT,46.395760,-112.730040,2965
deer park,CA,38.681850,-120.823270,1384
deer park,IL,42.160860,-88.081470,3759
deer park,NY,40.761770,-73.329290,27745
deer park,OH,39.205340,-84.394660,5682
deer park,TX,29.705230,-95.123820,33806
deer park,WA,47.954340,-117.476890,3941
deer river,MN,47.333000,-93.792720,933
deer trail,CO,39.614980,-104.044400,612
deer valley,AZ,33.683930,-112.134880,165656
deerfield,IL,42.171140,-87.844510,19019
deerfield,KS,37.979740,-101.133220,693
deerfield,MA,42.544530,-72.605640,643
deerfield,MI,41.888940,-83.778830,873
deerfield,NH,44.230620,-71.617030,4315
deerfield,WI,43.051940,-89.075670,2499
deerfield beach,FL,26.318410,-80.099770,79768
deering,NH,43.073140,-71.844520,1997
deerwood,MN,46.473570,-93.898870,520
defiance,OH,41.284490,-84.355780,16776
deforest,WI,43.247770,-89.343730,8936
defuniak springs,FL,30.721020,-86.115220,5795
dekalb,IL,41.929470,-88.750360,43211
del aire,CA,33.916130,-118.369520,10001
del city,OK,35.442010,-97.440870,22022
del mar,CA,32.959490,-117.265310,4351
del monte forest,CA,36.586350,-121.947460,4514
del norte,CO,37.678890,-106.353370,1604
del rey,CA,36.659120,-119.593740,1639
del rey oaks,CA,36.593290,-121.834950,1688
del rio,CA,37.743540,-121.011880,1270
del rio,TX,29.362730,-100.896760,36153
delafield,WI,43.060840,-88.403710,7180
delanco,NJ,40.050670,-74.953500,3211
deland,FL,29.028320,-81.303120,30195
delano,CA,35.768840,-119.247050,52733
delano,MN,45.041910,-93.789130,5875
delavan,IL,40.372540,-89.547320,1633
delavan,WI,42.633070,-88.643710,8389
delavan lake,WI,42.584180,-88.632600,2649
delaware,OH,40.298670,-83.067970,37995
delaware city,DE,39.577750,-75.589450,1741
delaware water gap,PA,40.979260,-75.142960,713
delbarton,WV,37.710660,-82.184020,540
delcambre,LA,29.948260,-91.988730,1866
delevan,NY,42.489230,-78.480850,1058
delhi,CA,37.432160,-120.778540,10755
delhi,LA,32.457640,-91.493170,2900
delhi,NY,42.278140,-74.915990,3157
delhi hills,OH,39.092840,-84.612720,5259
dell rapids,SD,43.826080,-96.706160,3706
delleker,CA,39.808790,-120.497990,705
dellwood,MN,45.089970,-92.972440,1094
dellwood,MO,38.749500,-90.285670,5011
dellwood,WI,43.984140,-89.938740,563
delmar,DE,38.456510,-75.577150,1730
delmar,IA,42.002250,-90.607080,502
delmar,NY,42.622020,-73.832620,8195
delmont,PA,40.413120,-79.570320,2640
delphi,IN,40.587540,-86.675010,2858
delphos,OH,40.843380,-84.341620,7023
delray beach,FL,26.461460,-80.072820,66255
delta,CO,38.742210,-108.068960,8791
delta,OH,41.573660,-84.005220,3121
delta,PA,39.727050,-76.326630,724
delta,UT,39.352180,-112.577170,3482
delta junction,AK,64.037780,-145.732220,929
deltana,AK,63.872170,-145.217730,2251
deltaville,VA,37.554860,-76.336890,1119
delton,MI,42.499760,-85.408060,872
deltona,FL,28.900540,-81.263670,88474
demarest,NJ,40.957320,-73.963470,5050
deming,NM,32.268700,-107.758640,14522
demopolis,AL,32.517640,-87.836400,7148
demorest,GA,34.565100,-83.545170,2050
demotte,IN,41.195040,-87.198640,3814
denair,CA,37.526320,-120.796870,4404
denham springs,LA,30.487400,-90.957530,10125
denison,IA,42.017770,-95.355280,8334
denison,TX,33.755660,-96.536660,23150
denmark,ME,43.970350,-70.803400,1044
denmark,SC,33.322650,-81.142320,3315
denmark,WI,44.347770,-87.827320,2193
dennard,AR,35.756740,-92.524610,530
dennehotso,AZ,36.845840,-109.846500,746
dennis,MA,41.735390,-70.193910,2407
dennis port,MA,41.658450,-70.128630,3162
dennison,OH,40.393400,-81.333720,2640
dent,OH,39.185890,-84.651340,10497
denton,MD,38.884560,-75.827160,4349
denton,NC,35.633470,-80.115880,1657
denton,TX,33.214840,-97.133070,131044
dentsville,SC,34.064040,-80.958150,14062
denver,CO,39.739150,-104.984700,729019
denver,IA,42.671370,-92.337400,1835
denver,NC,35.531250,-81.029800,2309
denver,PA,40.233150,-76.137170,3875
denver city,TX,32.964550,-102.829100,4864
denville,NJ,40.892320,-74.477380,16669
depauville,NY,44.138380,-76.065490,577
depew,NY,42.903950,-78.692250,15146
depoe bay,OR,44.808450,-124.063170,1422
deport,TX,33.526220,-95.315780,566
deposit,NY,42.060080,-75.420000,1598
depue,IL,41.324200,-89.306750,1838
dequincy,LA,30.450480,-93.433220,3161
derby,CO,39.839430,-104.918590,7685
derby,CT,41.320650,-73.089000,12700
derby,KS,37.545570,-97.268930,23509
derby center,VT,44.947820,-72.132880,576
derby line,VT,45.005050,-72.098990,651
deridder,LA,30.846310,-93.289050,10890
derma,MS,33.855670,-89.284520,1006
dermott,AR,33.525390,-91.435950,2720
derry,NH,42.880640,-71.327290,22015
derry,PA,40.333960,-79.299760,2594
derry village,NH,42.891750,-71.312010,34539
deruyter,NY,42.758400,-75.884360,535
derwood,MD,39.117330,-77.161090,2381
des allemands,LA,29.823820,-90.475080,2505
des arc,AR,34.977040,-91.495130,1639
des moines,IA,41.600540,-93.609110,214133
des moines,WA,47.401770,-122.324290,31221
des peres,MO,38.600890,-90.432900,8572
des plaines,IL,42.033360,-87.883400,58677
descanso,CA,32.852830,-116.615850,1423
deschutes river woods,OR,43.991510,-121.358360,5077
desert aire,WA,46.679300,-119.917270,1626
desert edge,CA,33.924170,-116.441390,3822
desert hills,AZ,34.553900,-114.372460,2245
desert hot springs,CA,33.961730,-116.503530,28335
desert shores,CA,33.404200,-116.039720,1104
desert view highlands,CA,34.590820,-118.152570,2360
deshler,NE,40.140840,-97.722820,750
deshler,OH,41.207550,-83.899110,1781
desloge,MO,37.870880,-90.527350,4939
desoto,TX,32.589860,-96.856950,52486
desoto lakes,FL,27.371430,-82.489820,3646
despard,WV,39.288700,-80.305920,1004
destin,FL,30.393530,-86.495780,13523
destrehan,LA,29.943220,-90.353450,11535
detroit,ME,44.792570,-69.296710,848
detroit,MI,42.331430,-83.045750,645705
detroit,TX,33.661500,-95.266620,705
detroit beach,MI,41.931160,-83.326880,2087
detroit lakes,MN,46.817180,-95.845330,9002
detroit-shoreway,OH,41.477720,-81.729910,17382
devens,MA,42.544700,-71.613180,1840
deville,LA,31.357400,-92.165410,1764
devils lake,ND,48.112780,-98.865120,7351
devine,TX,29.139960,-98.905310,4705
devola,OH,39.473690,-81.479010,2652
devon,PA,40.049280,-75.429080,1515
dewar,OK,35.458160,-95.941390,872
dewart,PA,41.109250,-76.876630,1471
dewey,OK,36.795920,-95.935540,3499
dewey-humboldt,AZ,34.530000,-112.242220,3894
deweyville,TX,30.297710,-93.743500,1023
dewitt,MI,42.842260,-84.569150,4655
dexter,GA,32.432390,-83.061260,570
dexter,IA,41.518320,-94.226350,630
dexter,ME,45.023950,-69.289770,2158
dexter,MI,42.338340,-83.889540,4067
dexter,MO,36.795890,-89.957870,7992
dexter,NM,33.197330,-104.373020,1272
dexter,NY,44.007840,-76.044370,1086
diablo,CA,37.834930,-121.958010,1158
diablo grande,CA,37.397430,-121.279440,826
diamond,IL,41.288640,-88.251730,2488
diamond,MO,36.995340,-94.316050,925
diamond bar,CA,34.028620,-117.810340,56897
diamond city,AR,36.464510,-92.920170,781
diamond head,HI,21.262720,-157.796010,1276
diamond head / kapahulu / saint louis heights,HI,21.276970,-157.811270,19769
diamond ridge,AK,59.676110,-151.557500,1156
diamond springs,CA,38.694630,-120.814940,11037
diamondhead,MS,30.394640,-89.363940,8132
diamondville,WY,41.779390,-110.538500,738
diaz,AR,35.638410,-91.265130,1248
dibble,OK,35.033400,-97.629760,827
diboll,TX,31.187130,-94.781040,5400
dickens,TX,33.621750,-100.836520,255
dickeyville,MD,39.319000,-76.703580,729
dickeyville,WI,42.627220,-90.592070,1039
dickinson,ND,46.879180,-102.789620,23765
dickinson,TX,29.460790,-95.051320,19895
dickson,OK,34.187320,-96.984460,1253
dickson,TN,36.077000,-87.387790,15359
dickson city,PA,41.471470,-75.607690,5877
dierks,AR,34.119280,-94.016580,1092
dieterich,IL,39.061990,-88.379770,609
dighton,KS,38.481960,-100.467080,990
dighton,MA,41.813990,-71.120320,6283
dike,IA,42.464150,-92.628250,1289
dilkon,AZ,35.385290,-110.320680,1184
dill city,OK,35.276720,-99.135080,566
dilley,TX,28.667480,-99.170590,4223
dillingham,AK,59.039720,-158.457500,2404
dillon,CO,39.630260,-106.043350,961
dillon,MT,45.216310,-112.637520,4210
dillon,SC,34.416550,-79.371160,6677
dillonvale,OH,39.218110,-84.402160,3474
dillsboro,IN,39.017830,-85.058840,1320
dillsburg,PA,40.110930,-77.034980,2569
dilworth,MN,46.876630,-96.703410,4366
dimmitt,TX,34.550900,-102.311860,4195
dimondale,MI,42.645590,-84.648870,1245
dinuba,CA,36.543280,-119.387070,23702
dinwiddie,VA,37.077930,-77.586650,0
discovery bay,CA,37.908540,-121.600230,13352
discovery harbor,HI,19.044110,-155.631900,1171
dishman,WA,47.660070,-117.275960,9978
district heights,MD,38.857610,-76.889420,6144
divernon,IL,39.565610,-89.657320,1156
dix hills,NY,40.804820,-73.336230,26892
dixfield,ME,44.533950,-70.455900,1076
dixiana,AL,33.740210,-86.649380,22940
dixmont,ME,44.680350,-69.162820,1107
dixmoor,IL,41.631700,-87.660880,3597
dixon,CA,38.445460,-121.823300,19390
dixon,IL,41.838920,-89.479550,15319
dixon,KY,37.517820,-87.690290,898
dixon,MO,37.991710,-92.093780,1499
dixon,NM,36.198630,-105.888630,926
dixon lane-meadow creek,CA,37.386390,-118.415270,2645
dobbins,CA,39.371560,-121.206070,624
dobbins heights,NC,34.904880,-79.692280,838
dobbs ferry,NY,41.014540,-73.872640,11131
dobson,NC,36.395690,-80.722570,1573
dock junction,GA,31.202450,-81.516770,7721
doctor phillips,FL,28.449450,-81.492290,10981
dodge,NE,41.721110,-96.882810,597
dodge center,MN,44.028020,-92.854640,2690
dodge city,AL,34.040660,-86.885830,603
dodge city,KS,37.752800,-100.017080,27912
dodgeville,WI,42.960270,-90.130120,4652
dodson branch,TN,36.312560,-85.532200,1074
doe run,MO,37.742830,-90.497620,915
doe valley,KY,37.956650,-86.116530,1931
doerun,GA,31.319630,-83.917120,773
doffing,TX,26.274520,-98.385850,5091
dogtown,CA,38.213810,-121.088550,2506
dolan springs,AZ,35.591940,-114.273290,2033
dolfield,MD,39.337720,-76.680310,1799
dolgeville,NY,43.100900,-74.772930,2132
dollar bay,MI,47.119650,-88.511510,1082
dollar corner,WA,45.780300,-122.599940,1108
dollar point,CA,39.187960,-120.099910,1215
dolores,CO,37.473880,-108.504540,963
dolton,IL,41.638920,-87.607270,23197
donald,OR,45.222340,-122.839260,1001
donaldsonville,LA,30.101140,-90.994120,7792
donalsonville,GA,31.040460,-84.879090,2675
dongan hills,NY,40.588440,-74.096250,9529
dongola,IL,37.361160,-89.165910,712
doniphan,MO,36.620890,-90.823460,1991
doniphan,NE,40.771960,-98.369510,847
donna,TX,26.170350,-98.051950,16523
donnellson,IA,40.642820,-91.564600,901
donora,PA,40.173400,-79.857550,4663
donovan estates,AZ,32.709350,-114.678220,1508
doolittle,MO,37.940320,-91.880990,605
doolittle,TX,26.353370,-98.116660,2769
dooms,VA,38.109020,-78.857520,1327
doon,IA,43.279420,-96.232800,591
dora,AL,33.728720,-87.090280,1960
doral,FL,25.819540,-80.355330,75874
doraville,GA,33.898160,-84.283260,10896
dorchester,MA,42.297320,-71.074500,97826
dorchester,MD,39.331780,-76.686320,1565
dorchester,NE,40.647230,-97.113370,576
dorchester,WI,45.003020,-90.335690,862
dormont,PA,40.395900,-80.033110,8465
dorneyville,PA,40.575100,-75.519630,4406
dorrington,CA,38.301310,-120.277140,609
dorris,CA,41.967370,-121.918060,907
dortches,NC,36.011260,-77.857480,930
dos palos,CA,36.986060,-120.626570,5125
dothan,AL,31.223230,-85.390490,68567
dotsero,CO,39.649710,-107.060330,705
double oak,TX,33.065120,-97.110570,3078
double springs,AL,34.146370,-87.402470,1056
douglas,AL,34.173710,-86.323590,758
douglas,AZ,31.344550,-109.545340,16592
douglas,GA,31.508810,-82.849870,11718
douglas,IL,41.834760,-87.618110,20323
douglas,MA,42.054260,-71.739510,7168
douglas,MI,42.643360,-86.200590,1284
douglas,WY,42.759690,-105.382210,6531
douglas city,CA,40.652090,-122.944750,713
douglass,KS,37.519460,-97.012810,1695
douglass hills,KY,38.237850,-85.552740,5669
douglaston,NY,40.768710,-73.747080,14762
douglasville,GA,33.751500,-84.747710,32897
dousman,WI,43.014180,-88.472600,2335
dove creek,CO,37.766100,-108.905940,697
dove valley,CO,39.577710,-104.829400,5243
dover,AR,35.401470,-93.114340,1398
dover,DE,39.158170,-75.524370,39403
dover,FL,27.994190,-82.219530,3702
dover,ID,48.251590,-116.611030,660
dover,MA,42.245930,-71.282830,2265
dover,MN,43.973570,-92.139050,745
dover,NH,43.197860,-70.873670,30880
dover,NJ,40.883990,-74.562100,18346
dover,OH,40.520620,-81.474010,12899
dover,PA,40.001760,-76.850250,1991
dover,TN,36.487830,-87.838360,1457
dover,VT,42.943690,-72.803990,1437
dover base housing,DE,39.117630,-75.483930,3450
dover beaches north,NJ,39.991230,-74.063750,1239
dover beaches south,NJ,39.955670,-74.074300,1209
dover plains,NY,41.741210,-73.576520,1323
dover-foxcroft,ME,45.183390,-69.226990,2528
dowagiac,MI,41.984210,-86.108620,5851
downers grove,IL,41.808920,-88.011170,49732
downey,CA,33.940010,-118.132570,114219
downey,ID,42.428530,-112.124410,616
downieville,CA,39.559340,-120.826890,282
downieville-lawson-dumont,CO,39.764690,-105.617540,594
downingtown,PA,40.006500,-75.703270,7946
downs,IL,40.396980,-88.870630,988
downs,KS,39.498620,-98.542010,855
downsville,NY,42.080920,-74.995720,617
downtown,HI,21.302490,-157.858370,12381
downtown,MD,39.291070,-76.615180,7171
downtown brooklyn,NY,40.693710,-73.985960,7053
downtown dc,DC,38.893500,-77.019910,52560
dows,IA,42.656640,-93.501040,514
dowsett highlands,HI,21.337350,-157.833820,5360
doyle,CA,40.027960,-120.103820,678
doyle,TN,35.853120,-85.512480,545
doylestown,OH,40.970050,-81.696520,3075
doylestown,PA,40.310110,-75.129890,8301
doyline,LA,32.535710,-93.411000,795
doña ana,NM,32.389540,-106.813900,1211
dracut,MA,42.670370,-71.302010,28831
drain,OR,43.658730,-123.318700,1157
drakes branch,VA,36.992930,-78.601110,515
drakesboro,KY,37.217540,-87.048880,509
dranesville,VA,39.000670,-77.345820,11921
draper,UT,40.524670,-111.863820,46774
dravosburg,PA,40.350630,-79.886160,1763
drayton,ND,48.571100,-97.177850,785
dresden,OH,40.121460,-82.010690,1706
dresden,TN,36.291450,-88.708110,2898
dresher,PA,40.140940,-75.166840,5610
dresser,WI,45.356070,-92.633540,860
drew,MS,33.809560,-90.526480,1775
drexel,MO,38.479460,-94.608570,956
drexel,NC,35.757910,-81.604260,1866
drexel,OH,39.746450,-84.286610,2076
drexel heights,AZ,32.141190,-111.028430,27749
drexel hill,PA,39.947060,-75.292130,28043
driggs,ID,43.723250,-111.111330,1689
dripping springs,TX,30.190210,-98.086680,2483
driscoll,TX,27.674470,-97.748610,752
druid heights,MD,39.308300,-76.637080,1267
druid hills,GA,33.780380,-84.336040,14568
drum point,MD,38.326790,-76.426060,2731
drumright,OK,35.988400,-96.601130,2880
dry ridge,KY,38.682010,-84.589940,2205
dry ridge,OH,39.259220,-84.619110,2782
dry run,OH,39.104230,-84.330490,7281
dry tavern,PA,39.939240,-80.012280,697
dryden,MI,42.946140,-83.123830,941
dryden,NY,42.490910,-76.297160,2094
dryden,VA,36.777590,-82.941550,1208
du quoin,IL,38.011440,-89.236190,5949
duarte,CA,34.139450,-117.977290,21990
dubach,LA,32.699100,-92.656600,979
dublin,CA,37.702150,-121.935790,57721
dublin,GA,32.540440,-82.903750,16197
dublin,IN,39.812270,-85.208850,769
dublin,NH,42.907580,-72.062580,1572
dublin,OH,40.099230,-83.114080,45098
dublin,PA,40.371770,-75.201560,2169
dublin,TX,32.085140,-98.341990,3664
dublin,VA,37.105680,-80.685340,2686
dubois,ID,44.176300,-112.230820,606
dubois,PA,41.119230,-78.760030,7597
dubois,WY,43.533570,-109.630430,987
duboistown,PA,41.222580,-77.036910,1208
dubuque,IA,42.500560,-90.664570,58799
duchesne,UT,40.163290,-110.402930,1872
duck hill,MS,33.633180,-89.711190,1210
duck key,FL,24.770970,-80.912010,621
ducor,CA,35.891620,-119.047320,612
dudley,GA,32.542390,-83.070430,570
dudley,MA,42.045100,-71.930070,11165
dudleyville,AZ,32.919000,-110.729000,959
due west,SC,34.333450,-82.387900,1239
duenweg,MO,37.083670,-94.413560,1306
dufur,OR,45.453180,-121.130620,623
dugger,IN,39.070040,-87.261400,898
dugway,UT,40.221050,-112.744410,795
dulac,LA,29.388830,-90.713980,1463
dulce,NM,36.933620,-106.998930,2743
dulles town center,VA,39.037610,-77.415820,4601
duluth,GA,34.002880,-84.144640,29193
duluth,MN,46.783270,-92.106580,86110
dumas,AR,33.887050,-91.491790,4323
dumas,TX,35.865590,-101.973240,15001
dumbarton,VA,37.603760,-77.491370,7879
dumfries,VA,38.567620,-77.328040,5217
dumont,IA,42.751920,-92.975470,627
dumont,NJ,40.940650,-73.996810,18001
dunbar,PA,39.977850,-79.614480,1018
dunbar,WV,38.360650,-81.737350,7659
dunbar-broadway,MD,39.296020,-76.595200,749
duncan,AZ,32.721460,-109.105340,799
duncan,OK,34.502300,-97.957810,23231
duncan,SC,34.937900,-82.145110,3317
duncan falls,OH,39.872010,-81.909300,880
duncannon,PA,40.398140,-77.023030,1487
duncansville,PA,40.423410,-78.433900,1204
duncanville,TX,32.651800,-96.908340,39826
dundalk,MD,39.250660,-76.520520,63597
dundas,MN,44.429410,-93.201880,1481
dundee,FL,28.022520,-81.619240,4090
dundee,MI,41.957270,-83.659660,3994
dundee,NY,42.523400,-76.976630,1665
dundee,OR,45.278170,-123.010940,3200
dunean,SC,34.824840,-82.419290,3671
dunedin,FL,28.019900,-82.773230,36164
dunellen,NJ,40.589270,-74.471820,7431
dunes city,OR,43.883180,-124.115120,1339
dunkerton,IA,42.569990,-92.160460,842
dunkirk,IN,40.756430,-86.393610,2630
dunkirk,MD,38.721780,-76.660520,2509
dunkirk,NY,42.479500,-79.333930,12081
dunkirk,OH,40.789220,-83.643260,862
dunkirk town center,MD,38.720390,-76.658570,2520
dunlap,IA,41.854430,-95.600560,977
dunlap,IL,40.861700,-89.678710,1417
dunlap,IN,41.637830,-85.921660,6235
dunlap,OH,39.292280,-84.618000,1719
dunlap,TN,35.371460,-85.390520,5108
dunmore,PA,41.419800,-75.632410,13379
dunn,NC,35.306270,-78.608900,9723
dunn loring,VA,38.893440,-77.221650,8803
dunnavant,AL,33.493440,-86.544150,981
dunnellon,FL,29.049140,-82.460930,1777
dunnigan,CA,38.885180,-121.969690,1416
dunnstown,PA,41.145900,-77.421370,1360
dunseith,ND,48.813060,-100.060970,797
dunsmuir,CA,41.208210,-122.271950,1582
dunstable,MA,42.675090,-71.482840,2878
dunwoody,GA,33.946210,-84.334650,48733
dupo,IL,38.516160,-90.210390,3921
dupont,PA,41.325080,-75.745470,2714
dupont,WA,47.096760,-122.631240,9356
dupont circle,DC,38.908440,-77.044140,23226
dupree,SD,45.047480,-101.600990,527
duquesne,MO,37.076730,-94.459390,1736
duquesne,PA,40.381460,-79.859770,5535
durand,IL,42.436400,-89.332060,1409
durand,MI,42.911980,-83.984680,3338
durand,WI,44.626350,-91.965730,1847
durango,CO,37.275280,-107.880070,18006
durant,IA,41.599750,-90.910700,1816
durant,MS,33.075130,-89.854530,2486
durant,OK,33.993990,-96.370820,17286
durham,CA,39.646270,-121.799980,5518
durham,CT,41.481760,-72.681210,2933
durham,NC,35.994030,-78.898620,257636
durham,NH,43.133970,-70.926450,10345
durham,NY,42.399530,-74.172360,2670
durham,OR,45.402060,-122.752870,1938
durhamville,NY,43.120620,-75.671020,584
duryea,PA,41.343970,-75.738530,4933
dushore,PA,41.524240,-76.400770,592
duson,LA,30.235760,-92.185400,1775
dustin acres,CA,35.219410,-119.390670,652
dutch harbor,AK,53.889800,-166.542200,4376
duvall,WA,47.742320,-121.985680,7674
duxbury,MA,42.041770,-70.672260,15059
dwight,IL,41.094480,-88.425060,4063
dyckesville,WI,44.643330,-87.761210,538
dyer,AR,35.492310,-94.137710,860
dyer,IN,41.494200,-87.521710,16051
dyer,TN,36.066730,-88.993950,2274
dyersburg,TN,36.034520,-89.385630,16781
dyersville,IA,42.484440,-91.122910,4204
dyker heights,NY,40.621490,-74.009580,34399
dysart,IA,42.171660,-92.306300,1354
eads,CO,38.480560,-102.781860,608
eagan,MN,44.804130,-93.166890,66286
eagar,AZ,34.111240,-109.292380,4869
eagle,CO,39.655260,-106.828650,6678
eagle,ID,43.695440,-116.354010,23612
eagle,NE,40.816670,-96.430290,1047
eagle,WI,42.879460,-88.474270,1974
eagle bend,MN,46.164960,-95.039190,510
eagle butte,SD,45.002480,-101.233490,1318
eagle foothills,ID,43.740060,-116.387910,30000
eagle grove,IA,42.664140,-93.904390,3419
eagle lake,FL,27.978360,-81.756470,2474
eagle lake,ME,47.040040,-68.589490,625
eagle lake,MN,44.164970,-93.881340,2841
eagle lake,TX,29.589680,-96.333580,3650
eagle lake,WI,42.706960,-88.128140,1192
eagle mountain,TX,32.893460,-97.444460,7003
eagle mountain,UT,40.314120,-112.006880,27332
eagle pass,TX,28.709140,-100.499520,28765
eagle point,OR,42.472630,-122.802820,8902
eagle river,AK,61.321390,-149.567780,24793
eagle river,MI,47.413810,-88.295660,71
eagle river,WI,45.917180,-89.244300,1363
eagleton village,TN,35.795080,-83.931850,5052
eagletown,OK,34.034280,-94.574930,528
eagleview,PA,40.059380,-75.680760,1644
eagleville,PA,40.159550,-75.408240,4800
eagleville,TN,35.741730,-86.649720,651
earle,AR,35.275090,-90.466770,2282
earlham,IA,41.491930,-94.124120,1405
earlimart,CA,35.884120,-119.272330,8537
earlington,KY,37.274210,-87.511940,1395
earlsboro,OK,35.267570,-96.803350,639
earlston,PA,40.006190,-78.370010,1122
earlville,IA,42.481660,-91.272360,790
earlville,IL,41.589480,-88.922030,1632
earlville,NY,42.739790,-75.545180,830
early,IA,42.461370,-95.151940,532
early,TX,31.742100,-98.945610,2833
earth,TX,34.233140,-102.410750,1012
easley,SC,34.829840,-82.601520,20765
east alton,IL,38.880330,-90.111220,6176
east amherst,NY,43.018390,-78.696700,24914
east arlington,MD,39.331470,-76.668480,2187
east atlantic beach,NY,40.789820,-73.747080,2049
east aurora,NY,42.767840,-78.613360,6236
east avon,NY,42.909230,-77.706390,608
east baltimore midway,MD,39.314850,-76.603230,2318
east bangor,PA,40.879540,-75.183790,1566
east bank,WV,38.218160,-81.442890,932
east barre,VT,44.158120,-72.450380,826
east bend,NC,36.216530,-80.512560,600
east berlin,PA,39.937600,-76.978590,1534
east bernard,TX,29.531070,-96.071070,2304
east bernstadt,KY,37.189530,-84.117710,716
east berwick,PA,41.062030,-76.222430,2007
east bethel,MN,45.319410,-93.202450,11692
east boston,MA,42.375100,-71.039220,43066
east brady,PA,40.985900,-79.613100,911
east brainerd,TN,34.995910,-85.150230,15114
east brewton,AL,31.093230,-87.062750,2419
east bridgewater,MA,42.033430,-70.959210,14021
east bronson,FL,29.459280,-82.590400,1945
east brookfield,MA,42.227870,-72.046740,1323
east brooklyn,CT,41.796770,-71.897290,1638
east brunswick,NJ,40.427880,-74.415980,48495
east butler,PA,40.877840,-79.846440,706
east cambridge,MA,42.366760,-71.080050,13122
east camden,AR,33.607890,-92.740160,862
east canton,OH,40.787280,-81.282610,1600
east carbon city,UT,39.547740,-110.414880,1270
east chattanooga,TN,35.065350,-85.249120,154024
east chicago,IN,41.639200,-87.454760,28699
east cleveland,OH,41.533110,-81.579010,17344
east cleveland,TN,35.160910,-84.857720,1608
east concord,NH,43.242020,-71.538130,42605
east conemaugh,PA,40.348680,-78.883640,1159
east dailey,WV,38.780390,-79.890900,557
east dennis,MA,41.742610,-70.161960,2753
east douglas,MA,42.072320,-71.713400,2557
east dublin,GA,32.548220,-82.871810,2392
east dubuque,IL,42.492230,-90.642910,1658
east dundee,IL,42.098910,-88.271470,3200
east earl,PA,40.110100,-76.032720,1144
east ellijay,GA,34.683970,-84.472700,556
east elmhurst,NY,40.761210,-73.865140,23150
east end,AR,34.550650,-92.340990,6998
east falls,PA,40.014560,-75.191570,9631
east falmouth,MA,41.578440,-70.558640,6038
east farmingdale,NY,40.729270,-73.416790,6484
east flat rock,NC,35.280120,-82.422060,4995
east flatbush,NY,40.653710,-73.930420,178464
east florence,AL,34.809530,-87.649470,35733
east foothills,CA,37.381050,-121.817450,8269
east fork,AZ,33.798110,-109.930380,699
east franklin,NJ,40.493300,-74.471100,8669
east freedom,PA,40.357570,-78.429740,972
east freehold,NJ,40.280940,-74.251260,4894
east gaffney,SC,35.080130,-81.632870,3085
east galesburg,IL,40.947820,-90.310130,796
east garden city,NY,40.730830,-73.598060,6208
east garfield park,IL,41.880870,-87.702830,20656
east glenville,NY,42.894520,-73.927900,6616
east grand forks,MN,47.929980,-97.024520,8643
east grand rapids,MI,42.941140,-85.610030,11311
east greenbush,NY,42.590910,-73.701790,4487
east greenville,PA,40.406490,-75.501850,2985
east greenwich,RI,41.660380,-71.455890,13682
east griffin,GA,33.243730,-84.228810,1451
east gull lake,MN,46.408020,-94.355840,1011
east haddam,CT,41.453150,-72.461200,9042
east hampton,CT,41.575930,-72.502590,2691
east hampton,NY,40.963430,-72.184800,1122
east hampton,VA,37.037370,-76.331610,147993
east hampton north,NY,40.972760,-72.189110,4142
east hanover,NJ,40.820100,-74.364870,12194
east harlem,NY,40.794720,-73.942500,115921
east hartford,CT,41.782320,-72.612030,51252
east harwich,MA,41.700110,-70.027240,4872
east haven,CT,41.276210,-72.868430,29257
east hazel crest,IL,41.573650,-87.646430,1545
east helena,MT,46.589660,-111.915550,2057
east hemet,CA,33.740020,-116.938910,17418
east highland park,VA,37.580980,-77.406930,14796
east hill-meridian,WA,47.410520,-122.173690,29878
east hills,NY,40.793710,-73.627070,7155
east honolulu,HI,21.289060,-157.717340,49914
east independence,MO,39.095560,-94.355230,110675
east islip,NY,40.732040,-73.185670,14475
east ithaca,NY,42.439520,-76.478550,2231
east jordan,MI,45.158060,-85.124230,2371
east kapolei,HI,21.358600,-158.051260,5299
east kingston,NH,42.925640,-71.016720,1900
east la mirada,CA,33.924460,-117.988950,9757
east lake,FL,28.110850,-82.694820,30962
east lake-orient park,FL,27.982690,-82.378780,22753
east lansdowne,PA,39.945670,-75.261290,2665
east lansing,MI,42.736980,-84.483870,48471
east lexington,VA,37.792910,-79.425320,1463
east liverpool,OH,40.618680,-80.577290,10846
east longmeadow,MA,42.064540,-72.512590,15102
east los angeles,CA,34.023900,-118.172020,126496
east machias,ME,44.739240,-67.389990,1350
east manoa,HI,21.305440,-157.811450,2251
east marion,NY,41.127600,-72.340080,926
east massapequa,NY,40.673430,-73.436510,19069
east mckeesport,PA,40.383120,-79.806440,2108
east meadow,NY,40.713990,-73.559020,38132
east merrimack,NH,42.868140,-71.483400,4197
east millcreek,UT,40.699950,-111.810490,20816
east millinocket,ME,45.627550,-68.574480,1567
east millstone,NJ,40.501490,-74.580710,579
east milton,FL,30.615190,-87.021630,11074
east missoula,MT,46.870760,-113.944550,2157
east moline,IL,41.500870,-90.444300,21350
east moriches,NY,40.805100,-72.760930,5249
east mount airy,PA,40.064500,-75.187500,18516
east mountain,TX,32.593750,-94.855490,814
east naples,FL,26.138420,-81.766480,22951
east nassau,NY,42.507860,-73.506500,570
east new york,NY,40.666770,-73.882360,173198
east newark,NJ,40.748430,-74.161810,2406
east newnan,GA,33.350670,-84.776600,1321
east norriton,PA,40.150430,-75.336370,13590
east northport,NY,40.876760,-73.324560,20217
east norwalk,CT,41.105650,-73.398450,84530
east norwich,NY,40.846770,-73.535120,2709
east oak lane,PA,40.050110,-75.132950,9941
east oakdale,CA,37.787980,-120.803820,2762
east orange,NJ,40.767320,-74.204870,64949
east palatka,FL,29.658300,-81.598410,1654
east palestine,OH,40.833950,-80.540350,4576
east palo alto,CA,37.468830,-122.141080,29662
east pasadena,CA,34.138140,-118.073840,6144
east patchogue,NY,40.767040,-72.996220,22469
east pecos,NM,35.573650,-105.663900,757
east pensacola heights,FL,30.428810,-87.179970,54104
east peoria,IL,40.666150,-89.580100,23080
east pepperell,MA,42.665370,-71.573120,2059
east perrine,FL,25.608720,-80.338940,7156
east petersburg,PA,40.100100,-76.354130,4525
east pittsburgh,PA,40.395620,-79.838660,1794
east point,GA,33.679550,-84.439370,35467
east port orchard,WA,47.523430,-122.624300,5919
east porterville,CA,36.057450,-118.975660,6767
east prairie,MO,36.779780,-89.385630,3155
east prospect,PA,39.972040,-76.519970,936
east providence,RI,41.813710,-71.370050,47408
east quincy,CA,39.934060,-120.898010,2489
east quogue,NY,40.840660,-72.581480,4757
east rancho dominguez,CA,33.898070,-118.195350,15135
east randolph,NY,42.172840,-78.947820,620
east renton highlands,WA,47.484820,-122.112340,11140
east richmond heights,CA,37.944920,-122.313580,3280
east ridge,TN,35.014240,-85.251900,20979
east riverdale,MD,38.958000,-76.911000,15509
east rochester,NY,43.108670,-77.487500,6666
east rochester,PA,40.700070,-80.268120,550
east rockaway,NY,40.642050,-73.669570,9894
east rockingham,NC,34.918210,-79.762560,3736
east rutherford,NJ,40.833990,-74.097090,9164
east sahuarita,AZ,31.942860,-110.928420,1622
east saint louis,IL,38.624500,-90.150940,27006
east san gabriel,CA,34.113000,-118.085000,14874
east sandwich,MA,41.741770,-70.451690,3940
east setauket,NY,40.941490,-73.105940,17006
east shoreham,NY,40.944820,-72.879550,6666
east somerville,MA,42.386730,-71.083900,8170
east sonora,CA,37.977700,-120.361300,2266
east sparta,OH,40.667280,-81.354830,804
east spencer,NC,35.681810,-80.432280,1549
east stroudsburg,PA,40.999540,-75.181290,10140
east sumter,SC,33.925440,-80.296190,1343
east syracuse,NY,43.065340,-76.078530,3010
east tawakoni,TX,32.884290,-95.929130,901
east tawas,MI,44.279460,-83.490250,2747
east tremont,NY,40.845380,-73.890970,22886
east troy,WI,42.785290,-88.405100,4295
east tulare villa,CA,36.203560,-119.282170,778
east uniontown,PA,39.899800,-79.697820,2419
east valley,NV,38.943400,-119.699230,1474
east vandergrift,PA,40.598120,-79.561160,652
east village,NY,40.729270,-73.987360,62832
east washington,PA,40.173680,-80.237560,1966
east wenatchee,WA,47.415680,-120.293130,13659
east wenatchee bench,WA,47.425680,-120.281180,8856
east williston,FL,29.388960,-82.417310,694
east williston,NY,40.758430,-73.634850,2578
east windsor,CT,41.912320,-72.545090,4069
east york,PA,39.973710,-76.686360,8777
eastborough,KS,37.688070,-97.263660,768
eastchester,NY,40.958330,-73.808610,19554
easterwood,MD,39.307440,-76.650290,1178
eastgate,WA,47.572660,-122.145780,4958
eastham,MA,41.830110,-69.973910,5548
easthampton,MA,42.266760,-72.668980,16611
eastlake,OH,41.653940,-81.450390,18232
eastland,TX,32.401520,-98.817560,3825
eastlawn gardens,PA,40.750650,-75.295730,3307
eastman,GA,32.197670,-83.177650,5285
eastmont,WA,47.897400,-122.181540,20101
easton,CA,36.650230,-119.790700,2083
easton,CT,41.252870,-73.297340,7625
easton,MA,42.024540,-71.128660,23459
easton,MD,38.774280,-76.076330,16617
easton,ME,46.641150,-67.909470,1299
easton,PA,40.688430,-75.220730,26915
easton,TX,32.387380,-94.582980,501
easton,WI,43.838030,-89.806790,1085
eastover,NC,35.100000,-78.800000,3677
eastover,SC,33.876820,-80.692870,817
eastpoint,FL,29.736600,-84.878520,2337
eastpointe,MI,42.468370,-82.955470,32657
eastport,ME,44.904490,-66.984380,1266
eastport,NY,40.825930,-72.731770,1831
eastvale,CA,33.963580,-117.564180,59039
eastview,TN,35.075640,-88.545330,697
eastville,VA,37.352640,-75.945760,167
eastwick,PA,39.890390,-75.242400,5398
eastwood,LA,32.556260,-93.567120,4093
eastwood,MD,39.290150,-76.530620,764
eastwood,MI,42.303100,-85.550280,6340
eaton,CO,40.530260,-104.711350,4928
eaton,IN,40.340320,-85.350800,1748
eaton,OH,39.743940,-84.636620,8217
eaton estates,OH,41.308940,-82.005700,1222
eaton rapids,MI,42.509200,-84.655810,5225
eatons neck,NY,40.930650,-73.401510,1406
eatonton,GA,33.326800,-83.388500,6520
eatontown,NJ,40.296220,-74.050970,12301
eatonville,FL,28.614720,-81.380620,2271
eatonville,WA,46.867330,-122.266500,2900
eau claire,MI,41.985050,-86.299740,618
eau claire,WI,44.811350,-91.498490,67778
ebensburg,PA,40.485070,-78.724740,3203
echelon,NJ,39.848450,-74.995720,10743
echo,OR,45.742350,-119.195570,702
echo lake,WA,47.784270,-122.046790,849
echo park,CA,34.078080,-118.260660,43832
eckhart mines,MD,39.652590,-78.896970,932
eclectic,AL,32.635410,-86.034410,1029
economy,PA,40.600070,-80.224780,9363
ecorse,MI,42.244480,-83.145760,9257
ecru,MS,34.353160,-89.023120,966
ector,TX,33.577330,-96.273310,693
edcouch,TX,26.293960,-97.960560,3316
eddington,ME,44.826180,-68.693370,2133
eddington,PA,40.084560,-74.944890,1906
eddystone,PA,39.860110,-75.344360,2407
eddyville,IA,41.156500,-92.637390,1012
eddyville,KY,37.094500,-88.080300,2577
eden,MD,38.280680,-75.651040,823
eden,NC,36.488470,-79.766700,15403
eden,NY,41.288710,-74.494330,3806
eden,TX,31.216280,-99.845630,2786
eden,UT,41.300500,-111.812160,600
eden,WI,43.693600,-88.360940,862
eden isle,LA,30.228530,-89.798670,7041
eden prairie,MN,44.854690,-93.470790,63496
eden roc,HI,19.490280,-155.102780,1386
eden valley,MN,45.326070,-94.546110,1036
edenburg,PA,40.566480,-75.960490,681
edenton,NC,36.057940,-76.607720,4849
edgar,WI,44.927190,-89.963460,1462
edgard,LA,30.043260,-90.560090,2441
edgartown,MA,41.389010,-70.513360,4306
edgecliff village,TX,32.657630,-97.342790,2970
edgecomb,ME,43.958410,-69.630600,1133
edgefield,SC,33.789580,-81.929560,4760
edgeley,ND,46.359140,-98.715660,552
edgemere,MD,39.242050,-76.448020,8669
edgemere,NY,40.596220,-73.767630,9646
edgemont,SD,43.301070,-103.827200,739
edgemont park,MI,42.746700,-84.593590,2358
edgemoor,DE,39.750110,-75.499640,5677
edgerton,KS,38.764730,-95.008020,1736
edgerton,MN,43.872470,-96.128640,1139
edgerton,MO,39.505000,-94.633290,575
edgerton,OH,41.448660,-84.748010,1982
edgerton,WI,42.835280,-89.067610,5532
edgewater,AL,33.526770,-86.957770,883
edgewater,CO,39.753040,-105.064150,5302
edgewater,FL,28.988880,-80.902280,21566
edgewater,IL,41.983370,-87.663950,54873
edgewater,MD,38.938000,-76.557000,9023
edgewater,NJ,40.827040,-73.975690,12034
edgewater park,NJ,40.068170,-74.900720,7387
edgewood,FL,28.486120,-81.372290,2795
edgewood,IA,42.644430,-91.401250,867
edgewood,IL,42.241130,-88.920940,531
edgewood,IN,40.103370,-85.734140,1878
edgewood,KY,39.018670,-84.581890,8769
edgewood,MD,39.418720,-76.294400,25562
edgewood,NM,35.061440,-106.191410,3805
edgewood,OH,41.872830,-80.772860,4432
edgewood,PA,40.432010,-79.881440,3069
edgewood,TX,32.698180,-95.885240,1450
edgewood,WA,47.250100,-122.293730,9826
edgeworth,PA,40.551180,-80.192840,1670
edina,MN,44.889690,-93.349950,50138
edina,MO,40.167540,-92.172680,1108
edinboro,PA,41.874220,-80.131720,6335
edinburg,IL,39.657270,-89.389530,1051
edinburg,NY,43.221740,-74.104020,1220
edinburg,TX,26.301740,-98.163340,84497
edinburg,VA,38.820950,-78.565850,1069
edinburgh,IN,39.354220,-85.966660,4546
edison,GA,31.558230,-84.738250,1478
edison,NJ,40.518720,-74.412100,102548
edisto,SC,33.476540,-80.898700,2559
edmeston,NY,42.697850,-75.243780,657
edmond,OK,35.652830,-97.478100,90092
edmonds,WA,47.810650,-122.377360,41375
edmondson village,MD,39.295110,-76.681640,3642
edmonston,MD,38.946780,-76.931090,1518
edmonton,KY,36.980060,-85.612190,1568
edmore,MI,43.408090,-85.038630,1196
edmundson,MO,38.735880,-90.364000,837
edna,TX,28.978590,-96.646090,5792
edneyville,NC,35.394010,-82.340950,2367
ednor gardens-lakeside,MD,39.333140,-76.596700,4865
edon,OH,41.556440,-84.768850,818
edwards,CO,39.644990,-106.594200,10266
edwards,MS,32.330150,-90.605650,1019
edwards air force base,CA,34.916370,-117.935350,2063
edwardsburg,MI,41.795600,-86.080840,1227
edwardsville,IL,38.811440,-89.953160,24992
edwardsville,KS,39.061120,-94.819680,4390
edwardsville,PA,41.269530,-75.916310,4732
effingham,IL,39.120040,-88.543380,12604
effingham,KS,39.522220,-95.400810,521
effingham,NH,43.761190,-70.996450,1356
effort,PA,40.939260,-75.434910,2269
efland,NC,36.081250,-79.169180,734
egan,LA,30.236870,-92.505970,631
egg harbor city,NJ,39.528730,-74.647940,4239
eggertsville,NY,42.963390,-78.803920,15019
eglin air force base,FL,30.459070,-86.550260,2274
eglin village,FL,30.462980,-86.539400,7000
egypt,AL,34.073710,-86.155810,932
egypt,PA,40.680100,-75.529910,2391
egypt lake-leto,FL,28.017690,-82.506190,35282
ehrenberg,AZ,33.604190,-114.525230,1470
ehrhardt,SC,33.096830,-81.014270,507
eidson road,TX,28.677200,-100.487020,8960
eielson air force base,AK,64.663270,-147.054420,2647
eighty four,PA,40.181740,-80.133110,657
ekalaka,MT,45.888890,-104.552730,345
el cajon,CA,32.794770,-116.962530,103679
el camino real,CA,33.696620,-117.776680,15999
el campo,TX,29.196640,-96.269690,11604
el cenizo,TX,27.352240,-99.492540,3273
el centro,CA,32.792000,-115.563050,43956
el cerrito,CA,37.915760,-122.311640,23549
el cerrito corona,CA,33.840570,-117.522830,5100
el cerro,NM,34.774000,-106.704000,2953
el cerro mission,NM,34.762270,-106.644500,4657
el dorado,AR,33.207630,-92.666270,18386
el dorado,KS,37.817240,-96.862250,12931
el dorado hills,CA,38.685740,-121.082170,42108
el dorado springs,MO,37.876980,-94.021330,3564
el duende,NM,36.074190,-106.120020,707
el granada,CA,37.502720,-122.469420,5467
el jebel,CO,39.394980,-107.090330,3801
el lago,TX,29.563560,-95.045210,2706
el mirage,AZ,33.613090,-112.324600,33935
el monte,CA,34.068620,-118.027570,116732
el paso,IL,40.739200,-89.016460,2798
el paso,TX,31.758720,-106.486930,678815
el paso,WI,44.769690,-92.344080,680
el portal,FL,25.855370,-80.193100,2491
el prado estates,AZ,32.706210,-114.521480,504
el rancho,NM,35.889190,-106.079750,1199
el reno,OK,35.532270,-97.955050,18516
el rio,CA,34.235780,-119.163830,7198
el rito,NM,36.343350,-106.188640,808
el segundo,CA,33.919180,-118.416470,17037
el sobrante,CA,37.977150,-122.295250,12669
el valle de arroyo seco,NM,35.962800,-106.029470,1440
el verano,CA,38.297690,-122.491650,4123
elaine,AR,34.308440,-90.852050,556
elba,AL,31.414610,-86.067720,3903
elba,NY,43.077280,-78.186960,663
elberfeld,IN,38.159770,-87.448350,642
elberta,AL,30.414360,-87.597760,1652
elberton,GA,34.111590,-82.868630,4453
elbow lake,MN,45.994130,-95.976720,1144
elbridge,NY,43.034510,-76.447990,1035
elburn,IL,41.892250,-88.472300,5748
eldersburg,MD,39.403710,-76.950260,30531
eldon,IA,40.918630,-92.222960,915
eldon,MO,38.348360,-92.581580,4632
eldora,IA,42.360820,-93.099650,2702
eldorado,IL,37.813660,-88.438100,4064
eldorado,TX,30.860170,-100.600930,1810
eldorado,WI,43.824710,-88.621780,1445
eldorado at santa fe,NM,35.526420,-105.934740,6130
eldorado springs,CO,39.932490,-105.276930,585
eldred,PA,41.957840,-78.385300,808
eldridge,CA,38.340000,-122.509000,1233
eldridge,IA,41.658090,-90.584580,6232
eleanor,WV,38.537590,-81.932360,1586
electra,TX,34.029260,-98.918960,2711
electric city,WA,47.932370,-119.038080,1012
elephant butte,NM,33.148680,-107.184750,1431
eleva,WI,44.575800,-91.470160,675
elfers,FL,28.216680,-82.722320,13986
elgin,IA,42.957480,-91.630710,649
elgin,IL,42.037250,-88.281190,112111
elgin,MN,44.130240,-92.251560,1055
elgin,ND,46.403900,-101.845980,633
elgin,NE,41.983340,-98.083680,632
elgin,OK,34.780350,-98.292270,2969
elgin,OR,45.564860,-117.917430,1732
elgin,SC,34.672930,-80.718960,2607
elgin,TX,30.349650,-97.370270,9039
elida,OH,40.788660,-84.203840,1858
elim,PA,40.297850,-78.942530,3727
eliot,ME,43.153140,-70.800060,6528
elizabeth,CO,39.360270,-104.596910,1402
elizabeth,IL,42.317790,-90.221520,749
elizabeth,LA,30.868530,-92.792930,553
elizabeth,NJ,40.663990,-74.210700,129007
elizabeth,PA,40.269240,-79.889770,1499
elizabeth,WV,39.063410,-81.395120,839
elizabeth city,NC,36.294600,-76.251050,17988
elizabethton,TN,36.348720,-82.210690,13772
elizabethtown,IL,37.445880,-88.305040,287
elizabethtown,IN,39.135050,-85.813310,518
elizabethtown,KY,37.693950,-85.859130,29678
elizabethtown,NC,34.629340,-78.605290,3586
elizabethtown,NY,44.216160,-73.590970,754
elizabethtown,PA,40.152870,-76.602750,11586
elizabethville,PA,40.548970,-76.811920,1493
elk city,OK,35.411990,-99.404260,12717
elk creek,KY,38.100340,-85.371070,1539
elk grove,CA,38.408800,-121.371620,166913
elk grove village,IL,42.003920,-87.970350,33238
elk horn,IA,41.591660,-95.059990,638
elk mound,WI,44.873020,-91.691000,875
elk plain,WA,47.053160,-122.397620,14205
elk point,SD,42.683330,-96.683650,2075
elk rapids,MI,44.895560,-85.416460,1615
elk ridge,UT,40.011340,-111.676870,3183
elk river,MN,45.303850,-93.567180,23963
elk run heights,IA,42.466930,-92.256570,1134
elkader,IA,42.853870,-91.405420,1213
elkfork,KY,37.964810,-83.132950,1539
elkhart,IA,41.791650,-93.522160,742
elkhart,IN,41.681990,-85.976670,52348
elkhart,KS,37.008080,-101.890170,2042
elkhart,TX,31.625170,-95.579400,1317
elkhart lake,WI,43.833330,-88.017870,963
elkhorn,CA,36.824400,-121.740500,1565
elkhorn,NE,41.345000,-96.256000,8251
elkhorn,WI,42.672790,-88.544540,9895
elkhorn city,KY,37.304000,-82.350980,937
elkin,NC,36.244300,-80.848400,4060
elkins,AR,36.001470,-94.008250,2946
elkins,WV,38.925940,-79.846730,7226
elkins park,PA,40.077060,-75.126840,6901
elkland,PA,41.986180,-77.310810,1779
elko,MN,44.564690,-93.326890,542
elko,NV,40.832420,-115.763120,20279
elko new market,MN,44.564720,-93.326940,4705
elkridge,MD,39.212610,-76.713580,15593
elkton,KY,36.810040,-87.154170,2175
elkton,MD,39.606780,-75.833270,15782
elkton,MI,43.819460,-83.180780,779
elkton,SD,44.236080,-96.481150,731
elkton,TN,35.052310,-86.888620,565
elkton,VA,38.407900,-78.623630,2809
elkview,WV,38.442880,-81.480400,1222
elkville,IL,37.910050,-89.235920,904
ellaville,GA,32.238210,-84.309080,1879
ellenboro,NC,35.329010,-81.758710,854
ellendale,MN,43.872740,-93.301320,691
ellendale,ND,46.002750,-98.527050,1299
ellendale,TN,35.230640,-89.825920,25882
ellensburg,WA,46.996510,-120.547850,19001
ellenton,FL,27.521710,-82.527600,4275
ellenville,NY,41.717040,-74.395710,4081
ellerbe,NC,35.071260,-79.761440,1005
ellerslie,MD,39.720640,-78.774190,572
ellettsville,IN,39.233930,-86.625000,6544
ellicott,CO,38.838330,-104.386910,1131
ellicott city,MD,39.267330,-76.798310,65834
ellijay,GA,34.694810,-84.482150,1680
ellington,CT,41.903990,-72.469810,14693
ellington,MO,37.241710,-90.968740,960
ellinwood,KS,38.355570,-98.580910,2066
elliott,MS,33.683450,-89.749250,990
ellis,KS,38.938070,-99.560670,2064
ellisburg,NJ,39.913720,-75.010450,4413
elliston,VA,37.216520,-80.232540,902
ellisville,MO,38.592550,-90.587070,9284
ellisville,MS,31.604050,-89.195610,4573
elloree,SC,33.530990,-80.572030,681
ellport,PA,40.863950,-80.258950,1141
ellsworth,IA,42.312760,-93.578820,509
ellsworth,KS,38.730560,-98.228110,3057
ellsworth,ME,44.543410,-68.419460,7857
ellsworth,PA,40.112020,-80.017270,998
ellsworth,WI,44.732190,-92.487410,3197
ellsworth air force base,SD,44.143950,-103.075070,8000
ellwood city,PA,40.861730,-80.286450,7617
ellwood park/monument,MD,39.297170,-76.572190,3137
elm city,NC,35.806550,-77.863320,1350
elm creek,NE,40.719450,-99.372040,958
elm creek,TX,28.774420,-100.491740,2469
elm grove,WI,43.043070,-88.078980,6172
elm springs,AR,36.206190,-94.234370,2147
elma,IA,43.246640,-92.436010,539
elma,WA,47.003430,-123.408770,3034
elma center,NY,42.829780,-78.636140,2571
elmendorf,TX,29.256070,-98.332790,1688
elmendorf air force base,AK,61.257030,-149.631390,6621
elmer,NJ,39.595110,-75.170180,1343
elmhurst,IL,41.899470,-87.940340,45957
elmhurst,NY,40.736490,-73.877910,113364
elmira,NY,42.089800,-76.807730,28213
elmira heights,NY,42.129800,-76.820790,3982
elmo,TX,32.722070,-96.164970,768
elmont,NY,40.700940,-73.712910,33198
elmore,AL,32.538740,-86.314970,1271
elmore,MN,43.504960,-94.088020,637
elmore,OH,41.476160,-83.295760,1393
elmore city,OK,34.622860,-97.396410,706
elmsford,NY,41.055100,-73.820130,4810
elmwood,IL,40.777820,-89.966500,2089
elmwood,LA,29.956590,-90.189800,4635
elmwood,NE,40.841670,-96.293620,639
elmwood,PA,39.917890,-75.227960,16988
elmwood,WI,44.781080,-92.146010,808
elmwood park,IL,41.921140,-87.809230,24840
elmwood park,NJ,40.903990,-74.118480,20279
elmwood place,OH,39.187280,-84.488000,2164
elnora,IN,38.878380,-87.085840,656
eloise,FL,27.994740,-81.738130,23366
elon,NC,36.102910,-79.506690,10024
eloy,AZ,32.755900,-111.554840,17059
elroy,NC,35.342660,-77.908590,3869
elroy,WI,43.740800,-90.272350,1372
elsa,TX,26.293400,-97.993060,6647
elsah,IL,38.956160,-90.359840,632
elsberry,MO,39.166720,-90.780960,1986
elsie,MI,43.088640,-84.386930,971
elsinore,UT,38.682750,-112.148260,857
elsmere,DE,39.739280,-75.597980,6146
elsmere,KY,39.012560,-84.604670,8536
eltingville,NY,40.545380,-74.165700,10573
elton,LA,30.481310,-92.695700,1127
elverson,PA,40.156760,-75.832710,1314
elverta,CA,38.713790,-121.462730,5492
elvins,MO,37.836720,-90.532900,1480
elwood,IL,41.403920,-88.111720,2258
elwood,IN,40.276980,-85.841920,8455
elwood,KS,39.755550,-94.872470,1188
elwood,NE,40.590280,-99.860950,682
elwood,NJ,39.576510,-74.716830,1437
elwood,NY,40.845380,-73.335120,11177
elwood,UT,41.690480,-112.141060,1070
ely,IA,41.873620,-91.585180,2074
ely,MN,47.903240,-91.867090,3408
ely,NV,39.247440,-114.888630,4134
elyria,OH,41.368380,-82.107650,53775
elysburg,PA,40.864530,-76.552460,2194
elysian,MN,44.198580,-93.673840,669
embden,ME,44.918110,-69.866720,916
emerald isle,NC,34.677940,-76.950780,3720
emerald lake hills,CA,37.464660,-122.268020,4278
emerald lakes,PA,41.088420,-75.419630,2886
emerald mountain,AL,32.447930,-86.094290,2561
emerson,GA,34.127040,-84.755490,1535
emerson,NE,42.278610,-96.726700,818
emerson,NJ,40.976210,-74.026250,7697
emerson hill,NY,40.608720,-74.095980,15412
emeryville,CA,37.831320,-122.285250,11694
emigsville,PA,40.008000,-76.733000,2672
emily,MN,46.731070,-93.958030,829
eminence,KY,38.370070,-85.180510,2535
eminence,MO,37.150600,-91.357640,587
emlenton,PA,41.177280,-79.707830,600
emmaus,PA,40.539540,-75.496850,11368
emmetsburg,IA,43.112740,-94.683040,3811
emmett,ID,43.873500,-116.499300,6604
emmitsburg,MD,39.704540,-77.326930,3021
emmonak,AK,62.777780,-164.523060,849
emory,TX,32.874570,-95.765520,1253
emory,VA,36.772890,-81.836230,1251
empire,CA,37.638260,-120.902150,4189
empire,LA,29.387720,-89.597280,993
empire city,OK,34.420360,-98.026980,923
emporia,KS,38.403900,-96.181660,24649
emporia,VA,36.685980,-77.542480,5496
emporium,PA,41.511450,-78.235290,1934
emsworth,PA,40.510070,-80.094500,2419
encantada-ranchito-el calaboz,TX,26.033440,-97.633070,2255
encanto,AZ,33.479370,-112.078230,54614
enchanted hills,NM,35.336760,-106.592960,87521
enchanted lake,HI,21.380700,-157.736450,5089
encinal,TX,28.041120,-99.354480,592
encinitas,CA,33.036990,-117.291980,62930
encino,CA,34.159170,-118.501190,44581
enderlin,ND,46.623030,-97.601490,872
endicott,NY,42.098410,-76.049370,13014
endwell,NY,42.112850,-76.021030,11446
energy,IL,37.773940,-89.026460,1145
enetai,WA,47.584820,-122.598750,2286
enfield,CT,41.976210,-72.591760,45212
enfield,IL,38.099490,-88.337540,580
enfield,ME,45.248940,-68.568360,1680
enfield,NC,36.180990,-77.666640,2427
enfield,NH,43.640630,-72.143980,1540
england,AR,34.544260,-91.969030,2765
englewood,CO,39.647770,-104.987760,33082
englewood,FL,26.962010,-82.352600,14863
englewood,IL,41.779760,-87.645880,26121
englewood,NJ,40.892880,-73.972640,28539
englewood,OH,39.877560,-84.302170,13460
englewood,PA,40.783980,-76.241890,532
englewood,TN,36.366730,-89.154790,1611
englewood cliffs,NJ,40.885380,-73.952360,5403
english,IN,38.334500,-86.464150,630
englishtown,NJ,40.297330,-74.358200,1955
enhaut,PA,40.231760,-76.826920,1007
enid,OK,36.395590,-97.878390,51776
enigma,GA,31.412970,-83.329050,1293
enlow,PA,40.454230,-80.233110,1013
ennis,MT,45.348820,-111.729700,884
ennis,TX,32.329310,-96.625270,19007
enoch,UT,37.773310,-113.024390,6265
enochville,NC,35.529860,-80.668120,2925
enola,PA,40.290090,-76.933860,6111
enon,OH,39.878120,-83.936880,2393
enon,VA,37.330700,-77.322760,3466
enoree,SC,34.656520,-81.965100,665
enosburg falls,VT,44.906990,-72.806520,1305
ensley,FL,30.518810,-87.272750,20602
enterprise,AL,31.315170,-85.855220,27978
enterprise,KS,38.902780,-97.116960,820
enterprise,MS,32.174310,-88.831440,503
enterprise,NV,36.025250,-115.241940,108481
enterprise,OR,45.426260,-117.278780,1893
enterprise,UT,37.573590,-113.719130,1799
enterprise,WV,39.420920,-80.277860,961
entiat,WA,47.675960,-120.208410,1182
enumclaw,WA,47.204270,-121.991500,11609
eolia,MO,39.235880,-91.008190,512
ephraim,UT,39.359680,-111.586310,6857
ephrata,PA,40.179820,-76.178840,13861
ephrata,WA,47.317640,-119.553650,8047
epping,NH,43.033420,-71.074230,1681
epps,LA,32.604030,-91.477900,837
epsom,NH,43.222860,-71.332010,4590
epworth,IA,42.445000,-90.932080,1955
equality,IL,37.733940,-88.343380,556
erath,LA,29.958260,-92.035960,2107
erda,UT,40.612720,-112.304390,4642
erick,OK,35.215330,-99.866490,1093
erie,CO,40.050260,-105.049980,21420
erie,IL,41.656420,-90.079290,1553
erie,KS,37.568110,-95.243310,1105
erie,PA,42.129220,-80.085060,99475
erin,TN,36.318390,-87.694740,1295
erlands point-kitsap lake,WA,47.597190,-122.702250,2935
erlanger,KY,39.016730,-84.600780,18797
erma,NJ,38.987760,-74.901700,2134
erving,MA,42.600090,-72.398140,1493
erwin,NC,35.326830,-78.676130,4679
erwin,TN,36.145110,-82.416810,5979
erwinville,LA,30.531020,-91.407890,2192
escalante,UT,37.770270,-111.602120,790
escalon,CA,37.797810,-120.997920,7523
escanaba,MI,45.745250,-87.064580,12334
escatawpa,MS,30.487000,-88.552000,3722
escobares,TX,26.410620,-98.962530,2451
escondido,CA,33.119210,-117.086420,151038
esko,MN,46.705780,-92.363250,1869
eskridge,KS,38.858890,-96.109160,512
esmont,VA,37.831250,-78.607240,528
esparto,CA,38.692130,-122.017190,3108
española,NM,35.991130,-106.080580,10224
esperance,WA,47.788990,-122.355410,3601
espy,PA,41.006200,-76.409940,1642
essex,IA,40.833610,-95.308320,770
essex,IL,41.177250,-88.185610,770
essex,MA,42.632040,-70.782830,1471
essex,MD,39.309270,-76.474960,39262
essex fells,NJ,40.824540,-74.284590,2159
essex junction,VT,44.490610,-73.110960,10111
essex village,CT,41.355440,-72.391010,2495
essexville,MI,43.615300,-83.841920,3396
estacada,OR,45.289570,-122.333700,3152
estancia,NM,34.758390,-106.055850,1597
estates of fort lauderdale (historical),FL,26.052200,-80.179390,1791
estell manor,NJ,39.412060,-74.742390,1731
estelle,LA,29.845760,-90.106740,16377
estelline,SD,44.574690,-96.902280,756
ester,AK,64.847220,-148.014440,2422
estero,FL,26.438140,-81.806750,30799
estes park,CO,40.377210,-105.521670,6257
esther,MO,37.850330,-90.498740,1161
estherville,IA,43.401630,-94.832760,6011
estherwood,LA,30.180760,-92.464300,959
estill,SC,32.754890,-81.242050,1950
estill springs,TN,35.270640,-86.128040,2044
ethete,WY,43.024960,-108.772620,1553
etna,CA,41.456810,-122.894760,716
etna,ME,44.820900,-69.111150,1052
etna,OH,39.957290,-82.681830,1215
etna,PA,40.504240,-79.948940,3401
etna green,IN,41.278930,-86.046110,585
eton,GA,34.825080,-84.763270,902
etowah,NC,35.317620,-82.594290,6944
etowah,TN,35.323410,-84.524930,3500
ettrick,VA,37.240150,-77.429980,6682
ettrick,WI,44.168290,-91.269040,518
eucalyptus hills,CA,32.879770,-116.946690,5313
euclid,OH,41.593100,-81.526790,47676
eudora,AR,33.109570,-91.262060,2102
eudora,KS,38.943340,-95.098580,6378
eufaula,AL,31.891270,-85.145490,12596
eufaula,OK,35.287220,-95.582500,2936
eugene,OR,44.052070,-123.086750,176654
euharlee,GA,34.144820,-84.933000,4261
euless,TX,32.837070,-97.081950,54219
eunice,LA,30.494370,-92.417630,10310
eunice,NM,32.437340,-103.159080,3136
eupora,MS,33.540680,-89.267010,2106
eureka,CA,40.802070,-124.163670,27017
eureka,IL,40.721430,-89.272860,5377
eureka,KS,37.823920,-96.289170,2450
eureka,MO,38.502550,-90.627900,10602
eureka,MT,48.879960,-115.053500,1074
eureka,NV,39.512710,-115.960610,610
eureka,SD,45.769430,-99.619560,844
eureka,UT,39.954120,-112.120220,666
eureka mill,SC,34.717640,-81.193700,1476
eureka springs,AR,36.401180,-93.737970,2083
eustace,TX,32.307090,-96.006640,988
eustis,FL,28.852770,-81.685350,19986
eustis,ME,45.217280,-70.478400,712
eutaw,AL,32.840590,-87.887620,2766
eva,AL,34.332320,-86.758890,511
evadale,TX,30.354930,-94.072680,1483
evans,CO,40.376370,-104.692190,21383
evans,GA,33.533750,-82.130670,29011
evans city,PA,40.769230,-80.062840,1773
evans mills,NY,44.088120,-75.807150,598
evansburg,PA,40.180940,-75.429070,2129
evansdale,IA,42.469150,-92.281020,4812
evanston,IL,42.041140,-87.690060,75527
evanston,WY,41.268280,-110.963240,12133
evansville,IL,38.090330,-89.938440,675
evansville,IN,37.974760,-87.555850,119943
evansville,MN,46.004130,-95.682820,601
evansville,WI,42.780280,-89.299280,5228
evansville,WY,42.859970,-106.268360,2931
evart,MI,43.900580,-85.258100,1861
evarts,KY,36.865920,-83.190450,962
eveleth,MN,47.462430,-92.539910,3673
evendale,OH,39.256170,-84.418000,2767
everett,MA,42.408430,-71.053660,46050
everett,PA,40.011470,-78.373350,1759
everett,WA,47.978980,-122.202080,108010
evergreen,AL,31.433500,-86.956920,3774
evergreen,CO,39.633320,-105.317210,9038
evergreen,MT,48.225790,-114.276240,7616
evergreen,WI,44.842470,-89.637620,3669
evergreen park,IL,41.720590,-87.701720,19841
everly,IA,43.159970,-95.327500,581
everman,TX,32.630970,-97.289180,6352
everson,PA,40.091180,-79.587540,779
everson,WA,48.920120,-122.342660,2600
ewing,NJ,40.269830,-74.799880,36559
excel,AL,31.427940,-87.341370,672
excelsior,MN,44.903300,-93.566350,2279
excelsior springs,MO,39.339170,-94.226060,11486
exeter,CA,36.296060,-119.142050,10548
exeter,MO,36.672290,-93.941040,775
exeter,NE,40.644170,-97.450330,538
exeter,NH,42.981480,-70.947830,9242
exeter,PA,41.320640,-75.819080,5596
exeter,RI,41.577600,-71.537560,6426
exira,IA,41.590820,-94.875540,788
exmore,VA,37.531800,-75.822990,1447
experiment,GA,33.265390,-84.281590,2894
export,PA,40.418120,-79.625600,883
exton,PA,40.029000,-75.620770,4842
eyota,MN,43.988300,-92.228500,2032
fabens,TX,31.502340,-106.158590,8257
factoryville,PA,41.563130,-75.782690,1215
fair bluff,NC,34.313500,-79.037250,917
fair garden,TN,35.902310,-83.412940,529
fair grove,MO,37.383930,-93.151300,1459
fair haven,NJ,40.360670,-74.038190,6029
fair haven,NY,42.769230,-76.268260,864
fair haven,VT,43.594790,-73.265670,2269
fair lawn,NJ,40.940380,-74.131810,33597
fair oaks,CA,38.644630,-121.272170,30912
fair oaks,GA,33.916490,-84.544650,8225
fair oaks ranch,TX,29.745780,-98.643360,7407
fair plain,MI,42.086990,-86.455860,7631
fair play,SC,34.511210,-82.985430,687
fairacres,NM,32.303980,-106.846670,824
fairbank,IA,42.639150,-92.047120,1117
fairbanks,AK,64.837780,-147.716390,32325
fairbanks ranch,CA,32.993930,-117.187260,3148
fairborn,OH,39.820890,-84.019380,33452
fairburn,GA,33.567060,-84.581040,13967
fairbury,IL,40.747260,-88.514780,3630
fairbury,NE,40.137220,-97.180590,3751
fairchance,PA,39.824800,-79.754490,1932
fairchild,WI,44.600240,-90.962930,563
fairchild air force base,WA,47.618790,-117.648260,2776
fairchilds,TX,29.431350,-95.780230,1027
fairdale,KY,38.105070,-85.758850,8148
fairdale,PA,39.887020,-79.968110,2059
fairdealing,MO,36.662830,-90.616780,676
fairfax,CA,37.987150,-122.588870,7626
fairfax,IA,41.919450,-91.781010,2497
fairfax,MN,44.529130,-94.720820,1172
fairfax,MO,40.338610,-95.393310,594
fairfax,OH,39.145340,-84.393270,1703
fairfax,OK,36.573660,-96.704200,1349
fairfax,SC,32.959050,-81.236500,1822
fairfax,VA,38.846220,-77.306370,24013
fairfax station,VA,38.800950,-77.325540,12030
fairfield,AL,33.485940,-86.911940,10907
fairfield,CA,38.249360,-122.039970,112970
fairfield,CT,41.141210,-73.263730,59052
fairfield,IA,41.008630,-91.962670,9892
fairfield,ID,43.346570,-114.791730,389
fairfield,IL,42.219190,-88.061470,5255
fairfield,ME,44.588400,-69.598660,2638
fairfield,MT,47.614670,-111.980280,733
fairfield,NJ,40.883710,-74.305980,7063
fairfield,OH,39.345890,-84.560500,42767
fairfield,OK,35.847310,-94.612440,584
fairfield,PA,39.787320,-77.368600,509
fairfield,TX,31.724610,-96.165250,2912
fairfield,WA,47.385180,-117.171580,606
fairfield bay,AR,35.594240,-92.277930,2268
fairfield beach,OH,39.915900,-82.475160,1292
fairfield glade,TN,36.000350,-84.886340,6989
fairfield harbour,NC,35.076550,-76.963560,2952
fairfield heights,IN,39.828610,-86.382240,21285
fairforest,SC,34.956510,-82.010110,1693
fairgrove,MI,43.523630,-83.543290,543
fairhaven,MA,41.637600,-70.903650,16453
fairhope,AL,30.522970,-87.903330,18730
fairhope,PA,40.113680,-79.839770,1151
fairland,IN,39.585880,-85.863590,587
fairland,MD,39.076220,-76.957750,23681
fairland,OK,36.751180,-94.847460,1062
fairlawn,OH,41.127830,-81.609840,7413
fairlawn,VA,37.148460,-80.578390,2367
fairlea,WV,37.780680,-80.457020,1747
fairless hills,PA,40.179550,-74.855160,8466
fairmead,CA,37.076330,-120.192950,1447
fairmont,IL,41.556140,-88.059230,2459
fairmont,MN,43.652180,-94.461080,10221
fairmont,NC,34.496830,-79.114200,2697
fairmont,NE,40.636950,-97.585330,538
fairmont,WV,39.485080,-80.142580,18733
fairmont city,IL,38.649770,-90.093160,2502
fairmount,GA,34.436200,-84.699930,736
fairmount,IL,40.045590,-87.830580,620
fairmount,IN,40.415320,-85.650530,2851
fairmount,MA,42.251490,-71.114770,6282
fairmount,NY,43.047290,-76.238540,10224
fairmount,PA,39.972330,-75.181010,9246
fairmount,TN,35.181460,-85.323570,2825
fairmount heights,MD,38.900950,-76.915530,1570
fairplains,NC,36.198470,-81.152860,2120
fairplay,CO,39.224710,-106.001960,681
fairplay,MD,39.536490,-77.747490,580
fairport,NY,43.098670,-77.441940,5351
fairport harbor,OH,41.750040,-81.273990,3096
fairton,NJ,39.381780,-75.219910,1264
fairview,CA,37.678540,-122.045800,10003
fairview,GA,34.945630,-85.284400,6769
fairview,MT,47.856410,-104.044930,962
fairview,NC,35.138480,-80.537570,3684
fairview,NJ,40.812600,-73.999030,14451
fairview,NY,41.723700,-73.919860,5515
fairview,OK,36.268920,-98.479800,2655
fairview,OR,45.538450,-122.433980,9280
fairview,PA,42.031450,-80.255340,2348
fairview,TN,35.982010,-87.121400,8331
fairview,TX,33.157900,-96.631660,10372
fairview,UT,39.626350,-111.439630,1261
fairview heights,IL,38.588940,-89.990380,16827
fairview park,IN,39.680310,-87.417520,1386
fairview park,OH,41.441440,-81.864300,16407
fairview shores,FL,28.591110,-81.394240,10239
fairview-ferndale,PA,40.780370,-76.575280,2139
fairway,KS,39.022230,-94.631900,3970
fairwood,MD,38.956650,-76.777720,5031
fairwood,WA,47.448430,-122.157340,19102
faison,NC,35.116280,-78.136100,985
faith,NC,35.587080,-80.462840,811
falcon heights,MN,44.991630,-93.166330,5571
falcon lake estates,TX,26.872820,-99.255310,1036
falconer,NY,42.118670,-79.198380,2321
falfurrias,TX,27.226990,-98.144170,4962
falkner,MS,34.842040,-88.934230,509
falkville,AL,34.368430,-86.908620,1268
fall branch,TN,36.418160,-82.623760,1291
fall city,WA,47.567320,-121.888730,1993
fall creek,WI,44.763570,-91.277100,1315
fall river,MA,41.701490,-71.155050,94000
fall river,WI,43.384430,-89.045110,1682
fall river mills,CA,41.004610,-121.438310,573
fallbrook,CA,33.376420,-117.251150,30534
falling water,TN,35.203120,-85.253570,1232
falling waters,WV,39.559260,-77.890830,876
fallon,NV,39.473530,-118.777370,8458
fallon station,NV,39.415960,-118.716530,705
falls church,VA,38.882330,-77.171090,13892
falls city,NE,40.060840,-95.601930,4198
falls city,OR,44.866230,-123.435940,975
falls city,TX,28.982750,-98.017500,660
falls creek,PA,41.145060,-78.804470,1019
falls village,CT,41.955930,-73.363170,538
fallsburg,NY,41.732040,-74.601270,12773
fallstaff,MD,39.368440,-76.706640,4313
fallston,MD,39.514550,-76.411070,8958
fallston,NC,35.429020,-81.501480,601
falmouth,KY,38.676740,-84.330210,2127
falmouth,MA,41.551500,-70.614750,3799
falmouth,ME,43.729530,-70.241990,1855
falmouth,VA,38.324020,-77.468320,4274
falmouth foreside,ME,43.734800,-70.207830,1511
faneuil,MA,42.355650,-71.163390,2590
fannett,TX,29.926050,-94.250740,2252
fanning springs,FL,29.590790,-82.929290,985
fanwood,NJ,40.640940,-74.383480,7651
far hills,NJ,40.684270,-74.635710,930
far rockaway,NY,40.605380,-73.755130,39189
fargo,ND,46.877190,-96.789800,118523
faribault,MN,44.294960,-93.268830,23650
farina,IL,38.834210,-88.772280,512
farley,IA,42.442780,-91.006250,1691
farley,KY,37.046340,-88.568560,4701
farm loop,AK,61.638910,-149.142150,1028
farmer city,IL,40.243370,-88.642570,2004
farmers branch,TX,32.926510,-96.896120,32689
farmers loop,AK,64.908220,-147.698660,4853
farmersburg,IN,39.248650,-87.381960,1094
farmersville,CA,36.297730,-119.206780,10774
farmersville,IL,39.443390,-89.651760,703
farmersville,OH,39.679500,-84.429110,1006
farmersville,PA,40.127600,-76.164950,991
farmersville,TX,33.163450,-96.359980,3447
farmerville,LA,32.773470,-92.405700,3862
farmingdale,ME,44.244510,-69.771430,1970
farmingdale,NJ,40.196500,-74.168480,1306
farmingdale,NY,40.732600,-73.445400,8688
farmington,AR,36.042020,-94.247150,6701
farmington,CT,41.719820,-72.832040,25000
farmington,IA,40.640310,-91.742940,649
farmington,IL,41.944750,-88.315910,2460
farmington,ME,44.670620,-70.151170,4288
farmington,MI,42.464480,-83.376320,10523
farmington,MN,44.640240,-93.143550,22731
farmington,MO,37.780880,-90.421790,18181
farmington,MS,34.930090,-88.452270,2194
farmington,NH,43.389800,-71.065060,3885
farmington,NM,36.728060,-108.218690,42871
farmington,PA,39.807300,-79.565600,767
farmington,UT,40.980500,-111.887440,22566
farmington hills,MI,42.485310,-83.377160,81330
farmingville,NY,40.831210,-73.029550,15481
farmland,IN,40.187820,-85.127470,1284
farmville,NC,35.595440,-77.585250,4758
farmville,VA,37.302100,-78.391940,8169
farr west,UT,41.297170,-112.027720,6616
farragut,TN,35.884520,-84.153530,21919
farrell,PA,41.212280,-80.496740,4792
farrington,HI,21.332210,-157.870570,5124
farwell,MI,43.835020,-84.866970,858
farwell,TX,34.383410,-103.038000,1311
fate,TX,32.941510,-96.381370,9847
faulkton,SD,45.034970,-99.124000,740
fawn lake forest,PA,41.508420,-75.064340,755
faxon,PA,41.248410,-76.977190,1395
fayette,AL,33.684550,-87.830850,4490
fayette,IA,42.841930,-91.802110,1491
fayette,ME,44.408960,-70.033670,1081
fayette,MO,39.145870,-92.683790,2702
fayette,MS,31.711550,-91.060660,1577
fayette,OH,41.673380,-84.326890,1268
fayette city,PA,40.100350,-79.840600,585
fayetteville,AL,33.145670,-86.405810,1284
fayetteville,AR,36.062580,-94.157430,82830
fayetteville,GA,33.448730,-84.454930,16990
fayetteville,NC,35.052660,-78.878360,201963
fayetteville,NY,43.029790,-76.004360,4180
fayetteville,PA,39.911200,-77.549990,3128
fayetteville,TN,35.152030,-86.570550,7121
fayetteville,WV,38.052890,-81.103990,2892
fearrington,NC,35.806540,-79.073340,869
fearrington village,NC,35.803760,-79.090290,2339
feasterville,PA,40.150000,-74.997000,3074
feather sound,FL,27.900790,-82.673490,3420
federal heights,CO,39.851370,-104.998590,12381
federal hill,MD,39.278270,-76.611610,2695
federal way,WA,47.322320,-122.312620,95171
federalsburg,MD,38.694280,-75.772160,2661
felicity,OH,38.838960,-84.096320,828
felida,WA,45.709560,-122.707320,7385
fells point,MD,39.282610,-76.593300,5057
fellsburg,PA,40.183130,-79.824210,1180
fellsmere,FL,27.767810,-80.601440,5514
felton,CA,37.051340,-122.073300,4057
felton,DE,39.008450,-75.577980,1402
felton,PA,39.854820,-76.564410,505
fennimore,WI,42.983600,-90.655400,2488
fennville,MI,42.593920,-86.101700,1400
fenton,MI,42.797810,-83.704950,11442
fenton,MO,38.513110,-90.435950,4052
fenway/kenmore,MA,42.344910,-71.100170,37733
ferdinand,IN,38.223940,-86.862220,2200
fergus falls,MN,46.283020,-96.077560,13281
ferguson,KY,37.066740,-84.599940,943
ferguson,MO,38.744220,-90.305390,21059
fern acres,HI,19.512220,-155.080280,1504
fern creek,KY,38.159790,-85.587740,18409
fern forest,HI,19.465560,-155.135560,1150
fern park,FL,28.649160,-81.351180,7704
fern prairie,WA,45.636510,-122.398700,1884
fernandina beach,FL,30.669680,-81.462590,12339
ferndale,CA,40.576240,-124.263940,1369
ferndale,MD,39.183160,-76.640240,16746
ferndale,MI,42.460590,-83.134650,20177
ferndale,PA,40.288960,-78.914750,1558
ferndale,WA,48.846500,-122.591010,13010
fernley,NV,39.607970,-119.251830,19418
fernville,PA,41.003980,-76.463840,556
fernway,PA,40.694790,-80.130890,12414
ferriday,LA,31.630170,-91.554560,3375
ferris,TX,32.534030,-96.665550,2534
ferrisburgh,VT,44.205610,-73.246230,2764
ferron,UT,39.093580,-111.133220,1562
ferrum,VA,36.922920,-80.013370,2043
ferry pass,FL,30.510200,-87.212470,28921
ferrysburg,MI,43.084460,-86.220330,2993
fertile,MN,47.536080,-96.280330,841
fessenden,ND,47.649170,-99.629290,472
festus,MO,38.220610,-90.395950,12065
fetters hot springs-agua caliente,CA,38.321400,-122.486820,4144
fieldale,VA,36.700140,-79.938650,879
fieldbrook,CA,40.965680,-124.035620,859
fieldsboro,NJ,40.136500,-74.728770,532
fife,WA,47.239270,-122.357070,9970
fife heights,WA,47.258990,-122.345680,2137
fifth street,TX,29.598290,-95.551330,2486
fifth ward,LA,31.130190,-92.172910,800
filer,ID,42.570190,-114.607820,2691
fillmore,CA,34.399160,-118.918150,15548
fillmore,IN,39.667550,-86.753340,526
fillmore,NY,42.466180,-78.115010,603
fillmore,UT,38.968850,-112.323550,2489
financial district,HI,21.309240,-157.861340,1627
financial district,NY,40.707890,-74.008570,60976
fincastle,KY,38.307850,-85.542180,848
fincastle,TN,36.409800,-84.047700,1618
fincastle,VA,37.499300,-79.877260,341
finderne,NJ,40.563160,-74.577660,5600
findlay,IL,39.522540,-88.753680,653
findlay,OH,41.044220,-83.649930,41149
finley,ND,47.514160,-97.835930,437
finley,WA,46.154020,-119.033900,6012
finneytown,OH,39.200340,-84.520500,12741
finzel,MD,39.714530,-78.945300,547
fircrest,WA,47.239540,-122.515960,6687
firebaugh,CA,36.858840,-120.456010,8330
firestone,CO,40.112480,-104.936640,11999
firing range,GA,33.437520,-82.690680,2110
first mesa,AZ,35.836670,-110.381520,1555
firth,NE,40.532500,-96.606130,586
firthcliffe,NY,41.439260,-74.045140,4949
fish hawk,FL,27.850580,-82.210920,14087
fish lake,IN,41.566710,-86.551960,1016
fish springs,NV,38.953580,-119.651090,648
fisher,IL,40.314760,-88.350050,1959
fishers,IN,39.955590,-86.013870,76794
fishersville,VA,38.099020,-78.969190,7462
fishhook,AK,61.744020,-149.236130,4679
fishkill,NY,41.535650,-73.899030,2133
fishtown,PA,39.965110,-75.135450,16307
fiskdale,MA,42.116210,-72.113410,2583
fitchburg,MA,42.583420,-71.802300,40545
fitchburg,WI,42.960830,-89.469840,27996
fitzgerald,GA,31.714910,-83.252650,9013
fitzwilliam,NH,42.780640,-72.141750,2280
five corners,WA,45.684560,-122.575100,18159
five forks,SC,34.804840,-82.229560,14140
five points,FL,30.209120,-82.637350,1265
five points,NC,35.016830,-79.360870,689
five points,OH,39.568670,-84.192990,1824
fivepointville,PA,40.182870,-76.051060,1156
flagami,FL,25.762320,-80.316160,50834
flagler,CO,39.293050,-103.067160,558
flagler beach,FL,29.474980,-81.127000,4869
flagler estates,FL,29.645530,-81.457000,3215
flagstaff,AZ,35.198070,-111.651270,70320
flanagan,IL,40.878090,-88.861180,1082
flanders,NY,40.903430,-72.617590,4472
flandreau,SD,44.049420,-96.595320,2303
flat lick,KY,36.828980,-83.770200,960
flat river,MO,37.850050,-90.516790,5157
flat rock,MI,42.096430,-83.291870,9914
flat rock,NC,35.271230,-82.441510,3313
flatbush,NY,40.652050,-73.959030,93361
flatlands,NY,40.621220,-73.934860,63601
flatonia,TX,29.687730,-97.108600,1401
flatwoods,KY,38.522580,-82.717110,7335
fleetwood,PA,40.453980,-75.817980,4085
fleming island,FL,30.093300,-81.718980,27126
fleming-neon,KY,37.192320,-82.705710,728
flemingsburg,KY,38.422300,-83.733810,2894
flemington,GA,31.859650,-81.564000,718
flemington,NJ,40.512330,-74.859330,4641
flemington,PA,41.126460,-77.471650,1339
fletcher,NC,35.430670,-82.501230,7582
fletcher,OK,34.823120,-98.244220,1169
flint,MI,43.012530,-83.687460,98310
flint city,AL,34.523150,-86.970290,1033
flint creek,OK,36.177310,-94.740780,732
flint hill,MO,38.855050,-90.861240,522
flintville,TN,35.062590,-86.419710,627
flippin,AR,36.278960,-92.597110,1335
flomaton,AL,31.000180,-87.260810,1411
floodwood,MN,46.929110,-92.919650,522
flora,IL,38.668940,-88.485600,4944
flora,IN,40.547260,-86.524440,1985
flora,MS,32.543200,-90.309260,1886
flora vista,NM,36.794450,-108.080350,2191
floral city,FL,28.749990,-82.296760,5217
floral park,NY,40.723710,-73.704850,15969
florala,AL,31.005180,-86.328000,1973
flordell hills,MO,38.717550,-90.265670,814
florence,AL,34.799810,-87.677250,40026
florence,AZ,33.031450,-111.387340,31110
florence,CO,38.390280,-105.118600,3865
florence,KY,38.998950,-84.626610,32227
florence,MS,32.153480,-90.131200,4363
florence,MT,46.631590,-114.079000,765
florence,NJ,39.734280,-74.918220,4426
florence,OR,43.982620,-124.099840,8649
florence,SC,34.195430,-79.762560,38228
florence,TX,30.841300,-97.793630,1231
florence,WI,45.922180,-88.251800,592
florence-graham,CA,33.967720,-118.244380,63387
floresville,TX,29.133580,-98.156120,7321
florham park,NJ,40.787880,-74.388210,11835
florida,MA,42.666750,-73.011210,688
florida,NY,41.331760,-74.356820,2899
florida city,FL,25.447890,-80.479220,13085
florida ridge,FL,27.580310,-80.386720,18164
florien,LA,31.443790,-93.457400,629
florin,CA,38.496020,-121.408840,47513
floris,VA,38.937060,-77.412770,8375
florissant,MO,38.789220,-90.322610,52268
flossmoor,IL,41.542810,-87.684770,9478
flourtown,PA,40.103440,-75.212400,4538
flovilla,GA,33.253730,-83.898520,634
flower hill,NY,40.807320,-73.681240,4838
flower mound,TX,33.014570,-97.096960,71253
flowery branch,GA,34.185100,-83.925180,6683
flowing wells,AZ,32.293960,-111.009820,16419
flowood,MS,32.309590,-90.138980,8705
floyd,VA,36.911240,-80.320050,439
floydada,TX,33.984520,-101.337660,2775
flushing,MI,43.063080,-83.851070,8086
flushing,OH,40.149510,-81.066210,863
flying hills,PA,40.276760,-75.914100,2568
fobes hill,WA,47.948990,-122.119850,2418
foggy bottom,DC,38.901500,-77.062200,22146
folcroft,PA,39.890950,-75.283800,6637
foley,AL,30.406590,-87.683600,17218
foley,MN,45.664690,-93.909700,2656
folkston,GA,30.830950,-82.011310,5247
follansbee,WV,40.327570,-80.595910,2887
folly beach,SC,32.655180,-79.940370,2774
folsom,CA,38.677960,-121.176060,76375
folsom,LA,30.630190,-90.187300,792
folsom,NJ,39.602060,-74.842670,1851
folsom,PA,39.889830,-75.325190,8323
fond du lac,WI,43.775000,-88.438830,42933
fonda,IA,42.581370,-94.846100,607
fonda,NY,42.954520,-74.376520,765
fontana,CA,34.092230,-117.435050,212704
fontana,WI,42.551410,-88.575100,1720
fontanelle,IA,41.289710,-94.561640,636
foot of ten,PA,40.415910,-78.455290,672
foothill farms,CA,38.678770,-121.351140,33121
foothill ranch,CA,33.686410,-117.660880,11698
foots creek,OR,42.404840,-123.138940,799
footville,WI,42.670840,-89.209000,804
ford city,CA,35.154410,-119.456230,4278
ford city,PA,40.772290,-79.529770,2878
ford heights,IL,41.506420,-87.591710,2773
ford island,HI,21.349810,-157.959240,7651
fordham,NY,40.859270,-73.898470,94678
fordland,MO,37.157550,-92.940730,815
fordoche,LA,30.596020,-91.616500,904
fords,NJ,40.529270,-74.315980,15187
fords prairie,WA,46.741000,-122.995000,1959
fordsville,KY,37.636160,-86.717490,530
fordyce,AR,33.813720,-92.412930,4027
foreman,AR,33.721780,-94.396870,951
forest,MS,32.364590,-89.474230,5695
forest,OH,40.801720,-83.510480,1441
forest,VA,37.363750,-79.289750,9106
forest acres,SC,34.019320,-80.989810,10615
forest city,FL,28.666780,-81.443340,13854
forest city,IA,43.262460,-93.637160,4018
forest city,NC,35.334010,-81.865100,7282
forest city,PA,41.651470,-75.466570,1809
forest glen,MD,39.014550,-77.054700,6582
forest grove,OR,45.519840,-123.110660,24457
forest heights,MD,38.809560,-76.998030,2573
forest hill,LA,31.041860,-92.531250,796
forest hill,TX,32.672080,-97.269180,12881
forest hills,MI,42.959470,-85.489750,25867
forest hills,NY,40.716210,-73.850140,67714
forest hills,PA,40.419790,-79.850050,6443
forest hills,TN,36.068390,-86.844170,5039
forest home,NY,42.453680,-76.467990,572
forest junction,WI,44.212490,-88.144270,616
forest lake,IL,42.207520,-88.055630,1659
forest lake,MN,45.278860,-92.985220,19618
forest meadows,CA,38.168510,-120.406590,1249
forest oaks,NC,35.988190,-79.706140,3890
forest park,GA,33.622050,-84.369090,19383
forest park,IL,41.879480,-87.813670,14123
forest park,MD,39.325940,-76.681910,1255
forest park,OH,39.290340,-84.504110,18676
forest park,OK,35.504230,-97.446150,1074
forest ranch,CA,39.882110,-121.672750,1184
forest view,IL,41.808640,-87.793390,692
forestbrook,SC,33.722390,-78.958090,4612
forestdale,AL,33.570110,-86.896380,10162
forestdale,MA,41.691770,-70.499470,4099
foresthill,CA,39.020180,-120.817990,1483
foreston,MN,45.734410,-93.710520,516
forestville,CA,38.473520,-122.890270,3293
forestville,MD,38.845110,-76.874970,12353
forestville,NY,42.468390,-79.176980,669
forestville,OH,39.075060,-84.344940,10532
forgan,OK,36.906970,-100.539320,529
foristell,MO,38.815050,-90.955970,520
forked river,NJ,39.839840,-74.190140,5244
forkland,AL,32.648190,-87.883350,601
forks,WA,47.950360,-124.385490,3747
forman,ND,46.107740,-97.636490,513
forney,TX,32.748180,-96.471930,18418
forrest,IL,40.751980,-88.411160,1177
forrest city,AR,35.008150,-90.789830,14672
forreston,IL,42.126140,-89.579280,1377
forsyth,GA,33.034300,-83.938240,4013
forsyth,IL,39.932540,-88.951190,3584
forsyth,MO,36.685060,-93.119900,2431
forsyth,MT,46.266380,-106.677810,1892
fort ashby,WV,39.503150,-78.768630,1380
fort atkinson,WI,42.928890,-88.837050,12426
fort belknap agency,MT,48.482500,-108.765440,1293
fort belvoir,VA,38.711900,-77.145890,7100
fort benton,MT,47.818300,-110.667440,1460
fort bliss,TX,31.813570,-106.412240,8591
fort bragg,CA,39.445720,-123.805290,7289
fort bragg,NC,35.139000,-79.006030,29183
fort branch,IN,38.251160,-87.581130,2809
fort calhoun,NE,41.455830,-96.026400,917
fort campbell north,KY,36.654290,-87.460560,13685
fort carson,CO,38.737490,-104.788860,13813
fort cavazos,TX,31.134890,-97.775610,29589
fort chiswell,VA,36.947060,-80.941470,939
fort clark springs,TX,29.306070,-100.422020,1228
fort cobb,OK,35.097840,-98.435610,627
fort collins,CO,40.585260,-105.084420,170924
fort covington hamlet,NY,44.971780,-74.507570,1308
fort davis,TX,30.588210,-103.894630,1201
fort defiance,AZ,35.744460,-109.076480,3624
fort deposit,AL,31.984590,-86.578590,1240
fort dick,CA,41.867890,-124.148970,1405
fort dix,NJ,40.029840,-74.618490,7716
fort dodge,IA,42.497470,-94.168020,24649
fort drum,NY,44.058430,-75.761890,12955
fort duchesne,UT,40.288020,-109.854590,714
fort edward,NY,43.267020,-73.584560,3277
fort fairfield,ME,46.772270,-67.833910,1825
fort gaines,GA,31.609240,-85.049330,1129
fort gates,TX,31.399610,-97.707800,913
fort gay,WV,38.116200,-82.595710,683
fort george g mead junction,MD,39.125940,-76.789140,9505
fort gibson,OK,35.797600,-95.250520,4083
fort greely,AK,63.970000,-145.735000,539
fort hall,ID,43.033250,-112.438310,3201
fort hamilton,NY,40.618720,-74.033200,28966
fort hancock,TX,31.298460,-105.845250,1750
fort hunt,VA,38.732890,-77.058030,16045
fort irwin,CA,35.262750,-116.684750,8845
fort jesup,LA,31.612950,-93.402950,509
fort jones,CA,41.607640,-122.840310,688
fort kent,ME,47.258650,-68.589490,2488
fort knox,KY,37.891130,-85.963630,10124
fort lauderdale,FL,26.122310,-80.143380,183146
fort lawn,SC,34.702090,-80.894800,867
fort lee,NJ,40.850930,-73.970140,36672
fort lee,VA,37.246940,-77.334420,9874
fort leonard wood,MO,37.705730,-92.157170,15061
fort lincoln,DC,38.922330,-76.956360,6367
fort loramie,OH,40.351440,-84.373840,1491
fort loudon,PA,39.914810,-77.904720,886
fort lupton,CO,40.084710,-104.813030,7822
fort madison,IA,40.629760,-91.315150,10717
fort mckinley,OH,39.797560,-84.253550,3989
fort meade,FL,27.752250,-81.801750,5975
fort meade,MD,39.108150,-76.743230,9327
fort mill,SC,35.007370,-80.945080,13662
fort mitchell,KY,39.059500,-84.547440,8306
fort montgomery,NY,41.331480,-73.986810,1571
fort morgan,CO,40.250260,-103.799950,11319
fort myers,FL,26.621680,-81.840590,74013
fort myers beach,FL,26.452710,-81.950110,6983
fort myers shores,FL,26.709240,-81.745920,5487
fort novosel,AL,31.342820,-85.715380,4636
fort oglethorpe,GA,34.948960,-85.256900,9803
fort payne,AL,34.444250,-85.719690,14150
fort pierce,FL,27.446710,-80.325610,44484
fort pierce north,FL,27.473640,-80.359300,6474
fort pierce south,FL,27.409620,-80.354830,5062
fort pierre,SD,44.353590,-100.373740,2117
fort plain,NY,42.931460,-74.622640,2248
fort polk north,LA,31.103020,-93.179130,2864
fort polk south,LA,31.051100,-93.215780,9038
fort recovery,OH,40.412820,-84.776350,1429
fort riley north,KS,39.110810,-96.813920,7761
fort salonga,NY,40.912600,-73.300950,10008
fort scott,KS,37.839760,-94.708300,7838
fort shafter,HI,21.344110,-157.886280,1060
fort shawnee,OH,40.686720,-84.137730,3726
fort smith,AR,35.385920,-94.398550,88194
fort stewart,GA,31.872170,-81.610010,4924
fort stockton,TX,30.894040,-102.879320,8649
fort sumner,NM,34.471730,-104.245530,932
fort thomas,KY,39.075060,-84.447160,16398
fort thompson,SD,44.068600,-99.437880,1282
fort totten,ND,47.980000,-98.992900,1243
fort valley,GA,32.553760,-83.887410,8597
fort wadsworth,NY,40.601130,-74.057380,1669
fort walton beach,FL,30.420590,-86.617070,21817
fort washakie,WY,43.006350,-108.882350,1759
fort washington,MD,38.707340,-77.023030,23717
fort washington,PA,40.141780,-75.209060,5446
fort wayne,IN,41.130600,-85.128860,260326
fort white,FL,29.923290,-82.713730,566
fort worth,TX,32.725410,-97.320850,1008106
fort wright,KY,39.051730,-84.534110,5781
fort yates,ND,46.086940,-100.630130,191
fort yukon,AK,66.564720,-145.273890,570
fortuna,CA,40.598190,-124.157280,12000
fortuna foothills,AZ,32.657830,-114.411890,26265
fortville,IN,39.932260,-85.848040,3957
forty fort,PA,41.278970,-75.878250,4126
foscoe,NC,36.161790,-81.765660,1370
fossil,OR,44.998190,-120.216140,449
fosston,MN,47.576350,-95.751410,1498
foster,RI,41.853710,-71.758120,4598
foster brook,PA,41.975060,-78.617250,1251
foster city,CA,37.558550,-122.271080,33477
fostoria,MI,43.253360,-83.371890,694
fostoria,OH,41.157000,-83.416870,13167
fouke,AR,33.261240,-93.885460,873
fountain,CO,38.682220,-104.700810,27767
fountain city,IN,39.955600,-84.917460,780
fountain city,WI,44.131910,-91.718760,848
fountain green,UT,39.629960,-111.635200,1083
fountain hill,PA,40.601490,-75.395180,4629
fountain hills,AZ,33.611710,-111.717360,23899
fountain inn,SC,34.689010,-82.195670,8317
fountain lake,AR,34.572870,-92.987680,503
fountain valley,CA,33.709180,-117.953670,56987
fountainebleau,FL,25.772880,-80.347830,59764
fountainhead-orchard hills,MD,39.686360,-77.719010,5666
four bears village,ND,47.982790,-102.578520,517
four corners,FL,28.332870,-81.647380,26116
four corners,MD,39.020390,-77.012750,7945
four corners,MT,45.660000,-111.185000,3146
four corners,OR,44.927900,-122.983710,15947
four corners,TX,29.668570,-95.657720,12382
four lakes,WA,47.561280,-117.594100,512
four oaks,NC,35.444880,-78.426950,2050
four seasons,MO,38.198090,-92.711020,2217
fowler,CA,36.630510,-119.678470,6266
fowler,CO,38.129170,-104.023290,1148
fowler,IN,40.616700,-87.320850,2274
fowler,KS,37.385580,-100.195700,557
fowler,MI,43.001700,-84.739720,1225
fowlerville,MI,42.660590,-84.073010,2895
fox chapel,PA,40.513400,-79.879770,5383
fox chase,PA,40.081220,-75.080170,19730
fox farm-college,WY,41.112030,-104.785460,3647
fox island,WA,47.251490,-122.629020,3633
fox lake,IL,42.396690,-88.183700,10518
fox lake,WI,43.565540,-88.906500,1478
fox lake hills,IL,42.408080,-88.131750,2591
fox point,WI,43.157510,-87.901750,6755
fox river,AK,59.858330,-150.958330,685
fox river grove,IL,42.200860,-88.214530,4686
fox run,PA,40.702290,-80.082840,3282
foxborough,MA,42.065380,-71.247830,5625
foxfield,CO,39.591660,-104.792470,760
foxfire,NC,35.175430,-79.571430,972
foxworth,MS,31.238230,-89.868690,603
frackville,PA,40.783980,-76.230220,3729
framingham,MA,42.279260,-71.416170,68318
framingham center,MA,42.297320,-71.437010,65413
francestown,NH,42.987580,-71.812580,1571
francesville,IN,40.985320,-86.879460,837
francis,UT,40.610510,-111.280740,1258
francis creek,WI,44.199440,-87.721480,653
francisville,KY,39.105060,-84.724390,7944
franconia,NH,44.227010,-71.747860,984
franconia,VA,38.782060,-77.146370,18245
frankenmuth,MI,43.331690,-83.738020,5025
frankford,DE,38.517340,-75.234910,933
frankford,MD,39.329280,-76.544630,17135
frankford,PA,40.013840,-75.078590,23503
frankfort,IL,41.495870,-87.848660,18653
frankfort,IN,40.279480,-86.510840,16060
frankfort,KS,39.705550,-96.416960,701
frankfort,KY,38.200910,-84.873280,28391
frankfort,ME,44.609800,-68.876700,1082
frankfort,MI,44.633610,-86.234540,1283
frankfort,NY,43.038960,-75.070440,2507
frankfort,OH,39.401450,-83.180740,1065
frankfort square,IL,41.518920,-87.803100,9276
franklin,GA,33.277620,-85.098000,969
franklin,ID,42.013540,-111.807170,769
franklin,IL,39.620330,-90.044000,597
franklin,IN,39.480610,-86.054990,24598
franklin,KY,36.722260,-86.577220,8787
franklin,LA,29.796040,-91.501500,7302
franklin,MA,42.083430,-71.396730,30636
franklin,ME,44.587020,-68.232240,1424
franklin,MI,42.522260,-83.306040,3237
franklin,NC,35.182320,-83.381540,3940
franklin,NE,40.096120,-98.952580,920
franklin,NH,43.444240,-71.647300,8450
franklin,NJ,41.122040,-74.580440,4855
franklin,OH,39.558950,-84.304110,11783
franklin,PA,41.397840,-79.831440,6302
franklin,TN,35.925060,-86.868890,72639
franklin,TX,31.026020,-96.485240,1610
franklin,VA,36.677650,-76.922460,8490
franklin,WI,42.888630,-88.038420,36222
franklin,WV,38.642890,-79.331150,677
franklin center,NJ,40.531530,-74.541410,4460
franklin furnace,OH,38.626000,-82.847000,1660
franklin grove,IL,41.841700,-89.300380,967
franklin lakes,NJ,41.016760,-74.205700,10899
franklin park,FL,26.134060,-80.176200,860
franklin park,IL,41.935310,-87.865620,18312
franklin park,NJ,40.438990,-74.535150,13295
franklin park,PA,40.583400,-80.087840,14415
franklin springs,GA,34.284830,-83.144320,1154
franklin square,MD,39.290400,-76.642770,2379
franklin square,NY,40.707320,-73.675960,29320
franklinton,LA,30.847310,-90.155270,3782
franklinton,NC,36.101820,-78.458050,2135
franklintown,MD,39.305840,-76.701450,1305
franklintown road,MD,39.297380,-76.667580,1338
franklinville,NC,35.743750,-79.692250,1157
franklinville,NY,42.337010,-78.458080,1681
frankston,TX,32.052660,-95.506350,1174
franksville,WI,42.760020,-87.913410,1846
frankton,IN,40.222820,-85.778870,1824
fraser,CO,39.944990,-105.817230,1213
fraser,MI,42.539200,-82.949370,14636
frazee,MN,46.728010,-95.700880,1371
frazeysburg,OH,40.117290,-82.119310,1322
frazier park,CA,34.822760,-118.944820,2691
frederic,WI,45.659120,-92.467140,1105
frederica,DE,39.009000,-75.465750,825
frederick,CO,40.099150,-104.937200,11413
frederick,MD,39.414270,-77.410540,69479
frederick,OK,34.392030,-99.018410,3692
fredericksburg,IA,42.965250,-92.199620,922
fredericksburg,PA,40.443700,-76.428290,1357
fredericksburg,TX,30.275200,-98.871980,11094
fredericksburg,VA,38.303180,-77.460540,28118
frederickson,WA,47.096210,-122.358730,18719
fredericktown,MO,37.559780,-90.294010,4076
fredericktown,OH,40.481170,-82.540720,2488
fredonia,AZ,36.945540,-112.526590,1322
fredonia,KS,37.533940,-95.826650,2326
fredonia,NY,42.440060,-79.331710,10705
fredonia,WI,43.470560,-87.950650,2222
freeburg,IL,38.427550,-89.913710,4241
freeburg,PA,40.763140,-76.939420,575
freedom,CA,36.935230,-121.773010,3070
freedom,ME,44.530350,-69.297820,671
freedom,NH,43.812300,-71.035620,1388
freedom,PA,40.685620,-80.251730,1529
freehold,NJ,40.260110,-74.273760,11959
freeland,MI,43.525030,-84.122760,6969
freeland,PA,41.016750,-75.897140,3460
freeland,WA,48.009540,-122.525980,2045
freelandville,IN,38.864770,-87.305850,643
freeman,SD,43.352490,-97.437290,1287
freemansburg,PA,40.626490,-75.345740,2616
freeport,FL,30.498250,-86.136050,2052
freeport,IL,42.296690,-89.621230,24476
freeport,ME,43.857020,-70.103110,1485
freeport,MN,45.662740,-94.690010,659
freeport,NY,40.657600,-73.583180,43334
freeport,PA,40.673950,-79.684770,1743
freeport,TX,28.954140,-95.359660,12154
freer,TX,27.882800,-98.617790,2732
freetown,MA,41.766770,-71.032820,8472
freeville,NY,42.513960,-76.346600,520
fremont,CA,37.548270,-121.988570,232206
fremont,IA,41.212510,-92.435460,729
fremont,IN,41.730880,-84.932740,2153
fremont,MI,43.467520,-85.942000,4036
fremont,NC,35.545440,-77.974710,1280
fremont,NE,41.433330,-96.498080,26474
fremont,NH,42.990920,-71.142560,3738
fremont,OH,41.350330,-83.121860,16297
fremont,WI,44.259700,-88.864830,665
fremont hills,MO,37.065050,-93.248800,867
french camp,CA,37.884090,-121.271060,3376
french island,WI,43.858300,-91.260420,4207
french lick,IN,38.548940,-86.619990,1794
french settlement,LA,30.295990,-90.796300,1130
frenchburg,KY,37.950920,-83.625750,531
frenchtown,MT,47.014920,-114.229840,1825
frenchtown,NJ,40.526210,-75.061560,1386
frenchville,ME,47.280870,-68.379760,1037
fresh meadows,NY,40.734820,-73.793470,28397
fresno,CA,36.747730,-119.772370,542107
fresno,TX,29.538850,-95.447440,19069
frewsburg,NY,42.054500,-79.158100,1906
friant,CA,36.987730,-119.711810,509
friars point,MS,34.370880,-90.638340,1120
friday harbor,WA,48.534270,-123.017120,2340
fridley,MN,45.086080,-93.263280,27713
friedens,PA,40.050080,-78.998360,1523
friedensburg,PA,40.602590,-76.240780,858
friend,NE,40.653620,-97.286160,1013
friendly,MD,38.751780,-76.978590,9250
friendship,ME,43.983690,-69.333940,1252
friendship,NY,42.206460,-78.137510,1218
friendship,TN,35.908960,-89.245350,668
friendship,WI,43.970530,-89.816790,670
friendship village,MD,38.962890,-77.088870,4791
friendsville,TN,35.760360,-84.135750,920
friendswood,TX,29.529400,-95.201040,38800
friona,TX,34.641730,-102.724100,3894
frisco,CO,39.574430,-106.097520,3035
frisco,TX,33.150670,-96.823610,154407
frisco city,AL,31.433500,-87.401380,1223
fritch,TX,35.639770,-101.603230,2066
fritz creek,AK,59.736110,-151.295280,1932
frizzleburg,PA,41.076450,-80.454790,602
front royal,VA,38.918170,-78.194440,15070
frontenac,KS,37.455600,-94.689130,3422
frontenac,MO,38.635610,-90.415120,3574
frost,TX,32.080150,-96.806660,651
frostburg,MD,39.658140,-78.928360,8667
frostproof,FL,27.745860,-81.530630,3134
fruit cove,FL,30.111070,-81.641760,29362
fruit heights,UT,41.032170,-111.902160,6072
fruit hill,OH,39.075620,-84.364380,3755
fruita,CO,39.158870,-108.728990,12795
fruitdale,CA,37.310860,-121.932750,935
fruitdale,OR,42.422060,-123.308110,1177
fruitland,IA,41.356140,-91.129320,977
fruitland,ID,44.007660,-116.916550,5087
fruitland,MD,38.322060,-75.620200,5215
fruitland,NC,35.396510,-82.393170,2031
fruitland park,FL,28.861380,-81.906470,4483
fruitport,MI,43.131960,-86.154780,1111
fruitridge pocket,CA,38.532650,-121.455810,5800
fruitvale,CO,39.081650,-108.496760,7675
fruitville,FL,27.329770,-82.457600,13224
fryeburg,ME,44.016460,-70.980620,1631
fulda,MN,43.870520,-95.600290,1243
fuller acres,CA,35.299960,-118.911770,991
fuller heights,FL,27.909190,-81.998140,8758
fullerton,CA,33.870290,-117.925340,140847
fullerton,NE,41.363350,-97.969230,1266
fullerton,PA,40.631760,-75.473240,14925
fulshear,TX,29.689960,-95.899680,5886
fulton,CA,38.496300,-122.769990,541
fulton,IL,41.867250,-90.159570,3369
fulton,KY,36.504230,-88.874230,2235
fulton,MD,39.150940,-76.923030,2049
fulton,MO,38.846710,-91.947960,12939
fulton,MS,34.273990,-88.409210,4077
fulton,NY,43.322850,-76.417160,11552
fulton,TX,28.061400,-97.041100,1541
fultondale,AL,33.604830,-86.793880,9048
fultonville,NY,42.947850,-74.370410,788
funkstown,MD,39.608990,-77.704440,884
funny river,AK,60.501940,-150.762220,1103
fuquay-varina,NC,35.584320,-78.800010,23907
fussels corner,FL,28.054190,-81.860640,5561
fyffe,AL,34.446760,-85.904140,1023
gadsden,AL,34.014340,-86.006390,36084
gadsden,AZ,32.554500,-114.784960,678
gadsden,SC,33.845710,-80.765920,1632
gaffney,SC,35.071790,-81.649820,12566
gage park,IL,41.795030,-87.696160,41202
gages lake,IL,42.351690,-87.982580,10198
gahanna,OH,40.019230,-82.879340,34590
gail,TX,32.770380,-101.445410,231
gainesboro,TN,36.355610,-85.658870,955
gainesville,FL,29.651630,-82.324830,145214
gainesville,GA,34.297880,-83.824070,38712
gainesville,MO,36.603120,-92.428220,760
gainesville,TX,33.625940,-97.133350,16292
gainesville,VA,38.795670,-77.613880,11481
gaithersburg,MD,39.143440,-77.201370,67456
galatia,IL,37.840600,-88.609220,917
galax,VA,36.661240,-80.923970,6914
galena,IL,42.416670,-90.429020,3299
galena,IN,38.351730,-85.941640,1818
galena,KS,37.075900,-94.639670,2930
galena,MD,39.340670,-75.878830,598
galena,MO,36.805340,-93.466580,409
galena,OH,40.215060,-82.879900,698
galena park,TX,29.733560,-95.230210,11162
gales ferry,CT,41.429820,-72.082020,1162
galesburg,IL,40.947820,-90.371240,31273
galesburg,MI,42.288650,-85.418060,2043
galesville,MD,38.843170,-76.543570,684
galesville,WI,44.081630,-91.349040,1551
galeton,PA,41.733120,-77.641930,1124
galeville,NY,43.090070,-76.172980,4617
galien,MI,41.798100,-86.499190,532
galion,OH,40.733670,-82.789900,10127
gallant,AL,33.998710,-86.245260,855
gallatin,MO,39.914450,-93.962170,1744
gallatin,TN,36.388380,-86.446660,34334
gallatin gateway,MT,45.591600,-111.197730,856
gallaway,TN,35.325920,-89.616190,658
galliano,LA,29.442160,-90.299250,7676
gallipolis,OH,38.809800,-82.202370,3469
gallipolis ferry,WV,38.770640,-82.198760,817
gallitzin,PA,40.482290,-78.551680,1605
gallup,NM,35.528080,-108.742580,23240
galt,CA,38.254640,-121.299950,25303
galva,IL,41.167540,-90.042610,2517
galva,KS,38.381950,-97.537540,880
galveston,IN,40.578930,-86.190270,1271
galveston,TX,29.301350,-94.797700,50180
gambell,AK,63.779210,-171.734630,701
gambier,OH,40.375620,-82.397100,2437
gambrills,MD,39.081000,-76.658000,2800
gamewell,NC,35.869300,-81.596210,3957
ganado,AZ,35.711400,-109.542050,1210
ganado,TX,29.040540,-96.513580,2095
gandy,FL,27.868500,-82.616120,2031
gang mills,NY,42.146190,-77.111640,4185
gantt,SC,34.800120,-82.424290,14229
gap,PA,39.987320,-76.020510,1931
garber,OK,36.436980,-97.585610,852
garberville,CA,40.100140,-123.795030,913
garden acres,CA,37.963810,-121.229390,10648
garden city,GA,32.114370,-81.154000,8999
garden city,ID,43.622110,-116.238170,11550
garden city,KS,37.971690,-100.872660,27005
garden city,MI,42.325590,-83.331040,26920
garden city,MO,38.561120,-94.191330,1625
garden city,NY,40.726770,-73.634300,22612
garden city,SC,33.592950,-79.008650,9209
garden city,TX,31.864020,-101.481230,334
garden city,UT,41.946880,-111.393540,580
garden city park,NY,40.740930,-73.662630,7806
garden city south,NY,40.712320,-73.660960,4024
garden court,PA,39.953090,-75.221410,2902
garden grove,CA,33.773910,-117.941450,175393
garden grove,FL,28.480270,-82.435090,674
garden home-whitford,OR,45.464000,-122.758910,6674
garden plain,KS,37.658350,-97.683660,897
garden ridge,TX,29.634670,-98.305290,3850
garden view,PA,41.254240,-77.046080,2503
gardena,CA,33.888350,-118.308960,60447
gardendale,AL,33.660100,-86.812770,13711
gardendale,TX,32.020400,-102.380150,1574
gardere,LA,30.345750,-91.140110,10580
gardiner,ME,44.230070,-69.775320,5597
gardiner,MT,45.031880,-110.705770,875
gardiner,NY,41.679820,-74.150420,950
gardner,IL,41.185590,-88.309780,1434
gardner,KS,38.810840,-94.927190,20868
gardner,MA,42.575090,-71.998130,20333
gardnertown,NY,41.535090,-74.070140,4373
gardnerville,NV,38.941300,-119.749620,5656
gardnerville ranchos,NV,38.888240,-119.741290,11312
garfield,AR,36.448410,-93.974090,527
garfield,NJ,40.881490,-74.113200,31802
garfield,TX,30.187440,-97.557780,1698
garfield,WA,47.007950,-117.141010,604
garfield heights,OH,41.417000,-81.605960,28097
garibaldi,OR,45.559830,-123.910960,783
garland,ME,45.038400,-69.160320,1029
garland,NC,34.786280,-78.394170,632
garland,TX,32.912620,-96.638880,236897
garland,UT,41.741040,-112.161620,2448
garnavillo,IA,42.868600,-91.235960,726
garner,IA,43.102460,-93.601880,3107
garner,NC,35.711260,-78.614170,28053
garnet,CA,33.927000,-116.477000,7543
garnett,KS,38.280580,-95.241920,3258
garretson,SD,43.717470,-96.502820,1201
garrett,IN,41.349490,-85.135530,6344
garrett,TX,32.363480,-96.654710,822
garrett,WA,46.052080,-118.402750,1419
garrett park,MD,39.038160,-77.093030,1044
garrettsville,OH,41.284220,-81.096490,2328
garrison,KY,38.606190,-83.173230,866
garrison,MD,39.405940,-76.760530,8823
garrison,ND,47.652220,-101.415720,1538
garrison,TX,31.824340,-94.491040,897
garwin,IA,42.093600,-92.675750,508
garwood,NJ,40.651770,-74.322930,4351
garwyn oaks,MD,39.317850,-76.679330,1349
gary,IN,41.593370,-87.346430,77156
gary,WV,37.363730,-81.550110,889
garysburg,NC,36.450990,-77.558870,977
garyville,LA,30.056040,-90.619260,2811
garza-salinas ii,TX,26.351770,-98.759540,719
gas,KS,37.923650,-95.346090,522
gas city,IN,40.487260,-85.613030,5968
gasport,NY,43.199220,-78.576140,1248
gasquet,CA,41.845390,-123.969520,661
gassaway,WV,38.673150,-80.774820,902
gassville,AR,36.283120,-92.494050,2133
gaston,IN,40.313930,-85.500530,865
gaston,NC,36.500430,-77.644980,1067
gaston,OR,45.436230,-123.139550,688
gaston,SC,33.817100,-81.100930,1658
gastonia,NC,35.262080,-81.187300,74543
gastonville,PA,40.257290,-79.995880,2818
gate city,VA,36.637880,-82.580990,1955
gates,TN,35.838410,-89.406180,627
gates mills,OH,41.517550,-81.403450,2235
gates-north gates,NY,43.165470,-77.700660,15138
gatesville,NC,36.403490,-76.753010,302
gatesville,TX,31.435160,-97.743910,15724
gateway,AK,61.572780,-149.240830,5552
gateway,FL,26.577570,-81.750360,8401
gatlinburg,TN,35.714530,-83.511890,4184
gauley bridge,WV,38.168440,-81.194830,595
gautier,MS,30.385750,-88.611690,18570
gay street,MD,39.301230,-76.596830,1728
gayle mill,SC,34.702080,-81.240090,913
gaylord,MI,45.027510,-84.674750,3660
gaylord,MN,44.553020,-94.220530,2245
gays mills,WI,43.317480,-90.844850,530
gearhart,OR,46.024270,-123.911250,1524
geary,OK,35.631160,-98.317290,1305
geistown,PA,40.290910,-78.868910,2371
genesee,CO,39.685820,-105.272770,3609
genesee,ID,46.550720,-116.925440,955
geneseo,IL,41.448090,-90.154280,6538
geneseo,NY,42.795900,-77.816950,8173
geneva,AL,31.032960,-85.863820,4460
geneva,FL,28.739720,-81.115060,2940
geneva,IL,41.887530,-88.305350,21806
geneva,IN,40.591990,-84.957190,1320
geneva,MN,43.823290,-93.267710,544
geneva,NE,40.526950,-97.595880,2131
geneva,NY,42.868960,-76.977740,13062
geneva,OH,39.662010,-82.433490,6447
geneva,WA,48.745670,-122.401830,2321
geneva-on-the-lake,OH,41.859500,-80.953980,1214
genoa,IL,42.097250,-88.692870,5196
genoa,NE,41.448620,-97.730610,958
genoa,NV,39.004350,-119.847120,939
genoa,OH,40.782840,-81.466510,2331
genoa city,WI,42.498350,-88.328150,3029
genola,UT,39.996340,-111.843270,1419
gentry,AR,36.267580,-94.484660,3397
george,IA,43.343860,-96.002240,1055
george,WA,47.079020,-119.855880,501
george west,TX,28.332500,-98.117510,2631
georgetown,CA,38.906840,-120.838550,2367
georgetown,CO,39.706100,-105.697500,1049
georgetown,CT,41.255650,-73.434840,1805
georgetown,DC,38.904830,-77.062480,11887
georgetown,DE,38.690110,-75.385470,7051
georgetown,GA,31.983260,-81.227330,11823
georgetown,IL,42.139750,-89.828730,3493
georgetown,IN,40.740600,-86.504730,4705
georgetown,KY,38.209800,-84.558830,32356
georgetown,NY,42.768400,-75.736580,974
georgetown,OH,38.864510,-83.904090,4447
georgetown,PA,41.227300,-75.868810,1640
georgetown,SC,33.376830,-79.294500,9062
georgetown,TX,30.632690,-97.677230,63716
georgia avenue / walter reed,DC,38.982560,-77.026300,7996
georgiana,AL,31.637100,-86.741920,1667
gerald,MO,38.399770,-91.330710,1318
geraldine,AL,34.351480,-86.000810,902
gerber,CA,40.056270,-122.150270,1060
gering,NE,41.825800,-103.660500,8334
germanton,NC,36.262920,-80.230880,827
germantown,IL,38.553660,-89.538420,1285
germantown,MD,39.173160,-77.271650,86395
germantown,NY,42.134530,-73.891800,845
germantown,OH,39.626170,-84.369390,5503
germantown,PA,40.043440,-75.180180,10688
germantown,TN,35.086760,-89.810090,39240
germantown,WI,43.228620,-88.110370,19993
germantown hills,IL,40.766430,-89.467870,3508
geronimo,OK,34.481190,-98.383110,1235
geronimo,TX,29.663000,-97.966950,1032
gervais,OR,45.108180,-122.897600,2631
gettysburg,OH,40.111440,-84.495230,505
gettysburg,PA,39.830930,-77.231100,7608
gettysburg,SD,45.011650,-99.955670,1164
geyserville,CA,38.707690,-122.902500,862
ghent,NY,42.329250,-73.615670,564
gholson,TX,31.701000,-97.216400,1076
gibbon,MN,44.533850,-94.526370,752
gibbon,NE,40.748350,-98.844800,1879
gibbsboro,NJ,39.838170,-74.964890,2244
gibbstown,NJ,39.825110,-75.283520,3739
gibbsville,WI,43.652220,-87.826760,512
gibraltar,MI,42.095040,-83.189650,4531
gibraltar,PA,40.284260,-75.871870,680
gibsland,LA,32.544040,-93.052940,948
gibson,AR,34.884260,-92.235700,3543
gibson,GA,33.233480,-82.595410,657
gibson,NC,34.759050,-79.610610,519
gibson city,IL,40.458430,-88.384600,3409
gibsonburg,OH,41.384500,-83.320480,2564
gibsonia,FL,28.114740,-81.973690,4571
gibsonia,PA,40.630070,-79.969500,2733
gibsonton,FL,27.853640,-82.382590,14234
gibsonville,NC,36.105690,-79.542250,6773
giddings,TX,30.182720,-96.936370,5064
gideon,MO,36.452010,-89.919260,1041
gifford,FL,27.675310,-80.409220,9590
gifford,IL,40.305870,-88.021150,1092
gig harbor,WA,47.329260,-122.580130,8753
gila bend,AZ,32.947820,-112.716830,2025
gila crossing,AZ,33.276710,-112.166820,621
gilbert,AZ,33.352830,-111.789030,247542
gilbert,IA,42.106930,-93.649660,1116
gilbert,LA,32.049320,-91.658180,566
gilbert,MN,47.488820,-92.464910,1792
gilbert,SC,33.924310,-81.393710,604
gilbert creek,WV,37.575940,-81.894840,1090
gilberton,PA,40.799530,-76.212440,751
gilberts,IL,42.103360,-88.372860,7638
gilbertsville,PA,40.320100,-75.610180,4832
gilbertville,IA,42.416100,-92.214900,747
gilcrest,CO,40.281930,-104.777750,1083
gilford,NH,43.547580,-71.406740,7849
gill,MA,42.640360,-72.499530,1387
gillespie,IL,39.129770,-89.819540,3176
gillett,AR,34.117320,-91.376510,688
gillett,WI,44.889990,-88.307320,1353
gillette,WY,44.291090,-105.502220,32649
gillis,LA,30.373810,-93.200990,657
gilman,IA,41.878880,-92.789360,504
gilman,IL,40.766700,-87.992260,1754
gilmanton,NH,43.424250,-71.414520,3259
gilmer,TX,32.728750,-94.942440,5187
gilroy,CA,37.005780,-121.568280,53231
gilsum,NH,43.048410,-72.262860,828
girard,IL,39.446440,-89.780930,2027
girard,KS,37.511160,-94.838020,2760
girard,OH,41.153950,-80.701470,9599
girard,PA,42.000330,-80.318120,3023
girard estate,PA,39.923450,-75.184620,11259
girardville,PA,40.791480,-76.283560,1486
girdwood,AK,60.942500,-149.166390,2250
gisela,AZ,34.101710,-111.279860,570
gladbrook,IA,42.187760,-92.715200,890
glade spring,VA,36.791220,-81.771230,1453
gladeview,FL,25.839260,-80.235600,11535
gladewater,TX,32.536530,-94.942720,6432
gladstone,MI,45.852740,-87.021800,4830
gladstone,MO,39.203890,-94.554680,26861
gladstone,NJ,40.722600,-74.665440,2086
gladstone,OR,45.380680,-122.594810,11986
gladwin,MI,43.980850,-84.486400,2880
glandorf,OH,41.028940,-84.079110,1006
glasco,NY,42.043700,-73.947360,2099
glasford,IL,40.572540,-89.813440,1003
glasgow,DE,39.604830,-75.745210,14303
glasgow,KY,36.995880,-85.911920,14470
glasgow,MO,39.227250,-92.846580,1103
glasgow,MT,48.196960,-106.636710,3414
glasgow,OR,43.434560,-124.211220,763
glasgow,VA,37.634020,-79.450310,1115
glasgow,WV,38.215380,-81.424560,877
glasgow village,MO,38.753660,-90.198440,5429
glassboro,NJ,39.702890,-75.111840,19216
glassmanor,MD,38.819000,-76.998590,17295
glassport,PA,40.324790,-79.892270,4420
glastonbury,CT,41.712320,-72.608150,31876
glastonbury center,CT,41.700930,-72.599530,7387
gleason,TN,36.213670,-88.612550,1407
gleed,WA,46.658180,-120.613400,2906
glen,MD,39.356320,-76.690660,7766
glen allen,VA,37.665980,-77.506370,14774
glen alpine,NC,35.729020,-81.779270,1500
glen avon,CA,34.011680,-117.484770,20199
glen burnie,MD,39.162610,-76.624690,67639
glen carbon,IL,38.748380,-89.983160,12966
glen cove,NY,40.862320,-73.633740,27400
glen ellen,CA,38.364080,-122.524150,784
glen ellyn,IL,41.877530,-88.067010,28201
glen gardner,NJ,40.696770,-74.940720,1663
glen head,NY,40.835380,-73.623740,4697
glen lyon,PA,41.175080,-76.074650,1873
glen oaks,MD,39.364830,-76.596470,2678
glen oaks,NY,40.747050,-73.711520,6655
glen park,NY,44.001170,-75.966310,508
glen raven,NC,36.113190,-79.476410,2750
glen ridge,NJ,40.805380,-74.203760,7660
glen rock,NJ,40.962880,-74.132920,11999
glen rock,PA,39.793160,-76.730250,2031
glen rose,TX,32.234590,-97.755310,2580
glen ullin,ND,46.815010,-101.829880,743
glen willow,PA,40.034830,-75.225740,5012
glenaire,MO,39.221390,-94.451340,578
glenarden,MD,38.929280,-76.861640,6326
glenburn,PA,41.523690,-75.723800,953
glencoe,AL,33.957040,-85.932470,5153
glencoe,FL,29.025820,-80.972000,2582
glencoe,IL,42.135030,-87.758120,8945
glencoe,MN,44.769130,-94.151640,5521
glencoe,OK,36.228660,-96.925590,606
glendale,AZ,33.538650,-112.185990,240126
glendale,CA,34.142510,-118.255080,201020
glendale,CO,39.704990,-104.933590,5198
glendale,MO,38.595890,-90.377060,5927
glendale,MS,31.364620,-89.306170,1657
glendale,NY,40.701490,-73.886800,34389
glendale,OH,41.397000,-81.542340,2164
glendale,OR,42.736230,-123.423400,881
glendale,WI,43.135290,-87.935640,12870
glendale,WV,39.949240,-80.754250,1526
glendale heights,IL,41.914600,-88.064860,34208
glendive,MT,47.105290,-104.712460,5490
glendora,CA,34.136120,-117.865340,52009
glendora,NJ,39.839560,-75.073510,4750
gleneagle,CO,39.045270,-104.824420,6611
glenham-belhar,MD,39.350030,-76.548580,5981
glenmont,MD,39.057890,-77.049700,13529
glenmoor,OH,40.666170,-80.623130,1987
glenmora,LA,30.976580,-92.585140,1320
glenmore,WI,44.385830,-87.927320,1142
glenn dale,MD,38.987610,-76.820530,13466
glenn heights,TX,32.548750,-96.856670,12042
glenns ferry,ID,42.954900,-115.300900,1229
glennville,GA,31.936590,-81.928450,5086
glenolden,PA,39.900110,-75.289070,7173
glenpool,OK,35.955370,-96.008880,13225
glenrock,WY,42.861360,-105.872230,2598
glens falls,NY,43.309520,-73.644010,14291
glens falls north,NY,43.335060,-73.682510,8443
glenshaw,PA,40.532850,-79.967550,8981
glenside,PA,40.102330,-75.152120,8384
glenvar,VA,37.274020,-80.133930,976
glenvar heights,FL,25.707600,-80.325610,16898
glenview,IL,42.069750,-87.787840,47446
glenview,KY,38.308400,-85.650240,544
glenville,CT,41.035380,-73.659850,2327
glenville,MN,43.572460,-93.281320,630
glenville,NY,42.929240,-74.052070,29326
glenville,OH,41.533380,-81.617350,23559
glenville,WV,38.934260,-80.837600,1543
glenwillow,OH,41.361720,-81.469560,926
glenwood,AR,34.326770,-93.550740,2141
glenwood,GA,32.179900,-82.669580,739
glenwood,IA,41.046940,-95.742510,5253
glenwood,IL,41.542530,-87.602270,8996
glenwood,MN,45.650240,-95.389760,2568
glenwood city,WI,45.058570,-92.172410,1219
glenwood landing,NY,40.830660,-73.638740,3779
glenwood springs,CO,39.550540,-107.324780,9906
glidden,IA,42.056930,-94.728870,1127
glidden,TX,29.700790,-96.586360,661
glidden,WI,46.134950,-90.578510,507
glide,OR,43.301510,-123.101180,1795
globe,AZ,33.394220,-110.786500,7396
gloster,MS,31.197400,-91.021770,909
gloucester,MA,42.614050,-70.663130,29781
gloucester,NC,34.726270,-76.541040,537
gloucester city,NJ,39.892810,-75.120410,11329
gloucester courthouse,VA,37.409860,-76.526620,2951
gloucester point,VA,37.254030,-76.496890,9402
glouster,OH,39.503130,-82.084590,1797
glover park,DC,38.920940,-77.077200,8124
gloversville,NY,43.052850,-74.343750,15023
gloverville,SC,33.525970,-81.830110,2831
glyndon,MN,46.875240,-96.578960,1380
gnadenhutten,OH,40.358400,-81.434280,1289
gobles,MI,42.360870,-85.879460,808
goddard,KS,37.659740,-97.575330,4719
goddard,MD,38.989550,-76.853310,6177
godfrey,IL,38.955600,-90.186780,17759
godley,IL,41.236700,-88.243670,681
godley,TX,32.449030,-97.526690,1069
goessel,KS,38.246400,-97.348920,510
goffstown,NH,43.020360,-71.600350,3196
golconda,IL,37.367270,-88.486430,629
gold bar,WA,47.856770,-121.697060,2112
gold beach,OR,42.407330,-124.421770,2279
gold camp,AZ,33.293670,-111.304290,10159
gold canyon,AZ,33.371450,-111.436910,10159
gold hill,OR,42.431790,-123.050600,1266
gold key lake,PA,41.305930,-74.938500,1830
gold river,CA,38.626290,-121.246620,7912
golden,CO,39.755540,-105.221100,20330
golden,IL,40.109210,-91.017640,637
golden beach,FL,25.965090,-80.122270,972
golden beach,MD,38.489850,-76.682180,3796
golden city,MO,37.393110,-94.093830,729
golden gate,FL,26.187870,-81.695090,23961
golden glades,FL,25.911760,-80.200330,33145
golden grove,SC,34.734010,-82.443740,2467
golden hills,CA,35.142470,-118.490360,8656
golden meadow,LA,29.379110,-90.260080,2060
golden shores,AZ,34.781880,-114.477750,2047
golden triangle,DC,38.905240,-77.043620,17674
golden triangle,NJ,39.927890,-75.038780,4145
golden valley,AZ,35.223330,-114.223010,8370
golden valley,MN,45.009690,-93.349120,21270
golden valley,NV,39.615470,-119.826580,1556
goldendale,WA,45.820680,-120.821730,3435
goldenrod,FL,28.610280,-81.288680,12039
goldens bridge,NY,41.293430,-73.676800,1630
goldfield,IA,42.735800,-93.920780,608
goldfield,NV,37.708540,-117.235630,268
goldsboro,NC,35.384880,-77.992770,35826
goldsboro,PA,40.152590,-76.750250,938
goldsby,OK,35.141180,-97.476980,2102
goldthwaite,TX,31.449890,-98.570880,1860
goleta,CA,34.435830,-119.827640,30944
golf,IL,42.058920,-87.792560,504
golf manor,OH,39.187280,-84.446330,3583
goliad,TX,28.668330,-97.388330,1986
golinda,TX,31.377670,-97.082780,557
gonzales,CA,36.506630,-121.444380,8473
gonzales,LA,30.238530,-90.920100,10678
gonzales,TX,29.501630,-97.452490,7544
gonzalez,FL,30.581580,-87.291360,13273
goochland,VA,37.684310,-77.885270,861
good hope,AL,34.115930,-86.863610,2281
good hope,CA,33.764740,-117.266980,9192
good thunder,MN,44.004690,-94.065790,578
goodfield,IL,40.629760,-89.274810,945
goodhue,MN,44.400520,-92.623800,1174
gooding,ID,42.938790,-114.713110,3509
goodings grove,IL,41.629200,-87.930890,18569
goodland,IN,40.763370,-87.293630,1014
goodland,KS,39.350830,-101.710170,4457
goodlettsville,TN,36.323110,-86.713330,16994
goodman,MO,36.741740,-94.399110,1248
goodman,MS,32.970130,-89.912310,1330
goodrich,MI,42.916970,-83.506340,1831
goodview,MN,44.062460,-91.695710,4144
goodwater,AL,33.065670,-86.053300,1343
goodwell,OK,36.595300,-101.636550,1326
goodwill,SD,45.566900,-97.070080,513
goodyear,AZ,33.435320,-112.358210,79003
goose creek,SC,32.981010,-80.032590,40633
gordo,AL,33.320120,-87.902800,1687
gordon,GA,32.882090,-83.332380,1956
gordon,NE,42.804720,-102.203220,1531
gordon,PA,40.751750,-76.336060,747
gordon heights,NY,40.858710,-72.970660,4042
gordonsville,TN,36.172560,-85.929710,1204
gordonsville,VA,38.137360,-78.187780,1577
gordonville,PA,40.020100,-76.133570,508
gore,OK,35.529260,-95.117180,944
goreville,IL,37.554500,-88.972290,1062
gorham,ME,43.679520,-70.444220,6882
gorham,NH,44.387840,-71.173130,1600
gorham,NY,42.798960,-77.131640,617
gorman,NC,36.036530,-78.823340,1011
gorman,TX,32.213750,-98.670610,1051
gorst,WA,47.525370,-122.704860,592
goshen,AR,36.101190,-93.991310,1589
goshen,CA,36.351060,-119.420120,3006
goshen,IN,41.582270,-85.834440,32983
goshen,KY,38.403120,-85.574130,909
goshen,MA,42.440360,-72.799540,937
goshen,NH,43.301190,-72.147860,789
goshen,NY,41.402040,-74.324320,5397
goshen,OH,39.233390,-84.161320,11644
goshen,UT,39.953010,-111.900770,944
gosnell,AR,35.959790,-89.972030,2689
gosport,IN,39.350880,-86.666950,803
gotha,FL,28.527780,-81.523130,1915
gothenburg,NE,40.929450,-100.160680,3514
gouglersville,PA,40.273700,-76.019110,548
gould,AR,33.985100,-91.560960,778
goulding,FL,30.442980,-87.222470,4102
goulds,FL,25.562610,-80.382280,11446
gouldsboro,ME,44.478410,-68.038340,2018
gouldsboro,PA,41.244530,-75.456020,890
gouverneur,NY,44.336730,-75.462990,3797
gove,KS,38.957790,-100.488750,99
gowanda,NY,42.463120,-78.935870,2636
gower,MO,39.610830,-94.599400,1501
gowrie,IA,42.280530,-94.290800,999
grabill,IN,41.210880,-84.966910,1127
grace,ID,42.576030,-111.730510,897
graceland park,MD,39.281190,-76.533140,2156
graceville,FL,30.956850,-85.516600,2222
graceville,MN,45.569130,-96.434510,555
graeagle,CA,39.766290,-120.618550,737
graettinger,IA,43.237740,-94.751370,811
graford,TX,32.937620,-98.246990,575
grafton,IL,38.970050,-90.431500,653
grafton,MA,42.207040,-71.685620,16583
grafton,ND,48.412210,-97.410630,4243
grafton,NH,43.558680,-71.943970,1212
grafton,OH,41.272550,-82.054590,6165
grafton,WI,43.319730,-87.953420,11527
grafton,WV,39.340920,-80.018970,5148
graham,NC,36.069030,-79.400580,14647
graham,TX,33.107060,-98.589500,8865
graham,WA,47.052880,-122.294280,23491
grain valley,MO,39.015010,-94.198560,13379
grambling,LA,32.527650,-92.714040,5209
gramercy,LA,30.047420,-90.689810,3457
gramercy park,NY,40.737500,-73.986110,27988
granbury,TX,32.442080,-97.794200,9386
granby,CO,40.086100,-105.939460,1877
granby,MA,42.256480,-72.516200,1368
granby,MO,36.919230,-94.255220,2128
grand bay,AL,30.476310,-88.342230,3672
grand bayou mobile home park,LA,29.908020,-90.777110,14195
grand blanc,MI,42.927530,-83.629950,7993
grand boulevard,IL,41.813920,-87.617270,22373
grand canyon,AZ,36.054430,-112.139340,1460
grand canyon village,AZ,36.046370,-112.154060,1550
grand coteau,LA,30.419920,-92.046510,938
grand coulee,WA,47.941540,-119.003350,1043
grand forks,ND,47.925260,-97.032850,57011
grand forks air force base,ND,47.954930,-97.386640,2367
grand haven,MI,43.063070,-86.228390,11062
grand island,NE,40.925010,-98.342010,51440
grand island,NY,43.033110,-78.962540,20813
grand isle,LA,29.236620,-89.987290,1399
grand isle,ME,47.305320,-68.151980,539
grand junction,CO,39.063870,-108.550650,60358
grand junction,IA,42.031650,-94.240800,789
grand ledge,MI,42.753370,-84.746380,7791
grand marais,MN,47.750450,-90.334270,1327
grand meadow,MN,43.705800,-92.572120,1149
grand mound,IA,41.824190,-90.647920,617
grand mound,WA,46.787880,-123.011250,2981
grand point,LA,30.061310,-90.753430,2473
grand prairie,TX,32.745960,-96.997780,187809
grand rapids,MI,42.963360,-85.668090,195097
grand rapids,MN,47.237170,-93.530210,11127
grand rapids,OH,41.412000,-83.864390,999
grand ridge,FL,30.712910,-85.023280,872
grand ridge,IL,41.236980,-88.831470,532
grand ronde,OR,45.060110,-123.609280,1661
grand saline,TX,32.673460,-95.709410,3131
grand terrace,CA,34.033900,-117.313650,12464
grand tower,IL,37.626440,-89.497870,588
grand view estates,CO,39.543600,-104.821090,528
grandfield,OK,34.228420,-98.684510,972
grandview,IA,41.275860,-91.188480,534
grandview,IL,39.816440,-89.618710,1427
grandview,IN,37.933660,-86.981110,727
grandview,MO,38.885840,-94.533010,25256
grandview,OH,39.194220,-84.724390,1466
grandview,TX,32.270420,-97.179180,1615
grandview,WA,46.250970,-119.901700,11176
grandview heights,OH,39.979790,-83.040740,7328
grandview plaza,KS,39.029160,-96.789170,1662
grandville,MI,42.909750,-85.763090,15953
grandwood park,IL,42.393080,-87.986740,5202
grandyle village,NY,42.996450,-78.955040,4629
granger,IA,41.761100,-93.824390,1431
granger,IN,41.753380,-86.110840,30465
granger,TX,30.717690,-97.442780,1517
granger,WA,46.342070,-120.187270,3695
grangeville,ID,45.926550,-116.122370,3155
granite,OK,34.962280,-99.380640,2031
granite,UT,40.573000,-111.806040,1932
granite bay,CA,38.763230,-121.163840,20402
granite city,IL,38.701440,-90.148720,29054
granite falls,MN,44.809960,-95.545580,2747
granite falls,NC,35.796520,-81.430650,4662
granite falls,WA,48.083990,-121.968740,3493
granite hills,CA,32.803110,-116.904750,3035
granite quarry,NC,35.612360,-80.446730,2995
granite shoals,TX,30.589080,-98.383920,5071
graniteville,NY,40.624830,-74.148480,15272
graniteville,SC,33.563750,-81.807890,2614
graniteville,VT,44.151170,-72.492880,784
grannis,AR,34.240670,-94.334930,562
grant,AL,34.528700,-86.253320,903
grant,MI,43.336130,-85.810880,882
grant,MN,45.084410,-92.910490,4147
grant,NE,40.841940,-101.725170,1133
grant city,MO,40.487490,-94.411070,812
grant city,NY,40.582050,-74.104860,4594
grant park,IL,41.241140,-87.646150,1289
grant town,WV,39.558140,-80.181740,618
grant-valkaria,FL,27.939800,-80.571040,4056
grantham,NH,43.489520,-72.137590,2308
grantley,PA,39.940380,-76.729130,3628
grants,NM,35.147600,-107.852610,9239
grants pass,OR,42.439330,-123.330670,37088
grantsboro,NC,35.140440,-76.842440,662
grantsburg,WI,45.776340,-92.682700,1289
grantsville,MD,39.695080,-79.151140,765
grantsville,UT,40.599940,-112.464400,10027
grantsville,WV,38.923420,-81.095950,548
grantville,GA,33.234840,-84.835770,3183
grantwood village,MO,38.550330,-90.354560,866
granville,IL,41.261150,-89.227590,1318
granville,MA,42.066760,-72.861490,1548
granville,NY,43.407850,-73.259550,2467
granville,OH,40.068120,-82.519600,5747
granville,WV,39.645910,-79.987290,2554
granville south,OH,40.052070,-82.541660,1410
grape creek,TX,31.579320,-100.547600,3154
grapeland,TX,31.491850,-95.478560,1417
grapeview,WA,47.331760,-122.835140,954
grapeville,PA,40.325350,-79.605600,538
grapevine,TX,32.934290,-97.078070,51404
grasonville,MD,38.958170,-76.210230,3425
grass lake,MI,42.250870,-84.213010,1166
grass valley,CA,39.219060,-121.061060,12944
grassflat,PA,41.002560,-78.114450,511
gratis,OH,39.647830,-84.527170,859
graton,CA,38.436300,-122.869720,1707
gratton,VA,37.134840,-81.413990,937
gratz,PA,40.611750,-76.718580,754
gravel ridge,AR,34.868420,-92.190700,2902
gravesend,NY,40.597600,-73.965140,112229
gravette,AR,36.422020,-94.453550,3232
grawn,MI,44.662500,-85.693690,772
gray,GA,33.009580,-83.533780,3269
gray,LA,29.697710,-90.786480,5584
gray,ME,43.885630,-70.331720,884
gray,TN,36.419830,-82.476540,1222
gray court,SC,34.608180,-82.113440,791
gray summit,MO,38.489780,-90.816800,2701
grayland,WA,46.810090,-124.093230,953
grayling,MI,44.661400,-84.714750,1844
graymoor-devondale,KY,38.273130,-85.623020,2950
grays ferry,PA,39.935110,-75.192120,14838
grayslake,IL,42.344470,-88.041750,20915
grayson,CA,37.563820,-121.179380,952
grayson,GA,33.894270,-83.955740,3147
grayson,KY,38.332580,-82.948500,4058
grayson,LA,32.049880,-92.109300,524
grayson valley,AL,33.648160,-86.639430,5736
graysville,AL,33.620660,-86.971380,2096
graysville,TN,35.447010,-85.084400,1515
grayville,IL,38.257550,-87.993640,1626
grazierville,PA,40.653670,-78.264740,665
greasewood,AZ,35.522510,-109.857340,547
great barrington,MA,42.195920,-73.362060,7172
great bend,KS,38.364460,-98.764810,15717
great bend,NY,44.034230,-75.718810,843
great bend,PA,41.971740,-75.743240,694
great falls,MT,47.500240,-111.300810,59638
great falls,SC,34.575140,-80.902020,1932
great falls,VA,38.998170,-77.288320,15427
great kills,NY,40.554270,-74.151530,22000
great neck,NY,40.800660,-73.728460,10143
great neck estates,NY,40.787050,-73.736800,2827
great neck gardens,NY,40.797220,-73.723890,1186
great neck plaza,NY,40.786770,-73.726520,6925
great river,NY,40.721210,-73.157610,1489
greater grand crossing,IL,41.761130,-87.614850,32346
greater northdale,FL,28.105450,-82.525940,22079
greater upper marlboro,MD,38.831420,-76.748270,18720
greatwood,TX,29.554130,-95.675780,11538
greece,NY,43.209780,-77.693060,14519
greektown,MD,39.285420,-76.554250,4757
greeley,CO,40.423310,-104.709130,108795
greeley,NE,41.548620,-98.531180,549
greeley hill,CA,37.744650,-120.129910,915
green,OH,40.945890,-81.483170,25898
green,OR,43.160390,-123.367850,7515
green acres,CA,33.738080,-117.076420,1805
green acres,ND,48.838130,-99.690090,575
green bay,WI,44.519160,-88.019830,105207
green bluff,WA,47.827390,-117.271600,761
green city,MO,40.268630,-92.953260,618
green cove springs,FL,29.991910,-81.678150,7277
green forest,AR,36.335350,-93.436020,2769
green harbor-cedar crest,MA,42.074950,-70.658430,2609
green haven,MD,39.139550,-76.547740,19326
green hill,TN,36.222830,-86.549440,6618
green island,NY,42.744240,-73.691510,2612
green isle,MN,44.679130,-94.008300,537
green knoll,NJ,40.600100,-74.612100,6200
green lake,WI,43.844150,-88.960110,984
green level,NC,36.120970,-79.344190,2160
green meadows,OH,39.868950,-83.944380,2327
green mountain falls,CO,38.934990,-105.016930,656
green oaks,IL,42.290020,-87.903410,3837
green park,MO,38.523660,-90.338450,2640
green river,UT,38.995250,-110.161800,961
green river,WY,41.528580,-109.466250,12465
green rock,IL,41.473090,-90.357630,2970
green spring,KY,38.316180,-85.613850,740
green springs,OH,41.256160,-83.051580,1332
green tree,PA,40.411740,-80.045610,4968
green valley,AZ,31.854250,-110.993700,21391
green valley,CA,38.252970,-122.162190,1625
green valley,IL,40.407540,-89.642880,685
green valley,MD,39.309270,-77.297210,12262
green valley,SD,44.035540,-103.111290,928
green valley farms,TX,26.122020,-97.560540,1272
greenacres,CA,35.383290,-119.109830,5566
greenacres city,FL,26.623680,-80.125320,32963
greenback,TN,35.661190,-84.172140,1110
greenbelt,MD,39.004550,-76.875530,24272
greenbriar,FL,28.011280,-82.752720,2502
greenbriar,VA,38.873450,-77.400820,8166
greenbrier,AR,35.233970,-92.387650,5296
greenbrier,TN,36.427550,-86.804720,6745
greenburgh,NY,41.032870,-73.842910,86764
greenbush,ME,45.080340,-68.650860,1477
greenbush,MN,48.700530,-96.181680,733
greencastle,IN,39.644490,-86.864730,10401
greencastle,PA,39.790370,-77.727770,4043
greendale,IN,39.112560,-84.864120,4431
greendale,MO,38.695330,-90.313170,653
greendale,WI,42.940570,-87.995920,14333
greene,IA,42.895810,-92.802420,1120
greene,NY,42.329240,-75.769910,1502
greene,RI,41.691210,-71.745900,888
greene village,ME,44.189790,-70.140330,4238
greenevers,NC,34.822390,-77.926930,651
greeneville,TN,36.163160,-82.830990,15094
greenfield,CA,36.320800,-121.243810,17184
greenfield,IA,41.305270,-94.461350,1883
greenfield,IL,39.343660,-90.212610,1020
greenfield,IN,39.785040,-85.769420,21497
greenfield,MA,42.587590,-72.599530,19753
greenfield,MN,45.103300,-93.691350,2919
greenfield,MO,37.415320,-93.841040,1316
greenfield,NH,42.950640,-71.872300,1765
greenfield,OH,39.352010,-83.382690,4572
greenfield,TN,36.153400,-88.800620,2120
greenfield,WI,42.961400,-88.012590,37349
greenfields,PA,40.359900,-75.951990,1170
greenhills,OH,39.268110,-84.523000,3593
greenland,AR,35.994250,-94.175200,1388
greenland,NH,43.036200,-70.832830,3417
greenlawn,NY,40.868990,-73.365120,13742
greenleaf,ID,43.671270,-116.816250,882
greenleaf,WI,44.313320,-88.096210,607
greenmount west,MD,39.308740,-76.611600,1683
greenock,PA,40.312290,-79.806710,2195
greenpoint,NY,40.723710,-73.950970,34719
greenport,NY,41.103430,-72.359250,2212
greenport west,NY,41.101780,-72.371950,2124
greensboro,AL,32.704150,-87.595500,2387
greensboro,FL,30.569610,-84.745270,605
greensboro,GA,33.575680,-83.182380,3403
greensboro,MD,38.973720,-75.804930,1873
greensboro,NC,36.072640,-79.791980,285342
greensburg,IN,39.337270,-85.483580,11819
greensburg,KS,37.602800,-99.292610,798
greensburg,KY,37.260890,-85.498850,2123
greensburg,LA,30.830740,-90.671760,685
greensburg,OH,40.931720,-81.464840,3306
greensburg,PA,40.301460,-79.538930,14495
greenspring,MD,39.337060,-76.660220,2718
greentown,IN,40.478090,-85.966650,2399
greentown,OH,40.927560,-81.402610,3804
greentree,NJ,39.897060,-74.955720,11367
greenup,IL,39.247820,-88.163370,1495
greenup,KY,38.573130,-82.830170,1157
greenvale,NY,40.810660,-73.628460,1094
greenview,IL,40.083100,-89.738160,749
greenville,AL,31.829600,-86.617750,7845
greenville,CA,40.139610,-120.951070,1129
greenville,DE,39.779000,-75.598260,2326
greenville,FL,30.469370,-83.630150,803
greenville,GA,33.028740,-84.712980,862
greenville,IL,38.892270,-89.413140,6666
greenville,IN,38.372560,-85.986360,730
greenville,KY,37.201150,-87.178890,4395
greenville,ME,45.459490,-69.590610,1257
greenville,MI,43.177530,-85.252800,8444
greenville,MO,37.127270,-90.450110,490
greenville,MS,33.408980,-91.059780,32156
greenville,NC,35.612660,-77.366350,90597
greenville,NH,42.767310,-71.812300,1108
greenville,NY,40.993150,-73.819860,7116
greenville,OH,40.102830,-84.633010,13006
greenville,PA,41.404500,-80.391180,5819
greenville,RI,41.871210,-71.552010,8658
greenville,SC,34.852620,-82.394010,64579
greenville,TX,33.138450,-96.110810,26515
greenville,VA,38.003470,-79.155860,832
greenwich,CT,41.026490,-73.628460,12942
greenwich,NY,43.090630,-73.498730,1744
greenwich,OH,41.030050,-82.515730,1429
greenwood,AR,35.215650,-94.255770,9322
greenwood,DE,38.807060,-75.591320,1066
greenwood,FL,30.870190,-85.161870,657
greenwood,IN,39.613660,-86.106650,55586
greenwood,LA,32.442930,-93.972960,3191
greenwood,ME,44.318400,-70.650900,834
greenwood,MN,44.914960,-93.553290,718
greenwood,MO,38.851680,-94.343840,5569
greenwood,MS,33.516230,-90.179530,15431
greenwood,NE,40.962780,-96.441120,571
greenwood,PA,40.535900,-78.357510,2458
greenwood,SC,34.195400,-82.161790,23260
greenwood,WA,47.694280,-122.354910,12378
greenwood,WI,44.770240,-90.599310,1013
greenwood lake,NY,41.222590,-74.294320,3113
greenwood village,CO,39.617210,-104.950810,15663
greer,SC,34.938730,-82.227060,28365
greers ferry,AR,35.577020,-92.177370,871
gregory,SD,43.232220,-99.430380,1254
gregory,TX,27.922240,-97.289990,1992
greilickville,MI,44.783060,-85.638690,1530
grenada,MS,33.769000,-89.808420,12900
gresham,OR,45.498180,-122.431480,110553
gresham,WI,44.853030,-88.788160,572
gresham park,GA,33.703440,-84.314370,7432
gretna,FL,30.617140,-84.659910,1386
gretna,LA,29.914650,-90.053960,17880
gretna,NE,41.140830,-96.239740,5046
gretna,VA,36.953750,-79.358910,1248
grey forest,TX,29.615500,-98.680860,515
greybull,WY,44.489120,-108.056210,1879
gridley,CA,39.363780,-121.693580,6582
gridley,IL,40.743370,-88.881460,1439
griffin,GA,33.246780,-84.264090,23211
griffith,IN,41.528370,-87.423650,16378
grifton,NC,35.372660,-77.437460,2673
griggstown,NJ,40.437880,-74.613210,819
griggsville,IL,39.708940,-90.724570,1176
grill,PA,40.298700,-75.940490,1468
grimes,AL,31.304620,-85.447990,546
grimes,IA,41.688320,-93.791060,10676
grimsley,TN,36.267010,-84.984400,1167
grinnell,IA,41.743050,-92.722410,9141
grissom air force base,IN,40.657530,-86.147550,5537
griswold,IA,41.234990,-95.137490,984
groesbeck,OH,39.223110,-84.586890,6788
groesbeck,TX,31.524340,-96.533870,4304
groom,TX,35.203660,-101.106820,558
grosse ile,MI,42.129210,-83.144370,11361
grosse pointe,MI,42.386150,-82.911860,5232
grosse pointe farms,MI,42.409200,-82.891860,9232
grosse pointe park,MI,42.375870,-82.937420,11220
grosse pointe shores,MI,42.436700,-82.876860,2718
grosse pointe woods,MI,42.443650,-82.906860,15762
grosse tete,LA,30.411030,-91.433720,631
groton,CT,41.350100,-72.078410,9221
groton,MA,42.611200,-71.574510,1124
groton,NY,42.587850,-76.366880,2396
groton,SD,45.447460,-98.098710,1508
groton long point,CT,41.314540,-72.007850,513
grottoes,VA,38.267350,-78.825860,2758
grove,OK,36.593690,-94.769120,6751
grove city,FL,26.914230,-82.327040,1804
grove city,MN,45.150520,-94.683050,616
grove city,OH,39.881450,-83.092960,39388
grove city,PA,41.157840,-80.088670,8193
grove hall,MA,42.311210,-71.074500,5245
grove hill,AL,31.708770,-87.777220,1494
grove park,MD,39.340420,-76.702570,1776
groveland,CA,37.838260,-120.232690,601
groveland,FL,28.558050,-81.851190,11528
groveland,ID,43.219920,-112.372480,877
groveland,MA,42.760370,-71.031450,6143
groveport,OH,39.878400,-82.883790,5737
grover,NC,35.174580,-81.449810,701
grover beach,CA,35.121640,-120.621280,13600
groves,TX,29.948270,-93.917120,15750
groveton,NH,44.598670,-71.511200,1118
groveton,TX,31.054910,-95.125770,1024
groveton,VA,38.767340,-77.084700,14598
grovetown,GA,33.450420,-82.198180,13093
groveville,NJ,40.169830,-74.671550,2945
gruetli-laager,TN,35.372300,-85.618030,1776
grundy,VA,37.277890,-82.099020,978
grundy center,IA,42.361650,-92.768530,2714
gruver,TX,36.265030,-101.406270,1190
grymes hill,NY,40.618720,-74.093480,4985
guadalupe,AZ,33.370880,-111.962920,6177
guadalupe,CA,34.971640,-120.571840,7318
guerneville,CA,38.501860,-122.996110,4534
guernsey,WY,42.269690,-104.741630,1195
gueydan,LA,30.026040,-92.508470,1396
guildhall,VT,44.565060,-71.559810,256
guilford,CT,41.288990,-72.681760,22498
guilford,MD,39.334830,-76.618020,1990
guilford,ME,45.168940,-69.384490,903
guilford,PA,39.915410,-77.601050,2138
guilford center,CT,41.281560,-72.676190,2597
guilford siding,PA,39.865370,-77.612490,1939
guin,AL,33.965660,-87.914750,2322
gulf breeze,FL,30.357140,-87.163860,6323
gulf gate estates,FL,27.251730,-82.514710,10911
gulf hills,MS,30.430480,-88.842250,7144
gulf park estates,MS,30.391870,-88.761140,5719
gulf shores,AL,30.246040,-87.700820,11131
gulf stream,FL,26.493680,-80.055040,836
gulfport,FL,27.748360,-82.703430,12322
gulfport,MS,30.367420,-89.092820,71856
gulivoire park,IN,41.613380,-86.245280,3033
gumlog,GA,34.491770,-83.096540,2146
gun barrel city,TX,32.334590,-96.151360,5985
gun club estates,FL,26.675340,-80.107270,776
gunbarrel,CO,40.063350,-105.171070,9263
gunnison,CO,38.545820,-106.925320,6076
gunnison,UT,39.155240,-111.818260,3238
gunter,TX,32.868730,-95.629680,1666
guntersville,AL,34.358230,-86.294460,8385
guntown,MS,34.443160,-88.659780,2608
gurdon,AR,33.920940,-93.154060,2144
gurley,AL,33.776490,-86.637770,886
gurnee,IL,42.370300,-87.902020,31056
gustine,CA,37.257720,-120.998820,5756
guthrie,KY,36.648380,-87.166390,1437
guthrie,OK,35.878940,-97.425320,11270
guthrie,TX,33.620640,-100.322890,160
guthrie center,IA,41.677210,-94.503300,1513
guttenberg,IA,42.785820,-91.099570,1861
guttenberg,NJ,40.792050,-74.003750,11665
guy,AR,35.325360,-92.334320,718
guymon,OK,36.682800,-101.481550,11921
guyton,GA,32.336300,-81.391500,1856
gwinn,MI,46.281060,-87.440970,1917
gwinner,ND,46.225800,-97.662600,834
gwynn,VA,37.504300,-76.288550,602
gwynn oak,MD,39.332610,-76.692750,47092
gwynns falls,MD,39.277820,-76.667200,952
gypsum,CO,39.646930,-106.951710,6922
h street ne,DC,38.900150,-76.995870,21480
hacienda heights,CA,33.993070,-117.968680,54038
hackberry,LA,29.996050,-93.342100,1261
hackberry,TX,33.152340,-96.917780,1037
hackensack,NJ,40.885930,-74.043470,44834
hackett,AR,35.190370,-94.411050,818
hackettstown,NJ,40.853990,-74.829060,9579
hackleburg,AL,34.277320,-87.828640,1486
haddington,PA,39.965780,-75.237640,20073
haddon heights,NJ,39.877340,-75.064620,7514
haddonfield,NJ,39.891500,-75.037670,11414
hadley,MA,42.341760,-72.588420,4877
hadley,NY,43.317290,-73.848180,1009
hagaman,NY,42.974520,-74.150960,1299
hagan,GA,32.156030,-81.933730,967
hagerman,ID,42.812120,-114.898670,867
hagerman,NM,33.115110,-104.326910,1254
hagerstown,IN,39.911160,-85.161630,1728
hagerstown,MD,39.641760,-77.719990,40432
hahira,GA,30.991310,-83.372660,2899
hahnville,LA,29.976590,-90.408970,3344
haiku-pauwela,HI,20.921870,-156.305080,9245
hailesboro,NY,44.310060,-75.446320,624
hailey,ID,43.519630,-114.315320,8134
haileyville,OK,34.854540,-95.582200,779
haines,AK,59.235950,-135.445330,1713
haines city,FL,28.114500,-81.620090,22807
hainesville,IL,42.345020,-88.067860,3668
hale center,TX,34.064240,-101.843790,2093
haledon,NJ,40.935650,-74.186260,8451
hales corners,WI,42.937510,-88.048700,7759
halesite,NY,40.888430,-73.415400,2498
haleyville,AL,34.226490,-87.621410,4088
hale‘iwa,HI,21.592840,-158.103390,3970
half moon,NC,34.826000,-77.459410,8352
half moon bay,CA,37.463550,-122.428590,12657
halfway,MD,39.620650,-77.758880,10701
halfway house,PA,40.282040,-75.643240,2881
halifax,MA,41.991210,-70.861990,7631
halifax,NC,36.328490,-77.589420,225
halifax,PA,40.468140,-76.931920,833
halifax,VA,36.765970,-78.928340,1249
haliimaile,HI,20.871400,-156.345710,1074
hall park,OK,35.237010,-97.406420,1095
hallam,PA,40.004820,-76.604130,2665
hallandale beach,FL,25.981200,-80.148380,39488
hallettsville,TX,29.443850,-96.941090,2592
hallock,MN,48.774430,-96.946450,953
hallowell,ME,44.285900,-69.790880,2315
halls,TN,35.875630,-89.396180,2178
hallsburg,TX,31.538780,-96.956110,522
hallstead,PA,41.961190,-75.743240,1246
hallsville,MO,39.116990,-92.220740,1551
hallsville,TX,32.504320,-94.574090,4065
halsey,OR,44.384010,-123.109810,942
halstad,MN,47.351640,-96.828690,575
halstead,KS,38.001400,-97.508650,2093
haltom city,TX,32.799570,-97.269180,44206
ham lake,MN,45.250240,-93.249950,16062
hamburg,AR,33.228180,-91.797630,2791
hamburg,IA,40.604450,-95.657770,1082
hamburg,MN,44.733300,-93.967190,520
hamburg,NJ,41.153430,-74.576270,3155
hamburg,NY,42.715890,-78.829480,9576
hamburg,PA,40.555650,-75.981880,4398
hamden,CT,41.395930,-72.896770,59847
hamden,OH,39.159790,-82.526830,863
hamel,IL,38.888940,-89.845380,806
hamersville,OH,38.917850,-83.983260,533
hamilton,AL,34.142320,-87.988640,6772
hamilton,GA,32.757910,-84.874930,1158
hamilton,IL,40.396430,-91.339040,2853
hamilton,IN,41.533660,-84.912740,1544
hamilton,MO,39.743620,-93.998270,1711
hamilton,MT,46.246870,-114.160370,4602
hamilton,NY,42.827010,-75.544620,4176
hamilton,OH,39.399500,-84.561340,62407
hamilton,TX,31.703770,-98.123920,2937
hamilton,VA,39.134270,-77.662490,609
hamilton branch,CA,40.274890,-121.091350,537
hamilton city,CA,39.742660,-122.013590,1759
hamilton hills,MD,39.362770,-76.565050,9649
hamilton square,NJ,40.227330,-74.653210,12784
hamilton worcester,MA,42.256200,-71.767570,8460
hamler,OH,41.229220,-84.034110,568
hamlet,IN,41.547540,-86.582240,800
hamlet,NC,34.884880,-79.694220,6454
hamlin,NY,43.303120,-77.921120,5521
hamlin,TX,32.884830,-100.126490,2042
hamlin,WV,38.278700,-82.102920,1123
hammon,OK,35.632830,-99.381770,592
hammond,IN,41.583370,-87.500040,77614
hammond,LA,30.504630,-90.462930,20480
hammond,OR,46.200100,-123.951540,589
hammond,WI,44.978860,-92.435750,1898
hammondsport,NY,42.407850,-77.223590,644
hammonton,NJ,39.636510,-74.802390,14618
hampden,MA,42.063980,-72.413420,5261
hampden,MD,39.330940,-76.634970,7346
hampden,ME,44.744780,-68.837690,4343
hampden sydney,VA,37.242370,-78.459720,1450
hampshire,IL,42.097800,-88.530360,6130
hampstead,MD,39.604830,-76.849980,6359
hampstead,NC,34.367670,-77.710530,4083
hampstead,NH,42.874530,-71.181170,8650
hampton,AR,33.537890,-92.469880,1281
hampton,GA,33.387060,-84.282980,7372
hampton,IA,42.741920,-93.202420,4290
hampton,IL,41.555870,-90.409300,1840
hampton,MD,39.422880,-76.584690,5052
hampton,MN,44.610240,-93.002160,687
hampton,NH,42.937590,-70.838940,9656
hampton,NJ,40.707040,-74.956000,1361
hampton,NY,43.524790,-73.251780,938
hampton,PA,39.929540,-77.058310,632
hampton,SC,32.877940,-81.127610,2664
hampton,VA,37.029870,-76.345220,137148
hampton bays,NY,40.868990,-72.517590,13603
hampton beach,NH,42.907310,-70.812000,2275
hampton falls,NH,42.916200,-70.863660,2002
hampton manor,NY,42.620910,-73.728450,2417
hamtramck,MI,42.392820,-83.049640,22002
hana,HI,20.758060,-155.990280,1235
hanahan,SC,32.918510,-80.022030,17997
hanamā‘ulu,HI,21.994000,-159.355000,3835
hanapēpē,HI,21.907330,-159.594400,2638
hanapēpē heights,HI,21.916330,-159.589950,2692
hanceville,AL,34.060650,-86.767500,3281
hancock,MA,42.543140,-73.323720,734
hancock,MD,39.698980,-78.179730,1550
hancock,ME,44.529240,-68.253630,2232
hancock,MI,47.126870,-88.580960,4555
hancock,MN,45.497460,-95.796710,755
hancock,NY,41.953980,-75.280450,976
hanford,CA,36.327450,-119.645680,55659
hankinson,ND,46.069680,-96.901750,908
hanley hills,MO,38.685880,-90.323730,2126
hanlon-longwood,MD,39.318210,-76.669460,2240
hanna,WY,41.869960,-106.561970,814
hanna city,IL,40.691700,-89.795110,1232
hannahs mill,GA,32.932910,-84.349360,3298
hannawa falls,NY,44.612280,-74.971030,1042
hannibal,MO,39.708380,-91.358480,17839
hannibal,NY,43.321180,-76.578830,534
hanover,IL,42.256410,-90.279570,814
hanover,IN,38.714230,-85.473570,3543
hanover,KS,39.893890,-96.879470,668
hanover,MA,42.113160,-70.811990,16906
hanover,MD,39.192890,-76.724140,38088
hanover,MN,45.155800,-93.666350,3289
hanover,NH,43.702290,-72.289540,8636
hanover,NJ,40.804540,-74.366820,12898
hanover,OH,40.079790,-82.260980,1131
hanover,PA,39.800660,-76.983040,15496
hanover,VA,37.766530,-77.370260,252
hanover park,IL,41.999470,-88.145070,38333
hansen,ID,42.530680,-114.301010,1249
hanson,KY,37.417270,-87.480830,736
hanson,MA,42.075100,-70.880040,10209
hansville,WA,47.918700,-122.554310,3091
hapeville,GA,33.660110,-84.410200,6650
happy,TX,34.743670,-101.854630,656
happy camp,CA,41.792750,-123.380800,1190
happy valley,AK,59.947220,-151.732220,593
happy valley,OR,45.446790,-122.530370,18493
harahan,LA,29.940480,-90.203130,9350
harbison canyon,CA,32.820330,-116.830020,3841
harbor,OR,42.053170,-124.267590,2391
harbor beach,MI,43.844740,-82.651320,1634
harbor bluffs,FL,27.909470,-82.827600,2860
harbor hills,NY,40.790930,-73.746520,575
harbor hills,OH,39.936730,-82.435150,1509
harbor isle,NY,40.603440,-73.664570,1301
harbor springs,MI,45.431680,-84.992000,1201
harbour heights,FL,26.990890,-82.002310,2987
hardeeville,SC,32.287140,-81.080670,5301
hardin,IL,39.156710,-90.617900,934
hardin,KY,36.764780,-88.295310,599
hardin,MO,39.270850,-93.834390,542
hardin,MT,45.732480,-107.612030,3800
hardin,TX,30.152430,-94.739090,866
hardinsburg,KY,37.780060,-86.460530,2333
hardwick,GA,33.068200,-83.223490,3930
hardwick,MA,42.350090,-72.199520,2668
hardwick,NJ,41.054540,-74.932120,1464
hardwick,VT,44.504780,-72.368160,1345
hardy,AR,36.315900,-91.482640,759
hargill,TX,26.442570,-98.013890,877
harker heights,TX,31.083510,-97.659740,29142
harkers island,NC,34.695160,-76.559370,1207
harlan,IA,41.653040,-95.325550,5002
harlan,IN,41.196160,-84.919690,1634
harlan,KY,36.843140,-83.321850,1639
harleigh,PA,40.980640,-75.971310,1104
harlem,FL,26.737570,-80.950900,2658
harlem,GA,33.414580,-82.312620,2967
harlem,MT,48.533330,-108.784050,822
harlem,NY,40.807880,-73.945420,116345
harlem heights,FL,26.516190,-81.927870,1975
harlem park,MD,39.295970,-76.640100,2582
harleysville,PA,40.279550,-75.387120,9286
harleyville,SC,33.214610,-80.447870,694
harlingen,TX,26.190630,-97.696100,65774
harlowton,MT,46.435510,-109.834350,979
harmony,IN,39.536710,-87.105850,656
harmony,ME,44.973950,-69.546160,992
harmony,MN,43.555240,-92.010160,994
harmony,NC,35.955690,-80.771730,563
harmony,PA,40.801450,-80.127280,865
harmony,RI,41.887880,-71.596730,985
harold,FL,30.659080,-86.880240,823
harper,KS,37.286690,-98.025890,1397
harper,TX,30.299920,-99.244210,1192
harper woods,MI,42.433090,-82.924080,13836
harpersville,AL,33.344000,-86.438040,1681
harpswell center,ME,43.801750,-69.984210,5281
harrah,OK,35.489510,-97.163640,5891
harrah,WA,46.404290,-120.544230,628
harriman,NY,41.308430,-74.144590,2476
harriman,TN,35.933960,-84.552440,6224
harrington,DE,38.923720,-75.577700,3691
harrington,ME,44.619240,-67.810280,917
harrington park,NJ,40.983710,-73.979860,4823
harris,MN,45.586350,-92.974660,1125
harris hill,NY,42.964780,-78.677530,5508
harrisburg,AR,35.564250,-90.716780,2302
harrisburg,IL,37.738380,-88.540610,8891
harrisburg,NC,35.323950,-80.657840,14539
harrisburg,NE,41.556360,-103.738560,100
harrisburg,OR,44.274010,-123.170650,3704
harrisburg,PA,40.273700,-76.884420,50183
harrisburg,SD,43.431370,-96.697270,5498
harrison,AR,36.229790,-93.107680,13138
harrison,IL,37.796720,-89.337030,970
harrison,ME,44.110350,-70.679230,2407
harrison,MI,44.019190,-84.799470,2107
harrison,NE,42.687190,-103.882710,238
harrison,NJ,40.746490,-74.156260,15474
harrison,NY,40.968990,-73.712630,28348
harrison,OH,39.262000,-84.819950,9897
harrison,TN,35.113680,-85.138010,7769
harrison,WI,44.227760,-88.335910,7302
harrisonburg,LA,31.772110,-91.821520,337
harrisonburg,VA,38.449570,-78.868920,52538
harrisonville,MO,38.653340,-94.348840,9986
harriston,VA,38.217350,-78.832250,909
harristown,IL,39.853930,-89.083970,1332
harrisville,MI,44.656400,-83.294690,470
harrisville,NH,42.945080,-72.096470,1145
harrisville,NY,44.152010,-75.321030,622
harrisville,PA,41.136730,-80.009220,880
harrisville,RI,41.965650,-71.674510,1605
harrisville,UT,41.281330,-111.988280,6221
harrisville,WV,39.209520,-81.051780,1775
harrodsburg,IN,39.013380,-86.545000,691
harrodsburg,KY,37.762300,-84.843290,8394
harrogate,TN,36.582300,-83.656860,4388
hart,MI,43.698340,-86.363970,2098
hart,TX,34.385070,-102.115740,1044
hartford,AL,31.102400,-85.696880,2647
hartford,AR,35.022880,-94.381330,643
hartford,CT,41.763710,-72.685090,121054
hartford,IA,41.459440,-93.404930,762
hartford,IL,38.833380,-90.095940,1382
hartford,KY,37.451160,-86.909160,2750
hartford,ME,44.372840,-70.346730,1001
hartford,MI,42.206710,-86.166690,2617
hartford,NY,43.363680,-73.393720,2240
hartford,SD,43.623030,-96.942550,3025
hartford,VT,43.660630,-72.338420,9779
hartford,WI,43.317780,-88.378990,14355
hartford city,IN,40.451150,-85.369970,5992
hartford city,WV,39.003970,-81.989030,598
hartington,NE,42.622500,-97.264500,1506
hartland,ME,44.883390,-69.447550,813
hartland,WI,43.105010,-88.342040,9219
hartley,CA,38.417130,-121.946910,2510
hartley,IA,43.179970,-95.476950,1616
hartley,TX,35.885590,-102.396860,540
hartman,AR,35.432580,-93.615470,530
hartrandt,WY,42.887470,-106.347530,693
hartranft,PA,39.984830,-75.147120,19748
harts,WV,38.031210,-82.129300,656
hartsdale,NY,41.018990,-73.798190,5293
hartselle,AL,34.443430,-86.935280,14493
hartshorne,OK,34.845100,-95.557480,2017
hartsville,SC,34.374040,-80.073400,7826
hartsville,TN,36.390880,-86.167210,2435
hartville,MO,37.250880,-92.510440,596
hartville,OH,40.963670,-81.331220,2968
hartwell,GA,34.352880,-82.932090,4514
hartwick,NY,42.659800,-75.048770,629
harvard,IL,42.422240,-88.613710,9194
harvard,MA,42.500090,-71.582840,6085
harvard,NE,40.618900,-98.097270,982
harvest,AL,34.855640,-86.750830,5281
harvey,IL,41.610030,-87.646710,25194
harvey,LA,29.903540,-90.077290,20348
harvey,MI,46.494660,-87.354310,1393
harvey,ND,47.769720,-99.935400,1779
harveys lake,PA,41.383410,-76.024650,2791
harveysburg,OH,39.503670,-84.010490,551
harwich,MA,41.686220,-70.075850,13059
harwich center,MA,41.692350,-70.069380,1798
harwich port,MA,41.666780,-70.078630,1644
harwick,PA,40.556730,-79.805050,899
harwood,MD,39.320780,-76.611250,1639
harwood,ND,46.979410,-96.880640,788
harwood heights,IL,41.967250,-87.807560,8635
hasbrouck heights,NJ,40.858160,-74.080700,12227
haskell,AR,34.501480,-92.636550,4480
haskell,NJ,41.028430,-74.295980,4942
haskell,OK,35.820380,-95.674150,1979
haskell,TX,33.157600,-99.733700,3226
haskins,OH,41.464770,-83.706050,1232
haslet,TX,32.974850,-97.347800,1786
haslett,MI,42.746980,-84.401080,19220
hasson heights,PA,41.448950,-79.677000,1351
hastings,FL,29.718020,-81.508130,632
hastings,MI,42.645870,-85.290840,7284
hastings,MN,44.743300,-92.852430,22554
hastings,NE,40.586120,-98.388390,24924
hastings,PA,40.665070,-78.712250,1224
hastings-on-hudson,NY,40.994540,-73.878750,8014
hatboro,PA,40.174280,-75.106840,7411
hatch,NM,32.665360,-107.153070,1600
hatfield,IN,37.902550,-87.224170,813
hatfield,MA,42.370920,-72.598140,1318
hatfield,PA,40.279830,-75.299340,3306
hatley,WI,44.887470,-89.338730,605
hatteras,NC,35.219340,-75.690160,504
hattiesburg,MS,31.327120,-89.290340,46805
hatton,ND,47.639710,-97.453420,765
haubstadt,IN,38.205040,-87.574190,1660
haughton,LA,32.532650,-93.504060,3334
hauppauge,NY,40.825650,-73.202610,20882
hauser,ID,47.772960,-117.027980,689
hauʻula-punaluʻu,HI,21.598000,-157.897090,3363
hau‘ula,HI,21.607600,-157.908680,4148
havana,FL,30.623810,-84.414630,1688
havana,IL,40.300040,-90.060950,3076
havelock,NC,34.879050,-76.901330,20364
haven,KS,37.898900,-97.782830,1225
haverhill,FL,26.691180,-80.120040,2025
haverhill,MA,42.776200,-71.077280,62765
haverhill,NH,44.034510,-72.063980,4532
haverstraw,NY,41.197590,-73.964580,12187
havertown,PA,39.980950,-75.308520,50430
haviland,KS,37.619460,-99.106500,695
haviland,NY,41.766760,-73.901520,3634
havre,MT,48.550000,-109.684090,9834
havre de grace,MD,39.549280,-76.091620,13504
havre north,MT,48.563040,-109.670980,716
haw river,NC,36.091530,-79.364190,2402
hawaiian acres,HI,19.538060,-155.052220,2700
hawaiian beaches,HI,19.543060,-154.915830,4280
hawaiian gardens,CA,33.831400,-118.072840,14592
hawaiian ocean view,HI,19.068610,-155.765000,4437
hawaiian paradise park,HI,19.593330,-154.973060,11404
hawai‘i kai,HI,21.296370,-157.701750,30620
hawarden,IA,42.995820,-96.485310,2551
hawesville,KY,37.900060,-86.754990,1002
hawk point,MO,38.970880,-91.131260,682
hawk run,PA,40.923950,-78.206120,534
hawkins,TX,32.588470,-95.204110,1291
hawkinsville,GA,32.283770,-83.472120,5471
hawley,MN,46.880790,-96.316730,2179
hawley,PA,41.475920,-75.182120,1152
hawley,TX,32.612060,-99.814260,614
haworth,NJ,40.960930,-73.990140,3470
hawthorn woods,IL,42.216970,-88.049520,7961
hawthorne,CA,33.916400,-118.352570,88451
hawthorne,FL,29.591910,-82.087320,1492
hawthorne,NJ,40.949260,-74.153750,19074
hawthorne,NV,38.524640,-118.624580,3269
hawthorne,NY,41.107320,-73.795970,4586
hawthorne,PA,39.935950,-75.167120,2377
haxtun,CO,40.641100,-102.626860,930
hay springs,NE,42.683860,-102.689900,547
hayden,AL,33.892600,-86.757770,1341
hayden,AZ,33.004790,-110.785380,650
hayden,CO,40.495290,-107.257290,1839
hayden,ID,47.766020,-116.786580,14133
hayden,IN,38.983110,-85.740530,521
hayden lake,ID,47.758790,-116.756860,599
hayes,LA,30.108820,-92.920150,780
hayes center,NE,40.510840,-101.019600,207
hayesville,NC,35.046200,-83.817950,364
hayesville,OR,44.985950,-122.982870,19936
hayfield,MN,43.890520,-92.847690,1320
hayfield,VA,38.751780,-77.135810,3909
hayfork,CA,40.554310,-123.183080,2368
haymarket,VA,38.812060,-77.636380,1980
haynesville,LA,32.962080,-93.140160,2174
hayneville,AL,32.184030,-86.580250,862
hays,KS,38.879180,-99.326770,21092
hays,MT,47.989160,-108.694320,843
hays,NC,36.249850,-81.115640,1851
haysville,KS,37.564460,-97.352270,11212
hayti,MO,36.233680,-89.749530,2787
hayti,SD,44.657190,-97.205070,381
hayti heights,MO,36.233960,-89.769530,590
hayward,CA,37.668820,-122.080800,158289
hayward,WI,46.013010,-91.484620,2296
hazard,KY,37.249540,-83.193230,5341
hazardville,CT,41.987320,-72.544810,4599
hazel crest,IL,41.571700,-87.694490,14118
hazel dell,WA,45.671510,-122.662880,19435
hazel green,AL,34.932310,-86.571940,3630
hazel green,WI,42.532780,-90.434570,1247
hazel park,MI,42.462540,-83.104090,16597
hazelton,ID,42.596300,-114.136140,741
hazelwood,MO,38.771440,-90.370950,25661
hazelwood,NC,35.468710,-83.004030,1655
hazen,AR,34.780930,-91.580970,1404
hazen,ND,47.294450,-101.622660,2488
hazlehurst,GA,31.869630,-82.594300,4196
hazlehurst,MS,31.860440,-90.395930,3924
hazleton,IA,42.620820,-91.900170,818
hazleton,PA,40.958420,-75.974650,24825
haʻikū,HI,20.915470,-156.321850,8694
head of the harbor,NY,40.903430,-73.157890,1477
head of westport,MA,41.620940,-71.061990,14809
headland,AL,31.351280,-85.342160,4736
healdsburg,CA,38.610470,-122.869160,11742
healdton,OK,34.233150,-97.487800,2776
healy,AK,63.856940,-148.966110,1021
hearne,TX,30.878520,-96.593030,4456
heart butte,MT,48.283300,-112.836730,582
heath,MA,42.673420,-72.821760,819
heath,OH,40.022840,-82.444600,10489
heath,TX,32.836510,-96.474990,8211
heath springs,SC,34.593210,-80.675350,900
heathcote,NJ,40.388720,-74.575710,5821
heathrow,FL,28.763330,-81.372250,5896
heathsville,VA,37.917630,-76.472170,142
heavener,OK,34.889270,-94.600780,3340
hebbronville,TX,27.306880,-98.680320,4558
heber,CA,32.730890,-115.529720,4275
heber city,UT,40.506900,-111.413240,9198
heber springs,AR,35.491470,-92.031260,7156
heber-overgaard,AZ,34.414140,-110.569560,2822
hebron,CT,41.657880,-72.365920,9298
hebron,IL,42.471690,-88.432320,1202
hebron,IN,41.318650,-87.200310,3704
hebron,KY,39.065890,-84.701060,5929
hebron,MD,38.420120,-75.687710,1092
hebron,ME,44.198130,-70.406450,1095
hebron,ND,46.900560,-102.045440,691
hebron,NE,40.166390,-97.585880,1543
hebron,OH,39.961730,-82.491270,2409
hebron,PA,40.338980,-76.399400,1305
hebron estates,KY,38.049510,-85.666070,1145
hector,MN,44.743850,-94.715550,1076
hedrick,IA,41.172510,-92.308790,744
hedwig village,TX,29.777450,-95.517160,2557
heflin,AL,33.648990,-85.587460,3499
hegins,PA,40.651480,-76.497740,812
heidelberg,MS,31.886820,-88.983940,684
heidelberg,PA,40.392290,-80.090890,1231
heidelberg,TX,26.197020,-97.880280,1725
heidlersburg,PA,39.949260,-77.146090,707
heilwood,PA,40.620900,-78.915030,711
helemano,HI,21.536020,-158.018940,2549
helen,GA,34.701480,-83.731570,532
helena,AL,33.296220,-86.843600,18264
helena,AR,34.529550,-90.591770,5548
helena,GA,32.073790,-82.914590,2883
helena,MS,30.494640,-88.495850,1184
helena,MT,46.592710,-112.036110,32091
helena,OK,36.546140,-98.270070,1426
helena valley northeast,MT,46.698820,-111.952070,2995
helena valley northwest,MT,46.728940,-112.062750,3482
helena valley southeast,MT,46.615270,-111.921560,8227
helena valley west central,MT,46.662910,-112.060440,7883
helena west side,MT,46.596720,-112.113040,1637
helena-west helena,AR,34.529100,-90.590000,11109
helenwood,TN,36.429800,-84.544110,865
hell's kitchen,NY,40.764960,-73.990900,45884
hellertown,PA,40.579540,-75.340730,5824
helmetta,NJ,40.376770,-74.424600,2231
helotes,TX,29.578010,-98.689750,8591
helper,UT,39.684130,-110.854610,2112
hemby bridge,NC,35.103710,-80.627980,1676
hemet,CA,33.747610,-116.973070,83861
hemingford,NE,42.321630,-103.072980,801
hemlock,MI,43.414750,-84.230540,1466
hemlock,NY,42.794230,-77.606380,557
hemlock farms,PA,41.326760,-75.036560,3271
hemphill,TX,31.340740,-93.846850,1218
hempstead,NY,40.706210,-73.618740,55547
hempstead,TX,30.097440,-96.078290,7110
henagar,AL,34.635080,-85.767190,2346
henderson,GA,32.008130,-81.258870,1647
henderson,KY,37.836150,-87.590010,28890
henderson,LA,30.313250,-91.790390,1740
henderson,MN,44.528300,-93.907740,874
henderson,NC,36.329590,-78.399160,15271
henderson,NE,40.779730,-97.812270,997
henderson,NV,36.039700,-114.981940,285667
henderson,TN,35.439240,-88.641440,6552
henderson,TX,32.153220,-94.799380,13529
hendersonville,NC,35.318730,-82.460950,13814
hendersonville,TN,36.304770,-86.620000,56018
hendricks,MN,44.507190,-96.424210,691
hendron,KY,37.039500,-88.629220,4687
henefer,UT,41.016610,-111.498260,862
hennepin,IL,41.254200,-89.342310,698
hennessey,OK,36.109200,-97.898670,2199
henniker,NH,43.179800,-71.822300,1747
henning,MN,46.321630,-95.445320,798
henning,TN,35.672860,-89.573410,916
henrietta,NY,43.059230,-77.612220,42581
henrietta,TX,33.817320,-98.195320,3014
henry,IL,41.111420,-89.356480,2327
henry fork,VA,36.966250,-79.870310,1234
henryetta,OK,35.439830,-95.981940,5765
henryville,IN,38.541730,-85.767740,1905
hephzibah,GA,33.314030,-82.096790,3936
heppner,OR,45.353180,-119.557800,1287
hepzibah,WV,39.332590,-80.335370,566
herald,CA,38.295750,-121.244390,1184
herald harbor,MD,39.053720,-76.569130,2603
herculaneum,MO,38.268390,-90.380120,3935
hercules,CA,38.017140,-122.288580,25314
hereford,PA,40.449260,-75.552130,930
hereford,TX,34.815210,-102.399320,15021
herington,KS,38.671120,-96.942510,2396
heritage creek,KY,38.123680,-85.719680,1076
heritage crossing,MD,39.296260,-76.628430,918
heritage hills,CO,39.543320,-104.878870,716
heritage hills,NY,41.339540,-73.697350,3975
heritage lake,IL,40.547450,-89.325810,1520
heritage lake,IN,39.727790,-86.710220,2880
heritage pines,FL,28.425220,-82.621110,2136
heritage village,CT,41.485650,-73.237890,3736
herkimer,NY,43.025630,-74.985990,7519
hermann,MO,38.704210,-91.437380,2376
hermantown,MN,46.806890,-92.238250,9706
hermanville,MS,31.959320,-90.840100,692
herminie,PA,40.263400,-79.717540,789
hermiston,OR,45.840410,-119.289460,17201
hermitage,AR,33.446500,-92.174030,804
hermitage,MO,37.941420,-93.316310,458
hermitage,PA,41.233390,-80.448680,16028
hermitage,TN,36.196170,-86.622500,37814
hermon,ME,44.810070,-68.913370,4909
hermosa beach,CA,33.862240,-118.399520,19860
hernandez,NM,36.062800,-106.119470,946
hernando,FL,28.899980,-82.374540,9054
hernando,MS,34.823990,-89.993700,15503
hernando beach,FL,28.469440,-82.659270,2299
herndon,VA,38.969550,-77.386100,24568
heron lake,MN,43.794960,-95.320280,676
herricks,NY,40.755380,-73.666800,4295
herriman,UT,40.514110,-112.032990,30835
herrin,IL,37.803110,-89.027570,12910
herscher,IL,41.049200,-88.097830,1554
hershey,NE,41.158610,-101.002650,666
hershey,PA,40.285920,-76.650250,14257
hertford,NC,36.190160,-76.466050,2148
hesperia,CA,34.426390,-117.300880,93295
hesperia,MI,43.568900,-86.039510,938
hessmer,LA,31.059630,-92.121240,780
hesston,KS,38.138340,-97.431430,3813
hettinger,ND,46.001390,-102.636820,1257
heuvelton,NY,44.618120,-75.407160,729
hewitt,TX,31.462390,-97.195840,14252
hewitt,WI,44.644960,-90.100130,815
hewlett,NY,40.643160,-73.695690,6819
hewlett harbor,NY,40.636210,-73.681520,1274
heyburn,ID,42.558520,-113.763900,3223
heyworth,IL,40.313370,-88.973690,2890
he‘eia,HI,21.430540,-157.816110,4963
hi-nella,NJ,39.835670,-75.024340,860
hialeah,FL,25.857600,-80.278110,237069
hialeah gardens,FL,25.865100,-80.324500,23926
hiawassee,GA,34.949260,-83.757390,906
hiawatha,IA,42.035830,-91.682120,7199
hiawatha,KS,39.852500,-95.535820,3095
hibbing,MN,47.427150,-92.937690,16204
hickam field,HI,21.339670,-157.960180,6920
hickman,CA,37.623540,-120.753820,641
hickman,KY,36.571170,-89.186180,2202
hickman,NE,40.620000,-96.629180,2079
hickory,MS,32.317640,-89.025610,532
hickory,NC,35.733190,-81.341200,40374
hickory,PA,40.298960,-80.308670,740
hickory creek,TX,33.122340,-97.043060,4139
hickory flat,MS,34.615930,-89.188400,557
hickory hills,IL,41.725590,-87.825060,14122
hickory hills,MS,30.456870,-88.639190,3107
hickory hills,PA,41.037580,-75.820470,562
hickory withe,TN,35.243980,-89.588690,2973
hicksville,NY,40.768430,-73.525130,41547
hicksville,OH,41.293110,-84.761900,3457
hico,TX,31.982930,-98.033650,1326
hidalgo,TX,26.100350,-98.263070,13709
hidden hills,CA,34.160280,-118.652310,1924
hidden meadows,CA,33.225310,-117.112530,3485
hidden spring,ID,43.722160,-116.250930,2280
hidden trails,CA,33.139500,-117.022950,750
hidden valley,IN,39.162280,-84.843010,5387
hidden valley lake,CA,38.807960,-122.558320,5579
hiddenite,NC,35.903740,-81.090640,536
hide-a-way hills,OH,39.654790,-82.477100,794
hide-a-way lake,MS,30.564920,-89.640200,1859
hideaway,TX,32.490420,-95.457460,3090
hideout,UT,40.638040,-111.410760,718
higbee,MO,39.304760,-92.512680,554
higganum,CT,41.497040,-72.557030,1698
higginson,AR,35.194810,-91.712640,653
higginsville,MO,39.072510,-93.717160,4662
high bridge,NJ,40.667050,-74.895720,3556
high falls,NY,41.826760,-74.126250,627
high point,FL,28.546870,-82.524680,3686
high point,NC,35.955690,-80.005320,110268
high ridge,MO,38.458940,-90.536510,4305
high rolls,NM,32.950920,-105.835540,834
high shoals,NC,35.402640,-81.202300,722
high springs,FL,29.826910,-82.596780,5831
highfield-cascade,MD,39.716160,-77.482820,1112
highfill,AR,36.261470,-94.357710,632
highgrove,CA,34.015850,-117.333380,3988
highland,AR,36.275900,-91.524030,1054
highland,CA,34.128340,-117.208650,54854
highland,IL,38.739490,-89.671200,9848
highland,IN,41.553650,-87.451980,22936
highland,KS,39.859720,-95.269700,1010
highland,MA,42.285380,-71.156720,5016
highland,MD,39.179000,-76.957480,1034
highland,NY,41.720930,-73.960140,5647
highland,UT,40.425480,-111.794470,17989
highland,WA,46.131520,-119.114180,3197
highland,WI,43.046660,-90.379850,843
highland acres,DE,39.120950,-75.521870,3459
highland beach,FL,26.399520,-80.065600,3729
highland city,FL,27.965300,-81.877860,10834
highland falls,NY,41.369260,-73.966250,3841
highland heights,KY,39.033120,-84.451890,7183
highland heights,OH,41.552000,-81.478450,8396
highland hills,OH,41.448390,-81.519010,961
highland holiday,OH,39.197550,-83.469460,550
highland lake,NJ,41.176760,-74.456550,4933
highland lakes,AL,33.398380,-86.651300,3926
highland meadows,NM,34.941290,-107.166520,624
highland mills,NY,41.347040,-74.126260,3957
highland park,IL,42.181690,-87.800340,29743
highland park,MI,42.405590,-83.096870,10949
highland park,NJ,40.495940,-74.424320,14347
highland park,PA,40.620910,-77.568050,1380
highland park,TX,32.833460,-96.791950,9189
highland springs,VA,37.545980,-77.327760,15711
highland village,TX,33.091790,-97.046680,16149
highlands,NC,35.052870,-83.198600,937
highlands,NJ,40.403720,-73.991530,4867
highlands,TX,29.818840,-95.056040,7522
highlands ranch,CO,39.553880,-104.969430,96713
highlands-baywood park,CA,37.522720,-122.345060,4027
highlandtown,MD,39.286500,-76.568850,2915
highlandville,MO,36.932830,-93.280460,958
highmore,SD,44.521370,-99.441500,779
highpoint,OH,39.288390,-84.350220,1503
highspire,PA,40.210920,-76.791080,2378
hightstown,NJ,40.269550,-74.523210,5517
hightsville,NC,34.269610,-77.931650,739
highview,KY,38.142850,-85.624130,15167
highwood,IL,42.199750,-87.809230,5352
hiland park,FL,30.201030,-85.626870,1105
hilbert,WI,44.140270,-88.163990,1106
hildale,UT,37.003600,-112.966880,2927
hildebran,NC,35.714020,-81.422030,2000
hill,NH,43.524240,-71.700910,1057
hill 'n dale,FL,28.519720,-82.299260,1934
hill air force base,UT,41.111180,-111.977120,3462
hill city,KS,39.364730,-99.842060,1467
hill city,MN,46.993280,-93.598560,600
hill city,SD,43.932490,-103.575190,995
hill country village,TX,29.582450,-98.490850,1067
hillandale,MD,39.026500,-76.974140,6043
hillburn,NY,41.123980,-74.169310,982
hillcrest,DC,38.862060,-76.958030,10205
hillcrest,IL,41.951140,-89.064540,1280
hillcrest,NY,41.127870,-74.040970,7558
hillcrest,TX,29.392740,-95.259380,730
hillcrest heights,MD,38.832890,-76.959420,16469
hilldale,PA,41.289250,-75.836310,1246
hillen,MD,39.341870,-76.590190,2114
hiller,PA,40.010350,-79.900880,1155
hilliard,FL,30.691070,-81.917330,3154
hilliard,OH,40.033400,-83.158250,33649
hillman,MI,45.059180,-83.901110,669
hills,IA,41.554190,-91.534890,822
hills,MN,43.528030,-96.358650,673
hillsboro,AL,34.639260,-87.191680,519
hillsboro,IL,39.161280,-89.495400,5726
hillsboro,IN,40.108930,-87.185560,538
hillsboro,KS,38.351960,-97.204470,2869
hillsboro,MO,38.232280,-90.562900,3076
hillsboro,MS,32.459310,-89.511460,1130
hillsboro,ND,47.403870,-97.062030,1580
hillsboro,OH,39.202290,-83.611590,6557
hillsboro,OR,45.522890,-122.989830,102347
hillsboro,TX,32.010990,-97.130010,8321
hillsboro,WI,43.652200,-90.344020,1420
hillsboro beach,FL,26.293970,-80.078930,2004
hillsborough,CA,37.574100,-122.379420,11451
hillsborough,NC,36.075420,-79.099730,6415
hillsborough,NE,41.300370,-96.128760,7290
hillsborough,NH,43.114100,-71.899200,1976
hillsborough,NJ,40.477600,-74.626820,38303
hillsdale,IL,41.613640,-90.172900,510
hillsdale,MI,41.920050,-84.630510,8163
hillsdale,MO,38.683380,-90.284000,1513
hillsdale,NC,36.005140,-80.439500,984
hillsdale,NJ,41.002600,-74.040420,10559
hillside,IL,41.877810,-87.902840,8155
hillside,NJ,40.701210,-74.230150,22155
hillside,NY,40.707880,-73.786800,24808
hillside lake,NY,41.614820,-73.798190,1084
hillsmere shores,MD,38.940110,-76.494960,2872
hillsville,VA,36.762630,-80.734790,2677
hilltop,MN,45.053300,-93.247450,744
hilltop,OH,41.163670,-80.737300,532
hilltop,WV,37.942890,-81.150940,624
hilltop lakes,TX,31.079350,-96.203850,1101
hillview,KY,38.069790,-85.685510,8080
hilmar-irwin,CA,37.404540,-120.850420,5197
hilo,HI,19.729910,-155.090730,43263
hilshire village,TX,29.790780,-95.489110,811
hilton,NY,43.288120,-77.793340,5921
hilton head,SC,32.216320,-80.752610,37099
hilton head island,SC,32.193820,-80.738160,40512
hinckley,IL,41.768920,-88.640910,2058
hinckley,MN,46.011340,-92.944370,1806
hinckley,UT,39.324960,-112.671060,695
hindman,KY,37.335930,-82.980440,741
hines,OR,43.564040,-119.081050,1525
hinesburg,VT,44.329220,-73.110680,4441
hinesville,GA,31.846880,-81.595950,33398
hingham,MA,42.241770,-70.889770,5650
hingham,WI,43.638890,-87.914260,886
hinsdale,IL,41.800860,-87.937010,17628
hinsdale,MA,42.438700,-73.125380,1905
hinsdale,NH,42.786190,-72.486480,1548
hinton,IA,42.627770,-96.291690,938
hinton,OK,35.471440,-98.355620,3244
hinton,WV,37.674010,-80.889250,2528
hiram,GA,33.875660,-84.762160,3792
hiram,ME,43.878680,-70.803400,1479
hiram,OH,41.312560,-81.143710,1263
hissop,AL,32.892350,-86.153300,658
hitchcock,TX,29.348290,-95.016040,7621
ho-ho-kus,NJ,40.996490,-74.101250,4165
hoagland,IN,40.947830,-84.991630,821
hoback,WY,43.281870,-110.783810,1176
hobart,IN,41.532260,-87.255040,28404
hobart,OK,35.029500,-99.093130,3621
hobart,WA,47.421770,-121.972890,6221
hobart,WI,44.499250,-88.149860,8283
hobbs,NM,32.702610,-103.136040,38416
hobe sound,FL,27.059500,-80.136430,11521
hoboken,GA,31.181060,-82.134840,531
hoboken,NJ,40.743990,-74.032360,53635
hobson city,AL,33.621490,-85.844130,768
hockessin,DE,39.787610,-75.696600,13527
hockinson,WA,45.737890,-122.487040,4771
hodgdon,ME,46.053940,-67.866680,1289
hodgenville,KY,37.573950,-85.739960,3256
hodgkins,IL,41.768920,-87.857830,1868
hoes heights,MD,39.340470,-76.637070,930
hoffman,MN,45.829400,-95.791990,672
hoffman,NC,35.032380,-79.547540,572
hoffman estates,IL,42.042810,-88.079800,52138
hogansville,GA,33.173180,-84.914940,3110
hohenwald,TN,35.547850,-87.551960,3667
hoisington,KS,38.518070,-98.778140,2623
hokah,MN,43.759410,-91.346530,560
hokendauqua,PA,40.662040,-75.491020,3378
hokes bluff,AL,33.998150,-85.866360,4301
holbrook,AZ,34.902250,-110.158180,5019
holbrook,MA,42.155100,-71.008660,10791
holbrook,NY,40.812320,-73.078440,27195
holcomb,KS,37.986140,-100.989330,2163
holcomb,MO,36.399230,-90.023700,607
holcomb,MS,33.761230,-89.975920,600
holcomb,NY,42.902290,-77.419710,1361
holden,MA,42.351760,-71.863410,17016
holden,ME,44.752850,-68.678920,2939
holden,MO,38.714180,-93.991330,2263
holden,WV,37.824270,-82.059570,876
holden beach,NC,33.913510,-78.303890,631
holden heights,FL,28.496670,-81.387850,3679
holdenville,OK,35.080360,-96.399180,5750
holderness,NH,43.732020,-71.588410,2056
holdingford,MN,45.731080,-94.470000,713
holdrege,NE,40.440290,-99.369820,5561
holgate,OH,41.248940,-84.133000,1096
holiday,FL,28.187790,-82.739550,22403
holiday beach,TX,28.168900,-97.010270,514
holiday city south,NJ,39.953240,-74.237780,3689
holiday city-berkeley,NJ,39.963800,-74.278030,12831
holiday heights,NJ,39.945950,-74.254030,2099
holiday hills,IL,42.290020,-88.224810,592
holiday island,AR,36.485350,-93.732140,2373
holiday lakes,TX,29.209690,-95.516890,1166
holiday shores,IL,38.921990,-89.940660,2882
holiday valley,OH,39.856170,-83.968540,1510
holladay,UT,40.668840,-111.824660,30864
holland,AR,35.171470,-92.273760,546
holland,IN,38.245610,-87.036110,618
holland,MA,42.063980,-72.157300,1464
holland,MI,42.787520,-86.108930,33742
holland,NY,42.641170,-78.541690,1206
holland,OH,41.621720,-83.711600,1699
holland,TX,30.878240,-97.401670,1129
holland,VT,44.968620,-72.003020,610
hollandale,MS,33.169010,-90.853990,2545
holley,FL,30.446860,-86.906910,1630
holley,NY,43.226450,-78.026680,1735
holliday,TX,33.816210,-98.695060,1706
hollidaysburg,PA,40.427290,-78.388900,5784
hollins,AL,33.117620,-86.144420,545
hollins,VA,37.341250,-79.943100,14673
hollins market,MD,39.287330,-76.633190,1716
hollis,NH,42.743140,-71.591740,7711
hollis,NY,40.713440,-73.767080,20269
hollis,OK,34.688390,-99.912050,1967
hollis center,ME,43.605080,-70.593110,4637
hollis crossroads,AL,33.523720,-85.637180,608
hollister,CA,36.852450,-121.401600,37462
hollister,MO,36.621170,-93.215460,4499
hollister,NC,36.255980,-77.935820,674
holliston,MA,42.200100,-71.424500,14010
holloman air force base,NM,32.848270,-106.099770,3054
hollow creek,KY,38.152570,-85.624400,810
hollow rock,TN,36.038120,-88.273660,697
holly,CO,38.052230,-102.122690,760
holly,MI,42.791970,-83.627730,6169
holly grove,AR,34.595930,-91.199840,546
holly hill,FL,29.243590,-81.037560,11943
holly hill,SC,33.322660,-80.413700,1237
holly hills,CO,39.667570,-104.917970,2521
holly lake ranch,TX,32.713360,-95.197560,2774
holly pond,AL,34.174260,-86.616380,812
holly ridge,NC,34.495440,-77.554970,2096
holly springs,GA,34.173990,-84.501320,10719
holly springs,MS,31.315730,-89.977860,7901
holly springs,NC,35.651270,-78.833620,31377
hollymead,VA,38.117080,-78.441680,7690
hollyvilla,KY,38.093680,-85.745520,551
hollywood,AL,34.724250,-85.972480,974
hollywood,CA,34.098340,-118.326740,167664
hollywood,FL,26.011200,-80.149490,149728
hollywood,SC,32.734340,-80.241770,4962
hollywood park,TX,29.600500,-98.487240,3298
holmen,WI,43.963300,-91.256250,9651
holmes beach,FL,27.495320,-82.710930,4199
holmesburg,PA,40.041500,-75.027950,28046
holstein,IA,42.489150,-95.545000,1391
holt,AL,33.234010,-87.484450,3638
holt,MI,42.640590,-84.515250,23973
holton,KS,39.465270,-95.736370,3263
holts summit,MO,38.640320,-92.122410,3600
holtsville,NY,40.815380,-73.045110,19714
holtville,AL,32.636240,-86.326640,4096
holtville,CA,32.811160,-115.380260,6404
holyoke,CO,40.584440,-102.302410,2251
holyoke,MA,42.204260,-72.616200,40684
home,WA,47.274820,-122.763750,1377
home garden,CA,36.303280,-119.636240,1761
home gardens,CA,33.878070,-117.520880,11570
homeacre-lyndora,PA,40.872060,-79.920600,6906
homecroft,IN,39.670050,-86.131380,743
homedale,ID,43.617660,-116.933760,2565
homeland,CA,33.743080,-117.109200,5969
homeland,GA,30.856370,-82.022640,871
homeland,MD,39.358160,-76.624410,3186
homeland park,SC,34.470660,-82.670690,6296
homer,AK,59.642500,-151.549400,5515
homer,GA,34.333720,-83.499050,1144
homer,IL,40.034760,-87.958090,1198
homer,LA,32.791920,-93.055030,3005
homer,MI,42.145880,-84.808860,1630
homer,NE,42.321660,-96.489480,541
homer,NY,42.637010,-76.178820,3183
homer city,PA,40.543400,-79.162260,1652
homer glen,IL,41.600030,-87.938110,24395
homerville,GA,31.036600,-82.747080,2480
homestead,FL,25.468720,-80.477560,80737
homestead,PA,40.405900,-79.911990,3114
homestead base,FL,25.493730,-80.391320,964
homestead meadows north,TX,31.849630,-106.172850,5124
homestead meadows south,TX,31.810970,-106.164270,7247
hometown,IL,41.734480,-87.731440,4342
hometown,PA,40.823700,-75.980200,1349
hometown,WV,38.532870,-81.861240,668
homewood,AL,33.471770,-86.800820,25708
homewood,IL,41.557260,-87.665600,19373
hominy,OK,36.414240,-96.395300,3508
homosassa,FL,28.781370,-82.615100,2578
homosassa springs,FL,28.803590,-82.575930,13791
honaker,VA,37.016220,-81.974290,1392
honalo,HI,19.546390,-155.931940,2423
honaunau-napoopoo,HI,19.456270,-155.864660,2567
hondah,AZ,34.094300,-109.934390,812
hondo,TX,29.347460,-99.141420,9119
honea path,SC,34.446500,-82.391510,3707
honeoye,NY,42.790060,-77.516940,579
honeoye falls,NY,42.952290,-77.590280,2711
honesdale,PA,41.576760,-75.258790,4233
honey brook,PA,40.094270,-75.911330,1758
honey grove,TX,33.583440,-95.909970,1656
honeyville,UT,41.638540,-112.079390,1454
honoka‘a,HI,20.079310,-155.466910,2258
honolulu,HI,21.306940,-157.858330,350964
honomu,HI,19.873000,-155.111000,509
hood river,OR,45.705400,-121.521460,7624
hooker,OK,36.860030,-101.213500,1996
hooks,TX,33.466230,-94.288530,2744
hooksett,NH,43.096750,-71.465070,4147
hoonah,AK,58.110000,-135.443610,757
hooper,NE,41.610550,-96.548080,829
hooper,UT,41.163830,-112.122440,8214
hooper bay,AK,61.531110,-166.096670,1187
hoopers creek,NC,35.439000,-82.466790,1056
hoopeston,IL,40.467260,-87.668360,5220
hoosick falls,NY,42.901190,-73.351500,3432
hooven,OH,39.178110,-84.759120,534
hoover,AL,33.405390,-86.811380,84848
hooverson heights,WV,40.324790,-80.577570,2590
hooversville,PA,40.147020,-78.911970,618
hopatcong,NJ,40.932880,-74.659330,14510
hopatcong hills,NJ,40.943990,-74.670720,16267
hope,AR,33.667060,-93.591570,9891
hope,IN,39.303940,-85.771370,2167
hope,ME,44.265080,-69.158930,1362
hope mills,NC,34.970440,-78.945310,16163
hope valley,RI,41.507600,-71.716180,1612
hopedale,IL,40.420870,-89.414540,843
hopedale,MA,42.130650,-71.541170,3753
hopedale,OH,40.325350,-80.901200,927
hopeland,PA,40.233700,-76.262180,738
hopewell,NJ,40.389270,-74.761830,1929
hopewell,TN,35.234790,-84.888000,1874
hopewell,VA,37.304320,-77.287200,22378
hopkins,MI,42.623640,-85.760300,608
hopkins,MN,44.924960,-93.462730,17591
hopkins,SC,33.904320,-80.877030,2882
hopkins park,IL,41.063370,-87.625030,605
hopkinsville,KY,36.865610,-87.491170,32205
hopkinton,IA,42.343890,-91.248480,613
hopkinton,MA,42.228710,-71.522560,2550
hopkinton,NH,43.191470,-71.675350,5676
hopkinton,RI,41.461210,-71.777570,8261
hopland,CA,38.972950,-123.116390,756
hopwood,PA,39.877020,-79.701990,2090
hoquiam,WA,46.980920,-123.889330,8405
horace,ND,46.758860,-96.903700,2545
horatio,AR,33.938450,-94.357150,1058
horicon,WI,43.451380,-88.631210,3689
horine,MO,38.266720,-90.424570,821
horizon city,TX,31.692610,-106.207480,19288
horizon west,FL,28.433830,-81.622700,14000
horn lake,MS,34.955370,-90.034810,26915
hornell,NY,42.327850,-77.661100,8336
hornersville,MO,36.041740,-90.113980,635
hornsby bend,TX,30.247430,-97.583330,6791
horntown,VA,37.969570,-75.463810,574
horse cave,KY,37.179500,-85.906920,2344
horse pasture,VA,36.628470,-79.950870,2227
horse shoe,NC,35.343170,-82.556510,2351
horseheads,NY,42.167020,-76.820510,6616
horseheads north,NY,42.192780,-76.807820,2843
horseshoe bay,TX,30.544290,-98.373940,3560
horseshoe bend,AR,36.229230,-91.764310,2092
horseshoe bend,ID,43.914610,-116.197900,688
horsham,PA,40.178440,-75.128510,14842
horton,AL,34.200930,-86.296920,4450
horton,KS,39.660560,-95.526370,1721
horton bay,MI,45.284450,-85.078950,512
hortonville,WI,44.334700,-88.638160,2712
hoschton,GA,34.096500,-83.761280,1433
hosford,FL,30.387050,-84.799430,650
hospers,IA,43.071930,-95.904460,714
hostetter,PA,40.266180,-79.398370,740
hot springs,AR,34.503700,-93.055180,35635
hot springs,MT,47.609100,-114.668740,547
hot springs,NC,35.892630,-82.831120,562
hot springs,SD,43.431650,-103.474360,3532
hot springs,VA,37.999570,-79.831720,738
hot springs village,AR,34.672040,-92.998790,12807
hot sulphur springs,CO,40.073040,-106.102800,677
hotchkiss,CO,38.799710,-107.719500,902
hotevilla-bacavi,AZ,35.927780,-110.672920,957
houck,AZ,35.283080,-109.207040,1024
hough,OH,41.512000,-81.636520,16359
houghton,MI,47.121870,-88.569010,7970
houghton,NY,42.423400,-78.157230,1693
houghton lake,MI,44.314740,-84.764750,3427
houlka,MS,34.038160,-89.022010,552
houlton,ME,46.126160,-67.840300,5002
houma,LA,29.595770,-90.719530,34287
housatonic,MA,42.254250,-73.366220,1109
houserville,PA,40.823950,-77.828890,1814
houston,AK,61.630280,-149.818060,2206
houston,MN,43.763300,-91.568480,966
houston,MO,37.326160,-91.955990,2082
houston,MS,33.898450,-88.999230,3544
houston,PA,40.246460,-80.211450,1266
houston,TX,29.763280,-95.363270,2314157
houston acres,KY,38.214240,-85.613850,503
houtzdale,PA,40.825060,-78.351130,775
howard,CO,38.448610,-105.835290,723
howard,KS,37.470310,-96.263610,621
howard,PA,41.014230,-77.658050,722
howard,SD,44.010810,-97.526740,790
howard,WI,44.543600,-88.088160,19250
howard beach,NY,40.657880,-73.836250,26148
howard city,MI,43.395580,-85.467820,1792
howard lake,MN,45.060800,-94.073310,2039
howard park,MD,39.331220,-76.694690,5057
howards grove,WI,43.833880,-87.820090,3271
howe,IN,41.721440,-85.420540,807
howe,OK,34.951210,-94.637170,791
howe,TX,33.508720,-96.612210,2798
howell,MI,42.607260,-83.929400,9521
howells,NE,41.725010,-97.002810,554
howey-in-the-hills,FL,28.716940,-81.773410,1098
howland,ME,45.238670,-68.663640,1096
howland center,OH,41.251170,-80.745360,6351
hoxie,AR,36.050350,-90.975120,2680
hoxie,KS,39.357500,-100.441810,1176
hoyleton,IL,38.441720,-89.274250,510
hoyt,KS,39.247770,-95.706370,653
hoyt lakes,MN,47.519650,-92.138510,2004
hoytsville,UT,40.874390,-111.380470,607
ho‘olehua,HI,21.167760,-157.070420,1370
huachuca city,AZ,31.627870,-110.333970,1755
hubbard,IA,42.305540,-93.300210,834
hubbard,OH,41.156450,-80.569240,7650
hubbard,OR,45.182340,-122.807870,3299
hubbard,TX,31.848490,-96.797210,1370
hubbard lake,MI,44.759730,-83.544420,1002
hubbardston,MA,42.473700,-72.006190,3977
hubbell,MI,47.173260,-88.429280,946
huber heights,OH,39.843950,-84.124660,38176
huber ridge,OH,40.088670,-82.916570,4604
hudson,CO,40.073590,-104.643020,1571
hudson,FL,28.364450,-82.693430,12158
hudson,IA,42.406650,-92.455470,2381
hudson,IL,40.605870,-88.987300,1846
hudson,IN,41.532830,-85.081080,516
hudson,MA,42.391760,-71.566180,14907
hudson,ME,45.001180,-68.880590,1448
hudson,MI,41.855050,-84.353840,2241
hudson,NC,35.848460,-81.495930,3721
hudson,NH,42.764810,-71.439790,7336
hudson,NY,42.252860,-73.790960,6436
hudson,OH,41.240060,-81.440670,22437
hudson,PA,41.274800,-75.836030,1443
hudson,TX,31.322680,-94.778260,4821
hudson,WI,44.974690,-92.756870,13566
hudson bend,TX,30.417140,-97.929180,2981
hudson falls,NY,43.300630,-73.585950,7191
hudson lake,IN,41.710320,-86.534190,1297
hudson oaks,TX,32.757070,-97.706700,2160
hudsonville,MI,42.870860,-85.865040,7324
huelo,HI,20.904840,-156.225160,2340
hueytown,AL,33.451220,-86.996660,15710
hughes,AR,34.949260,-90.471490,1323
hughes springs,TX,32.998460,-94.630760,1776
hughestown,PA,41.327020,-75.773250,1397
hughesville,MD,38.532620,-76.783860,2197
hughesville,PA,41.241190,-76.723850,2099
hughson,CA,37.596880,-120.866040,7384
hugo,CO,39.136100,-103.469940,736
hugo,MN,45.159970,-92.993270,14388
hugo,OK,34.010660,-95.509680,5224
hugoton,KS,37.175300,-101.349600,3964
huguenot,NY,40.537330,-74.194590,9995
huguley,AL,32.834570,-85.229660,2540
hulbert,OK,35.932600,-95.141350,603
hull,IA,43.188590,-96.133630,2244
hull,MA,42.302040,-70.907820,10293
hull,TX,30.146320,-94.642420,669
hulmeville,PA,40.143170,-74.911000,996
humansville,MO,37.794480,-93.577980,1038
humble,TX,29.998830,-95.262160,15665
humboldt,IA,42.720800,-94.215240,4596
humboldt,KS,37.810600,-95.436930,1856
humboldt,NE,40.163890,-95.945000,850
humboldt,SD,43.645260,-97.073950,583
humboldt,TN,35.819790,-88.915900,8313
humboldt hill,CA,40.725960,-124.189780,3414
hummels wharf,PA,40.831750,-76.835800,1353
hummelstown,PA,40.265370,-76.708300,4561
humphrey,AR,34.422040,-91.706240,524
humphrey,NE,41.691680,-97.484490,792
hungry horse,MT,48.385800,-114.060950,826
hunt valley,MD,39.499830,-76.641080,23915
hunter,OH,39.492840,-84.289660,2100
hunter,TN,36.371780,-82.158740,1854
hunters creek,FL,28.360560,-81.422290,14321
hunters creek village,TX,29.770510,-95.495500,4756
hunterstown,PA,39.882320,-77.160260,547
huntersville,NC,35.410690,-80.842850,52704
huntertown,IN,41.228380,-85.172470,5387
hunting park,PA,40.016500,-75.143790,17682
hunting ridge,MD,39.292610,-76.701920,1326
hunting valley,OH,41.489220,-81.401780,720
huntingburg,IN,38.298940,-86.955000,6035
huntingdon,PA,40.484800,-78.010280,7029
huntingdon,TN,36.000620,-88.428110,3926
huntington,AR,35.082320,-94.263270,626
huntington,IN,40.883100,-85.497480,17095
huntington,MA,42.236200,-72.875930,936
huntington,NY,40.868150,-73.425680,18046
huntington,TX,31.277690,-94.576590,2140
huntington,UT,39.326640,-110.964610,2004
huntington,VA,38.792340,-77.070810,11267
huntington,WV,38.419250,-82.445150,48638
huntington bay,NY,40.899820,-73.414840,1430
huntington beach,CA,33.660300,-117.999230,201899
huntington park,CA,33.981680,-118.225070,59430
huntington station,NY,40.853430,-73.411510,33029
huntington woods,MI,42.480590,-83.166870,6340
huntingtown,MD,38.615950,-76.613020,2587
huntingtown town center,MD,38.620950,-76.616070,3311
huntland,TN,35.051200,-86.269710,855
huntley,IL,42.168080,-88.428140,26005
hunts point,NY,40.812600,-73.884020,27204
huntsville,AL,34.730400,-86.585940,215006
huntsville,AR,36.086190,-93.741300,2378
huntsville,MO,39.440590,-92.545180,1524
huntsville,TN,36.409800,-84.490490,1233
huntsville,TX,30.723530,-95.550780,40938
huntsville,UT,41.260770,-111.769940,621
hurley,MS,30.661030,-88.494180,1551
hurley,NM,32.699240,-108.131990,1256
hurley,NY,41.924540,-74.061250,3458
hurley,WI,46.449670,-90.186560,1493
hurlock,MD,38.624280,-75.854380,2092
huron,CA,36.202730,-120.102920,6836
huron,OH,41.395050,-82.555170,7022
huron,SD,44.363320,-98.214260,13313
hurricane,UT,37.175260,-113.289950,15501
hurricane,WV,38.432590,-82.020140,6493
hurst,IL,37.833110,-89.142860,797
hurst,TX,32.823460,-97.170570,39016
hurstbourne,KY,38.238130,-85.588290,4359
hurstbourne acres,KY,38.221180,-85.589130,1874
hurt,VA,37.092640,-79.296410,1274
hurtsboro,AL,32.241810,-85.416330,600
hustisford,WI,43.346110,-88.600660,1100
hutchins,TX,32.649300,-96.713050,5727
hutchinson,KS,38.060840,-97.929770,41569
hutchinson,MN,44.887740,-94.369710,13913
hutchinson island south,FL,27.299490,-80.220450,5201
hutsonville,IL,39.109490,-87.656410,545
huttig,AR,33.039570,-92.182640,564
hutto,TX,30.542700,-97.546670,22722
huxley,IA,41.895270,-93.600770,3536
hyannis,MA,41.652890,-70.282800,14120
hyannis,NE,42.000540,-101.761840,192
hyattsville,MD,38.955940,-76.945530,18501
hybla valley,VA,38.747610,-77.083030,15801
hyde,PA,41.002560,-78.462520,1399
hyde park,IL,41.794200,-87.593940,26893
hyde park,MA,42.255650,-71.124500,31845
hyde park,NY,41.784820,-73.933190,1908
hyde park,PA,40.377320,-75.925210,2528
hyde park,UT,41.798820,-111.819110,4375
hyde park,VT,44.593940,-72.616510,492
hyden,KY,37.160930,-83.373240,351
hydesville,CA,40.547630,-124.097270,1237
hydetown,PA,41.652560,-79.727000,517
hydro,OK,35.549500,-98.578130,960
hymera,IN,39.186430,-87.301680,774
hyndman,PA,39.823140,-78.718070,910
hypoluxo,FL,26.566460,-80.053370,2719
hyrum,UT,41.634100,-111.852170,7962
hysham,MT,46.292770,-107.234230,304
hālawa,HI,21.379440,-157.921670,14014
hālawa heights,HI,21.378480,-157.913880,13408
hāwī,HI,20.241220,-155.833510,1081
hōlualoa,HI,19.619790,-155.948310,8538
iberia,MO,38.090320,-92.292670,743
icard,NC,35.727350,-81.470650,2664
ida grove,IA,42.344990,-95.471670,2122
idabel,OK,33.895660,-94.826330,7007
idaho city,ID,43.828500,-115.834550,474
idaho falls,ID,43.466580,-112.034140,59184
idaho springs,CO,39.742490,-105.513610,1728
idalou,TX,33.666470,-101.682940,2337
idamay,WV,39.497030,-80.257030,611
ider,AL,34.714250,-85.680800,716
idlewood,MD,39.370110,-76.589130,2495
idyllwild,CA,33.740020,-116.718910,3583
idyllwild-pine cove,CA,33.744290,-116.725870,3874
idylwood,VA,38.895110,-77.211650,17288
ignacio,CO,37.115000,-107.633110,720
ilchester,MD,39.226000,-76.789000,23476
ilion,NY,43.015070,-75.035430,7926
illiopolis,IL,39.853650,-89.242030,880
ilwaco,WA,46.308990,-124.043210,917
imboden,AR,36.202570,-91.174570,640
imlay city,MI,43.024750,-83.077720,3573
immokalee,FL,26.418690,-81.417300,24154
imperial,CA,32.847550,-115.569440,17095
imperial,MO,38.369780,-90.378450,4709
imperial,NE,40.516940,-101.643230,2056
imperial,PA,40.449510,-80.244500,2541
imperial beach,CA,32.583940,-117.113080,27408
ina,IL,38.151160,-88.903960,2360
incline village,NV,39.251300,-119.972970,8777
independence,CA,36.802710,-118.200100,669
independence,IA,42.468600,-91.889340,6028
independence,KS,37.224240,-95.708310,8958
independence,KY,38.943120,-84.544110,26819
independence,LA,30.635510,-90.503350,1810
independence,MN,45.025240,-93.707460,3741
independence,MO,39.091120,-94.415510,117255
independence,OH,41.368660,-81.637900,7135
independence,OR,44.851230,-123.186770,9227
independence,VA,36.622450,-81.153090,927
independence,WI,44.356910,-91.420430,1341
independent hill,VA,38.635950,-77.437760,7419
india hook,SC,35.007370,-81.021740,3328
indialantic,FL,28.089460,-80.565610,2837
indian creek,IL,42.226970,-87.979800,543
indian harbour beach,FL,28.148900,-80.588390,8471
indian head,MD,38.600120,-77.162200,3857
indian head park,IL,41.770310,-87.902280,3824
indian heights,IN,40.427260,-86.125550,3011
indian hills,CO,39.616650,-105.237210,1280
indian hills,KY,38.272570,-85.662740,2959
indian hills,NM,34.983180,-106.139750,892
indian hills,NV,39.086020,-119.784070,5627
indian hills,TX,26.212850,-97.916390,2591
indian hills cherokee section,KY,38.279510,-85.649960,1011
indian lake,TX,26.089240,-97.502490,642
indian mountain lake,PA,41.003140,-75.508240,4372
indian point,MO,36.628400,-93.343800,515
indian river,MI,45.412510,-84.612540,1959
indian river estates,FL,27.364490,-80.309770,6220
indian river shores,FL,27.716700,-80.384220,4156
indian rocks beach,FL,27.875300,-82.851220,4113
indian shores,FL,27.862800,-82.848440,1470
indian springs,GA,33.242620,-83.920740,2413
indian springs,NV,36.569680,-115.670580,991
indian springs,TX,30.695780,-94.752800,785
indian springs village,AL,33.355390,-86.754430,2523
indian trail,NC,35.076810,-80.669240,37073
indian wells,CA,33.717910,-116.343110,5289
indiana,PA,40.621460,-79.152530,14100
indianapolis,IN,39.768380,-86.158040,887642
indianola,CA,40.812630,-124.083120,823
indianola,IA,41.358050,-93.557440,15467
indianola,MS,33.450950,-90.655090,9943
indianola,NE,40.234450,-100.417370,564
indianola,WA,47.747040,-122.525690,3500
indiantown,FL,27.027280,-80.485610,6083
indio,CA,33.720700,-116.216770,87533
indio hills,CA,33.831130,-116.231400,972
industry,PA,40.264510,-79.792270,1846
inez,KY,37.866480,-82.538760,684
inez,TX,28.903880,-96.788040,2098
ingalls,IN,39.956990,-85.805260,2382
ingalls park,IL,41.522530,-88.042830,3314
ingleside,TX,27.877800,-97.211660,9695
ingleside on-the-bay,TX,27.829470,-97.223320,615
inglewood,CA,33.961680,-118.353130,111666
inglewood-finn hill,WA,47.720490,-122.231670,22707
inglis,FL,29.030250,-82.668720,1311
ingram,PA,40.446180,-80.067550,3281
ingram,TX,30.077430,-99.240320,1822
inkerman,PA,41.298970,-75.812690,1819
inkom,ID,42.796300,-112.254140,870
inkster,MI,42.294200,-83.309930,24672
inman,KS,38.231950,-97.773380,1361
inman,SC,35.047060,-82.090110,2273
inman mills,SC,35.041510,-82.104280,1050
inner harbor,MD,39.283560,-76.606300,2580
inniswold,LA,30.404910,-91.083440,6180
innsbrook,MO,38.769220,-91.052090,582
inola,OK,36.151210,-95.509420,1834
intercourse,PA,40.037600,-76.104950,1274
interlachen,FL,29.624210,-81.892560,1355
interlaken,CA,36.951340,-121.733840,7321
interlaken,NJ,40.233450,-74.015690,808
interlaken,NY,42.617020,-76.724950,623
interlochen,MI,44.644720,-85.767300,583
international falls,MN,48.601050,-93.410980,6158
inver grove heights,MN,44.848020,-93.042720,34857
inverness,AL,32.014880,-85.746060,1621
inverness,CA,38.101030,-122.856940,1304
inverness,CO,39.577380,-104.861350,1532
inverness,FL,28.835820,-82.330370,7233
inverness,IL,42.118080,-88.096190,7583
inverness,MS,33.353730,-90.592590,952
inverness highlands north,FL,28.864200,-82.376880,2401
inverness highlands south,FL,28.800550,-82.337100,6542
inwood,FL,28.036970,-81.765080,6403
inwood,IA,43.307200,-96.431980,811
inwood,NY,40.865660,-73.926800,10082
inwood,WV,39.357880,-78.040000,2954
inyokern,CA,35.646900,-117.812570,1099
iola,KS,37.924480,-95.399980,5470
iola,WI,44.508030,-89.130670,1273
iona,FL,26.520360,-81.963980,15369
iona,ID,43.526300,-111.933020,2056
ione,CA,38.352690,-120.932720,7000
ionia,MI,42.987250,-85.071120,11372
iota,LA,30.331310,-92.495690,1480
iowa,LA,30.236870,-93.013760,3219
iowa city,IA,41.661130,-91.530170,74220
iowa colony,TX,29.482460,-95.415500,1170
iowa falls,IA,42.522480,-93.251310,5195
iowa park,TX,33.951480,-98.668670,6344
ipswich,MA,42.679260,-70.841160,4222
ipswich,SD,45.444420,-99.029280,959
ira,NY,43.221460,-76.556330,2145
iraan,TX,30.914050,-101.897910,1287
ireton,IA,42.974710,-96.318360,602
irmo,SC,34.085980,-81.183150,12056
iron mountain,MI,45.820230,-88.065960,7504
iron mountain lake,MO,37.693110,-90.622620,717
iron ridge,WI,43.399720,-88.532600,904
iron river,MI,46.092730,-88.642350,2904
iron river,WI,46.564390,-91.408250,761
iron station,NC,35.441520,-81.156190,755
irondale,AL,33.538160,-86.707210,12423
irondale,GA,33.480670,-84.358810,7446
irondequoit,NY,43.213400,-77.579720,51692
ironton,MN,46.477460,-93.977760,561
ironton,MO,37.597270,-90.627340,1392
ironton,OH,38.536750,-82.682940,10900
ironwood,MI,46.454670,-90.171010,5002
iroquois point,HI,21.327760,-157.983010,4553
irrigon,OR,45.895690,-119.491410,1800
irvine,CA,33.669460,-117.823110,256927
irvine,KY,37.700640,-83.973810,2416
irvine health and science complex,CA,33.658030,-117.765250,8644
irving,TX,32.814020,-96.948890,236607
irving park,IL,41.953360,-87.736450,56520
irvington,IL,38.439220,-89.162850,636
irvington,KY,37.880340,-86.283860,1184
irvington,MD,39.282880,-76.686080,4548
irvington,NJ,40.732320,-74.234870,61323
irvington,NY,41.039220,-73.868230,6607
irvona,PA,40.774510,-78.553360,625
irwin,PA,40.324510,-79.701150,3859
irwin,SC,34.693760,-80.822290,1405
irwindale,CA,34.106950,-117.935340,1437
irwinton,GA,32.811260,-83.172650,562
isanti,MN,45.490240,-93.247730,5464
iselin,NJ,40.575380,-74.322370,18695
ishpeming,MI,46.488550,-87.667640,6483
isla vista,CA,34.413330,-119.860970,23096
islamorada,FL,24.924300,-80.627840,7131
island city,OR,45.340970,-118.044660,1005
island falls,ME,46.009220,-68.271410,824
island heights,NJ,39.942060,-74.149860,1668
island lake,IL,42.276130,-88.192030,8080
island park,NY,40.604270,-73.655410,4766
island pond,VT,44.814770,-71.880370,821
island walk,FL,26.250990,-81.711010,3035
islandia,NY,40.804260,-73.169000,3382
isle,MN,46.138010,-93.470790,788
isle of hope,GA,31.981880,-81.060940,2402
isle of normandy,FL,25.852870,-80.135050,8841
isle of palms,SC,32.786840,-79.794800,4133
isle of wight,VA,36.907650,-76.707730,0
islesboro,ME,44.308410,-68.903370,627
isleton,CA,38.161860,-121.611620,834
islip,NY,40.729820,-73.210390,18689
islip terrace,NY,40.743150,-73.192620,5389
isola,MS,33.262070,-90.592310,664
issaquah,WA,47.530100,-122.032620,36081
italy,TX,32.184040,-96.884720,1897
itasca,IL,41.975030,-88.007290,8798
itasca,TX,32.159590,-97.150010,1625
ithaca,MI,43.291700,-84.607500,2834
ithaca,NY,42.440630,-76.496610,30788
itta bena,MS,33.495120,-90.319810,1955
iuka,MS,34.811760,-88.190040,3001
iva,SC,34.306500,-82.663740,1278
ivalee,AL,34.034540,-86.145250,879
ivanhoe,CA,36.387170,-119.217890,4495
ivanhoe,MN,44.463300,-96.247260,550
ivanhoe,VA,36.840120,-80.966750,551
ives estates,FL,25.962310,-80.176710,19525
ivey,GA,32.907090,-83.290710,926
ivins,UT,37.168590,-113.679410,7876
ivy,VA,38.056530,-78.596680,905
ivy city,DC,38.911220,-76.984700,5264
ivyland,PA,40.207890,-75.072670,1053
iwilei-anuenue,HI,21.315230,-157.873160,2483
ixonia,WI,43.143890,-88.597320,1624
jaars,NC,34.863760,-80.745900,597
jacinto city,TX,29.767450,-95.233820,10782
jack,AL,31.574050,-86.000230,1379
jackman,ME,45.623940,-70.254510,746
jackpot,NV,41.983240,-114.674760,1195
jacksboro,TN,36.330080,-84.183820,1951
jacksboro,TX,33.218450,-98.158660,4424
jackson,AL,31.509050,-87.894440,4967
jackson,CA,38.348800,-120.774100,4649
jackson,GA,33.294570,-83.966020,4983
jackson,KY,37.825080,-84.870790,2356
jackson,LA,30.837400,-91.217610,3788
jackson,ME,44.614790,-69.120870,526
jackson,MI,42.245870,-84.401350,33133
jackson,MN,43.620790,-94.988600,3234
jackson,MO,37.382270,-89.666210,14869
jackson,MS,32.298760,-90.184810,153701
jackson,NC,36.389600,-77.421360,481
jackson,NH,44.144230,-71.180910,889
jackson,NJ,39.776500,-74.862380,54856
jackson,OH,39.052020,-82.636550,6243
jackson,SC,33.325420,-81.787890,1762
jackson,TN,35.614520,-88.813950,66975
jackson,WI,43.323890,-88.166760,6859
jackson,WY,43.479930,-110.762430,10523
jackson center,OH,40.439490,-84.040220,1453
jackson heights,NY,40.755660,-73.885410,67067
jacksons gap,AL,32.886240,-85.811630,828
jacksonville,AL,33.813820,-85.761300,12222
jacksonville,AR,34.866200,-92.110150,28643
jacksonville,FL,30.332180,-81.655650,1009833
jacksonville,IL,39.733940,-90.229010,19103
jacksonville,NC,34.754050,-77.430240,67357
jacksonville,OR,42.313460,-122.966990,2883
jacksonville,PA,40.540900,-79.281700,637
jacksonville,TX,31.963780,-95.270500,14884
jacksonville beach,FL,30.294690,-81.393140,23064
jacksonwald,PA,40.324540,-75.849650,3393
jacobus,PA,39.883160,-76.710520,1848
jacumba hot springs,CA,32.617560,-116.189740,561
jaffrey,NH,42.813970,-72.023140,2757
jal,NM,32.113180,-103.193510,2201
jamaica,NY,40.691490,-73.805690,216866
jamaica,VT,43.100360,-72.778430,1011
jamaica beach,TX,29.189680,-94.979650,1047
jamaica plain,MA,42.309820,-71.120330,37468
james city,NC,35.088770,-77.034950,5899
james island,SC,32.723740,-79.962840,6000
james town,WY,41.555240,-109.516800,536
jamesburg,NJ,40.352610,-74.440150,6029
jamesport,MO,39.974730,-93.801050,507
jamesport,NY,40.949540,-72.581480,1710
jamestown,CA,37.953260,-120.422700,3433
jamestown,IN,39.926710,-86.628890,942
jamestown,KY,36.984790,-85.063010,1804
jamestown,NC,35.994300,-79.935310,3737
jamestown,ND,46.910540,-98.708440,15422
jamestown,NY,42.097000,-79.235330,30075
jamestown,OH,39.658120,-83.734920,2027
jamestown,PA,41.484780,-80.437570,595
jamestown,RI,41.497050,-71.367280,5755
jamestown,TN,36.427570,-84.931890,1947
jamestown west,NY,42.088510,-79.281100,2408
jamul,CA,32.717000,-116.876130,6163
jan-phyl village,FL,28.014740,-81.771750,5573
janesville,CA,40.296560,-120.524110,1408
janesville,IA,42.646090,-92.462960,954
janesville,MN,44.116080,-93.708000,2254
janesville,WI,42.682790,-89.018720,64123
jarales,NM,34.613120,-106.763640,2475
jarratt,VA,36.814320,-77.468310,619
jarrell,TX,30.824910,-97.604450,1171
jarrettsville,MD,39.604550,-76.477740,2916
jasmine estates,FL,28.293060,-82.690100,18989
jasonville,IN,39.163100,-87.199180,2165
jasper,AL,33.831220,-87.277510,14071
jasper,AR,36.008130,-93.186570,449
jasper,FL,30.518270,-82.948190,4155
jasper,GA,34.467870,-84.429090,3762
jasper,IN,38.391440,-86.931110,15451
jasper,MN,43.849970,-96.398650,615
jasper,MO,37.336160,-94.301340,928
jasper,TN,35.074240,-85.626080,3312
jasper,TX,30.920200,-93.996580,7619
jay,FL,30.952960,-87.151360,578
jay,ME,44.503950,-70.216170,4988
jay,OK,36.421190,-94.796900,2483
jayton,TX,33.248150,-100.573730,500
jean lafitte,LA,29.736040,-90.126740,1972
jeanerette,LA,29.911040,-91.663450,5527
jeannette,PA,40.328120,-79.615320,9335
jefferson,GA,34.117050,-83.572390,10195
jefferson,IA,42.015260,-94.377470,4204
jefferson,LA,29.966040,-90.153130,11193
jefferson,MD,39.362050,-77.531650,2111
jefferson,ME,44.206740,-69.452540,2483
jefferson,NC,36.420400,-81.473440,1606
jefferson,NH,44.418950,-71.474530,1071
jefferson,OH,41.738670,-80.769810,3041
jefferson,OR,44.719570,-123.010370,3247
jefferson,PA,39.817320,-76.841640,737
jefferson,SC,34.650150,-80.388960,745
jefferson,SD,42.602500,-96.559200,517
jefferson,TX,32.757360,-94.345190,2048
jefferson,WI,43.005560,-88.807330,7941
jefferson,WV,38.375370,-81.780410,676
jefferson city,MO,38.576700,-92.173520,42595
jefferson city,TN,36.122310,-83.492400,8504
jefferson heights,NY,42.233980,-73.882350,1094
jefferson hills,PA,40.291180,-79.931990,11360
jefferson valley-yorktown,NY,41.317970,-73.800660,14142
jeffersontown,KY,38.194240,-85.564400,26946
jeffersonville,GA,32.687650,-83.346560,1050
jeffersonville,IN,38.277570,-85.737180,46960
jeffersonville,KY,37.973690,-83.841860,1704
jeffersonville,OH,39.653670,-83.563810,1192
jeffersonville,VT,44.643940,-72.829290,753
jeffries point,MA,42.365380,-71.032830,8823
jekyll island,GA,31.070210,-81.422720,866
jellico,TN,36.587860,-84.126870,2262
jemez pueblo,NM,35.614220,-106.728320,1788
jemison,AL,32.959850,-86.746650,2619
jena,LA,31.683230,-92.133740,3417
jenison,MI,42.907250,-85.791980,16538
jenkins,KY,37.173440,-82.630990,2103
jenkintown,PA,40.095940,-75.125170,4431
jenks,OK,36.022870,-95.968330,20740
jennerstown,PA,40.159800,-79.066420,669
jennings,FL,30.604100,-83.097920,870
jennings,LA,30.222430,-92.657080,10180
jennings,MO,38.719220,-90.260390,14819
jennings lodge,OR,45.391230,-122.612590,7315
jensen beach,FL,27.254490,-80.229770,11707
jericho,NY,40.792040,-73.539850,13567
jericho,VT,44.503940,-72.997630,1329
jermyn,PA,41.530910,-75.545460,2096
jerome,ID,42.724070,-114.518650,11184
jerome,IL,39.767550,-89.680660,1651
jerome,PA,40.208960,-78.983640,1017
jeromesville,OH,40.804220,-82.195710,562
jersey city,NJ,40.728160,-74.077640,264290
jersey shore,PA,41.202020,-77.264420,4279
jersey village,TX,29.887720,-95.563000,7900
jerseyville,IL,39.120050,-90.328450,8469
jessup,MD,39.149270,-76.775250,7137
jessup,PA,41.468690,-75.562130,4495
jesup,GA,31.607850,-81.886340,9633
jesup,IA,42.475540,-92.063790,2671
jetmore,KS,38.084460,-99.893460,852
jewell,IA,42.306930,-93.640220,1188
jewett,OH,40.367840,-81.005370,671
jewett,TX,31.361570,-96.144130,1192
jewett city,CT,41.606770,-71.980910,3441
jim thorpe,PA,40.875920,-75.732410,4641
joanna,SC,34.414910,-81.812400,1539
joaquin,TX,31.965780,-94.054990,817
joel,WI,45.360520,-92.234630,958
joffre,PA,40.379240,-80.360340,536
john day,OR,44.415990,-118.953010,1680
john sam lake,WA,48.109260,-122.245980,956
johns creek,GA,34.028930,-84.198580,83335
johns hopkins homewood,MD,39.329350,-76.621300,742
johnsburg,IL,42.380020,-88.242030,6310
johnson,AR,36.132860,-94.165480,3634
johnson,KS,37.570570,-101.751000,1327
johnson,VT,44.635610,-72.680400,1451
johnson city,NY,42.115630,-75.958810,14773
johnson city,OR,45.404560,-122.578980,580
johnson city,TN,36.313440,-82.353470,66027
johnson city,TX,30.276870,-98.411970,1959
johnson creek,WI,43.076110,-88.774270,2913
johnson lane,NV,39.047960,-119.722120,6490
johnson siding,SD,44.084710,-103.437970,659
johnsonburg,PA,40.886180,-78.877810,2818
johnsonville,SC,33.817940,-79.449220,1504
johnsonville,TN,36.060060,-87.952810,1748
johnston,IA,41.673040,-93.697720,20871
johnston,RI,41.821860,-71.506750,29247
johnston,SC,33.832080,-81.800940,2348
johnston city,IL,37.820610,-88.927570,3500
johnston square,MD,39.303480,-76.606240,1993
johnstonville,CA,40.384340,-120.587450,1024
johnstown,CO,40.336930,-104.912200,14896
johnstown,NY,43.006740,-74.367640,8345
johnstown,OH,40.153670,-82.685170,4918
johnstown,PA,40.326740,-78.921970,19966
joiner,AR,35.507860,-90.147040,540
joint base lewis mcchord,WA,47.107870,-122.576940,11046
joint base pearl harbor hickam,HI,21.349060,-157.947130,42184
joliet,IL,41.525190,-88.083400,147861
joliet,MT,45.485220,-108.970430,638
jolivue,VA,38.109850,-79.073080,1129
jollyville,TX,30.442700,-97.775010,16151
jones,OK,35.565890,-97.286980,2948
jones creek,TX,28.968580,-95.455220,2074
jonesboro,AR,35.842300,-90.704280,73907
jonesboro,GA,33.521500,-84.353810,4746
jonesboro,IL,37.451720,-89.268140,1768
jonesboro,IN,40.479760,-85.627750,1693
jonesboro,LA,32.241270,-92.715990,4587
jonesboro,ME,44.662580,-67.572490,618
jonesborough,TN,36.294270,-82.473480,5291
jonesburg,MO,38.853380,-91.305990,729
jonesport,ME,44.532860,-67.598330,1464
jonestown,MD,39.290860,-76.603660,1306
jonestown,MS,34.319550,-90.455650,1214
jonestown,PA,40.413700,-76.478300,1958
jonestown,TX,30.495470,-97.923350,2033
jonesville,LA,31.626560,-91.818180,2181
jonesville,MI,41.984210,-84.661900,2220
jonesville,NC,36.239300,-80.844520,2257
jonesville,SC,34.835970,-81.680930,864
jonesville,VA,36.688980,-83.111000,974
joplin,MO,37.084230,-94.513280,51818
joppa,AL,34.297870,-86.556100,501
joppatowne,MD,39.414000,-76.358000,12616
joquin,AL,31.786540,-86.164120,501
jordan,MN,44.666910,-93.626900,6076
jordan,MT,47.320830,-106.910070,399
jordan,NY,43.065340,-76.472990,1333
joseph,OR,45.354320,-117.229610,1063
joseph city,AZ,34.955860,-110.334010,1386
josephine,TX,33.061230,-96.307200,1142
joshua,TX,32.461530,-97.388070,6066
joshua tree,CA,34.134730,-116.313070,7414
jourdanton,TX,28.918030,-98.546410,4275
judson,SC,34.833170,-82.427620,2050
judsonia,AR,35.270090,-91.639860,2027
julesburg,CO,40.988330,-102.264350,1237
juliaetta,ID,46.578780,-116.705990,578
julian,CA,33.078660,-116.601960,1502
junction,TX,30.489360,-99.772010,2444
junction,UT,38.237480,-112.219930,183
junction city,AR,33.016250,-92.724320,547
junction city,CA,40.733200,-123.053640,680
junction city,KS,39.028610,-96.831400,24621
junction city,KY,37.586740,-84.793840,2283
junction city,LA,33.013750,-92.725160,566
junction city,OH,39.721180,-82.298760,810
junction city,OR,44.219290,-123.205650,5842
june lake,CA,37.779650,-119.075420,629
june park,FL,28.072240,-80.680060,4094
juneau,AK,58.301940,-134.419720,31555
juneau,WI,43.405550,-88.705100,2692
juniata,NE,40.590010,-98.506180,820
juniata park,PA,40.008450,-75.108790,17643
juniata terrace,PA,40.585630,-77.578330,540
junior,WV,38.978710,-79.949520,503
juno beach,FL,26.879780,-80.053370,3474
juno ridge,FL,26.848120,-80.062260,718
jupiter,FL,26.934220,-80.094210,62707
jupiter island,FL,27.031440,-80.101430,887
jurupa valley,CA,33.992510,-117.516440,21930
justice,IL,41.744480,-87.837830,12968
justice,OK,36.292870,-95.566640,1324
justin,TX,33.084840,-97.296130,3437
k. i. sawyer air force base,MI,46.332070,-87.365660,2624
kaanapali landing,HI,20.930900,-156.687780,1943
kachina village,AZ,35.096960,-111.692660,2622
kadoka,SD,43.833880,-101.509870,707
kahaluu-keauhou,HI,19.571810,-155.961720,3549
kahalu‘u,HI,21.457590,-157.844310,4738
kahoka,MO,40.420320,-91.719610,2024
kahuku,HI,21.680480,-157.952370,2614
kahuku-kawela,HI,21.693800,-157.974670,2639
kahului,HI,20.889330,-156.472930,26337
kaibito,AZ,36.597220,-111.074310,1522
kailua,HI,21.402410,-157.740540,38635
kailua town,HI,21.392660,-157.735360,3664
kailua-kona,HI,19.640160,-155.999120,11975
kaimukī,HI,21.279140,-157.801350,20878
kakaʻako,HI,21.302050,-157.857340,10673
kake,AK,56.975830,-133.947220,570
kalaeloa-campbell industrial park,HI,21.313760,-158.087680,2971
kalaheo hillside,HI,21.416200,-157.752550,3256
kalama,WA,46.007670,-122.844360,2398
kalama valley,HI,21.296840,-157.671700,4254
kalamazoo,MI,42.291710,-85.587230,76041
kalanipuu,HI,21.292950,-157.690710,2195
kalaoa,HI,19.728610,-155.981670,9644
kalida,OH,40.982830,-84.199390,1562
kalifornsky,AK,60.418330,-151.290000,7850
kalihi valley,HI,21.363730,-157.842940,20647
kalihi-palama,HI,21.326080,-157.875940,43805
kalispell,MT,48.195790,-114.312910,22052
kalkaska,MI,44.734170,-85.175890,2038
kalona,IA,41.483070,-91.706000,2509
kalāheo,HI,21.924160,-159.526860,4595
kamas,UT,40.643010,-111.280740,2053
kamehameha heights,HI,21.333930,-157.862820,3079
kamiah,ID,46.227120,-116.029310,1273
kanab,UT,37.047490,-112.526310,4394
kanawha,IA,42.937740,-93.793270,627
kane,PA,41.662840,-78.811140,3610
kaneohe,HI,21.399940,-157.798950,34597
kankakee,IL,41.120030,-87.861150,26676
kannapolis,NC,35.487360,-80.621730,46144
kansas,IL,39.552810,-87.939480,744
kansas,OK,36.205090,-94.797730,783
kansas city,KS,39.114170,-94.627460,152933
kansas city,MO,39.099730,-94.578570,475378
kapaau,HI,20.233890,-155.801940,1734
kapa‘a,HI,22.075210,-159.318950,10699
kaplan,LA,29.997980,-92.284850,4617
kapolei,HI,21.335550,-158.058200,15186
kapolei villages,HI,21.335960,-158.067000,15408
kapp heights,PA,40.899810,-76.808020,863
karlstad,MN,48.577480,-96.520600,733
karnes city,TX,28.884980,-97.900840,3371
kaser,NY,41.121210,-74.067090,5131
kasigluk,AK,60.895560,-162.518060,569
kasilof,AK,60.337500,-151.274440,549
kasota,MN,44.292470,-93.964960,660
kasson,MN,44.029960,-92.750740,6123
kathleen,FL,28.120850,-82.023140,6332
katonah,NY,41.258980,-73.685410,1679
katy,TX,29.785790,-95.824400,16158
kaufman,TX,32.589020,-96.308870,7156
kaukauna,WI,44.278040,-88.272050,15854
kaumakani,HI,21.916110,-159.619720,749
kaumakani-hanapepe,HI,21.923580,-159.542830,3769
kaunakakai,HI,21.089390,-157.022550,3425
kawailoa,HI,21.623150,-158.080410,3768
kayenta,AZ,36.727780,-110.254580,5189
kaysville,UT,41.035220,-111.938550,30472
ka‘a‘awa,HI,21.554450,-157.851030,1379
kealakekua,HI,19.520830,-155.922500,2019
keansburg,NJ,40.441770,-74.129860,9873
kearney,MO,39.367780,-94.362170,9423
kearney,NE,40.699460,-99.081480,33021
kearney park,MS,32.589030,-90.315370,1054
kearns,UT,40.659950,-111.996330,35731
kearny,AZ,33.057010,-110.910670,2038
kearny,NJ,40.768430,-74.145420,42137
kea‘au,HI,19.622650,-155.037440,2253
kechi,KS,37.795850,-97.279490,1996
keedysville,MD,39.486210,-77.699710,1159
keego harbor,MI,42.608090,-83.343820,3029
keeler farm,NM,32.316070,-107.760230,1305
keene,NH,42.933690,-72.278140,23265
keene,TX,32.396810,-97.323900,6181
keener,NC,35.107110,-78.318610,567
keenesburg,CO,40.108320,-104.519960,1195
keeseville,NY,44.505050,-73.480130,1750
keewatin,MN,47.399660,-93.072420,1049
keiser,AR,35.674520,-90.099810,704
keithsburg,IL,41.099480,-90.942640,582
keizer,OR,44.990120,-123.026210,37895
kekaha,HI,21.966860,-159.711860,3537
kekaha-waimea,HI,21.971840,-159.692660,5971
kelayres,PA,40.900920,-76.003540,533
keller,TX,32.934570,-97.251680,45758
kellogg,IA,41.718050,-92.907420,592
kellogg,ID,47.538260,-116.119330,2069
kelly,NC,34.466280,-78.324450,544
kellyville,OK,35.943700,-96.213610,1147
kelseyville,CA,38.977950,-122.839440,3353
kelso,MO,37.190610,-89.549530,603
kelso,WA,46.146780,-122.908440,11901
kemah,TX,29.542730,-95.020480,1986
kemmerer,WY,41.792450,-110.537670,2739
kemp,TX,32.442640,-96.229980,1256
kemp mill,MD,39.039000,-77.019140,12564
kempner,TX,31.081010,-98.002520,1078
ken caryl,CO,39.575820,-105.112210,32438
kenai,AK,60.554440,-151.258330,7661
kenansville,NC,34.962390,-77.962210,870
kenbridge,VA,36.962090,-78.125000,1227
kendale lakes,FL,25.708160,-80.407000,56148
kendall,FL,25.679270,-80.317270,80241
kendall green,FL,26.253970,-80.123930,3048
kendall park,NJ,40.420940,-74.560710,9339
kendall square,MA,42.365000,-71.085540,9861
kendall west,FL,25.706500,-80.438800,36154
kendallville,IN,41.441440,-85.264980,9927
kenduskeag,ME,44.919510,-68.931700,1217
kenedy,TX,28.819150,-97.848610,3421
kenefick,TX,30.109100,-94.858260,597
kenesaw,NE,40.621130,-98.657570,949
kenhorst,PA,40.310650,-75.939380,2867
kenilworth,DC,38.910000,-76.939000,7679
kenilworth,IL,42.085860,-87.717560,2555
kenilworth,NJ,40.676490,-74.290700,8215
kenilworth,PA,40.231490,-75.634080,1907
kenilworth park,MD,39.354270,-76.598020,1166
kenly,NC,35.596270,-78.124160,1450
kenmar,PA,41.253410,-76.959410,4124
kenmare,ND,48.674750,-102.082660,1083
kenmore,NY,42.965890,-78.870040,15160
kenmore,WA,47.757320,-122.244010,22030
kennebec,SD,43.903600,-99.861780,260
kennebunk,ME,43.383970,-70.544780,5214
kennebunkport,ME,43.361750,-70.476720,1238
kennedale,TX,32.646800,-97.225850,7715
kennedy,CA,37.929920,-121.252720,3254
kennedy street,DC,38.956300,-77.017990,15251
kennedy township,PA,40.477630,-80.103130,8701
kenner,LA,29.994090,-90.241740,67091
kennesaw,GA,34.023430,-84.615490,33584
kenneth city,FL,27.815580,-82.720100,5072
kennett,MO,36.236180,-90.055650,10662
kennett square,PA,39.846780,-75.711600,6167
kennewick,WA,46.211250,-119.137230,78896
kenosha,WI,42.584740,-87.821190,99858
kenosha streetcar,WI,42.586900,-87.810210,5555
kenova,WV,38.398970,-82.578210,3083
kensett,AR,35.231750,-91.667640,1651
kensington,CA,37.910480,-122.280250,5077
kensington,CT,41.635380,-72.768710,8459
kensington,MD,39.025670,-77.076370,2330
kensington,NH,42.927030,-70.943940,2016
kensington,NY,40.646210,-73.970690,39120
kensington,PA,39.985950,-75.131840,5590
kensington park,FL,27.359490,-82.496490,3901
kent,CT,41.724820,-73.477070,2858
kent,OH,41.153670,-81.357890,29810
kent,WA,47.380930,-122.234840,126952
kent acres,DE,39.131780,-75.524920,1890
kent city,MI,43.220020,-85.751150,1102
kent narrows,MD,38.968720,-76.238560,567
kentfield,CA,37.952150,-122.557200,6485
kentland,IN,40.770320,-87.445300,1698
kenton,OH,40.647000,-83.609650,8211
kenton,OR,45.581780,-122.681490,7000
kenton,TN,36.202290,-89.012290,1224
kentwood,LA,30.938240,-90.508980,2340
kentwood,MI,42.869470,-85.644750,51357
kenvil,NJ,40.879820,-74.618490,3009
kenwood,CA,38.413800,-122.546090,1028
kenwood,IL,41.809200,-87.597550,17601
kenwood,OH,39.210610,-84.367160,6981
kenwood,OK,36.314530,-94.985790,1224
kenyon,MN,44.272190,-92.985480,1814
keokuk,IA,40.397270,-91.384870,10609
keolu hills,HI,21.376400,-157.725010,6143
keosauqua,IA,40.730310,-91.962390,947
keota,IA,41.363900,-91.953790,970
keota,OK,35.255650,-94.921620,564
kerby,OR,42.194280,-123.651740,595
kerens,TX,32.133210,-96.227750,1572
kerhonkson,NY,41.774820,-74.298210,1684
kerkhoven,MN,45.193020,-95.320580,717
kerman,CA,36.723560,-120.059880,14475
kermit,TX,31.857630,-103.092670,6434
kernersville,NC,36.119860,-80.073650,23811
kernville,CA,35.754670,-118.425360,1395
kerrville,TX,30.047430,-99.140320,23136
kersey,CO,40.387480,-104.561630,1577
kersey,PA,41.362280,-78.596130,937
kershaw,SC,34.551820,-80.583680,2052
keshena,WI,44.883870,-88.633720,1262
keswick,MD,39.343370,-76.630400,713
ketchikan,AK,55.341800,-131.647570,8197
ketchum,ID,43.680740,-114.363660,2728
kettering,MD,38.884560,-76.814690,12790
kettering,OH,39.689500,-84.168830,55525
kettle falls,WA,48.610740,-118.055820,1597
kettleman city,CA,36.008290,-119.961800,1439
keuka park,NY,42.615350,-77.092190,1137
kevil,KY,37.085050,-88.886730,620
kew gardens,NY,40.714270,-73.830970,18983
kew gardens hills,NY,40.730020,-73.823400,37479
kewanee,IL,41.245590,-89.924830,12533
kewanna,IN,41.018650,-86.413340,601
kewaskum,WI,43.520830,-88.228990,4096
kewaunee,WI,44.458330,-87.503140,2876
key biscayne,FL,25.693710,-80.162820,12990
key center,WA,47.340650,-122.745410,3692
key colony beach,FL,24.720970,-81.018680,851
key largo,FL,25.086520,-80.447280,10433
key vista,FL,28.194700,-82.770380,1757
key west,FL,24.555240,-81.781630,25755
keyes,CA,37.556600,-120.915490,5601
keyport,NJ,40.433160,-74.199590,7145
keyport,WA,47.702040,-122.620980,554
keys,OK,35.798150,-94.967730,565
keyser,WV,39.440930,-78.973920,5248
keystone,CO,39.599430,-105.987240,1079
keystone,FL,28.155850,-82.621210,24039
keystone,IA,41.998330,-92.197410,609
keystone heights,FL,29.786080,-82.031490,1433
keysville,VA,37.040430,-78.483330,812
keytesville,MO,39.434470,-92.938250,455
kiantone,NY,42.022000,-79.198100,1332
kiawah island,SC,32.608240,-80.084820,1749
kibler,AR,35.430370,-94.231600,943
kidron,OH,40.740890,-81.744850,944
kiefer,OK,35.944820,-96.065280,1920
kiel,WI,43.912490,-88.035650,3719
kihei mauka,HI,20.743050,-156.439950,4722
kildeer,IL,42.170580,-88.047850,4040
kilgore,TX,32.386260,-94.875770,14947
kill devil hills,NC,36.030720,-75.676010,7058
killbuck,OH,40.495060,-81.984590,843
killdeer,ND,47.371960,-102.754080,1254
killeen,TX,31.117120,-97.727800,140806
killen,AL,34.862860,-87.537530,982
killian,LA,30.358810,-90.586200,1304
killingly center,CT,41.838710,-71.869240,17282
killingworth,CT,41.358150,-72.563700,6174
killona,LA,30.006040,-90.482860,793
kilmanagh,MI,43.756130,-83.356900,2944
kilmarnock,VA,37.710410,-76.379670,1437
kilmichael,MS,33.443460,-89.571740,602
kiln,MS,30.409080,-89.435050,2238
kimball,MN,45.312460,-94.300270,774
kimball,NE,41.235810,-103.663000,2405
kimball,SD,43.746670,-98.958430,686
kimball,TN,35.047860,-85.671910,1401
kimberling city,MO,36.633400,-93.416850,2313
kimberly,AL,33.773440,-86.813880,2892
kimberly,ID,42.533800,-114.364760,3610
kimberly,WI,44.272210,-88.339000,6744
kincaid,IL,39.588660,-89.414540,1437
kinder,LA,30.485480,-92.850700,2442
kinderhook,NY,42.395360,-73.697900,1182
kindred,ND,46.648580,-97.017030,728
king,NC,36.280690,-80.359220,7059
king,WI,44.337480,-89.141780,1750
king and queen court house,VA,37.669860,-76.877460,85
king arthur park,MT,45.666600,-111.123010,738
king city,CA,36.212740,-121.126030,13902
king city,MO,40.051380,-94.524120,1006
king city,OR,45.391000,-122.815780,3680
king cove,AK,55.060870,-162.318530,1009
king george,VA,38.268180,-77.184420,4457
king of prussia,PA,40.089270,-75.396020,19936
king william,VA,37.687360,-77.013580,252
kingfield,ME,44.959220,-70.153950,1147
kingfisher,OK,35.861430,-97.931720,4865
kingman,AZ,35.189440,-114.053010,28912
kingman,KS,37.645850,-98.113670,3086
kings bay base,GA,30.798360,-81.565890,1777
kings beach,CA,39.237680,-120.026580,3796
kings bridge,NY,40.878710,-73.905140,75132
kings grant,NC,34.262950,-77.863600,8278
kings mills,OH,39.355610,-84.248550,1319
kings mountain,NC,35.245130,-81.341190,10760
kings park,NY,40.886210,-73.257340,17282
kings park,VA,38.806220,-77.243320,4333
kings park west,VA,38.814430,-77.295820,13390
kings point,FL,26.445350,-80.139770,12201
kings point,NY,40.819820,-73.735130,5131
kingsburg,CA,36.513840,-119.554020,11824
kingsbury,NV,38.977130,-119.906850,2152
kingsbury,TX,29.649000,-97.827000,782
kingsessing,PA,39.936780,-75.229630,19668
kingsford,MI,45.794960,-88.072070,5069
kingsford heights,IN,41.480600,-86.691690,1421
kingsgate,WA,47.727040,-122.179570,13065
kingsland,GA,30.799960,-81.689830,16487
kingsland,TX,30.658240,-98.440580,6030
kingsley,IA,42.588320,-95.967520,1396
kingsley,MI,44.584730,-85.535900,1559
kingsport,TN,36.548430,-82.561820,53014
kingston,GA,33.480140,-82.079010,666
kingston,IL,42.099750,-88.758980,1155
kingston,MA,41.994550,-70.724480,12208
kingston,MO,39.644170,-94.038550,338
kingston,NH,42.936480,-71.053390,6225
kingston,NJ,40.375380,-74.613490,1493
kingston,NY,41.927040,-73.997360,23436
kingston,OH,39.473950,-82.910730,1024
kingston,OK,33.998710,-96.719720,1632
kingston,PA,41.261750,-75.896860,12941
kingston,RI,41.480380,-71.522560,6974
kingston,TN,35.880910,-84.508540,5846
kingston,WA,47.798500,-122.498060,2099
kingston estates,NJ,39.923720,-74.987950,5685
kingston springs,TN,36.102000,-87.115010,2770
kingstown,MD,39.204830,-76.051330,1733
kingstown,NC,35.351240,-81.612320,674
kingstree,SC,33.667660,-79.830630,3183
kingsville,MD,39.448720,-76.417740,4318
kingsville,TX,27.515870,-97.856110,26225
kingwood,WV,39.471760,-79.683390,2959
kinmundy,IL,38.773380,-88.846720,772
kinnelon,NJ,41.001760,-74.367100,10392
kinsey,AL,31.299060,-85.344380,2197
kinsley,KS,37.923070,-99.409840,1422
kinsman center,OH,41.452730,-80.584010,616
kinston,AL,31.216000,-86.171060,540
kinston,NC,35.262660,-77.581640,21337
kiowa,CO,39.347210,-104.464410,748
kiowa,KS,37.017250,-98.485350,1011
kiowa,OK,34.720650,-95.899160,695
kipnuk,AK,59.938890,-164.041390,639
kirby,AR,34.250380,-93.641300,786
kirby,TX,29.463290,-98.385570,8550
kirbyville,TX,30.660480,-93.892680,2132
kirkersville,OH,39.959510,-82.595720,541
kirkland,IL,42.092530,-88.851210,1734
kirkland,NC,34.300170,-77.788040,619
kirkland,WA,47.681490,-122.208740,87281
kirklin,IN,40.193370,-86.360550,776
kirksville,MO,40.194750,-92.583250,17520
kirkville,NY,43.075070,-75.951860,4685
kirkwood,IL,40.865870,-90.748470,704
kirkwood,MO,38.583390,-90.406780,27750
kirtland,NM,36.734170,-108.359800,7875
kirtland,OH,41.628940,-81.361500,6793
kirtland hills,OH,41.623940,-81.307050,641
kiryas joel,NY,41.342040,-74.167920,32954
kissee mills,MO,36.683670,-93.049900,1109
kissimmee,FL,28.304680,-81.416670,69152
kistler,WV,37.756220,-81.860120,528
kittanning,PA,40.816450,-79.521990,3885
kittery,ME,43.088140,-70.736160,4562
kittery point,ME,43.082990,-70.710090,1012
kittitas,WA,46.983180,-120.417010,1430
kittredge,CO,39.654710,-105.299710,1304
kitty hawk,NC,36.064610,-75.705730,3447
klahanie,WA,47.570970,-122.008390,10674
klamath,CA,41.526510,-124.038410,779
klamath falls,OR,42.224870,-121.781670,21399
klawock,AK,55.552220,-133.095830,765
knightdale,NC,35.787650,-78.480560,14256
knights landing,CA,38.799620,-121.718300,995
knightsen,CA,37.968810,-121.668010,1568
knightstown,IN,39.795600,-85.526360,2120
knightsville,IN,39.525870,-87.112520,872
knik river,AK,61.460010,-148.912370,744
knik-fairview,AK,61.512620,-149.600120,14923
knippa,TX,29.295240,-99.637270,689
knob noster,MO,38.766680,-93.558550,2762
knollwood,IL,42.286130,-87.885630,1747
knottsville,KY,37.771720,-86.904160,6270
knox,IN,41.295880,-86.625010,3597
knox,PA,41.234510,-79.537270,1100
knox city,TX,33.418150,-99.818980,1183
knoxville,AR,35.382030,-93.364350,746
knoxville,GA,32.724310,-83.997690,69
knoxville,IA,41.320830,-93.109370,7248
knoxville,IL,40.908370,-90.284850,2836
knoxville,PA,41.957290,-77.438870,622
knoxville,TN,35.960640,-83.920740,190740
ko olina,HI,21.339930,-158.125620,1799
ko ʻolina-honokai hale,HI,21.337310,-158.117290,2871
kodiak,AK,57.788520,-152.405330,6253
kodiak station,AK,57.765870,-152.600040,1301
kohler,WI,43.739160,-87.781750,2110
kokomo,IN,40.486430,-86.133600,57995
koloa,HI,21.903650,-159.466630,2144
koloa-poipu,HI,21.894490,-159.464670,2936
komatke,AZ,33.314000,-112.170000,821
konawa,OK,34.959530,-96.752800,1290
koolauloa,HI,21.605790,-157.926500,15697
koontz lake,IN,41.418100,-86.485850,1557
kooskia,ID,46.144890,-115.977920,606
kootenai,ID,48.310200,-116.513530,789
koppel,PA,40.834230,-80.322290,743
kopperston,WV,37.748440,-81.569550,616
koreatown,CA,34.057790,-118.300910,124281
kosciusko,MS,33.058000,-89.589560,7187
kotlik,AK,63.032980,-163.556270,626
kotzebue,AK,66.898460,-162.598090,3277
kountze,TX,30.371600,-94.312410,2083
kouts,IN,41.316710,-87.025860,1967
kraemer,LA,29.866870,-90.627000,934
kreamer,PA,40.803140,-76.963870,822
krebs,OK,34.927870,-95.715820,1973
kremmling,CO,40.058870,-106.388920,1457
kress,TX,34.366450,-101.748510,687
kronenwetter,WI,44.822190,-89.590400,7630
krotz springs,LA,30.536860,-91.752890,1203
krugerville,TX,33.281510,-96.990560,1669
krum,TX,33.261510,-97.238070,4990
kuakini,HI,21.321290,-157.855670,4106
kualapu‘u,HI,21.153060,-157.036770,2027
kula,HI,20.790940,-156.326950,6452
kuliouou - kalani iki,HI,21.297130,-157.745000,16195
kuli‘ou‘ou,HI,21.287610,-157.738960,5745
kulpmont,PA,40.793420,-76.472450,2851
kulpsville,PA,40.242880,-75.336560,8194
kuna,ID,43.491830,-116.420120,17226
kure beach,NC,33.996840,-77.907210,2091
kurtistown,HI,19.603610,-155.057220,1298
kuttawa,KY,37.058940,-88.132530,661
kutztown,PA,40.517320,-75.777420,5028
kwethluk,AK,60.810370,-161.424970,760
kykotsmovi village,AZ,35.874170,-110.623470,746
kyle,SD,43.424990,-102.176550,846
kyle,TX,29.989110,-97.877230,35733
kā‘anapali,HI,20.928810,-156.694220,1045
kēōkea,HI,20.707110,-156.354460,1612
kīhei,HI,20.764620,-156.445780,20881
kīlauea,HI,22.212080,-159.413420,2803
l'anse,MI,46.756600,-88.452910,1934
la barge,WY,42.261890,-110.194600,553
la belle,MO,40.116990,-91.912670,657
la blanca,TX,26.292850,-98.037780,2488
la cañada flintridge,CA,34.199170,-118.187850,20246
la center,KY,37.076720,-88.973680,1005
la center,WA,45.862340,-122.670380,3125
la cienega,NM,35.562810,-106.130860,3819
la conner,WA,48.388710,-122.496280,927
la coste,TX,29.310790,-98.810030,1119
la crescent,MN,43.828020,-91.304030,4826
la crescenta-montrose,CA,34.232160,-118.235290,19653
la croft,OH,40.645900,-80.597850,1144
la crosse,IN,41.317540,-86.891410,537
la crosse,KS,38.531400,-99.308720,1262
la crosse,VA,36.700140,-78.099720,589
la crosse,WI,43.801360,-91.239580,52306
la cygne,KS,38.350020,-94.761350,1111
la farge,WI,43.574700,-90.640410,768
la fargeville,NY,44.194770,-75.966050,608
la feria,TX,26.158960,-97.823890,7338
la fontaine,IN,40.673930,-85.721370,861
la grande,OR,45.324580,-118.087720,13074
la grange,IL,41.805030,-87.869230,15723
la grange,KY,38.407570,-85.378850,8619
la grange,MO,40.042820,-91.497650,939
la grange,NC,35.306830,-77.788030,2804
la grange,TX,29.905500,-96.876650,4712
la grange park,IL,41.834750,-87.861730,13608
la grulla,TX,26.269510,-98.647250,1695
la habra,CA,33.931960,-117.946170,62131
la habra heights,CA,33.960850,-117.950620,5454
la hacienda,NM,32.205990,-107.725070,725
la harpe,IL,40.583370,-90.969310,1197
la harpe,KS,37.916980,-95.299150,543
la homa,TX,26.250070,-98.363630,11985
la honda,CA,37.319110,-122.274140,928
la huerta,NM,32.442900,-104.221060,1246
la jara,CO,37.275010,-105.960300,801
la jolla,CA,32.847270,-117.274200,42808
la joya,TX,26.247020,-98.481410,4291
la junta,CO,37.985010,-103.543830,6951
la luz,NM,32.977870,-105.941930,1697
la marque,TX,29.368570,-94.971310,15908
la mesa,CA,32.767830,-117.023080,60089
la mesa,NM,32.122040,-106.707780,728
la mesilla,NM,35.948360,-106.070580,1772
la mirada,CA,33.917240,-118.012010,49520
la moille,IL,41.531700,-89.279810,701
la monte,MO,38.774180,-93.425210,1134
la palma,CA,33.846400,-118.046730,15904
la paloma,TX,26.045910,-97.667490,2903
la paz,IN,41.459770,-86.308340,555
la paz valley,AZ,33.576970,-114.241890,699
la pine,OR,43.670400,-121.503640,1777
la plata,MD,38.529290,-76.975250,9125
la plata,MO,40.023370,-92.491580,1336
la plata,NM,36.928610,-108.190350,612
la porte,IN,41.607740,-86.713890,21916
la porte,TX,29.665780,-95.019370,35148
la porte city,IA,42.314990,-92.192130,2290
la prairie,MN,47.228280,-93.489100,659
la presa,CA,32.708110,-116.997250,34169
la pryor,TX,28.941080,-99.849780,1643
la puebla,NM,35.989190,-105.996410,1186
la puente,CA,34.020010,-117.949510,40745
la puerta,TX,26.344510,-98.745030,632
la quinta,CA,33.663360,-116.310010,40476
la riviera,CA,38.566850,-121.356900,10802
la rue,OH,40.576450,-83.384640,717
la salle,CO,40.348870,-104.701910,2052
la salle,IL,41.333370,-89.091750,9609
la selva beach,CA,36.936620,-121.864680,2843
la tina ranch,TX,26.218690,-97.474710,618
la union,NM,31.950660,-106.661660,1106
la vale,MD,39.655640,-78.810580,3551
la vergne,TN,36.015620,-86.581940,34794
la verne,CA,34.100840,-117.767840,32681
la vernia,TX,29.356350,-98.115560,1261
la veta,CO,37.505010,-105.007770,759
la villa,TX,26.298680,-97.928610,2600
la villita,NM,36.103360,-106.048080,957
la vista,NE,41.183890,-96.031130,16921
labadieville,LA,29.837430,-90.956210,1854
labarque creek,MO,38.417010,-90.679890,1558
labelle,FL,26.761730,-81.438410,4753
lac du flambeau,WI,45.969670,-89.892100,1969
lacey,WA,47.034260,-122.823190,46409
lackawanna,NY,42.825610,-78.823370,17965
lackland air force base,TX,29.386630,-98.617970,9918
lacomb,OR,44.585120,-122.743420,546
lacombe,LA,30.313530,-89.943130,8679
lacon,IL,41.024760,-89.411200,1826
lacona,NY,43.643400,-76.068530,562
laconia,NH,43.527850,-71.470350,16227
lacoochee,FL,28.465830,-82.172030,1714
lacy-lakeview,TX,31.629330,-97.102780,6604
ladd,IL,41.382530,-89.218970,1241
laddonia,MO,39.242540,-91.645440,510
ladera,CA,37.399940,-122.198300,1426
ladera heights,CA,33.994180,-118.375350,6498
ladera ranch,CA,33.570860,-117.635610,22980
ladoga,IN,39.913660,-86.801120,984
ladonia,AL,32.468200,-85.079100,3142
ladonia,TX,33.424830,-95.946360,605
ladson,SC,32.985730,-80.109810,13790
ladue,MO,38.649770,-90.380670,8597
lady lake,FL,28.917490,-81.922860,14717
ladysmith,WI,45.463020,-91.104040,3188
lafayette,AL,32.899850,-85.401060,3003
lafayette,CA,37.885760,-122.118020,25843
lafayette,CO,39.993600,-105.089710,27729
lafayette,GA,34.704800,-85.281900,7173
lafayette,IN,40.416700,-86.875290,71111
lafayette,LA,30.224090,-92.019840,121374
lafayette,OR,45.244280,-123.114830,3969
lafayette,TN,36.521160,-86.026370,4991
lafayette hill,PA,40.092450,-75.253300,2150
lafitte,LA,29.666880,-90.108410,972
laflin,PA,41.288970,-75.805470,1479
lafollette,TN,36.382860,-84.119930,7456
lago vista,TX,30.460200,-97.988350,6550
lagrange,GA,33.039290,-85.031330,29588
lagrange,IN,41.641720,-85.416650,2715
lagrange,ME,45.166720,-68.844480,777
lagrange,OH,41.237280,-82.119870,2103
laguna,CA,38.421020,-121.423840,46621
laguna,NM,35.036710,-107.382820,1241
laguna beach,CA,33.542250,-117.783110,23365
laguna beach,FL,30.239650,-85.924100,3932
laguna heights,TX,26.080080,-97.253860,3488
laguna hills,CA,33.612520,-117.712830,31748
laguna niguel,CA,33.522530,-117.707550,65806
laguna park,TX,31.859320,-97.379740,1276
laguna vista,TX,26.100910,-97.290250,3212
laguna woods,CA,33.610300,-117.725330,16406
lagunitas-forest knolls,CA,38.017930,-122.691240,1819
lahaina,HI,20.875260,-156.679820,11704
lahoma,OK,36.387530,-98.089790,651
laingsburg,MI,42.890310,-84.351360,1277
lake alfred,FL,28.091960,-81.723410,5475
lake andes,SD,43.156380,-98.541470,840
lake arbor,MD,38.907890,-76.829690,9776
lake arrowhead,CA,34.248340,-117.189210,12424
lake arrowhead,ME,43.663690,-70.734780,3071
lake arthur,LA,30.080760,-92.671530,2742
lake arthur estates,PA,40.960740,-80.153550,594
lake barcroft,VA,38.847890,-77.155810,9558
lake barrington,IL,42.212520,-88.152580,4973
lake belvedere estates,FL,26.689230,-80.133380,3334
lake benton,MN,44.261080,-96.287540,657
lake bluff,IL,42.278910,-87.834240,5674
lake bosworth,WA,48.045100,-121.968460,667
lake brownwood,TX,31.824000,-99.099000,1532
lake butler,FL,28.501670,-81.540910,15400
lake camelot,IL,40.630650,-89.742100,1686
lake carmel,NY,41.461480,-73.670960,8282
lake catherine,IL,42.479190,-88.133420,1379
lake charles,LA,30.213090,-93.204400,76070
lake city,AR,35.816190,-90.434270,2324
lake city,CO,38.030000,-107.315330,367
lake city,FL,30.189680,-82.639290,12161
lake city,GA,33.606500,-84.335200,2727
lake city,IA,42.267480,-94.733870,1670
lake city,MI,44.335290,-85.215050,843
lake city,MN,44.449680,-92.268200,5027
lake city,PA,42.014220,-80.345340,2965
lake city,SC,33.871000,-79.755350,6788
lake city,TX,28.079460,-97.885830,518
lake clarke shores,FL,26.645340,-80.075880,3552
lake como,NJ,40.159840,-74.028190,1759
lake crystal,MN,44.105800,-94.218850,2527
lake dalecarlia,IN,41.330870,-87.394760,1355
lake dallas,TX,33.119290,-97.025560,7892
lake darby,OH,39.957280,-83.228800,4592
lake delton,WI,43.601090,-89.793740,2967
lake dunlap,TX,29.675780,-98.072230,1934
lake elmo,MN,44.995800,-92.879380,8406
lake elsinore,CA,33.668080,-117.327260,61981
lake erie beach,NY,42.624230,-79.066980,3872
lake evesham,MD,39.366430,-76.614040,540
lake fenton,MI,42.846140,-83.707730,5559
lake forest,CA,33.646970,-117.689220,82492
lake forest,FL,25.977590,-80.183100,5522
lake forest,IL,42.258630,-87.840630,19408
lake forest park,WA,47.756760,-122.280960,13243
lake geneva,WI,42.591680,-88.433430,7778
lake george,NY,43.426180,-73.712340,890
lake grove,NY,40.852880,-73.115110,11235
lake hallie,WI,44.875790,-91.440710,6535
lake hamilton,AR,34.424530,-93.095180,2135
lake hamilton,FL,28.044460,-81.627850,1346
lake hart,FL,28.392780,-81.240620,542
lake havasu city,AZ,34.483900,-114.322450,53553
lake helen,FL,28.980820,-81.233390,2687
lake heritage,PA,39.809540,-77.183870,1333
lake hiawatha,NJ,40.882600,-74.381540,9360
lake holiday,IL,41.612920,-88.672090,4761
lake holiday,IN,39.967060,-86.967050,910
lake hopatcong,NJ,40.948430,-74.617100,9054
lake hughes,CA,34.676930,-118.445360,649
lake in the hills,IL,42.181690,-88.330360,29024
lake isabella,CA,35.618010,-118.473140,3466
lake isabella,MI,43.643640,-84.997250,1652
lake jackson,TX,29.033860,-95.434390,27533
lake junaluska,NC,35.527880,-82.959580,2734
lake kathryn,FL,29.015260,-81.491460,920
lake katrine,NY,41.985650,-73.988190,2397
lake ketchum,WA,48.284550,-122.344040,930
lake kiowa,TX,33.577050,-97.013060,1906
lake koshkonong,WI,42.909730,-88.919550,1204
lake lac la belle,WI,43.130840,-88.544540,860
lake lakengren,OH,39.688430,-84.693470,3383
lake latonka,PA,41.290390,-80.181290,1012
lake linden,MI,47.194090,-88.407340,989
lake lorraine,FL,30.441590,-86.565230,7010
lake los angeles,CA,34.612490,-117.828120,12328
lake lotawana,MO,38.923060,-94.244110,2018
lake lucerne,FL,25.965090,-80.241440,9044
lake lure,NC,35.427900,-82.204830,1184
lake luzerne,NY,43.312850,-73.834840,1227
lake mack-forest hills,FL,29.000740,-81.423970,1010
lake magdalene,FL,28.074180,-82.471760,28509
lake marcel-stillwater,WA,47.692630,-121.915130,1277
lake mary,FL,28.758880,-81.317840,16021
lake meade,PA,39.985100,-77.037200,2563
lake michigan beach,MI,42.220870,-86.369470,1216
lake mills,IA,43.419400,-93.533270,2060
lake mills,WI,43.081390,-88.911770,5798
lake mohawk,NJ,41.018430,-74.660160,9916
lake mohawk,OH,40.666730,-81.199270,1652
lake mohegan,NY,41.317870,-73.846250,6010
lake montezuma,AZ,34.632240,-111.777930,4706
lake monticello,VA,37.923200,-78.334730,9920
lake morton-berrydale,WA,47.332510,-122.102860,10160
lake murray of richland,SC,34.120480,-81.264500,5484
lake nacimiento,CA,35.728300,-120.879630,2411
lake nebagamon,WI,46.514940,-91.699910,1058
lake norman of catawba,NC,35.586800,-80.959520,5075
lake odessa,MI,42.784760,-85.138340,2029
lake of the pines,CA,39.039620,-121.056610,3917
lake of the woods,AZ,34.163930,-109.989550,4094
lake of the woods,CA,34.817480,-118.996490,917
lake of the woods,IL,40.206420,-88.368670,2912
lake of the woods,VA,38.334220,-77.759690,7177
lake orion,MI,42.784480,-83.239660,3051
lake oswego,OR,45.420670,-122.670650,38496
lake ozark,MO,38.198640,-92.638800,1761
lake panasoffkee,FL,28.777000,-82.120000,3551
lake panorama,IA,41.711050,-94.390590,1309
lake park,FL,26.800340,-80.066430,8538
lake park,GA,30.682150,-83.179590,730
lake park,IA,43.455520,-95.320830,1137
lake park,MN,46.886350,-96.094500,779
lake park,NC,35.086260,-80.635070,3789
lake petersburg,IL,39.983580,-89.862070,719
lake placid,FL,27.298340,-81.371240,2164
lake placid,NY,44.279620,-73.981980,2465
lake pleasant,NY,43.470900,-74.412650,762
lake pocotopaug,CT,41.598430,-72.510370,3436
lake preston,SD,44.363580,-97.377290,568
lake providence,LA,32.804990,-91.170980,3715
lake purdy,AL,33.430110,-86.680540,7857
lake quivira,KS,39.040280,-94.776630,936
lake ridge,VA,38.687890,-77.297760,41058
lake ripley,WI,43.005830,-88.986220,1779
lake roesiger,WA,47.983430,-121.929290,503
lake ronkonkoma,NY,40.835100,-73.131220,20155
lake saint croix beach,MN,44.920800,-92.766870,1051
lake saint louis,MO,38.797550,-90.785680,14545
lake san marcos,CA,33.126150,-117.208370,4437
lake sarasota,FL,27.292550,-82.437600,4679
lake secession,SC,34.284550,-82.594570,1083
lake shangrila,WI,42.505300,-88.070640,861
lake shore,MD,39.107050,-76.484960,19477
lake shore,MN,46.485520,-94.360560,1023
lake shore,UT,40.121900,-111.730480,817
lake shore,WA,45.690670,-122.690930,6571
lake station,IN,41.575040,-87.238920,12054
lake stevens,WA,48.015100,-122.063740,30886
lake stickney,WA,47.876550,-122.262140,7777
lake success,NY,40.770660,-73.717630,3050
lake summerset,IL,42.454460,-89.389560,2048
lake tanglewood,TX,35.067550,-101.787130,863
lake tansi,TN,35.872850,-85.054400,3803
lake tapawingo,MO,39.021400,-94.311620,724
lake telemark,NJ,40.956770,-74.497930,1255
lake view,AL,33.280670,-87.137500,2114
lake view,IA,42.311650,-95.053320,1125
lake view,SC,34.345720,-79.165590,790
lake villa,IL,42.416970,-88.073970,8821
lake village,AR,33.328730,-91.281780,2575
lake village,IN,41.137530,-87.448640,765
lake waccamaw,NC,34.319060,-78.500010,1465
lake wales,FL,27.901410,-81.585910,15541
lake walker,MD,39.369610,-76.604340,1944
lake waukomis,MO,39.232220,-94.638010,902
lake wazeecha,WI,44.371080,-89.756510,2651
lake wildwood,CA,39.232950,-121.200510,4991
lake winnebago,MO,38.831400,-94.358560,1144
lake winola,PA,41.506740,-75.852970,748
lake wisconsin,WI,43.373600,-89.575680,4189
lake wissota,WI,44.926350,-91.300990,2738
lake worth,TX,32.804850,-97.445020,4822
lake worth beach,FL,26.617080,-80.072310,37498
lake worth corridor,FL,26.616490,-80.101020,20635
lake wylie,SC,35.108480,-81.042850,8841
lake wynonah,PA,40.599260,-76.163830,2640
lake zurich,IL,42.196970,-88.093410,19993
lakefield,MN,43.677460,-95.171660,1656
lakehills,TX,29.604670,-98.943090,5150
lakehurst,NJ,40.014560,-74.311260,2694
lakeland,FL,28.039470,-81.949800,104401
lakeland,GA,31.041040,-83.075150,3322
lakeland,MD,39.258160,-76.650800,4848
lakeland,MN,44.956360,-92.765760,1839
lakeland,NY,43.090340,-76.240480,2786
lakeland,TN,35.230640,-89.740360,12553
lakeland highlands,FL,27.959750,-81.950080,11056
lakeland north,WA,47.333430,-122.276950,12942
lakeland south,WA,47.278430,-122.283260,11574
lakeland village,CA,33.638630,-117.343930,11541
lakemont,PA,40.472850,-78.388350,1868
lakemoor,IL,42.328630,-88.198970,6015
lakemore,OH,41.020890,-81.435950,3048
lakeport,CA,39.042950,-122.915830,4807
lakeport,TX,32.409040,-94.705210,967
lakes,AK,61.607130,-149.308610,8364
lakes by the bay,FL,25.572330,-80.325330,11422
lakes of the four seasons,IN,41.410320,-87.213090,7033
lakeshire,MO,38.538660,-90.335120,1428
lakeshore,LA,32.535140,-92.029580,1930
lakeshore gardens-hidden acres,TX,28.124380,-97.861290,504
lakeside,CA,32.857270,-116.922250,20648
lakeside,FL,30.129960,-81.768150,30943
lakeside,IA,42.621370,-95.173330,700
lakeside,MT,48.019390,-114.224570,2669
lakeside,OH,41.543110,-82.749070,694
lakeside,OR,43.575670,-124.175110,1737
lakeside,TX,32.822350,-97.493350,1385
lakeside,VA,37.607650,-77.476930,11849
lakeside city,TX,33.828710,-98.545330,981
lakeside park,KY,39.035620,-84.569110,2779
lakesite,TN,35.208680,-85.126900,1865
laketon,IN,40.974210,-85.835820,623
lakeview,AR,36.368680,-92.545440,726
lakeview,CA,33.838630,-117.118090,2104
lakeview,GA,34.979240,-85.258840,4839
lakeview,LA,32.523210,-93.829350,948
lakeview,MI,42.298380,-85.211100,1115
lakeview,NY,42.432020,-75.865470,5625
lakeview,OH,40.484770,-83.923000,1047
lakeview,OR,42.188770,-120.345790,2296
lakeview,WA,47.374030,-119.502260,915
lakeview estates,GA,33.706780,-84.031580,2695
lakeville,CT,41.964540,-73.440120,928
lakeville,IN,41.524490,-86.273340,788
lakeville,MN,44.649690,-93.242720,60633
lakeville,NY,42.836450,-77.705000,756
lakeway,TX,30.363770,-97.979590,14217
lakewood,CA,33.853630,-118.133960,81611
lakewood,CO,39.704710,-105.081370,152597
lakewood,IL,42.229190,-88.355090,3843
lakewood,NJ,40.097890,-74.217640,53805
lakewood,NY,42.104220,-79.333100,2914
lakewood,OH,41.481990,-81.798190,50656
lakewood,SC,33.846830,-80.350080,3032
lakewood,TN,36.243110,-86.635550,2302
lakewood,WA,47.171760,-122.518460,59829
lakewood club,MI,43.371120,-86.260340,1288
lakewood park,FL,27.543090,-80.402270,11323
lakewood park,TN,35.648630,-86.135370,990
lakewood shores,IL,41.281700,-88.144780,1347
lakewood village,TX,33.142620,-96.969450,560
lakin,KS,37.940580,-101.254890,2202
lakota,ND,48.042780,-98.336210,646
lamar,AR,35.440640,-93.387960,1668
lamar,CO,38.087230,-102.620750,7555
lamar,MO,37.495050,-94.276610,4361
lamar,PA,41.016180,-77.531100,562
lamar,SC,34.168770,-80.062570,971
lamar,TX,28.139460,-97.005550,636
lamartine,WI,43.733320,-88.568720,1727
lambert,MS,34.201780,-90.283430,1490
lamberton,MN,44.231070,-95.264160,791
lambertville,MI,41.765880,-83.627990,9953
lambertville,NJ,40.365940,-74.942940,3833
lame deer,MT,45.623050,-106.666700,2052
lamesa,TX,32.737600,-101.950990,9427
lamoni,IA,40.622780,-93.934120,2376
lamont,CA,35.259680,-118.914270,15120
lamoure,ND,46.357190,-98.294540,914
lampasas,TX,31.063780,-98.181700,7687
lampeter,PA,39.990100,-76.239680,1669
lanai city,HI,20.827570,-156.923990,3102
lanare,CA,36.430510,-119.930970,589
lanark,IL,42.102250,-89.833450,1373
lancaster,CA,34.698040,-118.136740,161103
lancaster,KY,37.619520,-84.578000,3864
lancaster,MA,42.455650,-71.673120,7509
lancaster,MO,40.520860,-92.527970,724
lancaster,NH,44.488950,-71.569250,1725
lancaster,NY,42.900610,-78.670310,10258
lancaster,OH,39.713680,-82.599330,39766
lancaster,PA,40.037880,-76.305510,59339
lancaster,SC,34.720430,-80.770900,8956
lancaster,TX,32.592080,-96.756110,38801
lancaster,VA,37.769860,-76.466340,0
lancaster,WI,42.847490,-90.710680,3778
lancaster mill,SC,34.709310,-80.794790,1978
land o' lakes,FL,28.218900,-82.457590,31996
landen,OH,39.312000,-84.282990,6782
landenberg,PA,39.777330,-75.771330,11757
lander,WY,42.833010,-108.730670,7686
landfall,MN,44.950800,-92.976600,735
landing,NJ,40.905100,-74.665160,6436
landis,NC,35.545690,-80.610900,3116
landisville,PA,40.095370,-76.409960,1893
landmark,AR,34.611200,-92.319600,3555
landover,MD,38.934000,-76.896640,23078
landover hills,MD,38.943170,-76.892200,1811
landrum,SC,35.175110,-82.189280,2493
lanesboro,MN,43.720800,-91.976820,734
lanesborough,MA,42.517310,-73.228160,3042
lanesville,IN,38.237010,-85.985800,569
lanett,AL,32.868740,-85.190500,6452
langdon,ND,48.760000,-98.368170,1787
langdon,NH,43.167020,-72.379530,624
langdon place,KY,38.287560,-85.583150,969
langeloth,PA,40.365070,-80.413950,717
langhorne,PA,40.174550,-74.922670,1599
langhorne manor,PA,40.167050,-74.917670,1431
langley,OK,36.463970,-95.047740,821
langley,SC,33.517910,-81.844000,1447
langley,WA,48.040090,-122.406260,1077
langley park,MD,38.988720,-76.981360,18755
langston,OK,35.945050,-97.255310,1830
langston hughes,MD,39.343550,-76.680250,741
lanham,MD,38.968750,-76.863400,10157
lanham-seabrook,MD,38.968350,-76.851080,18190
lanikai,HI,21.388800,-157.714900,1841
lannon,WI,43.146120,-88.166200,1086
lansdale,PA,40.241500,-75.283790,16512
lansdowne,MD,39.245110,-76.660520,8409
lansdowne,PA,39.938170,-75.271850,10639
lansford,PA,40.831760,-75.882420,3798
lansing,IA,43.362200,-91.216520,939
lansing,IL,41.564760,-87.538930,28349
lansing,KS,39.248610,-94.900240,11767
lansing,MI,42.732530,-84.555530,112644
lansing,NY,42.484240,-76.479940,3649
lansing,OH,40.075630,-80.790090,634
lantana,FL,26.586740,-80.051990,11136
lantana,TX,33.090730,-97.124160,6874
laona,WI,45.564690,-88.674000,583
lapeer,MI,43.051420,-83.318830,8790
lapel,IN,40.068370,-85.848310,2053
laplace,LA,30.066980,-90.481470,29872
laporte,CO,40.626330,-105.139160,2450
laporte,PA,41.423970,-76.494110,307
lapwai,ID,46.404890,-116.804870,1147
laramie,WY,41.311370,-105.591100,32158
larch way,WA,47.842900,-122.252750,3318
larchmont,CA,34.079740,-118.317580,9195
larchmont,NY,40.927880,-73.751800,6132
larchwood,IA,43.453590,-96.434210,886
laredo,TX,27.506410,-99.507540,256153
larga vista,TX,27.498910,-99.430040,814
largo,FL,27.909790,-82.788420,81000
largo,MD,38.888000,-76.836000,10709
larimore,ND,47.906660,-97.626750,1313
larkfield-wikiup,CA,38.513420,-122.750940,8884
larkspur,CA,37.934090,-122.535250,12417
larksville,PA,41.245080,-75.930750,4448
larned,KS,38.180570,-99.098710,3967
larose,LA,29.572440,-90.381750,7400
las animas,CO,38.066670,-103.222710,2227
las cruces,NM,32.312320,-106.778340,101643
las flores,CA,34.037230,-118.635920,6037
las lomas,CA,36.865230,-121.734950,3024
las lomas,TX,26.364790,-98.775300,3147
las maravillas,NM,34.738150,-106.668540,1628
las palmas ii,TX,26.201710,-97.737600,1605
las quintas fronterizas,TX,28.690530,-100.468690,3290
las quintas fronterizas colonia,TX,28.691370,-100.469240,3290
las vegas,NM,35.593930,-105.223900,13386
las vegas,NV,36.174970,-115.137220,641903
lasara,TX,26.464790,-97.911110,1039
latham,NY,42.747020,-73.759010,20736
lathrop,CA,37.822700,-121.276610,20866
lathrop,MO,39.548340,-94.329950,2049
lathrup village,MI,42.496420,-83.222710,4135
latimer,MS,30.534640,-88.866700,6079
laton,CA,36.433280,-119.686800,1824
latrobe,PA,40.321180,-79.379480,8081
latta,SC,34.337100,-79.431160,1351
lattimer,PA,40.993970,-75.961310,554
lattingtown,NY,40.895380,-73.600960,1787
lauderdale,MN,44.998580,-93.205780,2506
lauderdale lakes,FL,26.166470,-80.208380,34796
lauderdale-by-the-sea,FL,26.192030,-80.096430,6460
lauderhill,FL,26.140360,-80.213380,71579
laughlin,NV,35.167780,-114.573020,7323
laughlin air force base,TX,29.356630,-100.783530,1569
launiupoko,HI,20.850000,-156.637640,588
laupāhoehoe,HI,19.986660,-155.236530,1147
lauraville,MD,39.346690,-76.571540,3759
laurel,DE,38.556500,-75.571310,4075
laurel,FL,27.143780,-82.461580,8171
laurel,IN,39.500880,-85.186350,505
laurel,MD,39.099280,-76.848310,26215
laurel,MS,31.694050,-89.130610,18837
laurel,MT,45.669120,-108.771530,6943
laurel,NE,42.429440,-97.089770,935
laurel,NY,40.969540,-72.562030,1394
laurel,VA,37.642920,-77.508870,16713
laurel bay,SC,32.450190,-80.784830,5891
laurel hill,FL,30.965740,-86.459670,582
laurel hill,NC,34.809050,-79.547830,1254
laurel hill,VA,38.716630,-77.236860,6855
laurel hollow,NY,40.856770,-73.469570,2036
laurel lake,NJ,39.339560,-75.029900,2989
laurel park,NC,35.313730,-82.493450,2314
laurel park,VA,37.643200,-77.499430,842
laurel run,PA,41.222300,-75.862970,504
laurel springs,NJ,39.820110,-75.006280,1884
laureldale,PA,40.388150,-75.917980,3883
laureles,TX,26.109240,-97.494150,3692
laurelton,NY,40.670190,-73.746590,21053
laurelville,OH,39.473400,-82.739340,517
laurence harbor,NJ,40.456770,-74.246530,6536
laurens,IA,42.846640,-94.851930,1180
laurens,SC,34.499010,-82.014260,9166
laurie,MO,38.199200,-92.833520,932
laurinburg,NC,34.774050,-79.462820,15507
laurium,MI,47.237430,-88.443170,1941
laurys station,PA,40.723150,-75.530180,1243
lavaca,AR,35.336200,-94.173260,2404
lavalette,WV,38.322860,-82.446820,1073
lavallette,NJ,39.970400,-74.068750,1807
laveen,AZ,33.362820,-112.169320,5930
lavelle,PA,40.763420,-76.382730,742
laverkin,UT,37.201090,-113.269670,4060
laverne,OK,36.709750,-99.893460,1365
lavon,TX,33.027620,-96.434150,2889
lavonia,GA,34.435940,-83.106820,2165
lawai,HI,21.921590,-159.503760,2363
lawndale,CA,33.887240,-118.352570,33430
lawndale,NC,35.414020,-81.563150,592
lawndale,PA,40.050390,-75.091560,24134
lawnside,NJ,39.866500,-75.028230,2919
lawnton,PA,40.258420,-76.803860,3813
lawrence,IN,39.838650,-86.025260,47809
lawrence,KS,38.971670,-95.235250,93917
lawrence,MA,42.707040,-71.163110,80231
lawrence,MI,42.219210,-86.051410,987
lawrence,NY,40.615660,-73.729580,6559
lawrence,PA,40.306180,-80.120610,540
lawrence park,PA,42.152280,-80.023110,3982
lawrenceburg,IN,39.090890,-84.849950,4960
lawrenceburg,KY,38.037300,-84.896620,11103
lawrenceburg,TN,35.242300,-87.334740,10569
lawrenceville,GA,33.956210,-83.987960,30493
lawrenceville,IL,38.729210,-87.681690,4427
lawrenceville,NJ,40.297330,-74.729600,3887
lawrenceville,PA,40.467570,-79.960610,638
lawrenceville,VA,36.757650,-77.846940,1078
lawson,MO,39.438340,-94.204110,2409
lawson heights,PA,40.291740,-79.389200,2194
lawtell,LA,30.518530,-92.184850,1198
lawtey,FL,30.044130,-82.071770,719
lawton,IA,42.478600,-96.183910,960
lawton,MI,42.167260,-85.846950,1866
lawton,OK,34.608690,-98.390330,96655
layhill,MD,39.092330,-77.044420,5169
laymantown,VA,37.365690,-79.857540,1979
layton,UT,41.060220,-111.971050,74143
laytonville,CA,39.688210,-123.482790,1227
lazy acres,CO,40.093320,-105.332770,920
lazy mountain,AK,61.626110,-148.945560,1479
le center,MN,44.389410,-93.730230,2459
le claire,IA,41.598640,-90.343460,3982
le grand,CA,37.228550,-120.248230,1659
le grand,IA,42.006930,-92.775480,946
le mars,IA,42.794160,-96.165580,9761
le roy,IL,40.351980,-88.764240,3582
le roy,MN,43.509690,-92.503790,921
le roy,NY,42.978390,-77.984180,4288
le sueur,MN,44.461350,-93.915240,3999
lea hill,WA,47.326210,-122.181510,13182
leachville,AR,35.935910,-90.257880,1868
lead,SD,44.352210,-103.765200,2999
leadville,CO,39.250820,-106.292520,2644
leadville north,CO,39.257600,-106.301380,1794
leadwood,MO,37.867270,-90.593180,1236
league city,TX,29.507450,-95.094930,98312
leakesville,MS,31.155740,-88.557800,880
leakey,TX,29.728840,-99.761450,424
lealman,FL,27.821140,-82.679270,19879
leander,TX,30.578810,-97.853070,59202
leary,GA,31.485730,-84.513800,589
leavenworth,KS,39.311110,-94.922460,35980
leavenworth,WA,47.596230,-120.661480,2002
leavittsburg,OH,41.247830,-80.877030,1973
leawood,KS,38.966670,-94.616900,34579
leawood,MO,37.037010,-94.496890,676
lebanon,IL,38.603940,-89.807320,4467
lebanon,IN,40.048370,-86.469170,15892
lebanon,KY,37.569790,-85.252740,5680
lebanon,ME,43.394530,-70.850890,5446
lebanon,MO,37.680600,-92.663790,14688
lebanon,NH,43.642290,-72.251760,13579
lebanon,NJ,40.641770,-74.836000,1671
lebanon,OH,39.435340,-84.202990,20623
lebanon,OR,44.536510,-122.907030,16324
lebanon,PA,40.340930,-76.411350,25534
lebanon,TN,36.208110,-86.291100,30262
lebanon,VA,36.900940,-82.080130,3342
lebanon junction,KY,37.834510,-85.731900,1917
lebanon south,PA,40.328040,-76.406440,2270
lebec,CA,34.841640,-118.864820,1468
lebo,KS,38.416680,-95.853040,905
lecanto,FL,28.851650,-82.487600,5882
lechee,AZ,35.032240,-110.752910,1443
lecompte,LA,31.094630,-92.400410,1189
lecompton,KS,39.044440,-95.394700,640
ledbetter,KY,37.047560,-88.476990,1683
ledyard,CT,41.439820,-72.014240,15212
lee,MA,42.304250,-73.248160,2051
lee,ME,45.360060,-68.286410,879
lee,NH,43.123140,-71.011450,4500
lee acres,NM,35.148660,-106.646970,5858
lee's summit,MO,38.910840,-94.382170,95094
leechburg,PA,40.627010,-79.605600,2069
leeds,AL,33.548160,-86.544430,11936
leeds,ME,44.303400,-70.119500,2080
leeds,UT,37.238590,-113.359120,842
leesburg,AL,34.179820,-85.761360,1014
leesburg,FL,28.810820,-81.877860,21993
leesburg,GA,31.732120,-84.170740,2983
leesburg,IN,41.331990,-85.849990,558
leesburg,OH,39.345060,-83.552970,1294
leesburg,VA,39.115660,-77.563600,51209
leesport,PA,40.447040,-75.966320,1883
leesville,LA,31.143520,-93.261000,6333
leesville,SC,33.916530,-81.513440,2235
leeton,MO,38.583070,-93.694660,563
leetonia,OH,40.877280,-80.755360,1904
leetsdale,PA,40.563120,-80.208390,1199
lefors,TX,35.436440,-100.805700,507
legend lake,WI,44.890950,-88.544060,1525
lehi,UT,40.391620,-111.850770,58486
lehigh acres,FL,26.625350,-81.624800,86784
lehighton,PA,40.833700,-75.713800,5314
leicester,MA,42.245930,-71.908680,11064
leicester,VT,43.866730,-73.107890,1114
leighton,AL,34.700920,-87.528920,712
leilani estates,HI,19.469720,-154.917780,1560
leipsic,OH,41.098380,-83.984670,2032
leisure city,FL,25.495390,-80.429220,26324
leisure knoll,NJ,40.019010,-74.292090,2490
leisure village,NJ,40.042620,-74.184860,4400
leisure village east,NJ,40.030120,-74.164310,4217
leisure village west-pine lake park,NJ,40.004160,-74.266290,3493
leisure world,MD,39.102300,-77.068980,8749
leisuretowne,NJ,39.892340,-74.702100,3582
leitchfield,KY,37.480050,-86.293860,6873
leitersburg,MD,39.692600,-77.622770,573
leith-hatfield,PA,39.877440,-79.731330,2546
leland,IL,41.612530,-88.799520,943
leland,MI,45.023050,-85.759810,377
leland,MS,33.405390,-90.897600,4188
leland,NC,34.256280,-78.044710,17924
leland grove,IL,39.777000,-89.679270,1523
lely,FL,26.100650,-81.728420,3451
lely resort,FL,26.080930,-81.697860,4646
lemannville,LA,30.109370,-90.920380,860
lemay,MO,38.533390,-90.279280,16645
leming,TX,29.073020,-98.484180,946
lemmon,SD,45.940830,-102.159320,1232
lemmon valley,NV,39.636020,-119.843250,5040
lemon grove,CA,32.742550,-117.031420,26709
lemon grove,FL,27.558370,-81.678140,657
lemont,IL,41.673640,-88.001730,16788
lemont,PA,40.810620,-77.818330,2270
lemont furnace,PA,39.914240,-79.669760,827
lemoore,CA,36.300780,-119.782910,25647
lemoore station,CA,36.263260,-119.904760,7438
lemoyne,PA,40.241200,-76.894140,4636
lempster,NH,43.238410,-72.210640,1034
lena,IL,42.379460,-89.822340,2800
lena,WI,44.951100,-88.046770,548
lenape heights,PA,40.764230,-79.520600,1167
lenexa,KS,38.953620,-94.733570,52490
lenkerville,PA,40.533970,-76.959140,550
lennon,MI,42.984450,-83.930020,501
lennox,CA,33.938070,-118.352580,22753
lennox,SD,43.354150,-96.892000,2272
lenoir,NC,35.914020,-81.538980,17888
lenoir city,TN,35.797300,-84.256030,9091
lenox,GA,31.271580,-83.464880,852
lenox,IA,40.881650,-94.561910,1385
lenox,MA,42.356480,-73.284830,1675
lents,OR,45.479840,-122.567310,20156
lenwood,CA,34.876650,-117.103930,3543
leo-cedarville,IN,41.212550,-85.016640,3842
leola,AR,34.169540,-92.590990,503
leola,PA,40.087870,-76.184950,7214
leola,SD,45.722750,-98.940940,440
leominster,MA,42.525090,-71.759790,41569
leon,IA,40.739720,-93.747720,1903
leon,KS,37.690300,-96.782250,701
leon valley,TX,29.495230,-98.618630,11174
leona valley,CA,34.618320,-118.288130,1607
leonard,TX,33.379550,-96.247480,1970
leonardo,NJ,40.417330,-74.062080,2757
leonardtown,MD,38.291240,-76.635790,3633
leonia,NJ,40.861490,-73.988190,9219
leonville,LA,30.470470,-91.978450,1101
leoti,KS,38.479740,-101.358770,1484
lepanto,AR,35.611190,-90.329820,1834
leroy,AL,31.504610,-87.984720,911
leroy,KS,38.083920,-95.634430,548
lesage,WV,38.506470,-82.298480,1358
leslie,MI,42.451430,-84.432470,1866
lesslie,SC,34.890700,-80.956470,3112
lester prairie,MN,44.883850,-94.041640,1686
leupp,AZ,35.298070,-111.006250,951
levan,UT,39.558570,-111.861870,871
levant,ME,44.869240,-68.934760,2257
level green,PA,40.393400,-79.720320,4020
level park-oak park,MI,42.364180,-85.266500,3409
level plains,AL,31.299620,-85.777990,2023
levelland,TX,33.587320,-102.377960,13914
leverett,MA,42.452030,-72.501480,1692
levindale,MD,39.352960,-76.664660,1077
levittown,NY,40.725930,-73.514290,51881
levittown,PA,40.155110,-74.828770,52983
lewes,DE,38.774560,-75.139350,3010
lewis center,OH,40.198400,-83.010180,11261
lewis run,PA,41.870900,-78.661420,596
lewisburg,KY,36.986430,-86.947220,807
lewisburg,OH,39.846160,-84.539670,1770
lewisburg,PA,40.964530,-76.884410,5774
lewisburg,TN,35.449240,-86.788890,11480
lewisburg,WV,37.801790,-80.445630,3949
lewisport,KY,37.937000,-86.902210,1698
lewiston,CA,40.707370,-122.807520,1193
lewiston,ID,46.416550,-117.017660,32544
lewiston,ME,44.100350,-70.214780,36202
lewiston,MI,44.883900,-84.305570,1392
lewiston,MN,43.984410,-91.869320,1571
lewiston,NY,43.172560,-79.035880,2596
lewiston,UT,41.975760,-111.856340,1768
lewiston orchards,ID,46.380440,-116.975430,31422
lewiston woodville,NC,36.122930,-77.176630,508
lewistown,IL,40.393100,-90.154840,2261
lewistown,MO,40.086150,-91.813220,529
lewistown,MT,47.062470,-109.428240,5874
lewistown,PA,40.599240,-77.571380,8271
lewisville,AR,33.358460,-93.577680,1181
lewisville,NC,36.097080,-80.419220,13567
lewisville,TX,33.046230,-96.994170,104039
lewisville,WA,45.809840,-122.523150,1722
lexington,AL,34.969250,-87.371130,723
lexington,GA,33.869840,-83.111820,227
lexington,IL,40.641420,-88.783400,2059
lexington,KY,37.988690,-84.477720,320347
lexington,MA,42.447320,-71.224500,31394
lexington,MI,43.268080,-82.530760,1128
lexington,MN,45.142470,-93.163280,2049
lexington,MO,39.184730,-93.879940,4598
lexington,MS,33.113180,-90.053140,1609
lexington,NC,35.824030,-80.253380,19326
lexington,NE,40.780840,-99.741500,10075
lexington,OH,40.678670,-82.582390,4731
lexington,OK,35.014790,-97.335580,2161
lexington,SC,33.981540,-81.236210,20138
lexington,TN,35.650900,-88.393380,7822
lexington,TX,30.419100,-97.011650,1181
lexington,VA,37.784020,-79.442820,7262
lexington hills,CA,37.164670,-121.973010,2421
lexington park,MD,38.266790,-76.453840,11626
lexington park,PA,40.053440,-75.046280,4244
lexington-fayette,KY,38.049800,-84.458550,314488
leyden,MA,42.700080,-72.630090,785
libby,MT,48.388290,-115.556000,2645
liberal,KS,37.043080,-100.921000,20746
liberal,MO,37.558100,-94.519960,721
liberty,IL,39.879490,-91.107920,513
liberty,IN,39.635600,-84.931070,2038
liberty,KY,37.318410,-84.939400,2160
liberty,ME,44.389240,-69.302820,964
liberty,MO,39.246110,-94.419120,30450
liberty,MS,31.158230,-90.812320,694
liberty,NC,35.853470,-79.571690,2683
liberty,NY,41.801200,-74.746550,4134
liberty,PA,40.325350,-79.856160,2520
liberty,SC,34.787890,-82.692360,3246
liberty,TX,30.057990,-94.795480,9039
liberty,UT,41.333550,-111.863550,1257
liberty,WI,43.516360,-90.734020,558
liberty center,OH,41.443380,-84.008830,1154
liberty city,TX,32.445430,-94.948550,2351
liberty hill,TX,30.664910,-97.922520,1389
liberty lake,WA,47.675910,-117.118210,8906
libertytown,MD,39.485100,-77.240260,950
libertyville,IL,42.283080,-87.953130,20436
licking,MO,37.499490,-91.857100,3115
lidgerwood,ND,46.075520,-97.151760,629
lido beach,NY,40.588990,-73.625410,2897
light oak,NC,35.284850,-81.476750,691
light street,PA,41.036200,-76.423560,1093
lighthouse point,FL,26.275640,-80.087270,11104
ligonier,IN,41.465880,-85.587480,4405
ligonier,PA,40.243130,-79.237530,1540
lihue,HI,21.981210,-159.372100,6455
lilbourn,MO,36.592280,-89.615360,1137
lilburn,GA,33.890100,-84.142970,12655
lilesville,NC,34.967650,-79.984500,505
liliha - kapalama,HI,21.337350,-157.854180,24953
lillian,AL,30.412980,-87.436920,1330
lillington,NC,35.399330,-78.815850,3476
lilly,PA,40.425910,-78.620020,929
lily lake,IL,41.948920,-88.477860,1032
lilydale,MN,44.916080,-93.126050,872
lima,NY,42.904790,-77.611390,2095
lima,OH,40.742550,-84.105230,37873
lima,PA,39.917330,-75.440470,2735
lime lake,NY,42.434510,-78.479740,867
lime ridge,PA,41.027860,-76.339380,890
limerick,ME,43.688410,-70.793670,2329
limerick,PA,40.230930,-75.522120,18074
limestone,IL,41.132370,-87.968400,1563
limestone,ME,46.908660,-67.825850,1075
limestone,OK,36.315930,-95.749150,629
limestone creek,FL,26.942840,-80.141150,1014
limington,ME,43.731740,-70.710890,3538
limon,CO,39.263880,-103.692170,1911
lincoln,AL,33.613160,-86.118310,6524
lincoln,AR,35.949530,-94.423550,2431
lincoln,CA,38.891560,-121.293010,49757
lincoln,ID,43.512970,-111.964410,3647
lincoln,IL,40.148380,-89.364820,13966
lincoln,KS,39.040840,-98.144770,1274
lincoln,MA,42.425930,-71.303950,8197
lincoln,ME,45.362280,-68.505020,2884
lincoln,MO,38.390860,-93.334650,1173
lincoln,MT,46.954940,-112.681710,1013
lincoln,ND,46.762490,-100.700400,3519
lincoln,NE,40.800000,-96.666960,294757
lincoln,NH,44.045620,-71.670080,993
lincoln,PA,40.318960,-79.854770,1061
lincoln,RI,41.921110,-71.435000,21670
lincoln,VT,44.105890,-72.997060,1268
lincoln beach,OR,44.850390,-124.046780,2045
lincoln city,OR,44.958160,-124.017890,8536
lincoln heights,DC,38.894560,-76.928860,8858
lincoln heights,OH,40.771450,-82.484330,3831
lincoln park,CO,38.429160,-105.219990,3546
lincoln park,GA,32.867910,-84.330470,833
lincoln park,IL,41.921700,-87.647830,66959
lincoln park,MI,42.250590,-83.178540,37012
lincoln park,NJ,40.924270,-74.302090,10405
lincoln park,NY,41.950650,-73.994030,2366
lincoln park,PA,40.314810,-75.985490,1615
lincoln square,IL,41.975870,-87.689220,40761
lincoln village,CA,38.005200,-121.328280,4381
lincoln village,OH,39.954790,-83.130740,9032
lincolndale,NY,41.322870,-73.718190,1521
lincolnia,VA,38.818450,-77.143310,22855
lincolnshire,IL,42.190020,-87.908400,7282
lincolnton,GA,33.792350,-82.479020,1479
lincolnton,NC,35.473750,-81.254530,10900
lincolnville,ME,44.281190,-69.008650,2123
lincolnville,SC,33.006840,-80.155370,1211
lincolnwood,IL,42.004480,-87.730060,12646
lincroft,NJ,40.330670,-74.120970,6135
lind,WA,46.972090,-118.615270,567
linda,CA,39.127670,-121.550800,17773
lindale,GA,34.186760,-85.174670,4191
lindale,TX,32.515700,-95.409400,5692
linden,AL,32.306250,-87.798070,2025
linden,AZ,34.285040,-110.157060,2597
linden,CA,38.021310,-121.083830,1784
linden,IN,40.188090,-86.903900,756
linden,MI,42.814470,-83.782450,3839
linden,NJ,40.622050,-74.244590,42021
linden,TN,35.617290,-87.839470,908
linden,TX,33.012350,-94.365470,1979
linden,WI,42.917770,-90.273460,538
lindenhurst,IL,42.410580,-88.026190,14408
lindenhurst,NY,40.686770,-73.373450,27277
lindenwold,NJ,39.824280,-74.997670,17613
lindley,NY,42.028410,-77.139690,1954
lindon,UT,40.343290,-111.720760,10810
lindsay,CA,36.203010,-119.088160,13217
lindsay,OK,34.834800,-97.602530,2830
lindsay,TX,33.635940,-97.222790,1078
lindsborg,KS,38.573620,-97.674480,3383
lindstrom,MN,45.389410,-92.847990,4401
linesville,PA,41.656170,-80.423960,997
lineville,AL,33.310670,-85.754410,2319
linganore,MD,39.411000,-77.302000,8543
linglestown,PA,40.333980,-76.789140,6334
linn,MO,38.485870,-91.850450,1429
linn,TX,26.560060,-98.121950,801
linn valley,KS,38.377520,-94.709400,806
linnell camp,CA,36.308890,-119.222580,849
linneus,ME,46.038670,-67.960020,927
linneus,MO,39.878630,-93.188820,270
linntown,PA,40.958970,-76.899130,1489
lino lakes,MN,45.160240,-93.088830,21050
linthicum,MD,39.205110,-76.652750,10324
linton,IN,39.034770,-87.165850,5284
linton,ND,46.266660,-100.232890,1039
linton hall,VA,38.759840,-77.574990,35725
linwood,NJ,39.339840,-74.575160,6973
linwood,PA,39.826500,-75.425470,3281
lionville,PA,40.053720,-75.659930,6189
lipscomb,AL,33.425660,-86.926660,2155
lisbon,CT,41.603990,-72.011740,4234
lisbon,IA,41.921120,-91.385450,2202
lisbon,ME,44.031460,-70.104500,9392
lisbon,ND,46.441630,-97.681210,2145
lisbon,NH,44.213400,-71.910920,980
lisbon,OH,39.860890,-83.635200,2845
lisbon falls,ME,43.996190,-70.060610,4100
lisle,IL,41.801140,-88.074790,22964
lisman,AL,32.168760,-88.282530,505
litchfield,CT,41.747320,-73.188720,1215
litchfield,IL,39.175330,-89.654260,6897
litchfield,MI,42.043930,-84.757460,1347
litchfield,MN,45.127180,-94.528050,6657
litchfield,NH,42.844250,-71.479790,8307
litchfield park,AZ,33.493370,-112.357940,5533
lithia springs,GA,33.794000,-84.660490,15491
lithonia,GA,33.712330,-84.105190,2022
lithopolis,OH,39.802840,-82.806280,1351
lititz,PA,40.157320,-76.306900,9225
little canada,MN,45.026910,-93.087720,10319
little chute,WI,44.279990,-88.318440,11026
little cottonwood creek valley,UT,40.604390,-111.829380,8285
little elm,TX,33.162620,-96.937510,38341
little falls,ME,43.731470,-70.427550,708
little falls,MN,45.976350,-94.362500,8649
little falls,NJ,40.868990,-74.208200,10688
little falls,NY,43.043400,-74.859600,4787
little ferry,NJ,40.852880,-74.042080,10963
little flock,AR,36.385910,-94.135200,2748
little havana,FL,25.768060,-80.233060,53430
little italy,MD,39.286770,-76.601080,674
little neck,NY,40.762890,-73.732250,10049
little river,KS,38.398070,-98.012000,544
little river,SC,33.873230,-78.614180,8960
little river-academy,TX,30.986290,-97.358610,1959
little rock,AR,34.746480,-92.289590,202591
little rock,MN,47.868010,-95.110550,1208
little rock air force base,AR,34.891490,-92.159550,1291
little round lake,WI,45.964950,-91.367950,1081
little silver,NJ,40.336780,-74.047080,5913
little valley,NY,42.252560,-78.805590,1105
littlefield,TX,33.917310,-102.324900,6090
littlefork,MN,48.398830,-93.555720,622
littlerock,CA,34.521100,-117.983680,1377
littlestown,PA,39.744540,-77.088040,4478
littleton,CO,39.613320,-105.016650,46368
littleton,ME,46.230880,-67.841130,993
littleton,NC,36.434590,-77.911930,646
littleton,NH,44.306170,-71.770090,4412
littleton common,MA,42.545930,-71.474510,2789
littletown,AZ,32.130360,-110.872870,873
littleville,AL,34.590650,-87.676970,990
live oak,CA,36.983560,-121.980520,17158
live oak,FL,30.294950,-82.984020,6931
live oak,TX,29.565230,-98.336400,15346
livermore,CA,37.681870,-121.768010,88126
livermore,KY,37.493100,-87.131940,1354
livermore,ME,44.383960,-70.249220,2190
livermore falls,ME,44.475340,-70.188110,1594
liverpool,NY,43.106460,-76.217700,2294
liverpool,PA,40.574810,-76.989150,962
liverpool,TX,29.294960,-95.278820,501
livingston,AL,32.584300,-88.187250,3414
livingston,CA,37.386880,-120.723530,13902
livingston,IL,38.967550,-89.763980,827
livingston,LA,30.502130,-90.747870,1917
livingston,MT,45.662440,-110.561040,7302
livingston,NJ,40.795930,-74.314870,27853
livingston,TN,36.383400,-85.323020,4071
livingston,TX,30.711030,-94.932990,5172
livingston,WI,42.899990,-90.430960,650
livingston manor,NY,41.900370,-74.828220,1221
livingston wheeler,NM,32.390690,-104.203160,609
livonia,LA,30.559080,-91.555940,1410
livonia,MI,42.368370,-83.352710,94635
livonia,NY,42.821450,-77.668610,1351
llano,TX,30.759350,-98.675040,3341
llano grande,TX,26.129800,-97.968060,3008
lloyd harbor,NY,40.903430,-73.459840,3690
loa,UT,38.402760,-111.642960,588
loami,IL,39.675610,-89.846770,754
lobelville,TN,35.772010,-87.783910,898
loch lloyd,MO,38.831060,-94.597740,704
loch lomond,VA,38.786230,-77.478040,3701
loch lynn heights,MD,39.393150,-79.373100,536
loch raven,MD,39.361420,-76.581830,5611
lochbuie,CO,40.007210,-104.716080,5390
lochearn,MD,39.340660,-76.722190,25333
lochmoor waterway estates,FL,26.644240,-81.909810,4204
lochsloy,WA,48.051490,-122.032080,2533
lock haven,PA,41.137010,-77.446930,9604
lockeford,CA,38.163530,-121.149940,3233
lockesburg,AR,33.967340,-94.168530,741
lockhart,AL,31.010460,-86.349670,519
lockhart,FL,28.619440,-81.442570,13060
lockhart,TX,29.884940,-97.670000,13446
lockland,OH,39.229220,-84.457720,3426
lockney,TX,34.124520,-101.441550,1689
lockport,IL,41.589480,-88.057840,25175
lockport,LA,29.646050,-90.539250,2531
lockport,NY,43.170610,-78.690310,20624
lockport heights,LA,29.650490,-90.546470,1286
lockwood,MO,37.385600,-93.953270,905
lockwood,MT,45.819120,-108.414860,6797
locust,NC,35.259870,-80.425340,2966
locust fork,AL,33.907600,-86.615270,1192
locust grove,GA,33.345950,-84.109080,5790
locust grove,OK,36.200090,-95.167740,1406
locust point,MD,39.269450,-76.592040,2893
locust point industrial area,MD,39.267560,-76.591760,955
locust valley,NY,40.875930,-73.597070,3406
lodi,CA,38.130200,-121.272450,64596
lodi,NJ,40.882320,-74.083200,24835
lodi,OH,41.033390,-82.012090,2768
lodi,WI,43.313880,-89.526510,3052
lofall,WA,47.811920,-122.658410,2289
log cabin,TX,32.222370,-96.021910,717
log lane village,CO,40.270540,-103.829670,873
logan,IA,41.643050,-95.788900,1465
logan,KS,39.661670,-99.570390,554
logan,NM,35.365330,-103.410790,966
logan,OH,39.540070,-82.407100,7117
logan,PA,40.028450,-75.151570,21926
logan,UT,41.735490,-111.834390,50371
logan,WV,37.848710,-81.993460,1649
logan elm village,OH,39.569780,-82.951850,1118
logan square,IL,41.923370,-87.699220,73702
logan square,PA,39.955690,-75.170540,11213
logansport,IN,40.754480,-86.356670,17793
logansport,LA,31.975450,-93.997970,1564
loganville,GA,33.839000,-83.900740,11248
loganville,PA,39.855660,-76.707470,1232
loghill village,CO,38.195270,-107.779500,521
loleta,CA,40.640960,-124.225330,783
lolita,TX,28.839430,-96.542470,555
lolo,MT,46.758810,-114.080940,3892
loma,CO,39.195810,-108.813160,1293
loma linda,CA,34.048350,-117.261150,24045
loma linda,MO,36.991180,-94.587170,784
loma rica,CA,39.311830,-121.417740,2368
lombard,IL,41.880030,-88.007840,43797
lometa,TX,31.217110,-98.393370,849
lomira,WI,43.591380,-88.443710,2384
lomita,CA,33.792240,-118.315070,20785
lompico,CA,37.105500,-122.052740,1137
lompoc,CA,34.639150,-120.457940,44164
lonaconing,MD,39.565920,-78.980300,1144
london,AR,35.328970,-93.252960,1046
london,CA,36.476060,-119.443180,1869
london,KY,37.128980,-84.083260,8126
london,OH,39.886450,-83.448250,10060
londonderry,NH,42.865090,-71.373950,11037
londonderry,VT,43.226460,-72.806490,1742
londontowne,MD,38.933450,-76.549410,8018
lone grove,OK,34.175370,-97.262790,5213
lone jack,MO,38.870840,-94.173830,1124
lone oak,TN,35.200630,-85.364130,1206
lone oak,TX,32.996780,-95.940250,628
lone pine,CA,36.606260,-118.064620,2035
lone rock,WI,43.183320,-90.197900,852
lone star,TX,33.785660,-95.387730,1631
lone tree,CO,39.551710,-104.886300,13175
lone tree,IA,41.488080,-91.425990,1415
long beach,CA,33.766960,-118.189230,474140
long beach,IN,41.738930,-86.856970,1162
long beach,MD,38.460960,-76.468840,1821
long beach,MS,30.350480,-89.152820,15555
long beach,NC,33.910450,-78.117770,5618
long beach,NY,40.588440,-73.657910,33550
long beach,WA,46.352320,-124.054320,1364
long branch,NJ,40.304280,-73.992360,30941
long creek,IL,39.811980,-88.847570,1302
long grove,IA,41.697530,-90.582640,844
long grove,IL,42.178360,-87.997850,8166
long hill,CT,41.353990,-72.052300,4205
long island city,NY,40.744820,-73.948750,25595
long lake,IL,42.370850,-88.127580,3515
long lake,MN,44.986630,-93.571620,1800
long lake,NY,43.972840,-74.421000,547
long neck,DE,38.620110,-75.150740,1980
long prairie,MN,45.974690,-94.865580,3347
long valley,NJ,40.785930,-74.780160,1879
longboat key,FL,27.412540,-82.658990,7266
longbranch,WA,47.208980,-122.756800,3784
longfellow community,MN,44.942560,-93.225570,29295
longmeadow,MA,42.050100,-72.582870,15784
longmont,CO,40.167210,-105.101930,92088
longport,NJ,39.314280,-74.524880,886
longtown,OK,35.245380,-95.512760,2739
longview,NC,35.729300,-81.383420,4871
longview,TX,32.500700,-94.740490,82287
longview,WA,46.138170,-122.938170,36848
longview heights,WA,46.180390,-122.957060,3851
longville,LA,30.605200,-93.231830,635
longwood,FL,28.703050,-81.338400,14085
longwood - winton grove,CA,37.659340,-122.109260,6700
lonoke,AR,34.783980,-91.899860,4249
lonsdale,MN,44.480240,-93.428560,3843
loogootee,IN,38.676990,-86.914170,2722
lookingglass,OR,43.178450,-123.486190,855
lookout mountain,GA,34.977580,-85.357740,1579
lookout mountain,TN,34.994240,-85.349400,1884
loomis,CA,38.821290,-121.193000,6836
loon lake,WA,48.061560,-117.632730,783
lopatcong overlook,NJ,40.697400,-75.145300,734
lopezville,TX,26.238130,-98.159730,4333
lorain,OH,41.452820,-82.182370,63647
lorain,PA,40.298960,-78.892250,723
loraine,TX,32.411230,-100.712330,603
lorane,PA,40.288430,-75.854650,4236
lordsburg,NM,32.350360,-108.708660,2531
lordstown,OH,41.165610,-80.857580,3300
loreauville,LA,30.056590,-91.737060,899
lorena,TX,31.386560,-97.215560,1737
lorenz park,NY,42.263700,-73.768460,2053
lorenzo,TX,33.670640,-101.535160,1171
loretto,KY,37.635340,-85.400800,722
loretto,MN,45.054690,-93.635520,668
loretto,PA,40.503130,-78.630300,1376
loretto,TN,35.077860,-87.439740,1747
loris,SC,34.056280,-78.890300,2591
lorton,VA,38.704280,-77.227760,18610
los alamitos,CA,33.803070,-118.072560,11449
los alamos,CA,34.744430,-120.278210,1890
los alamos,NM,35.888080,-106.306970,12019
los altos,CA,37.385220,-122.114130,30671
los altos hills,CA,37.379660,-122.137460,8419
los angeles,CA,34.052230,-118.243680,3820914
los banos,CA,37.058280,-120.849920,37457
los berros,CA,35.078870,-120.542670,641
los chavez,NM,34.725710,-106.757260,5446
los fresnos,TX,26.071740,-97.476370,6582
los gatos,CA,37.226610,-121.974680,30705
los indios,TX,26.049240,-97.744990,1114
los luceros,NM,36.109740,-106.046970,906
los lunas,NM,34.806170,-106.733360,15336
los molinos,CA,40.021270,-122.100270,2037
los olivos,CA,34.667760,-120.114870,1132
los osos,CA,35.311090,-120.832400,14276
los ranchos de albuquerque,NM,35.161990,-106.642800,6063
los serranos,CA,33.972790,-117.708110,7099
lost city,OK,35.987870,-95.136350,767
lost creek,TX,30.295480,-97.844450,4509
lost hills,CA,35.616350,-119.694290,2412
lost nation,IL,41.911140,-89.366770,708
lott,TX,31.203510,-97.036660,726
loudon,NH,43.285640,-71.467290,559
loudon,TN,35.732850,-84.333810,5731
loudonville,OH,40.635340,-82.233210,2625
loudoun valley estates,VA,38.980810,-77.507900,3656
loughman,FL,28.241960,-81.566740,2680
louisa,KY,38.114250,-82.603210,2455
louisa,VA,38.025140,-78.004160,1621
louisburg,KS,38.619460,-94.680790,4276
louisburg,NC,36.099040,-78.301110,3553
louise,TX,29.111370,-96.403300,995
louisiana,MO,39.448940,-91.051530,3296
louisville,CO,39.977760,-105.131930,20396
louisville,GA,33.001540,-82.411240,2358
louisville,IL,38.772270,-88.502550,1116
louisville,KY,38.254240,-85.759410,624444
louisville,MS,33.123740,-89.055060,6314
louisville,NE,40.997780,-96.162240,1174
louisville,OH,40.837280,-81.259550,9126
louisville,TN,35.821750,-84.047960,4092
loup city,NE,41.275570,-98.966750,1012
lovejoy,GA,33.436220,-84.314370,6487
lovelady,TX,31.126850,-95.445500,620
loveland,CO,40.397760,-105.074980,75182
loveland,OH,39.268950,-84.263830,12585
loveland park,OH,39.299780,-84.263270,1523
lovell,ME,44.126740,-70.891730,1013
lovell,WY,44.837450,-108.389560,2422
lovelock,NV,40.179350,-118.473480,1878
loves park,IL,42.320020,-89.058160,23455
lovettsville,VA,39.272600,-77.636660,1934
lovilia,IA,41.135840,-92.904090,519
loving,NM,32.286230,-104.095770,1409
lovingston,VA,37.759860,-78.870860,520
lovington,IL,39.715590,-88.632560,1108
lovington,NM,32.944010,-103.348550,11800
low mountain,AZ,35.940280,-110.113460,757
lowden,IA,41.857520,-90.928200,770
lowell,AR,36.255350,-94.130760,8549
lowell,IN,41.291420,-87.420590,9450
lowell,MA,42.633420,-71.316170,110699
lowell,MI,42.933640,-85.341960,3906
lowell,NC,35.267920,-81.102850,3649
lowell,OH,39.529800,-81.506230,548
lowell,OR,43.918460,-122.783680,1087
lowellville,OH,41.035340,-80.536460,1107
lower aiea,HI,21.378520,-157.932240,4921
lower allen,PA,40.226480,-76.900530,6694
lower allston,MA,42.364650,-71.125830,6570
lower brule,SD,44.078880,-99.581500,613
lower burrell,PA,40.553120,-79.757270,11761
lower grand lagoon,FL,30.144090,-85.750760,3881
lower lake,CA,38.910450,-122.610260,1294
lower mccully,HI,21.290050,-157.828590,2912
lower moyamensing,PA,39.919560,-75.164750,16481
lower palolo,HI,21.292790,-157.801750,3257
lower pawaa,HI,21.298490,-157.840400,3941
lower pearl city,HI,21.402930,-157.957580,2005
lower waiau,HI,21.395940,-157.965070,2897
lower west side,IL,41.854200,-87.665610,34410
lower wilhelmina,HI,21.281550,-157.794370,3039
lowes island,VA,39.059830,-77.352210,10756
lowesville,NC,35.417080,-81.011190,2945
lowry city,MO,38.140030,-93.726880,624
lowry crossing,TX,33.154840,-96.547210,1780
lowville,NY,43.786740,-75.491850,3416
loxahatchee groves,FL,26.683680,-80.279770,3397
loxley,AL,30.618250,-87.753050,1785
loyal,WI,44.736910,-90.495970,1239
loyalhanna,PA,40.322570,-79.362260,3428
loyall,KY,36.852030,-83.354070,654
loyalton,CA,39.676290,-120.241040,702
loyola,CA,37.351330,-122.100520,3261
loyola/notre dame,MD,39.349300,-76.621160,2986
lubbock,TX,33.577860,-101.855170,249042
lubeck,WV,39.235350,-81.631240,1311
lucama,NC,35.645440,-78.009710,1132
lucas,OH,40.705060,-82.418220,604
lucas,TX,33.084290,-96.576660,6883
lucas valley-marinwood,CA,38.040110,-122.575500,6094
lucasville,OH,38.879520,-82.996840,2757
lucedale,MS,30.925190,-88.590020,3011
lucerne,CA,36.380780,-119.664300,3443
lucerne,WY,43.734960,-108.176490,535
lucerne mines,PA,40.558960,-79.151150,937
lucerne valley,CA,34.443890,-116.967810,5811
luck,WI,45.576070,-92.482700,1071
luckey,OH,41.450610,-83.487430,1050
ludington,MI,43.955280,-86.452580,8058
ludlow,KY,39.092560,-84.547440,4551
ludlow,MA,42.160090,-72.475920,22201
ludlow,PA,39.972060,-75.146290,2060
ludlow,VT,43.395910,-72.700650,794
ludowici,GA,31.707990,-81.742340,2081
luella,TX,33.569550,-96.551100,581
luella anderson subdivision,MN,44.930860,-93.204050,600
lufkin,TX,31.338240,-94.729100,36333
lugoff,SC,34.227370,-80.689250,7434
lukachukai,AZ,36.416950,-109.228710,1701
lula,GA,34.387600,-83.666290,2879
luling,LA,29.932150,-90.366470,12119
luling,TX,29.680510,-97.647500,5764
lumber city,GA,31.929350,-82.679580,1254
lumberport,WV,39.373980,-80.348420,863
lumberton,MS,31.001290,-89.452290,2223
lumberton,NC,34.618340,-79.010450,21667
lumberton,NJ,39.965950,-74.805160,12559
lumberton,TX,30.265770,-94.199630,12421
lumpkin,GA,32.050990,-84.799090,1093
luna pier,MI,41.806990,-83.442430,1389
lunenburg,MA,42.594530,-71.724520,1760
lunenburg,VA,36.960980,-78.265550,165
lunenburg,VT,44.463110,-71.682030,1281
luray,VA,38.665400,-78.459450,4828
lusby,MD,38.355000,-76.437000,1835
lusk,WY,42.762470,-104.452170,1628
lutcher,LA,30.040480,-90.698980,3373
luther,OK,35.661730,-97.195590,1541
luthersville,GA,33.210120,-84.744380,824
lutherville,MD,39.421220,-76.626080,6504
lutherville-timonium,MD,39.439970,-76.610990,15814
luttrell,TN,36.199530,-83.741850,1082
lutz,FL,28.151120,-82.461480,19344
luverne,AL,31.716550,-86.263850,2834
luverne,MN,43.654140,-96.212810,4677
luxemburg,WI,44.538610,-87.703980,2556
luxora,AR,35.756190,-89.928140,1102
luzerne,PA,41.285640,-75.901030,2850
lydia,LA,29.923940,-91.783050,952
lydia,SC,34.289040,-80.112290,642
lyerly,GA,34.403980,-85.403290,529
lyford,TX,26.412290,-97.789720,2607
lykens,PA,40.566750,-76.700520,1759
lyle,MN,43.505240,-92.944080,542
lyles,TN,35.919790,-87.345010,734
lyman,MS,30.494740,-89.125610,1277
lyman,SC,34.948170,-82.127330,3423
lyman,WY,41.327450,-110.292930,2074
lyme,NH,43.809510,-72.155920,1788
lyme town offices,NH,43.815250,-72.149420,0
lynbrook,NY,40.654830,-73.671800,19558
lynch,KY,36.966200,-82.922380,709
lynchburg,MS,32.440140,-90.548990,3416
lynchburg,OH,39.241730,-83.791310,1487
lynchburg,TN,35.283140,-86.374160,6132
lynchburg,VA,37.413750,-79.142250,79812
lyncourt,NY,43.081460,-76.125760,4250
lyndeborough,NH,42.907580,-71.766460,1688
lynden,WA,48.946500,-122.452110,13517
lyndhurst,NJ,40.812040,-74.124310,19996
lyndhurst,OH,41.520050,-81.488730,13691
lyndhurst,VA,38.029300,-78.945020,1490
lyndon,IL,41.717530,-89.925950,626
lyndon,KS,38.610010,-95.684430,1023
lyndon,KY,38.256740,-85.601630,11372
lyndon,NY,42.305070,-78.353630,683
lyndon,VT,44.514220,-72.010930,5496
lyndonville,NY,43.326720,-78.388910,803
lyndonville,VT,44.533670,-72.003150,1190
lynn,AL,34.047050,-87.549740,641
lynn,IN,40.049770,-84.939690,1055
lynn,MA,42.466760,-70.949490,92457
lynn haven,FL,30.245480,-85.648260,20156
lynnfield,MA,42.538980,-71.048110,11596
lynnview,KY,38.178400,-85.709680,940
lynnville,IN,38.196160,-87.296680,921
lynnwood,WA,47.820930,-122.315130,36997
lynnwood-pricedale,PA,40.130710,-79.851350,2031
lynwood,CA,33.930290,-118.211460,71989
lynwood,IL,41.526420,-87.538650,9280
lyons,CO,40.224710,-105.271380,2147
lyons,GA,32.204350,-82.321790,4375
lyons,IL,41.813370,-87.818110,10722
lyons,IN,38.989210,-87.082230,724
lyons,KS,38.345010,-98.201730,3725
lyons,MI,42.981980,-84.946950,793
lyons,NE,41.937490,-96.477250,815
lyons,NY,43.064230,-76.990250,3619
lyons,OH,41.699500,-84.070220,550
lyons,OR,44.774570,-122.615090,1187
lyons falls,NY,43.625350,-75.367120,565
lytle,TX,29.233290,-98.796410,2869
lytle creek,CA,34.259170,-117.500050,701
lā‘ie,HI,21.645470,-157.922500,6138
mabank,TX,32.366530,-96.100810,3309
mabel,MN,43.520520,-91.769590,760
maben,MS,33.555400,-89.084780,874
mableton,GA,33.818720,-84.582430,37115
mabscott,WV,37.770950,-81.208430,1372
mabton,WA,46.214850,-119.996710,2302
macarthur,WV,37.758450,-81.212600,1500
macclenny,FL,30.282180,-82.122060,6487
macdona,TX,29.325790,-98.691130,559
macedon,NY,43.069230,-77.298870,1479
macedonia,OH,41.313670,-81.508450,11686
machesney park,IL,42.347240,-89.039000,22927
machias,ME,44.715080,-67.461380,1274
machias,WA,47.981490,-122.045960,1178
machiasport,ME,44.698690,-67.394710,1206
mack,OH,39.158110,-84.649670,11585
mackinaw,IL,40.536980,-89.357590,1923
mackinaw city,MI,45.777700,-84.729820,802
macksville,KS,37.959180,-98.968710,538
macomb,IL,40.459210,-90.671800,18547
macon,GA,32.840690,-83.632400,91351
macon,IL,39.712820,-88.997020,1131
macon,MO,39.742260,-92.472690,5436
macon,MS,33.105400,-88.560880,2616
macungie,PA,40.515930,-75.555190,3134
macy,NE,42.113050,-96.356420,1023
madawaska,ME,47.355320,-68.321710,2967
madbury,NH,43.169250,-70.923950,1607
madeira,OH,39.190890,-84.363550,8976
madeira beach,FL,27.798080,-82.797320,4380
madelia,MN,44.050790,-94.418300,2250
madera,CA,36.961340,-120.060720,64208
madera acres,CA,37.019110,-120.066830,9163
madill,OK,34.090380,-96.771670,3923
madison,AL,34.699260,-86.748330,46962
madison,AR,35.013150,-90.722610,707
madison,CA,38.679350,-121.968300,503
madison,CT,41.279540,-72.598430,19100
madison,FL,30.469380,-83.412930,2880
madison,GA,33.595680,-83.467940,4026
madison,IL,38.682550,-90.157050,3868
madison,IN,38.735890,-85.379960,12040
madison,KS,38.135580,-96.135830,652
madison,ME,44.797560,-69.879780,2630
madison,MN,45.009680,-96.195880,1462
madison,MO,39.473650,-92.209900,535
madison,MS,32.461810,-90.115360,25799
madison,NC,36.385420,-79.959490,2197
madison,NE,41.828340,-97.455050,2371
madison,NH,43.899240,-71.148400,2113
madison,NJ,40.759820,-74.417100,16126
madison,OH,41.771160,-81.049820,3182
madison,SD,44.006080,-97.113950,7258
madison,VA,38.380410,-78.257500,220
madison,WI,43.073050,-89.401230,280305
madison,WV,38.067050,-81.819290,2929
madison center,CT,41.279250,-72.600480,2290
madison heights,MI,42.485870,-83.105200,30198
madison heights,VA,37.430980,-79.123080,11285
madison lake,MN,44.204410,-93.815510,1094
madison park,MD,39.304490,-76.627220,1925
madison park,NJ,40.451500,-74.307920,7144
madison-eastend,MD,39.300770,-76.576910,1824
madisonville,KY,37.328100,-87.498890,19539
madisonville,LA,30.404360,-90.157020,813
madisonville,TN,35.519800,-84.363530,4783
madisonville,TX,30.949910,-95.911620,4637
madras,OR,44.633450,-121.129490,6662
madrid,IA,41.876650,-93.823280,2588
madrid,NY,44.750340,-75.131040,757
madrone,NM,34.593950,-106.733080,707
maeser,UT,40.477180,-109.586810,3601
magalia,CA,39.812110,-121.578310,11310
magazine,AR,35.150920,-93.806870,823
magdalena,NM,34.116730,-107.243930,911
magee,MS,31.873770,-89.733690,4368
maggie valley,NC,35.518160,-83.097640,1251
magna,UT,40.709110,-112.101610,26505
magnolia,AR,33.267070,-93.239330,11669
magnolia,KY,37.443950,-85.743570,524
magnolia,MS,31.143230,-90.458710,2371
magnolia,NC,34.896560,-78.054150,949
magnolia,NJ,39.949840,-74.660710,4383
magnolia,OH,40.651170,-81.299000,973
magnolia,TX,30.209380,-95.750780,1828
magnolia springs,AL,30.399640,-87.776100,791
mahanoy city,PA,40.812590,-76.141600,4070
maharishi vedic city,IA,41.052520,-91.994900,1299
mahnomen,MN,47.315240,-95.968650,1222
mahomet,IL,40.195310,-88.404220,8056
mahopac,NY,41.372320,-73.733460,8369
mahtomedi,MN,45.069690,-92.951600,8116
mahwah,NJ,41.088710,-74.143760,24062
maiden,NC,35.575690,-81.211750,3369
maine,WI,45.027160,-89.690390,2364
maineville,OH,39.315060,-84.220770,979
maitland,FL,28.627780,-81.363120,17463
maize,KS,37.779180,-97.467270,4362
makakilo,HI,21.352370,-158.086550,18248
makakilo / kapolei / honokai hale,HI,21.337400,-158.096760,46389
makakilo city,HI,21.346940,-158.085830,15383
makakilo-makaīwa hills-kunia,HI,21.366760,-158.073260,20967
makanda,IL,37.617550,-89.208970,545
makawao,HI,20.856940,-156.313060,7184
makiki / lower punchbowl / tantalus,HI,21.317560,-157.831220,31434
makua valley,HI,21.520210,-158.221420,3805
malabar,FL,28.003630,-80.565610,2936
malad city,ID,42.191590,-112.250800,2050
malaga,CA,36.683560,-119.733750,947
malakoff,TX,32.169600,-96.012470,2296
malden,MA,42.425100,-71.066160,61068
malden,MO,36.557000,-89.966480,4121
malibu,CA,34.025770,-118.780400,12965
malin,OR,42.012660,-121.408600,804
mallory,WV,37.730660,-81.837900,1654
malmstrom air force base,MT,47.505490,-111.183020,3472
malone,FL,30.957690,-85.162150,2145
malone,NY,44.848660,-74.294900,5756
malta,IL,41.929750,-88.860920,1152
malta,MT,48.359720,-107.874280,1963
malta,OH,39.649240,-81.862080,657
maltby,WA,47.805100,-122.113180,10830
malvern,AL,31.139340,-85.519100,1446
malvern,AR,34.362310,-92.812950,10928
malvern,IA,41.002780,-95.585280,1117
malvern,OH,40.691730,-81.181210,1155
malvern,PA,40.036220,-75.513810,3430
malverne,NY,40.678990,-73.674020,8571
malverne park oaks,NY,40.632600,-73.670130,505
mamaroneck,NY,40.948710,-73.732630,19375
mamers,NC,35.416820,-78.933350,826
mammoth,AZ,32.722570,-110.640650,1487
mammoth,PA,40.200900,-79.463090,525
mammoth lakes,CA,37.648550,-118.972080,7946
mammoth spring,AR,36.495620,-91.540700,969
mamou,LA,30.633810,-92.419300,3181
man,WV,37.739830,-81.877620,704
manahawkin,NJ,39.695400,-74.258750,2303
manana housing,HI,21.401620,-157.981080,1655
manasota key,FL,26.925340,-82.352040,1229
manasquan,NJ,40.126230,-74.049300,5815
manassa,CO,37.174180,-105.937520,966
manassas,VA,38.750950,-77.475270,41764
manassas park,VA,38.784000,-77.469710,15726
manatee road,FL,29.513020,-82.914290,2244
manawa,WI,44.464430,-88.919830,1316
manayunk,PA,40.024560,-75.214070,4341
mancelona,MI,44.902230,-85.060880,1365
manchaca,TX,30.140770,-97.833060,1133
manchester,CT,41.775930,-72.521480,30577
manchester,GA,32.859850,-84.619930,4095
manchester,IA,42.484150,-91.455430,5073
manchester,KY,37.153700,-83.761860,1401
manchester,MD,39.661210,-76.884980,5408
manchester,ME,44.324510,-69.860330,2563
manchester,MI,42.150320,-84.037720,2143
manchester,MO,38.597000,-90.509290,18229
manchester,NH,42.995640,-71.454790,110229
manchester,NY,42.969790,-77.230260,1661
manchester,OH,40.937000,-81.569290,2048
manchester,PA,40.063150,-76.718300,2753
manchester,TN,35.481740,-86.088600,10517
manchester,VT,43.163690,-73.072330,740
manchester,WA,47.555660,-122.545070,5413
manchester,WI,43.690540,-89.048450,1020
manchester center,VT,43.177020,-73.057050,2120
manchester-by-the-sea,MA,42.577870,-70.768940,5366
mancos,CO,37.345000,-108.289250,1380
mandan,ND,46.826660,-100.889580,21382
mandaree,ND,47.729180,-102.676020,596
manderson-white horse creek,SD,43.235080,-102.491170,626
mandeville,LA,30.358250,-90.065630,12345
mangham,LA,32.309040,-91.774850,647
mango,FL,27.979740,-82.306480,11313
mangonia park,FL,26.760340,-80.073650,1979
mangum,OK,34.872000,-99.504260,2910
manhasset,NY,40.797880,-73.699570,8080
manhasset hills,NY,40.759270,-73.679850,3592
manhattan,IL,41.422530,-87.985890,7400
manhattan,KS,39.183610,-96.571670,56308
manhattan,MT,45.856600,-111.332460,1631
manhattan,NY,40.783430,-73.966250,1487536
manhattan beach,CA,33.884740,-118.410910,35818
manhattan valley,NY,40.793890,-73.965000,38500
manheim,PA,40.163430,-76.394960,4870
manila,AR,35.880070,-90.167040,3736
manila,CA,40.851790,-124.162290,784
manila,UT,40.988010,-109.722650,331
manilla,IA,41.889710,-95.232220,775
manistee,MI,44.244450,-86.324250,6084
manistique,MI,45.957750,-86.246250,2982
manito,IL,40.425870,-89.779280,1527
manitou beach-devils lake,MI,41.975650,-84.286160,2019
manitou springs,CO,38.859710,-104.917200,5334
manitowoc,WI,44.088610,-87.657580,33010
mankato,KS,39.787230,-98.210050,840
mankato,MN,44.159060,-94.009150,41044
manlius,NY,43.002010,-75.976860,4630
manly,IA,43.287180,-93.202150,1310
mannford,OK,36.133410,-96.354460,3121
manning,IA,41.909150,-95.064990,1472
manning,ND,47.230010,-102.770190,74
manning,SC,33.695160,-80.210910,4037
mannington,WV,39.530920,-80.343420,2077
manns harbor,NC,35.885720,-75.762680,821
mannsville,OK,34.185930,-96.880560,850
manoa,HI,21.316080,-157.804230,23343
manor,PA,40.333960,-79.670040,3299
manor,TX,30.340760,-97.556950,7587
manorhaven,NY,40.843160,-73.714850,6744
manorville,NY,40.873710,-72.807880,14314
mansfield,AR,35.059540,-94.252710,1096
mansfield,IL,40.211420,-88.506170,870
mansfield,LA,32.037660,-93.700180,4946
mansfield,MA,42.033430,-71.218940,23380
mansfield,MO,37.106720,-92.580720,1261
mansfield,OH,40.758390,-82.515450,46830
mansfield,PA,41.807300,-77.077470,3432
mansfield,TX,32.563190,-97.141680,64274
mansfield center,CT,41.765380,-72.198130,947
mansfield center,MA,42.022620,-71.218080,7360
mansfield city,CT,41.765930,-72.233690,26439
manson,IA,42.529140,-94.534140,1615
manson,WA,47.884860,-120.158410,1468
mansura,LA,31.057970,-92.049010,1385
mantachie,MS,34.324270,-88.491160,1138
manteca,CA,37.797430,-121.216050,75448
manteno,IL,41.250590,-87.831430,8999
manteo,NC,35.908230,-75.675730,1388
manti,UT,39.268300,-111.636860,3353
manton,MI,44.410840,-85.398940,1371
mantorville,MN,44.069130,-92.755750,1200
mantua,OH,41.283940,-81.223990,1021
mantua,PA,39.962610,-75.191290,6829
mantua,UT,41.495770,-111.943830,732
mantua,VA,38.853720,-77.259430,7135
manvel,TX,29.462740,-95.357990,7950
manville,NJ,40.540940,-74.587660,10429
many,LA,31.568780,-93.484060,2790
many farms,AZ,36.352780,-109.617890,1348
manzanita,OR,45.718440,-123.935140,622
maple bluff,WI,43.118330,-89.379560,1340
maple glen,PA,40.015630,-79.976720,7635
maple grove,MN,45.072460,-93.455790,68385
maple grove,WI,44.189440,-87.923710,980
maple heights,OH,41.415330,-81.565960,22631
maple heights-lake desire,WA,47.444130,-122.097360,3152
maple hill,KS,39.084720,-96.028050,621
maple lake,MN,45.229130,-94.001920,2092
maple park,IL,41.907530,-88.599250,1308
maple plain,MN,45.007190,-93.655790,1785
maple rapids,MI,43.104750,-84.691940,678
maple ridge,OH,40.923110,-81.050930,761
maple shade,NJ,39.952610,-74.992390,19077
maple valley,WA,47.392720,-122.046410,25686
maplesville,AL,32.788970,-86.873530,704
mapleton,IA,42.165820,-95.793060,1214
mapleton,ME,46.681990,-68.162810,683
mapleton,MN,43.928850,-93.956060,1731
mapleton,ND,46.889140,-97.052590,875
mapleton,UT,40.130230,-111.578530,9232
maplewood,MN,44.953020,-92.995220,40567
maplewood,MO,38.612550,-90.324560,7945
maplewood,NJ,40.731210,-74.273480,25008
maplewood,WA,47.401760,-122.557070,5138
maquoketa,IA,42.068910,-90.665690,5989
mar-mac,NC,35.334880,-78.055820,3615
marana,AZ,32.436740,-111.225380,41315
marathon,FL,24.713750,-81.090350,8750
marathon,NY,42.441740,-76.032150,889
marathon,WI,44.929130,-89.840400,1524
marble,MN,47.320490,-93.298540,693
marble cliff,OH,39.986730,-83.061570,584
marble falls,AR,36.084250,-93.149980,781
marble falls,TX,30.578410,-98.275070,6281
marble hill,MO,37.305890,-89.970380,1482
marblehead,MA,42.500100,-70.857830,19808
marblehead,OH,41.540330,-82.735460,888
marbleton,WY,42.553550,-110.109320,1090
marbletown,NY,41.883430,-74.113200,5544
marbury,AL,32.701240,-86.471090,1418
marceline,MO,39.711970,-92.948250,2154
marcellus,MI,42.025880,-85.815560,1157
marcellus,NY,42.982840,-76.340490,1773
march air force base,CA,33.892090,-117.263100,1159
marco,FL,25.972600,-81.728980,14879
marco island,FL,25.941210,-81.718420,17690
marcus,IA,42.825820,-95.807510,1070
marcus hook,PA,39.819280,-75.418530,2397
marengo,IA,41.798060,-92.070740,2513
marengo,IL,42.248630,-88.608430,7503
marengo,IN,38.369230,-86.343590,811
marfa,TX,30.309730,-104.021340,1733
margaret,AL,33.686210,-86.474980,4554
margaretville,NY,42.148700,-74.648210,577
margate,FL,26.244530,-80.206440,57234
margate city,NJ,39.327890,-74.503490,6237
marianna,AR,34.773710,-90.757610,3766
marianna,FL,30.774360,-85.226870,9100
marianne,PA,41.246450,-79.428930,1167
mariaville lake,NY,42.824800,-74.128740,722
maricopa,AZ,33.058110,-112.047640,48602
maricopa,CA,35.058860,-119.400950,1192
mariemont,OH,39.145060,-84.374380,3426
marienville,PA,41.468950,-79.123100,3137
marietta,GA,33.952600,-84.549930,59067
marietta,OH,39.415350,-81.454840,13900
marietta,OK,33.937040,-97.116680,2729
marietta,PA,40.057040,-76.552190,2608
marietta,WA,48.787050,-122.580450,2766
marietta-alderwood,WA,48.789650,-122.553690,3906
marin city,CA,37.868540,-122.509140,2666
marina,CA,36.684400,-121.802170,21229
marina del rey,CA,33.981620,-118.453710,8866
marine,IL,38.786440,-89.777590,935
marine city,MI,42.719480,-82.492130,4143
marine corps base hawaii - mcbh,HI,21.443360,-157.749810,9517
marine on saint croix,MN,45.198060,-92.771110,689
mariner's ridge,HI,21.288120,-157.703700,1464
mariners harbor,NY,40.636770,-74.158750,19905
marinette,WI,45.099980,-87.630660,10799
maringouin,LA,30.491300,-91.519550,1061
marion,AL,32.632350,-87.319170,3447
marion,AR,35.214530,-90.196480,12292
marion,IA,42.034170,-91.597680,37330
marion,IL,37.730610,-88.933130,17803
marion,IN,40.558370,-85.659140,29081
marion,KS,38.348350,-97.017250,1842
marion,KY,37.332830,-88.081130,2986
marion,LA,32.901520,-92.242080,755
marion,MA,41.700100,-70.762810,5213
marion,MI,44.102510,-85.146980,852
marion,MS,32.417360,-88.647820,1574
marion,MT,48.105510,-114.663190,886
marion,NC,35.684010,-82.009270,7861
marion,NY,43.143400,-77.189150,1511
marion,OH,40.588670,-83.128520,36363
marion,PA,39.857310,-77.695270,953
marion,SC,34.178220,-79.400610,6714
marion,SD,43.423040,-97.260620,767
marion,TX,29.571340,-98.140290,1111
marion,UT,40.677450,-111.281020,685
marion,VA,36.834840,-81.514840,5957
marion,WI,44.670810,-88.889270,1220
marion center,MA,41.704240,-70.762860,1111
marion heights,PA,40.804250,-76.464950,605
marion oaks,FL,29.008590,-82.183150,19034
marionville,MO,37.003110,-93.637420,2189
mariposa,CA,37.484940,-119.966280,2173
marissa,IL,38.250050,-89.750100,1856
mark,IL,41.264480,-89.250090,532
marked tree,AR,35.532860,-90.420660,2501
markesan,WI,43.707200,-88.990110,1417
markham,IL,41.593650,-87.694770,12682
markham,TX,28.960260,-96.065240,1082
markle,IN,40.824620,-85.338840,1095
markleville,IN,39.977820,-85.614700,519
marks,MS,34.256830,-90.272980,1581
marksville,LA,31.127970,-92.066240,5533
marlboro,NJ,40.315390,-74.246260,40191
marlboro,NY,41.605650,-73.971530,3669
marlboro meadows,MD,38.836220,-76.714970,3672
marlboro village,MD,38.830540,-76.769650,9438
marlborough,MA,42.345930,-71.552290,39818
marlborough,MO,38.570330,-90.337060,2191
marlborough,NH,42.904250,-72.207860,1094
marlette,MI,43.326970,-83.080220,1801
marlin,PA,40.678420,-76.245220,661
marlin,TX,31.306290,-96.898040,5682
marlinton,WV,38.223450,-80.094510,1029
marlow,NH,43.115910,-72.197030,796
marlow,OK,34.648130,-97.958090,4594
marlow heights,MD,38.833450,-76.951640,5618
marlton,MD,38.773730,-76.789970,9031
marlton,NJ,39.891220,-74.921830,10133
marmaduke,AR,36.187010,-90.383160,1216
marmet,WV,38.245380,-81.567060,1450
marne,OH,40.071180,-82.309320,783
maroa,IL,40.036430,-88.957030,1739
marquette,KS,38.555560,-97.833660,622
marquette,MI,46.543540,-87.395420,21297
marquette heights,IL,40.617540,-89.600380,2742
marrero,LA,29.899370,-90.100350,33141
marriott-slaterville,UT,41.251610,-112.025500,1744
marrowstone,WA,48.053150,-122.689330,844
mars,PA,40.695900,-80.011730,1658
mars hill,ME,46.515880,-67.866410,980
mars hill,NC,35.826500,-82.549300,2256
marseilles,IL,41.330870,-88.708130,4963
marshall,AR,35.908960,-92.631270,1300
marshall,IL,39.391430,-87.693640,3880
marshall,MI,42.272260,-84.963310,7045
marshall,MN,44.446900,-95.788350,13652
marshall,MO,39.123080,-93.196870,13039
marshall,NC,35.797330,-82.684030,876
marshall,TX,32.544870,-94.367420,23820
marshall,VA,38.864840,-77.857770,1480
marshall,WI,43.168330,-89.066780,3927
marshall creek,TX,33.016790,-97.208630,504
marshallton,PA,40.786750,-76.539400,1441
marshalltown,IA,42.049430,-92.907980,27620
marshallville,GA,32.456260,-83.940190,1333
marshallville,OH,40.902280,-81.734020,760
marshfield,MA,42.091770,-70.705590,4335
marshfield,ME,44.733130,-67.477490,514
marshfield,MO,37.338660,-92.907120,7138
marshfield,WI,44.668850,-90.171800,18620
marshfield hills,MA,42.145940,-70.739760,2356
marshville,NC,34.988490,-80.367010,2638
marsing,ID,43.545440,-116.813200,1287
marstons mills,MA,41.656220,-70.416140,8017
mart,TX,31.542390,-96.833600,1910
martha lake,WA,47.850930,-122.239300,15473
marthasville,MO,38.628380,-91.057640,1152
martin,KY,37.572880,-82.752660,602
martin,LA,32.085440,-93.220170,562
martin,SD,43.172500,-101.732650,1061
martin,TN,36.343400,-88.850340,10959
martin lake,MN,45.381080,-93.094940,933
martindale,TX,29.845500,-97.840840,1216
martinez,CA,38.019370,-122.134130,38137
martinez,GA,33.517360,-82.075670,35795
martins additions,MD,38.979280,-77.069420,933
martins creek,PA,40.783430,-75.186290,631
martins ferry,OH,40.095910,-80.724530,6786
martinsburg,PA,40.311190,-78.324180,1911
martinsburg,WV,39.456210,-77.963890,17700
martinsville,IL,39.335590,-87.881980,1135
martinsville,IN,39.427830,-86.428330,11690
martinsville,NJ,40.601210,-74.559050,11980
martinsville,VA,36.691530,-79.872540,13645
marvell,AR,34.555660,-90.912890,1047
marvin,NC,34.991820,-80.814790,6181
mary esther,FL,30.410150,-86.665090,4238
maryland city,MD,39.092050,-76.817750,16093
maryland heights,MO,38.713110,-90.429840,27389
maryland junction,WV,39.632590,-78.784460,954
marysville,CA,39.145730,-121.591350,12216
marysville,KS,39.841110,-96.647240,3323
marysville,MI,42.912530,-82.486860,9757
marysville,OH,40.236450,-83.367140,22817
marysville,PA,40.342590,-76.929970,2535
marysville,WA,48.051760,-122.177080,66773
maryvale,AZ,33.501990,-112.177650,208189
maryville,IL,38.723660,-89.955930,7902
maryville,MO,40.346100,-94.872470,11879
maryville,TN,35.756470,-83.970460,28464
masaryktown,FL,28.441670,-82.457040,1040
mascot,TN,36.061200,-83.745730,2411
mascotte,FL,28.578330,-81.886750,5473
mascoutah,IL,38.490330,-89.793150,7975
mashpee,MA,41.648440,-70.481140,14834
mashpee neck,MA,41.610110,-70.464750,1000
mason,MI,42.579200,-84.443580,8427
mason,NH,42.743700,-71.768960,1222
mason,OH,39.360060,-84.309940,32662
mason,TN,35.411750,-89.532850,1597
mason,TX,30.748790,-99.230610,2139
mason,WV,39.021750,-82.029030,942
mason city,IA,43.153570,-93.201040,27366
mason city,IL,40.202270,-89.698160,2180
masonboro,NC,34.179340,-77.847480,14826
masontown,PA,39.846740,-79.899780,3399
masontown,WV,39.552310,-79.797840,546
masonville,KY,37.675050,-87.034720,1014
maspeth,NY,40.723160,-73.912640,48325
massac,KY,37.029000,-88.686000,4505
massanetta springs,VA,38.400400,-78.834190,4833
massanutten,VA,38.409570,-78.737800,2291
massapequa,NY,40.680660,-73.474290,21685
massapequa park,NY,40.680380,-73.455120,17232
massena,NY,44.928100,-74.891860,10629
massillon,OH,40.796720,-81.521510,32252
masthope,PA,41.535920,-75.028220,685
mastic,NY,40.802040,-72.840940,15481
mastic beach,NY,40.766770,-72.852050,14841
masury,OH,41.211170,-80.537850,2064
matador,TX,34.012020,-100.822080,581
matagorda,TX,28.690820,-95.967460,503
matamoras,PA,40.440090,-76.933310,2603
matawan,NJ,40.414830,-74.229590,8853
matheny,CA,36.170660,-119.351580,1212
matheny,WV,37.664830,-81.600390,531
mather,PA,39.934800,-80.073670,737
matherville,IL,41.259760,-90.607910,684
mathews,AL,32.265420,-86.003850,593
mathews,LA,29.686320,-90.546750,2209
mathews,VA,37.437080,-76.319940,555
mathis,TX,28.094460,-97.828050,5037
mathiston,MS,33.540120,-89.124230,676
matinecock,NY,40.876210,-73.576510,810
matlacha,FL,26.629800,-82.070920,677
matoaca,VA,37.230430,-77.477490,2403
mattapan,MA,42.272320,-71.087000,36299
mattapoisett,MA,41.658440,-70.816150,6378
mattapoisett center,MA,41.665950,-70.807200,2915
mattawa,WA,46.737910,-119.902820,4548
mattawamkeag,ME,45.513670,-68.354470,858
mattawan,MI,42.209480,-85.784450,1947
matteson,IL,41.503920,-87.713100,19195
matthews,IN,40.388650,-85.499420,568
matthews,MO,36.759220,-89.586750,628
matthews,NC,35.116810,-80.723680,30678
mattituck,NY,40.991210,-72.534250,4219
mattoon,IL,39.483090,-88.372830,18113
mattydale,NY,43.097840,-76.145200,6446
maud,OK,35.130360,-96.775850,1076
maud,TX,33.332900,-94.342700,1071
maugansville,MD,39.692870,-77.744720,3071
mauldin,SC,34.778730,-82.310120,25135
maumee,OH,41.562830,-83.653820,13940
maumelle,AR,34.866760,-92.404320,17931
maunawili,HI,21.372780,-157.770560,3697
maurertown,VA,38.929830,-78.463620,770
maurice,LA,30.108540,-92.124570,1266
mauriceville,TX,30.203540,-93.866280,3252
maury,NC,35.482110,-77.586080,1685
maury city,TN,35.814800,-89.225620,675
mauston,WI,43.797190,-90.077350,4374
max meadows,VA,36.970400,-80.949530,562
maxton,NC,34.735160,-79.348930,2451
maxwell,CA,39.276280,-122.191370,1103
maxwell,IA,41.891930,-93.399650,923
may creek,WA,47.854270,-121.667340,818
maybee,MI,42.003930,-83.515490,545
maybrook,NY,41.483980,-74.217650,3286
mayer,AZ,34.397810,-112.236270,1497
mayer,MN,44.884960,-93.887750,1903
mayersville,MS,32.902070,-91.051220,553
mayesville,SC,33.987660,-80.208130,728
mayfield,KY,36.741720,-88.636720,10080
mayfield,MD,39.328680,-76.579900,858
mayfield,NY,43.104520,-74.264860,803
mayfield,OH,41.552000,-81.439280,3403
mayfield,PA,41.538140,-75.536020,1737
mayfield,UT,39.114130,-111.710750,521
mayfield heights,OH,41.519220,-81.457900,18840
mayflower,AR,34.957030,-92.427380,2431
mayflower village,CA,34.115010,-118.009790,5515
maynard,MA,42.433430,-71.449510,10106
maynardville,TN,36.250640,-83.797410,2355
mayo,FL,30.053000,-83.174860,1237
mayo,MD,38.887610,-76.511900,8298
mayo,SC,35.084010,-81.859830,1592
mayodan,NC,36.412360,-79.966990,2470
mayor wright housing,HI,21.320250,-157.864120,1545
maypearl,TX,32.313200,-97.011670,981
mays chapel,MD,39.433160,-76.649410,11420
mays landing,NJ,39.452340,-74.727660,2135
maysville,GA,34.252880,-83.561550,1866
maysville,KY,38.641190,-83.744370,8819
maysville,MO,39.889170,-94.361900,1094
maysville,NC,34.904880,-77.231340,1004
maysville,OK,34.817300,-97.405860,1231
maytown,PA,40.075370,-76.582190,3824
mayville,MI,43.336970,-83.352450,920
mayville,ND,47.498040,-97.324540,1829
mayville,NY,42.253950,-79.504490,1669
mayville,WI,43.494160,-88.544820,4989
maywood,CA,33.986680,-118.185350,27888
maywood,IL,41.879200,-87.843120,24012
maywood,NJ,40.902600,-74.061810,9805
maywood park,OR,45.552900,-122.560370,778
mazeppa,MN,44.273020,-92.544910,822
mazomanie,WI,43.176660,-89.794850,1697
mazon,IL,41.241420,-88.419510,989
mcadenville,NC,35.259310,-81.075350,674
mcadoo,PA,40.901270,-75.991060,2205
mcalester,OK,34.933430,-95.769710,18310
mcalisterville,PA,40.636190,-77.274710,971
mcallen,TX,26.203410,-98.230010,140269
mcalmont,AR,34.808420,-92.181810,1873
mcarthur,OH,39.246460,-82.478490,1664
mcbain,MI,44.193620,-85.213380,661
mcbee,SC,34.469040,-80.255900,855
mccall,ID,44.911010,-116.098740,3106
mccamey,TX,31.135980,-102.224300,2062
mccammon,ID,42.650470,-112.193020,797
mccaysville,GA,34.986190,-84.371310,1083
mcchord air force base,WA,47.133970,-122.491570,2507
mccleary,WA,47.053150,-123.265430,1618
mcclellan park,CA,38.662190,-121.401600,743
mcclellanville,SC,33.088220,-79.461170,530
mccloud,CA,41.255710,-122.139450,1101
mcclure,OH,41.371440,-83.941890,709
mcclure,PA,40.707020,-77.314430,942
mcclusky,ND,47.485830,-100.443180,375
mccoll,SC,34.668770,-79.545330,2068
mccomb,MS,31.243790,-90.453150,12661
mccomb,OH,41.107550,-83.792710,1644
mcconnell,WV,37.825660,-81.966790,514
mcconnell afb,KS,37.630070,-97.258690,1777
mcconnellsburg,PA,39.932590,-77.998890,1048
mcconnellstown,PA,40.452570,-78.081670,1194
mcconnelsville,OH,39.648680,-81.853190,1789
mccook,NE,40.201950,-100.625710,7580
mccoole,MD,39.446480,-78.972250,511
mccord,OK,36.678470,-97.040000,1440
mccordsville,IN,39.908100,-85.922760,5773
mccormick,SC,33.913460,-82.293460,2578
mccrory,AR,35.256200,-91.200120,1601
mccullom lake,IL,42.368350,-88.292590,1021
mccully - moiliili,HI,21.294610,-157.831180,28249
mccurtain,OK,35.149820,-94.970790,516
mcdade,TX,30.283820,-97.237770,685
mcdonald,OH,41.163670,-80.724240,3152
mcdonald,PA,40.370900,-80.234780,2095
mcdonald chapel,AL,33.521770,-86.933600,717
mcdonough,GA,33.447340,-84.146860,23417
mcelderry park,MD,39.296860,-76.580460,3690
mcelhattan,PA,41.159790,-77.361370,598
mcewen,TN,36.107840,-87.633070,1703
mcfarland,CA,35.678010,-119.229270,13985
mcfarland,WI,43.012500,-89.289840,8209
mcgehee,AR,33.629000,-91.399560,3919
mcgill,NV,39.404940,-114.778630,1148
mcgovern,PA,40.228960,-80.216450,2742
mcgraw,NY,42.596180,-76.093260,1020
mcgregor,FL,26.560910,-81.914530,7406
mcgregor,IA,43.018320,-91.182630,839
mcgregor,TX,31.444060,-97.409180,5064
mcguire afb,NJ,40.039770,-74.581740,3710
mchenry,IL,42.333350,-88.266750,26657
mcintosh,MN,47.636910,-95.886420,618
mcintosh,NM,34.864780,-106.051690,1484
mcintosh,SD,45.921390,-101.349580,175
mcintyre,GA,32.846260,-83.190710,620
mckee,KY,37.430360,-83.997980,789
mckees rocks,PA,40.465620,-80.065610,6010
mckeesport,PA,40.347850,-79.864220,19453
mckenna,WA,46.934820,-122.556510,716
mckenzie,AL,31.542380,-86.714970,513
mckenzie,TN,36.132560,-88.518660,5296
mckinley heights,OH,41.183670,-80.717300,1060
mckinley park,IL,41.831700,-87.673660,15612
mckinleyville,CA,40.946520,-124.100620,15177
mckinney,TX,33.197620,-96.615270,162898
mckinney acres,TX,32.301880,-102.529030,815
mckownville,NY,42.683970,-73.847620,2756
mclaughlin,SD,45.814440,-100.810410,679
mclean,IL,40.314480,-89.169810,815
mclean,TX,35.232550,-100.599860,797
mclean,VA,38.934280,-77.177480,48115
mcleansboro,IL,38.093380,-88.535610,2792
mcleansville,NC,36.107360,-79.658640,1021
mclendon-chisholm,TX,32.842350,-96.380540,2210
mcloud,OK,35.435900,-97.091420,4615
mclouth,KS,39.195830,-95.208300,854
mcmechen,WV,39.988130,-80.731470,1842
mcmillin,WA,47.139820,-122.236510,1547
mcminnville,OR,45.210120,-123.198720,33892
mcminnville,TN,35.683400,-85.769980,13759
mcmurray,PA,40.277850,-80.083940,4647
mcnary,AZ,34.073660,-109.857050,528
mcpherson,KS,38.370840,-97.664210,13144
mcqueeney,TX,29.592170,-98.033340,2545
mcrae,AR,35.112860,-91.822360,680
mcrae,GA,32.067950,-82.900700,5740
mcroberts,KY,37.207600,-82.671820,784
mcsherrystown,PA,39.807320,-77.011370,3067
mead,CO,40.233320,-104.998590,4476
mead,NE,41.227780,-96.487800,557
mead,WA,47.767390,-117.354940,7275
mead valley,CA,33.833350,-117.296150,18510
meade,KS,37.285580,-100.340150,1624
meadow,TX,33.337040,-102.206570,593
meadow glade,WA,45.758450,-122.560380,2541
meadow lake,NM,34.801440,-106.543630,4708
meadow lakes,AK,61.624720,-149.601110,7570
meadow lands,PA,40.219240,-80.220610,822
meadow oaks,FL,28.346190,-82.602840,2442
meadow vale,KY,38.283130,-85.571910,758
meadow view addition,SD,43.619970,-96.711160,538
meadow vista,CA,39.001010,-121.021890,3217
meadow woods,FL,28.385560,-81.366460,25558
meadowbrook,AL,33.402050,-86.696650,8769
meadowbrook,CA,33.725780,-117.285090,3185
meadowbrook,VA,37.448820,-77.473530,18312
meadowdale,WA,47.858000,-122.313000,2826
meadowlakes,TX,30.562450,-98.298670,1872
meadowood,PA,40.842010,-79.893940,2693
meadows place,TX,29.651340,-95.588000,4759
meadowview,VA,36.760390,-81.862900,967
meads,KY,38.412580,-82.709050,288649
meadview,AZ,36.002210,-114.068290,1224
meadville,MS,31.472390,-90.896770,431
meadville,PA,41.641440,-80.151450,13061
mebane,NC,36.095970,-79.266960,13698
mecca,CA,33.572190,-116.078200,8577
mechanic falls,ME,44.111740,-70.391720,2237
mechanicsburg,IL,39.809490,-89.397310,629
mechanicsburg,OH,40.072000,-83.556310,1599
mechanicsburg,PA,40.214260,-77.008590,8999
mechanicstown,NY,41.442870,-74.388490,6858
mechanicsville,IA,41.904460,-91.254610,1108
mechanicsville,MD,38.442900,-76.743850,1508
mechanicsville,PA,40.966480,-76.586620,3099
mechanicsville,VA,37.608760,-77.373310,36348
mechanicville,NY,42.902850,-73.687340,5169
medaryville,IN,41.080600,-86.891960,592
medfield,MA,42.187600,-71.306450,6483
medfield,MD,39.340260,-76.643260,2791
medford,MA,42.418430,-71.106160,57403
medford,MD,39.278720,-76.547330,1284
medford,MN,44.174130,-93.246320,1249
medford,NY,40.817600,-73.000110,24142
medford,OK,36.806970,-97.733660,987
medford,OR,42.326520,-122.875590,79805
medford,WI,45.138580,-90.340140,4338
medford lakes,NJ,39.858450,-74.802940,4146
media,PA,39.916780,-75.387690,5363
mediapolis,IA,41.008090,-91.164040,1574
medical lake,WA,47.572940,-117.682160,4942
medicine lodge,KS,37.281130,-98.580360,1988
medina,MN,45.035240,-93.582460,5973
medina,NY,43.220060,-78.386970,5827
medina,OH,41.138390,-81.863750,26339
medina,TN,35.802850,-88.774780,4124
medina,TX,26.921150,-99.259480,3935
medina,WA,47.620930,-122.227620,3226
medinah,IL,41.981420,-88.051180,2097
medley,FL,25.840650,-80.326440,851
medora,IN,38.825050,-86.169980,698
medora,ND,46.913900,-103.524350,133
medulla,FL,27.967800,-81.973420,8892
medway,MA,42.141760,-71.396730,13042
medway,ME,45.608940,-68.530860,1548
meeker,CO,40.037470,-107.913130,2362
meeker,OK,35.503400,-96.902800,1172
meeme,WI,43.920550,-87.831480,1538
meggett,SC,32.717960,-80.238990,1315
mehlville,MO,38.508390,-90.322890,28380
meigs,GA,31.072410,-84.089070,1030
meiners oaks,CA,34.446940,-119.279280,3571
melba,ID,43.375440,-116.529010,531
melbourne,AR,36.059510,-91.908480,1779
melbourne,FL,28.083630,-80.608110,84678
melbourne,IA,41.941380,-93.103260,827
melbourne beach,FL,28.068350,-80.560330,3219
melbourne village,FL,28.085290,-80.666440,691
melcher-dallas,IA,41.225000,-93.241320,1259
melissa,TX,33.285950,-96.572770,7436
mellen,WI,46.325510,-90.661020,700
mellwood,MD,38.810390,-76.824140,3051
melody hill,IN,38.026150,-87.515850,3628
melrose,MA,42.458430,-71.066160,27997
melrose,MN,45.674690,-94.807520,3616
melrose,NM,34.430350,-103.632460,644
melrose,NY,40.824550,-73.910410,22470
melrose,OR,43.247620,-123.458970,735
melrose park,FL,26.113420,-80.193380,7492
melrose park,IL,41.900590,-87.856730,25379
melrose park,NY,42.908680,-76.540220,2294
melville,LA,30.692970,-91.744000,1050
melville,NY,40.793430,-73.415120,18985
melville,RI,41.587050,-71.283380,1320
melvindale,MI,42.282540,-83.175200,10404
memphis,FL,27.535870,-82.561210,7848
memphis,IN,38.483400,-85.761630,695
memphis,MI,42.896420,-82.768810,1182
memphis,MO,40.457810,-92.171290,1829
memphis,TN,35.149530,-90.048980,633104
memphis,TX,34.724780,-100.534010,2138
mena,AR,34.586220,-94.239660,5653
menahga,MN,46.753850,-95.098080,1339
menan,ID,43.720740,-111.989970,754
menands,NY,42.692020,-73.724560,3998
menard,TX,30.917670,-99.786460,1420
menasha,WI,44.202210,-88.446500,17572
mendenhall,MS,31.961820,-89.870080,2488
mendham,NJ,40.775930,-74.600710,5001
mendocino,CA,39.307500,-123.798890,894
mendon,IL,40.088380,-91.283760,942
mendon,MA,42.105650,-71.552290,5378
mendon,MI,42.006440,-85.449990,861
mendon,OH,40.673380,-84.518840,650
mendon,UT,41.709930,-111.977730,1348
mendon,VT,43.651980,-72.927800,1033
mendota,CA,36.753560,-120.381560,11430
mendota,IL,41.547250,-89.117590,7204
mendota heights,MN,44.883580,-93.138270,11223
menifee,CA,33.728350,-117.146420,87174
menlo park,CA,37.453830,-122.182190,33449
menno,SD,43.239710,-97.577840,595
menominee,MI,45.107760,-87.614270,8382
menomonee falls,WI,43.178900,-88.117310,36119
menomonie,WI,44.875520,-91.919340,16305
mentone,CA,34.070010,-117.134480,8720
mentone,IN,41.173380,-86.034720,982
mentone,TX,31.705130,-103.599350,19
mentor,OH,41.666160,-81.339550,46901
mentor-on-the-lake,OH,41.705040,-81.360390,7443
mequon,WI,43.215550,-88.030010,23132
mer rouge,LA,32.775130,-91.792630,590
meraux,LA,29.930170,-89.916230,5816
merced,CA,37.302160,-120.482970,82436
mercedes,TX,26.149800,-97.913610,16657
mercer,ME,44.678120,-69.936450,673
mercer,PA,41.227000,-80.239790,1936
mercer,WI,46.165500,-90.062660,516
mercer island,WA,47.570650,-122.222070,25042
mercersburg,PA,39.827870,-77.903330,1558
mercerville,NJ,40.237050,-74.686550,13230
mercerville-hamilton square,NJ,40.231260,-74.672230,26419
merchantville,NJ,39.947340,-75.066560,3821
meredith,NH,43.657570,-71.500350,1718
meredosia,IL,39.831160,-90.559570,1018
meriden,CT,41.538150,-72.807040,59988
meriden,KS,39.188890,-95.569700,790
meridian,CO,39.539570,-104.845280,2970
meridian,ID,43.612110,-116.391510,90739
meridian,MS,32.364310,-88.703660,39661
meridian,OK,34.427310,-97.978090,1493
meridian,PA,40.848400,-79.962000,3881
meridian,TX,31.923210,-97.656690,1427
meridian hills,IN,39.890040,-86.157210,1682
meridian station,MS,32.550490,-88.618490,1090
meridianville,AL,34.851480,-86.572220,6021
merkel,TX,32.470680,-100.012870,2615
merlin,OR,42.517340,-123.419790,1615
mermaid,PA,40.079000,-75.178230,4854
mermentau,LA,30.189930,-92.582640,654
merriam,KS,39.023620,-94.693570,11288
merriam woods,MO,36.713950,-93.161850,1763
merrick,NY,40.662880,-73.551520,22097
merrifield,VA,38.874280,-77.226930,15212
merrill,IA,42.719710,-96.248640,733
merrill,MI,43.409750,-84.328880,746
merrill,OR,42.025150,-121.600550,825
merrill,WI,45.180520,-89.683460,9233
merrillan,WI,44.451070,-90.841260,533
merrillville,IN,41.482810,-87.332810,35224
merrimac,MA,42.830650,-71.002280,6245
merrimac,VA,37.189570,-80.425610,2133
merrimack,NH,42.865090,-71.493400,26726
merrionette park,IL,41.684200,-87.700330,1886
merritt island,FL,28.359000,-80.690000,34743
merritt park,NY,41.538480,-73.872380,1256
merrydale,LA,30.501300,-91.108440,9772
merryville,LA,30.754370,-93.540450,1115
merton,WI,43.146670,-88.306760,3575
mertzon,TX,31.261830,-100.817330,758
mertztown,PA,40.505930,-75.665470,664
mesa,AZ,33.422270,-111.822640,471825
mesa del caballo,AZ,34.285590,-111.295140,765
mesa verde,CA,33.605860,-114.731070,1023
mescal,AZ,31.990080,-110.435350,1812
mescalero,NM,33.157590,-105.774150,1338
meshoppen,PA,41.614240,-76.046590,555
mesilla,NM,32.270090,-106.800840,1874
mesita,NM,35.018380,-107.312820,804
mesquite,NM,32.164540,-106.696660,1112
mesquite,NV,36.805530,-114.067190,17496
mesquite,TX,32.766800,-96.599160,144788
metairie,LA,29.984090,-90.152850,138481
metairie terrace,LA,29.978540,-90.163960,142489
metamora,IL,40.790590,-89.360640,3734
metamora,MI,42.941420,-83.289110,566
metamora,OH,41.711720,-83.909660,613
metcalfe,MS,33.454000,-91.007330,1014
methuen,MA,42.726200,-71.190890,52044
metlakatla,AK,55.129050,-131.576980,1405
metolius,OR,44.586510,-121.178380,743
metompkin,VA,37.769290,-75.602710,551
metropolis,IL,37.151170,-88.732000,6334
mettawa,IL,42.233360,-87.925910,578
metter,GA,32.397120,-82.060120,4111
metuchen,NJ,40.543160,-74.363200,13886
metzger,OR,45.446510,-122.758990,3765
mexia,TX,31.679890,-96.482200,7406
mexico,IN,40.822260,-86.115550,836
mexico,ME,44.560900,-70.545340,1743
mexico,MO,39.169760,-91.882950,11660
mexico,NY,43.459510,-76.228820,1574
mexico beach,FL,29.948090,-85.419950,1167
meyers lake,OH,40.812560,-81.416500,573
meyersdale,PA,39.813690,-79.024750,2082
mi-wuk village,CA,38.065760,-120.184910,941
miami,AZ,33.399220,-110.868720,1783
miami,FL,25.774270,-80.193660,487014
miami,OK,36.874510,-94.877460,13611
miami,TX,35.691430,-100.638190,589
miami beach,FL,25.790650,-80.130050,92312
miami gardens,FL,25.942040,-80.245600,113187
miami heights,OH,39.165060,-84.720500,4731
miami lakes,FL,25.908710,-80.308660,30972
miami shores,FL,25.863150,-80.192830,10831
miami springs,FL,25.822320,-80.289500,14490
miamisburg,OH,39.642840,-84.286610,20034
miamitown,OH,39.215890,-84.704110,1259
micanopy,FL,29.504690,-82.279820,630
micco,FL,27.880580,-80.500330,9052
michie,TN,35.056200,-88.435320,589
michigan center,MI,42.233090,-84.327180,4672
michigan city,IN,41.707540,-86.895030,31459
mid-cambridge,MA,42.372050,-71.105980,12988
mid-city,CA,34.041260,-118.360580,83000
mid-govans,MD,39.357430,-76.605820,1302
mid-town belvedere,MD,39.304060,-76.616590,4666
middle amana,IA,41.795560,-91.899620,581
middle east,MD,39.301510,-76.589820,1872
middle inlet,WI,45.291640,-87.992330,827
middle island,NY,40.884270,-72.937330,10483
middle point,OH,40.855600,-84.447170,565
middle river,MD,39.334270,-76.439410,25191
middle valley,TN,35.195900,-85.184680,12684
middle village,NY,40.716490,-73.881250,29491
middleborough,MA,41.893160,-70.911150,23116
middleborough center,MA,41.894600,-70.926180,7319
middlebourne,WV,39.492300,-80.903720,790
middleburg,FL,30.068850,-81.860380,13008
middleburg,PA,40.785920,-77.047200,1314
middleburg,VA,38.968720,-77.735550,807
middleburg heights,OH,41.361440,-81.812910,15696
middleburgh,NY,42.598690,-74.332920,1437
middlebury,CT,41.527870,-73.127610,6974
middlebury,IN,41.675330,-85.706100,3562
middlebury (village),VT,44.015530,-73.169370,6588
middlebush,NJ,40.497600,-74.529320,2326
middlefield,MA,42.348420,-73.015100,551
middlefield,OH,41.462000,-81.073710,2693
middleport,NY,42.790620,-75.559900,1822
middleport,OH,39.001750,-82.048750,2474
middlesboro,KY,36.608420,-83.716580,10730
middlesex,NC,35.790160,-78.203880,814
middlesex,NJ,40.572600,-74.492650,13934
middlesex,VT,44.292840,-72.679280,1779
middleton,ID,43.706830,-116.620140,6828
middleton,MA,42.595090,-71.016160,9859
middleton,TN,35.064530,-88.890890,660
middleton,WI,43.097220,-89.504290,18979
middletown,CA,38.752400,-122.614990,1323
middletown,CT,41.562320,-72.650650,46756
middletown,DE,39.449560,-75.716320,20372
middletown,IN,40.057270,-85.537200,2260
middletown,KY,38.245350,-85.538850,7874
middletown,MD,39.443710,-77.544710,4469
middletown,MI,42.985860,-84.144970,897
middletown,NJ,40.394280,-74.117090,65490
middletown,NY,41.445930,-74.422930,27812
middletown,OH,39.515060,-84.398280,48760
middletown,PA,40.199810,-76.731080,9117
middletown,RI,41.545660,-71.291440,17303
middletown,VA,39.027610,-78.280560,1315
middleville,MI,42.713090,-85.461960,3301
middleville,NY,43.138680,-74.968210,501
midfield,AL,33.461500,-86.908880,5222
midland,MI,43.615580,-84.247210,42200
midland,NC,35.227370,-80.500620,3379
midland,PA,40.258960,-80.218110,2944
midland,TX,31.997350,-102.077910,132524
midland,WA,47.167040,-122.404840,8962
midland beach,NY,40.573160,-74.094590,7402
midland city,AL,31.319060,-85.493820,2386
midland park,NJ,40.989260,-74.140700,7329
midlothian,IL,41.625310,-87.717550,14847
midlothian,TX,32.482360,-96.994450,22318
midlothian,VA,37.505980,-77.649160,18320
midpines,CA,37.544380,-119.920450,1204
midtown,TN,35.879520,-84.564100,1360
midtown-edmondson,MD,39.296270,-76.650140,1096
midvale,OH,40.437840,-81.373170,749
midvale,UT,40.611060,-111.899940,32613
midway,AR,36.385340,-92.461830,1084
midway,FL,30.406480,-87.005530,16115
midway,GA,31.805770,-81.430660,2007
midway,KY,38.150910,-84.683830,1701
midway,LA,31.692120,-92.152360,1291
midway,NC,35.953470,-80.218100,4742
midway,NM,33.294820,-104.450520,971
midway,PA,39.808430,-77.002760,2125
midway,TN,36.300110,-82.423750,2491
midway,UT,40.512180,-111.474350,4646
midway city,CA,33.744740,-117.989230,8485
midway north,TX,26.187760,-98.017080,4752
midway south,TX,26.156940,-98.020110,2239
midwest city,OK,35.449510,-97.396700,57249
mifflin,PA,40.569520,-77.402770,628
mifflinburg,PA,40.917580,-77.047750,3520
mifflintown,PA,40.569800,-77.396930,926
mifflinville,PA,41.032310,-76.307990,1253
mignon,AL,33.183450,-86.261090,1284
mikoma,MS,33.950390,-90.283980,1209
mila doce,TX,26.226180,-97.958890,6222
milaca,MN,45.755800,-93.654410,2883
milam,TX,31.432400,-93.845740,1480
milan,GA,32.017400,-83.062650,766
milan,IL,41.453090,-90.572080,5096
milan,IN,39.121170,-85.131350,1886
milan,MI,42.085320,-83.682440,5983
milan,MO,40.202240,-93.125210,1852
milan,NH,44.573390,-71.185080,1418
milan,NM,35.169760,-107.890890,3250
milan,OH,41.297550,-82.605450,1347
milan,TN,35.919790,-88.758950,7813
milbank,SD,45.219130,-96.635620,3192
milbridge,ME,44.535360,-67.880830,1330
miles,TX,31.597380,-100.182310,864
miles city,MT,46.408340,-105.840560,8796
milesburg,PA,40.941730,-77.785000,1100
milford,CT,41.222320,-73.056500,52759
milford,DE,38.912610,-75.427970,10252
milford,IA,43.324690,-95.150000,3018
milford,IL,40.628370,-87.696140,1242
milford,IN,41.409770,-85.845550,1562
milford,KS,39.168330,-96.912510,592
milford,MA,42.139820,-71.516170,25055
milford,ME,44.946180,-68.643920,2233
milford,MI,42.593640,-83.599390,6472
milford,NE,40.774450,-97.050590,2107
milford,NH,42.835360,-71.648960,8835
milford,NJ,40.568710,-75.094620,1204
milford,OH,39.175340,-84.294380,6876
milford,PA,39.953130,-79.104190,1222
milford,TX,32.124600,-96.945280,739
milford,UT,38.396910,-113.010790,1331
milford,WI,43.100830,-88.846770,1116
milford center,OH,40.178670,-83.435480,823
milford mill,MD,39.347880,-76.769970,29042
milford square,PA,40.437040,-75.398790,897
mililani mauka,HI,21.477930,-157.994520,21075
mililani mauka / launani valley,HI,21.478850,-157.987990,18072
mililani town,HI,21.450400,-158.015030,27629
mill city,OR,44.754010,-122.478140,1875
mill creek,PA,39.966220,-75.215460,8324
mill creek,WA,47.860100,-122.204300,20043
mill creek,WV,38.731500,-79.970070,706
mill creek east,WA,47.836020,-122.187660,15709
mill hall,PA,41.107290,-77.484430,1615
mill neck,NY,40.887040,-73.555120,1015
mill plain,WA,45.642900,-122.493980,7874
mill valley,CA,37.906040,-122.544980,14394
millbourne,PA,39.963450,-75.250180,1162
millbrae,CA,37.598550,-122.387190,22795
millbrook,AL,32.479860,-86.361920,15314
millbrook,NY,41.785090,-73.694020,1425
millburn,NJ,40.724820,-74.304040,20149
millbury,MA,42.193980,-71.760070,13606
millbury,OH,41.566160,-83.424650,1249
millcreek,UT,40.686890,-111.875490,62139
milledgeville,GA,33.080140,-83.232100,18931
milledgeville,IL,41.963360,-89.774560,983
millen,GA,32.804050,-81.949280,2925
miller,MO,37.214780,-93.839930,686
miller,SD,44.518310,-98.988430,1437
miller place,NY,40.959820,-72.996210,12339
millers creek,NC,36.189300,-81.237590,2112
millers falls,MA,42.582030,-72.492590,1139
millersburg,IN,41.527830,-85.694430,935
millersburg,KY,38.302020,-84.147430,796
millersburg,OH,40.554510,-81.917920,3151
millersburg,OR,44.680950,-123.061480,1539
millersburg,PA,40.539530,-76.960810,2536
millersport,OH,39.900060,-82.534050,1049
millerstown,PA,40.549530,-77.154710,675
millersville,PA,39.997880,-76.354130,8420
millersville,TN,36.371160,-86.710000,6700
millerton,NY,41.953700,-73.510680,940
millheim,PA,40.890900,-77.476660,889
millhill,MD,39.279280,-76.656830,1404
milliken,CO,40.329430,-104.855250,6388
millingport,NC,35.380700,-80.305060,599
millington,IL,41.562530,-88.598410,665
millington,MD,39.258170,-75.837160,617
millington,MI,43.281410,-83.529680,1037
millington,TN,35.341470,-89.897310,11027
millinocket,ME,45.657270,-68.709760,4466
millis,MA,42.167600,-71.357840,8040
millis-clicquot,MA,42.164800,-71.354420,4403
millport,AL,33.563450,-88.081420,998
millry,AL,31.634050,-88.313350,524
mills,WY,42.840520,-106.365860,3785
mills river,NC,35.388450,-82.566790,7162
millsboro,DE,38.591500,-75.291300,4216
millsboro,PA,39.986740,-79.993660,666
millstadt,IL,38.461440,-90.091780,3896
milltown,IN,38.342280,-86.276090,799
milltown,NJ,40.456220,-74.443210,7049
milltown,WI,45.526070,-92.508530,883
millvale,PA,40.480070,-79.978390,3689
millville,CA,40.549320,-122.175280,727
millville,DE,38.549560,-75.123240,590
millville,MA,42.027880,-71.580900,2772
millville,NJ,39.402060,-75.039340,28230
millville,OH,39.389220,-84.654390,724
millville,PA,41.017010,-79.300600,956
millville,UT,41.681600,-111.823000,1970
millwood,PA,40.352570,-79.278370,566
millwood,SC,33.912940,-80.378970,885
millwood,WA,47.681280,-117.282710,1783
milner,GA,33.116790,-84.196590,601
milnor,ND,46.259130,-97.456200,648
milo,IA,41.291660,-93.442430,772
milo,ME,45.253660,-68.985870,1847
milpitas,CA,37.428270,-121.906620,77604
milroy,IN,39.496990,-85.469690,604
milroy,PA,40.713960,-77.590550,1498
milton,DE,38.777610,-75.309910,2824
milton,FL,30.632410,-87.039690,9628
milton,GA,34.132160,-84.300670,37547
milton,KY,38.723670,-85.369400,572
milton,LA,30.103810,-92.076510,3030
milton,MA,42.249540,-71.066160,27003
milton,NH,43.409800,-70.988400,575
milton,NY,43.033690,-73.852620,3087
milton,PA,41.012030,-76.847740,6928
milton,VT,44.639770,-73.110410,1861
milton,WA,47.248160,-122.312900,8697
milton,WI,42.775560,-88.944000,5593
milton,WV,38.434530,-82.132360,2637
milton center,MA,42.254270,-71.080050,5763
milton upper mills,MA,42.261210,-71.095330,6725
milton village,MA,42.266770,-71.071720,5123
milton-freewater,OR,45.932630,-118.387740,7035
milton-montford,MD,39.300620,-76.583120,1088
miltonvale,KS,39.348330,-97.446140,515
milwaukee,WI,43.038900,-87.906470,563531
milwaukie,OR,45.446230,-122.639260,20830
mimbres,NM,32.856190,-107.979760,667
mims,FL,28.665270,-80.844780,7058
minatare,NE,41.809410,-103.503830,800
minco,OK,35.312840,-97.944490,1656
minden,IA,41.466940,-95.542780,594
minden,LA,32.615430,-93.286840,12690
minden,NE,40.498630,-98.947860,3006
minden,NV,38.954070,-119.765730,3001
mineola,NY,40.749270,-73.640680,19139
mineola,TX,32.663190,-95.488290,4625
miner,MO,36.891440,-89.538410,961
mineral city,OH,40.601170,-81.361220,723
mineral point,WI,42.860000,-90.179850,2494
mineral ridge,OH,41.140060,-80.768970,3892
mineral springs,AR,33.875120,-93.913800,1161
mineral springs,NC,34.937930,-80.668680,2908
mineral wells,TX,32.808460,-98.112820,14754
mineral wells,WV,39.178000,-81.512070,1950
minersville,PA,40.690650,-76.262170,4258
minersville,UT,38.214140,-112.923560,869
minerva,OH,40.729780,-81.105380,3678
minerva park,OH,40.076450,-82.943790,1318
minetto,NY,43.398120,-76.477440,1069
mineville,NY,44.092830,-73.518180,1269
minford,OH,38.858960,-82.862120,693
mingo junction,OH,40.321740,-80.609800,3324
mingoville,PA,40.932290,-77.648050,503
minier,IL,40.433650,-89.313150,1224
minkler,CA,36.723840,-119.458180,1003
minneapolis,KS,39.121940,-97.706700,2002
minneapolis,MN,44.979970,-93.263840,410939
minnehaha,WA,45.659010,-122.627100,9771
minneola,FL,28.574440,-81.746190,10735
minneola,KS,37.443360,-100.015140,707
minneota,MN,44.558850,-95.985590,1363
minnesota lake,MN,43.841900,-93.831890,662
minnetonka,MN,44.913300,-93.503290,51669
minnetonka beach,MN,44.939690,-93.576620,570
minnetonka mills,MN,44.941070,-93.441900,50117
minnetrista,MN,44.938300,-93.717740,7178
minnewaukan,ND,48.071390,-99.252360,224
minoa,NY,43.076180,-76.000750,3523
minong,WI,46.099390,-91.824910,505
minonk,IL,40.904480,-89.034520,2053
minooka,IL,41.455310,-88.261730,11243
minor,AL,33.537330,-86.940550,1094
minor hill,TN,35.055360,-87.157510,527
minorca,LA,31.579330,-91.481790,2317
minot,ME,44.085630,-70.320060,2337
minot,ND,48.232510,-101.296270,49450
minot air force base,ND,48.420870,-101.339140,5521
minster,OH,40.393100,-84.376060,2845
mint hill,NC,35.179590,-80.647290,25627
minto,ND,48.291650,-97.371470,610
minturn,CO,39.586370,-106.430860,1026
mio,MI,44.652240,-84.129730,1826
mira mesa,CA,32.915600,-117.143920,70000
mira monte,CA,34.433610,-119.285110,6854
miracle valley,AZ,31.379270,-110.153410,644
miramar,FL,25.987310,-80.232270,137132
miramar beach,FL,30.374370,-86.358560,6146
miranda,CA,40.234590,-123.823650,520
mirrormont,WA,47.462320,-121.995670,3659
misenheimer,NC,35.484860,-80.288390,717
mishawaka,IN,41.661990,-86.158620,48261
mishicot,WI,44.239160,-87.641190,1407
mission,KS,39.027780,-94.655790,9491
mission,OR,45.670410,-118.683590,1037
mission,SD,43.305840,-100.658190,1215
mission,TX,26.215910,-98.325290,83298
mission bend,TX,29.693840,-95.664950,36501
mission canyon,CA,34.450830,-119.712910,2381
mission district,CA,37.759930,-122.419140,47234
mission hill,MA,42.334370,-71.108450,18722
mission hills,CA,34.686090,-120.436830,3576
mission hills,KS,39.017780,-94.616900,3601
mission viejo,CA,33.600020,-117.672000,97156
missoula,MT,46.872150,-113.994000,71022
missouri city,TX,29.618570,-95.537720,74139
missouri valley,IA,41.556380,-95.887790,2695
mitchell,IL,38.761990,-90.085380,1356
mitchell,IN,38.732830,-86.473600,4252
mitchell,NE,41.940240,-103.808560,1666
mitchell,SD,43.709430,-98.029800,15669
mitchellville,IA,41.668600,-93.357710,2304
mitchellville,MD,38.920000,-76.808000,10967
moab,UT,38.573320,-109.549840,5235
moanalua,HI,21.367770,-157.891130,9461
moanalua valley,HI,21.353090,-157.887140,7162
moapa town,NV,36.682190,-114.594160,1025
moapa valley,NV,36.580530,-114.470260,6924
moberly,MO,39.418370,-92.438240,13919
mobile,AL,30.694360,-88.043050,183289
mobridge,SD,45.537220,-100.427910,3466
mocanaqua,PA,41.141190,-76.138820,646
mocksville,NC,35.894030,-80.561450,5151
modena,PA,39.962010,-75.800260,528
modena park,PA,40.078440,-74.987950,10882
modesto,CA,37.639100,-120.996880,211266
moenkopi,AZ,36.111100,-111.222360,964
mogadore,OH,41.046450,-81.397890,3909
mogul,NV,39.513800,-119.926030,1290
mohall,ND,48.763360,-101.513220,808
mohave valley,AZ,34.933060,-114.588850,2616
mohawk,NY,43.011460,-75.004040,2628
mohnton,PA,40.285930,-75.984380,3036
mojave,CA,35.052470,-118.173960,4238
mokelumne hill,CA,38.300470,-120.706320,646
mokena,IL,41.526140,-87.889220,19923
mokulēia,HI,21.579670,-158.153130,1811
molalla,OR,45.147340,-122.577030,8972
moline,IL,41.506700,-90.515130,42681
moline acres,MO,38.746990,-90.240110,2431
molino,FL,30.724080,-87.314140,1277
momence,IL,41.166700,-87.662810,3213
mona,UT,39.816070,-111.855490,1598
monaca,PA,40.687290,-80.271450,5649
monahans,TX,31.594300,-102.892650,7690
monarch mill,SC,34.716100,-81.585000,1811
moncks corner,SC,33.196320,-80.014290,9873
moncure,NC,35.622650,-79.078350,711
mondawmin,MD,39.317610,-76.659410,2900
mondovi,WI,44.567740,-91.670990,2654
monee,IL,41.420030,-87.741710,5082
monessen,PA,40.148410,-79.887830,7483
monett,MO,36.928950,-93.927710,8988
monette,AR,35.890630,-90.344270,1527
monfort heights,OH,39.188390,-84.595220,11948
monmouth,IL,40.911430,-90.647360,9291
monmouth,ME,44.238680,-70.035610,3935
monmouth,OR,44.848450,-123.233990,10032
monmouth beach,NJ,40.330390,-73.981530,3239
monmouth junction,NJ,40.379000,-74.546540,2887
mono vista,CA,37.997700,-120.269910,3127
monon,IN,40.867820,-86.878900,1746
monona,IA,43.051650,-91.389300,1500
monona,WI,43.062220,-89.334010,8164
monongah,WV,39.462580,-80.218140,1091
monongahela,PA,40.203130,-79.926160,4192
monroe,GA,33.794840,-83.713230,13641
monroe,IA,41.522210,-93.101870,1831
monroe,IN,40.745050,-84.936910,861
monroe,LA,32.509310,-92.119300,49598
monroe,ME,44.615070,-69.018090,917
monroe,MI,41.916430,-83.397710,20092
monroe,NC,34.985430,-80.549510,34623
monroe,NH,44.260340,-72.054820,808
monroe,NY,41.330650,-74.186810,8632
monroe,OH,39.440340,-84.362160,13393
monroe,OR,44.314010,-123.296760,621
monroe,UT,38.629970,-112.120760,2293
monroe,WA,47.855380,-121.970960,18090
monroe,WI,42.601120,-89.638450,10796
monroe city,IN,38.615330,-87.354460,536
monroe city,MO,39.653650,-91.734610,2446
monroe north,WA,47.882250,-121.987290,1666
monroeton,PA,41.712580,-76.474660,565
monroeville,AL,31.527940,-87.324710,6110
monroeville,IN,40.974770,-84.868300,1324
monroeville,OH,41.244220,-82.696290,1370
monroeville,PA,40.421180,-79.788100,28176
monrovia,CA,34.148060,-117.998950,37463
monrovia,IN,39.578940,-86.482220,1427
monsey,NY,41.111210,-74.068480,18412
monson,MA,42.104260,-72.318970,8505
monson,ME,45.286990,-69.501160,692
monson center,MA,42.098980,-72.304810,2107
mont alto,PA,39.844260,-77.558320,1733
mont belvieu,TX,29.847720,-94.890760,5193
mont vernon,NH,42.894530,-71.674240,2166
montague,CA,41.728200,-122.527800,1399
montague,MA,42.535640,-72.535090,8637
montague,MI,43.416680,-86.357010,2362
montague,TX,33.664830,-97.720590,304
montalvin,CA,37.995480,-122.332750,2876
montana city,MT,46.537710,-111.932770,2715
montandon,PA,40.965360,-76.850800,903
montara,CA,37.542160,-122.516090,2909
montauk,NY,41.035940,-71.954510,3326
montcalm,WV,37.354010,-81.252600,726
montclair,CA,34.077510,-117.689780,38690
montclair,NJ,40.825930,-74.209030,39701
montclair,VA,38.610950,-77.339710,19570
monte alto,TX,26.373120,-97.971670,1924
monte rio,CA,38.465470,-123.008890,1152
monte sereno,CA,37.236330,-121.992460,3556
monte vista,CO,37.579170,-106.148080,4294
monteagle,TN,35.240080,-85.839700,1177
montebello,CA,34.009460,-118.105350,63921
montebello,NY,41.135930,-74.118480,4652
montecito,CA,34.436660,-119.632080,8965
montegut,LA,30.070760,-90.502030,1786
montello,WI,43.791370,-89.319840,1456
monterey,CA,36.600240,-121.894680,28338
monterey,MA,42.179260,-73.212050,950
monterey,TN,36.147560,-85.268300,2860
monterey,VA,38.412340,-79.580600,136
monterey park,CA,34.062510,-118.122850,61468
monterey park,NM,34.758980,-106.640850,1567
montesano,WA,46.981210,-123.602660,3891
montevallo,AL,33.100670,-86.864160,6648
montevideo,MN,44.948030,-95.717010,5217
montezuma,GA,32.305160,-84.027410,3189
montezuma,IA,41.585830,-92.527410,1411
montezuma,IN,39.792820,-87.370850,983
montezuma,KS,37.595860,-100.443200,982
montfort,WI,42.971660,-90.433180,702
montgomery,AL,32.366810,-86.299970,195287
montgomery,GA,31.940490,-81.122050,4523
montgomery,IL,41.730580,-88.345900,19489
montgomery,LA,31.667390,-92.890710,721
montgomery,MA,42.206760,-72.805100,665
montgomery,MN,44.438850,-93.581340,2915
montgomery,NY,41.527590,-74.236820,4609
montgomery,OH,39.228110,-84.354110,10506
montgomery,PA,41.170360,-76.876910,1558
montgomery,TX,30.388260,-95.696340,806
montgomery,VT,44.902550,-72.638180,1195
montgomery,WV,38.180380,-81.328450,1596
montgomery city,MO,38.977540,-91.504880,2734
montgomery village,MD,39.176770,-77.195260,32032
montgomeryville,PA,40.247330,-75.243790,12624
monticello,AR,33.629000,-91.790960,9820
monticello,FL,30.545150,-83.871300,2411
monticello,GA,33.304850,-83.683230,2615
monticello,IA,42.238340,-91.187090,3825
monticello,IL,40.027810,-88.573400,5509
monticello,IN,40.745320,-86.764730,5322
monticello,KY,36.829790,-84.849110,6090
monticello,LA,30.489080,-91.048720,5172
monticello,ME,46.308380,-67.842520,821
monticello,MN,45.305520,-93.794140,13299
monticello,MO,40.118380,-91.712110,99
monticello,MS,31.553780,-90.107310,1541
monticello,NY,41.655650,-74.689330,6505
monticello,UT,37.871380,-109.342890,2069
monticello,WI,42.745560,-89.594840,1227
montour falls,NY,42.347300,-76.845240,1676
montoursville,PA,41.254250,-76.920520,4549
montpelier,ID,42.322150,-111.297700,2509
montpelier,IN,40.553930,-85.277470,1735
montpelier,OH,41.584500,-84.605510,3993
montpelier,VT,44.260060,-72.575390,8074
montreal,WI,46.428000,-90.246010,783
montreat,NC,35.644280,-82.302900,723
montrose,CO,38.478320,-107.876170,19062
montrose,IA,40.532260,-91.414880,885
montrose,MI,43.176690,-83.892740,1587
montrose,MN,45.064960,-93.911080,3079
montrose,NY,41.252320,-73.931530,2731
montrose,PA,40.306480,-75.987710,1583
montrose,VA,37.520700,-77.378310,7993
montrose manor,PA,40.304940,-75.989080,604
montrose-ghent,OH,41.153800,-81.643780,5177
montross,VA,38.095130,-76.827460,389
montura,FL,26.636450,-81.100450,3343
montvale,NJ,41.046760,-74.022920,8442
montvale,VA,37.384580,-79.731150,698
montverde,FL,28.600280,-81.673960,1607
montville center,CT,41.478990,-72.151190,20180
montz,LA,30.006870,-90.468690,1918
monument,CO,39.091660,-104.872760,6420
monument beach,MA,41.719550,-70.611980,2790
monument hills,CA,38.664290,-121.875660,1542
moodus,CT,41.502880,-72.450090,1413
moody,AL,33.590940,-86.490820,12593
moody,TX,31.308230,-97.361400,1380
moody a f b,GA,30.978490,-83.216460,886
moonachie,NJ,40.841210,-74.045140,2788
moorcroft,WY,44.263310,-104.950250,1062
moore,OK,35.339510,-97.486700,60451
moore haven,FL,26.833120,-81.093120,1794
moorefield,WV,39.062330,-78.969470,2482
mooreland,OK,36.439200,-99.204820,1282
moores hill,IN,39.113390,-85.088010,587
moores mill,AL,34.843980,-86.518320,5682
mooresburg,TN,36.346480,-83.228230,941
moorestown-lenola,NJ,39.965910,-74.964410,14217
mooresville,IN,39.612820,-86.374160,9623
mooresville,NC,35.584860,-80.810070,36009
mooreville,MS,34.267610,-88.576720,650
moorhead,MN,46.873860,-96.769510,42005
moorhead,MS,33.450120,-90.505640,2261
mooringsport,LA,32.687650,-93.961020,786
moorpark,CA,34.285560,-118.882040,36104
moose creek,AK,64.710000,-147.143610,747
moose lake,MN,46.454110,-92.761870,2748
moose wilson road,WY,43.525210,-110.844660,1821
moosic,PA,41.353410,-75.738250,5751
moosup,CT,41.712880,-71.880910,3231
mora,MN,45.876900,-93.293840,3462
mora,NM,35.974200,-105.330010,656
morada,CA,38.038530,-121.245780,3828
moraga,CA,37.834930,-122.129690,17256
moraine,OH,39.706170,-84.219380,6373
moran,KS,37.916150,-95.170250,520
moravia,IA,40.890840,-92.815200,643
moravia,NY,42.712570,-76.421600,1236
moravia-walther,MD,39.340320,-76.564720,978
moravian falls,NC,36.096800,-81.182310,1901
moreauville,LA,31.034630,-91.975680,904
morehead,KY,37.271150,-87.176380,7622
morehead city,NC,34.722940,-76.726040,9347
morehouse,MO,36.847270,-89.685360,925
moreland,ID,43.222690,-112.442480,1278
moreland hills,OH,41.447830,-81.427620,3307
morenci,AZ,33.052000,-109.328000,1489
morenci,MI,41.719490,-84.218000,2187
moreno valley,CA,33.937520,-117.230590,204198
moretown,VT,44.250890,-72.760950,1660
morgan,GA,31.537670,-84.599360,1849
morgan,MN,44.416900,-94.925550,867
morgan,UT,41.036060,-111.676880,4049
morgan city,LA,29.699370,-91.206770,11835
morgan hill,CA,37.130500,-121.654390,42948
morgan park,IL,41.690310,-87.666720,22924
morgan state university,MD,39.346090,-76.582010,1589
morgandale,OH,41.265610,-80.782860,1224
morganfield,KY,37.683380,-87.916690,3578
morgans point resort,TX,31.148230,-97.463340,4170
morganton,NC,35.745410,-81.684820,16692
morgantown,IN,39.371440,-86.261100,985
morgantown,KY,37.225600,-86.683600,2475
morgantown,MS,31.572670,-91.347610,1412
morgantown,PA,40.155100,-75.889940,826
morgantown,WV,39.629530,-79.955900,30708
morganville,NJ,40.376500,-74.244310,5040
morganza,LA,30.738520,-91.594280,594
moriarty,NM,34.990050,-106.049190,1806
moriches,NY,40.807320,-72.821210,2838
morley,MO,37.043660,-89.610360,687
morning glory,TX,31.570120,-106.215810,651
morning sun,IA,41.096140,-91.257650,821
morningside,MD,38.830110,-76.891360,2086
morningside heights,NY,40.810000,-73.962500,55929
moro,OR,45.484010,-120.731170,310
morocco,IN,40.946150,-87.453360,1119
morongo valley,CA,34.046950,-116.580850,3552
moroni,UT,39.524960,-111.590470,1451
morrell park,MD,39.264550,-76.660800,3970
morrell park,PA,40.073440,-74.988500,9577
morrice,MI,42.838640,-84.178300,897
morrill,ME,44.443130,-69.149210,805
morrill,NE,41.963300,-103.926340,912
morrilton,AR,35.150920,-92.744050,6738
morris,AL,33.748160,-86.808600,1934
morris,IL,41.357250,-88.421180,14363
morris,MN,45.586070,-95.913940,5352
morris,NY,42.548690,-75.245170,564
morris,OK,35.607600,-95.860270,1462
morris heights,NY,40.849820,-73.919860,40982
morris park,NY,40.852320,-73.853470,10289
morris plains,NJ,40.821770,-74.480990,5532
morrisania,NY,40.829270,-73.906530,23127
morrisdale,PA,40.948950,-78.225290,754
morrison,IL,41.809750,-89.965120,4145
morrison,OK,36.297270,-97.008090,736
morrison,TN,35.602850,-85.919710,699
morrisonville,IL,39.420050,-89.455650,1028
morrisonville,NY,44.693100,-73.562080,1545
morristown,IN,39.673380,-85.698590,1358
morristown,MN,44.227190,-93.444670,992
morristown,NJ,40.796770,-74.481540,18594
morristown,TN,36.213980,-83.294890,29478
morristown,VT,44.557270,-72.623730,5653
morrisville,NC,35.823480,-78.825560,23820
morrisville,NY,42.898680,-75.640180,1764
morrisville,PA,40.211500,-74.787940,8605
morrisville,VT,44.561720,-72.598450,2040
morro bay,CA,35.365810,-120.849900,10639
morrow,GA,33.583170,-84.339370,7338
morrow,OH,39.354500,-84.127160,1272
morse,LA,30.121870,-92.498190,804
morton,IL,40.612820,-89.459260,16306
morton,MS,32.353760,-89.654520,3439
morton,PA,40.041780,-75.182960,6338
morton,TX,33.725100,-102.759380,1892
morton,WA,46.558440,-122.275100,1128
morton grove,IL,42.040590,-87.782560,23448
mortons gap,KY,37.236710,-87.475280,852
morven,GA,30.941580,-83.499330,532
moscow,ID,46.732390,-117.000170,25060
moscow,ME,45.070610,-69.891170,600
moscow,PA,41.336750,-75.518520,1960
moscow,TN,35.062030,-89.403960,532
moscow mills,MO,38.947830,-90.918190,2567
moses lake,WA,47.130140,-119.278080,22082
moses lake north,WA,47.194330,-119.317190,4418
mosheim,TN,36.189540,-82.958490,2343
mosher,MD,39.297350,-76.662400,1103
mosinee,WI,44.793020,-89.703180,4030
mosquero,NM,35.776980,-103.956640,93
moss beach,CA,37.527440,-122.513310,3103
moss bluff,LA,30.302700,-93.190710,11557
moss point,MS,30.411590,-88.534460,13654
mosses,AL,32.174590,-86.671920,955
mossyrock,WA,46.529550,-122.485110,751
motley,MN,46.336630,-94.646120,646
motley,VA,37.069590,-79.341140,1015
mott,ND,46.372500,-102.327110,793
mott haven,NY,40.808990,-73.922910,51450
moulton,AL,34.481210,-87.293350,3337
moulton,IA,40.685850,-92.677410,585
moulton,TX,29.574960,-97.142760,907
moultonborough,NH,43.754800,-71.396740,5034
moultrie,GA,31.179910,-83.789060,14377
mound,MN,44.936630,-93.666070,9336
mound bayou,MS,33.878170,-90.727320,1473
mound city,IL,37.085330,-89.162570,544
mound city,KS,38.142810,-94.813570,680
mound city,MO,40.131110,-95.231640,1059
mound city,SD,45.725270,-100.068450,68
moundridge,KS,38.203070,-97.519210,1696
mounds,IL,37.114220,-89.197850,745
mounds,OK,35.876480,-96.061110,1177
mounds view,MN,45.104970,-93.208560,12914
moundsville,WV,39.920350,-80.743140,8710
moundville,AL,32.997620,-87.630010,2460
mount aetna,MD,39.602320,-77.624160,561
mount airy,GA,34.518710,-83.500730,1292
mount airy,MD,39.376210,-77.154700,9380
mount airy,NC,36.499300,-80.607290,10354
mount angel,OR,45.067900,-122.800090,3437
mount arlington,NJ,40.925930,-74.634880,5300
mount ayr,IA,40.714710,-94.235230,1686
mount calvary,WI,43.826380,-88.246210,746
mount carmel,IL,38.410880,-87.761420,7027
mount carmel,OH,39.105890,-84.304100,4741
mount carmel,PA,40.797030,-76.411900,5728
mount carmel,TN,36.545380,-82.660990,5425
mount carroll,IL,42.095020,-89.978180,1620
mount clemens,MI,42.597260,-82.877980,16400
mount cobb,PA,41.413420,-75.493240,1799
mount crested butte,CO,38.905270,-106.960320,801
mount dora,FL,28.802490,-81.644520,13519
mount ephraim,NJ,39.878450,-75.092670,4639
mount gay-shamrock,WV,37.838570,-82.029700,1779
mount gilead,NC,35.214870,-80.002280,1180
mount gilead,OH,40.549230,-82.827400,3653
mount greenwood,IL,41.698090,-87.708660,18783
mount healthy,OH,39.233670,-84.545780,6039
mount healthy heights,OH,39.270330,-84.568000,3264
mount hermon,CA,37.051060,-122.058570,1037
mount hermon,VA,36.678470,-79.422250,3966
mount holly,MD,39.312140,-76.678640,1304
mount holly,NC,35.298190,-81.015910,14176
mount holly,NJ,39.992890,-74.787660,10804
mount holly,VT,43.452290,-72.824820,1221
mount holly springs,PA,40.118420,-77.189980,2037
mount hood village,OR,45.355400,-121.980640,4864
mount hope,KS,37.868620,-97.665050,813
mount hope,WV,37.895390,-81.164270,1377
mount horeb,WI,43.008610,-89.738460,7421
mount ida,AR,34.556760,-93.634080,1025
mount ivy,NY,41.186760,-74.034860,6878
mount jackson,VA,38.745950,-78.642240,2042
mount jewett,PA,41.725620,-78.638360,899
mount joy,PA,40.109820,-76.503300,8071
mount juliet,TN,36.200050,-86.518610,31540
mount kisco,NY,41.204260,-73.727080,11145
mount laurel,NJ,39.934000,-74.891000,41864
mount lebanon,PA,40.355350,-80.049500,32730
mount lena,MD,39.559270,-77.628050,515
mount morris,IL,42.050310,-89.431220,2877
mount morris,MI,43.118640,-83.694960,2964
mount morris,NY,42.725620,-77.874170,2899
mount morris,PA,39.733130,-80.067840,737
mount morris,WI,44.114420,-89.190670,1085
mount olive,AL,33.670940,-86.856100,4079
mount olive,IL,39.072270,-89.727310,2013
mount olive,MS,31.761270,-89.655070,973
mount olive,NC,35.196550,-78.066380,4728
mount oliver,PA,40.414240,-79.987830,3354
mount olivet,KY,38.531460,-84.036870,346
mount olympus,UT,40.685500,-111.788540,6748
mount orab,OH,39.027570,-83.919650,3660
mount penn,PA,40.328150,-75.890760,3165
mount pleasant,DC,38.930670,-77.040810,35842
mount pleasant,IA,40.963640,-91.557940,8433
mount pleasant,MI,43.597810,-84.767510,26060
mount pleasant,NC,35.399310,-80.435900,1821
mount pleasant,PA,40.060110,-75.182950,5163
mount pleasant,SC,32.794070,-79.862590,81317
mount pleasant,TN,35.534240,-87.206950,4790
mount pleasant,TX,33.156790,-94.968270,16051
mount pleasant,UT,39.546910,-111.455470,3299
mount pleasant,WI,42.697430,-87.855770,26272
mount plymouth,FL,28.808050,-81.533130,4011
mount pocono,PA,41.122030,-75.364630,3065
mount prospect,IL,42.066420,-87.937290,54747
mount pulaski,IL,40.010880,-89.282310,1515
mount rainier,MD,38.941500,-76.964980,8475
mount repose,OH,39.200620,-84.224380,4672
mount savage,MD,39.695640,-78.879740,873
mount shasta,CA,41.310240,-122.312250,3296
mount sidney,VA,38.257350,-78.959470,663
mount sinai,NY,40.947040,-73.029550,12118
mount sterling,IL,39.987270,-90.763460,1968
mount sterling,KY,38.056470,-83.943260,7208
mount sterling,OH,39.719510,-83.265190,1745
mount union,PA,40.384520,-77.882220,2396
mount vernon,AL,31.085180,-88.013330,1518
mount vernon,GA,32.178510,-82.594580,2276
mount vernon,IA,41.921950,-91.416840,4486
mount vernon,IL,38.317270,-88.903120,15087
mount vernon,IN,40.669490,-85.824150,7208
mount vernon,KY,38.025630,-84.495220,2583
mount vernon,MD,39.297610,-76.615800,5497
mount vernon,ME,44.501180,-69.987560,1584
mount vernon,MO,37.103670,-93.818540,4537
mount vernon,NY,40.912600,-73.837080,68628
mount vernon,OH,40.393400,-82.485720,16742
mount vernon,OR,44.417650,-119.113570,506
mount vernon,TX,33.188730,-95.221330,2753
mount vernon,VA,38.714120,-77.100820,12416
mount vernon,WA,48.421220,-122.334050,34053
mount vernon triangle,DC,38.902320,-77.016850,21897
mount victory,OH,40.534500,-83.520480,622
mount vista,WA,45.734280,-122.632880,7850
mount washington,KY,38.050060,-85.545790,14028
mount washington,MD,39.364270,-76.672750,4111
mount winans,MD,39.262130,-76.644390,725
mount wolf,PA,40.063150,-76.703860,1382
mount zion,GA,33.634280,-85.187170,1737
mount zion,IL,39.771430,-88.874240,5862
mountain brook,AL,33.500940,-86.752210,20691
mountain city,GA,34.918150,-83.385440,1061
mountain city,TN,36.474560,-81.804840,2475
mountain city,TX,30.037160,-97.886950,659
mountain gate,CA,40.716260,-122.331670,943
mountain green,UT,41.143000,-111.791600,2309
mountain grove,MO,37.130610,-92.263490,4685
mountain home,AR,36.335340,-92.385160,12330
mountain home,ID,43.132950,-115.691200,13730
mountain home,NC,35.369560,-82.492900,3622
mountain house,CA,37.783260,-121.542730,9675
mountain iron,MN,47.532430,-92.623510,2880
mountain lake,MN,43.938850,-94.929710,2117
mountain lake park,MD,39.398430,-79.381710,2111
mountain lakes,NJ,40.894820,-74.432930,4288
mountain lodge park,NY,41.388430,-74.141810,1588
mountain mesa,CA,35.639400,-118.405640,777
mountain park,GA,33.844270,-84.129360,11554
mountain pine,AR,34.572030,-93.173240,778
mountain ranch,CA,38.228250,-120.540760,1628
mountain road,VA,36.759580,-78.986960,1100
mountain top,PA,41.169530,-75.877420,10982
mountain view,AR,35.868410,-92.117650,2837
mountain view,CA,37.386050,-122.083850,80435
mountain view,CO,39.774430,-105.055540,528
mountain view,HI,19.555830,-155.108060,3924
mountain view,MO,36.995330,-91.703760,2673
mountain view,NC,35.683190,-81.368980,3552
mountain view,OK,35.097560,-98.746460,769
mountain view,WY,41.268840,-110.339880,1294
mountain view acres,CA,34.496660,-117.348940,3130
mountain village,AK,62.085560,-163.729440,883
mountain village,CO,37.931380,-107.856450,1395
mountainair,NM,34.520340,-106.241130,878
mountainaire,AZ,35.085290,-111.665990,1119
mountainburg,AR,35.635640,-94.167430,619
mountainhome,PA,41.173700,-75.271020,1182
mountainside,NJ,40.672320,-74.357370,6885
mountlake terrace,WA,47.788150,-122.308740,20989
mountville,PA,40.039260,-76.430800,2854
moville,IA,42.488880,-96.072520,1634
mowbray mountain,TN,35.275360,-85.222460,1615
moweaqua,IL,39.624760,-89.018970,1751
moxee city,WA,46.553740,-120.383120,821
moyie springs,ID,48.726330,-116.188530,717
moyock,NC,36.524600,-76.178270,3759
muddy,MT,45.621930,-106.760310,617
muenster,TX,33.651770,-97.376410,1608
muhlenberg park,PA,40.384820,-75.941320,1420
muir,MI,42.995870,-84.942500,605
mukilteo,WA,47.944540,-122.304580,21226
mukwonago,WI,42.866680,-88.333430,7721
mulberry,AR,35.500640,-94.051590,1634
mulberry,FL,27.895300,-81.973420,3976
mulberry,IN,40.344480,-86.665280,1242
mulberry,KS,37.556990,-94.621900,507
mulberry,NC,36.239580,-81.180640,2332
mulberry,OH,39.193390,-84.242160,3323
mulberry,SC,33.952100,-80.332860,529
mulberry grove,IL,38.925050,-89.268960,598
muldraugh,KY,37.937020,-85.991630,985
muldrow,OK,35.406200,-94.598830,3282
muleshoe,TX,34.226470,-102.723830,5185
mulga,AL,33.549830,-86.974160,819
mulino,OR,45.221510,-122.582030,2103
mullan,ID,47.470210,-115.801830,675
mullen,NE,42.042780,-101.042660,499
mullens,WV,37.583170,-81.380380,1464
mullica hill,NJ,39.739280,-75.224070,3982
mulliken,MI,42.762260,-84.896380,558
mullins,SC,34.205720,-79.254490,4519
mulvane,KS,37.474460,-97.243930,6314
muncie,IN,40.193380,-85.386360,70087
muncy,PA,41.205640,-76.785520,2433
munday,TX,33.449260,-99.622860,1339
mundelein,IL,42.263080,-88.003970,31582
munds park,AZ,34.945570,-111.640160,631
mundys corner,PA,40.444790,-78.841130,1651
munford,AL,33.529830,-85.950800,1259
munford,TN,35.449250,-89.815080,6108
munfordville,KY,37.272280,-85.891080,1640
munhall,PA,40.392290,-79.900050,11247
munising,MI,46.411200,-86.649260,2288
muniz,TX,26.256460,-98.089450,1370
munroe falls,OH,41.144500,-81.439830,5019
munsey park,NY,40.798710,-73.679850,2715
munsons corners,NY,42.582290,-76.209100,2728
munster,IN,41.564480,-87.512540,22984
murchison,TX,32.278480,-95.749690,594
murdo,SD,43.888320,-100.712910,458
murfreesboro,AR,34.062330,-93.689900,1580
murfreesboro,NC,36.442380,-77.098580,3002
murfreesboro,TN,35.845620,-86.390270,165430
murillo colonia,TX,26.256460,-98.113340,7344
murphy,ID,43.218220,-116.552340,97
murphy,MO,38.490330,-90.487070,8690
murphy,NC,35.087580,-84.034630,1615
murphy,TX,33.015120,-96.613050,20610
murphys,CA,38.137620,-120.461050,2213
murphys estates,SC,33.601250,-81.944280,1441
murphysboro,IL,37.764500,-89.335090,7768
murray,IA,41.041660,-93.949390,735
murray,KY,36.610330,-88.314760,18954
murray,UT,40.666890,-111.887990,49250
murray hill,KY,38.290350,-85.588290,605
murraysville,NC,34.295720,-77.847480,14215
murrayville,IL,39.585600,-90.252060,572
murrells inlet,SC,33.551000,-79.041430,7547
murrieta,CA,33.553910,-117.213920,109830
murrieta hot springs,CA,33.560580,-117.158090,3644
murrysville,PA,40.428400,-79.697550,20134
muscatine,IA,41.424470,-91.043210,23968
muscle shoals,AL,34.744810,-87.667530,13706
muscoda,WI,43.184990,-90.443180,1265
muscoy,CA,34.154180,-117.344210,10644
muse,PA,40.292850,-80.200340,2504
muskego,WI,42.905850,-88.138980,24755
muskegon,MI,43.234180,-86.248390,38401
muskegon heights,MI,43.201130,-86.238950,10796
muskogee,OK,35.747880,-95.369690,38456
mustang,OK,35.384230,-97.724490,20226
mustang ridge,TX,30.056880,-97.691110,969
muttontown,NY,40.823990,-73.547630,3670
myers corner,NY,41.606200,-73.872910,6790
myerstown,PA,40.374540,-76.302730,3140
myersville,MD,39.505100,-77.566380,1708
myrtle,MS,34.558430,-89.119230,502
myrtle beach,SC,33.689060,-78.886690,31035
myrtle creek,OR,43.020120,-123.293120,3459
myrtle grove,FL,30.421030,-87.307470,15870
myrtle grove,NC,34.134620,-77.881650,8875
myrtle point,OR,43.064830,-124.138990,2514
myrtle springs,TX,32.609860,-95.930240,828
myrtletown,CA,40.788740,-124.130340,4675
mystic,CT,41.354270,-71.966460,4205
mystic island,NJ,39.544280,-74.382370,8493
myton,UT,40.194400,-110.061820,639
māhinahina,HI,20.961650,-156.674230,910
mākaha,HI,21.466270,-158.210370,8278
mākaha valley,HI,21.475830,-158.199180,1341
mākaha-kaʻena,HI,21.483560,-158.230300,9364
mā‘ili,HI,21.416290,-158.175310,9488
mō‘ili‘ili,HI,21.294670,-157.830020,24778
naalehu,HI,19.067590,-155.579840,866
naches,WA,46.730960,-120.699520,805
naco,AZ,31.335380,-109.948130,1046
nacogdoches,TX,31.603510,-94.655490,33894
nags head,NC,35.957390,-75.624060,2908
nahant,MA,42.426490,-70.918940,3410
nahunta,GA,31.204390,-81.981230,1060
naknek,AK,58.728330,-157.013890,544
nambe,NM,35.893360,-105.982520,1818
nampa,ID,43.540720,-116.563460,89839
nanawale estates,HI,19.506110,-154.911940,1426
nanticoke,PA,41.205360,-76.004920,10258
nantucket,MA,41.283460,-70.099460,7446
nanty glo,PA,40.472290,-78.833360,2901
nanuet,NY,41.088710,-74.013470,17882
napa,CA,38.297140,-122.285530,80434
napanoch,NY,41.743980,-74.371540,1174
napavine,WA,46.574550,-122.908180,1789
naperville,IL,41.785860,-88.147290,147100
napi headquarters,NM,36.651930,-108.217900,727
napili-honokowai,HI,20.975330,-156.678260,7261
naples,FL,26.142340,-81.795960,21512
naples,NY,42.615350,-77.402490,1019
naples,TX,33.203180,-94.680210,1339
naples,UT,40.426910,-109.499300,2212
naples manor,FL,26.088700,-81.726200,5562
naples park,FL,26.261750,-81.809250,5967
napoleon,MI,42.160590,-84.246060,1258
napoleon,ND,46.508310,-99.771220,787
napoleon,OH,41.392270,-84.125220,8595
napoleonville,LA,29.940480,-91.024820,639
nappanee,IN,41.442830,-86.001390,6787
naranja,FL,25.518160,-80.422830,13509
narberth,PA,40.008450,-75.260460,4309
narragansett,RI,41.450100,-71.449500,15868
narragansett pier,RI,41.432320,-71.456440,3409
narrows,VA,37.205420,-79.958930,2171
nash,TX,33.442350,-94.130750,3141
nashotah,WI,43.097790,-88.402320,1393
nashua,IA,42.952750,-92.536300,1621
nashua,NH,42.765370,-71.467570,87970
nashville,AR,33.945670,-93.847130,4479
nashville,GA,31.207420,-83.250150,4854
nashville,IL,38.343660,-89.380640,3132
nashville,IN,39.207270,-86.251100,1077
nashville,MI,42.602810,-85.093050,1633
nashville,NC,35.974600,-77.965540,5460
nashville,TN,36.165890,-86.784440,689447
nashville,WI,45.522740,-89.024840,1037
nashwauk,MN,47.380210,-93.168250,968
nassau,DE,38.752060,-75.187690,3699
nassau,NY,42.515910,-73.610120,1124
nassau bay,TX,29.544680,-95.091040,4100
nassau village-ratliff,FL,30.511110,-81.809250,5337
natalbany,LA,30.546220,-90.486190,2984
natalia,TX,29.189680,-98.862530,1490
natchez,LA,31.675440,-93.044610,588
natchez,MS,31.560170,-91.403290,15128
natchitoches,LA,31.760720,-93.086270,18365
natick,MA,42.283430,-71.349500,32276
national city,CA,32.678110,-117.099200,61060
national harbor,MD,38.782640,-77.015060,3788
national park,NJ,39.865950,-75.178790,2999
natrona heights,PA,40.623400,-79.729770,10927
naturita,CO,38.218320,-108.568700,528
naugatuck,CT,41.485930,-73.050660,31538
nauvoo,IL,40.550040,-91.384870,1108
navajo,NM,36.946120,-107.063090,2087
naval academy,MD,38.985680,-76.487740,4802
navarre,FL,30.401590,-86.863570,31378
navarre,OH,40.724500,-81.522070,1922
navasota,TX,30.387980,-96.087730,7476
navassa,NC,34.255450,-78.007490,1636
navesink,NJ,40.399550,-74.035420,2020
navy yard city,WA,47.553430,-122.664580,2477
naylor,MO,36.575340,-90.604000,615
naytahwaush,MN,47.262740,-95.626140,578
nazareth,PA,40.740380,-75.309620,5681
neah bay,WA,48.366640,-124.621520,865
near north side,IL,41.900030,-87.634500,85711
near south side,IL,41.856700,-87.624770,22401
nebraska city,NE,40.676670,-95.859170,7335
necedah,WI,44.026080,-90.074020,921
nederland,CO,39.961380,-105.510830,1520
nederland,TX,29.974380,-93.992400,17196
nedrow,NY,42.975070,-76.141310,2244
needham,MA,42.283430,-71.232830,28886
needles,CA,34.848060,-114.614130,4984
needville,TX,29.399410,-95.837730,3063
neenah,WI,44.185820,-88.462610,25792
neffs,OH,40.027290,-80.815090,993
negaunee,MI,46.499100,-87.611800,4582
neillsville,WI,44.559960,-90.596250,2409
nekoosa,WI,44.312460,-89.904290,2474
neligh,NE,42.128620,-98.029790,1527
nellieburg,MS,32.406810,-88.777270,1414
nellis air force base,NV,36.246070,-115.057210,3187
nelliston,NY,42.934790,-74.613480,575
nellysford,VA,37.890420,-78.872240,1076
nelson,GA,34.382040,-84.371030,1347
nelson,NE,40.201680,-98.067820,466
nelson,NH,42.990640,-72.130920,675
nelsonia,VA,37.819850,-75.587150,523
nelsonville,NY,41.424540,-73.946530,625
nelsonville,OH,39.458680,-82.231820,5197
nemacolin,PA,39.878410,-79.924780,937
nenahnezad,NM,36.736110,-108.418140,688
neodesha,KS,37.418390,-95.680260,2357
neoga,IL,39.319480,-88.452830,1613
neola,IA,41.448880,-95.615560,862
neopit,WI,44.980810,-88.830940,690
neosho,MO,36.868960,-94.368000,12156
neosho,WI,43.310280,-88.518160,557
nephi,UT,39.710230,-111.836320,5560
neponsit,NY,40.571770,-73.861520,1355
neptune beach,FL,30.311910,-81.396470,7269
neptune city,NJ,40.200110,-74.027920,4803
nesconset,NY,40.852040,-73.154000,13387
nescopeck,PA,41.052030,-76.220770,1552
nesquehoning,PA,40.864530,-75.811030,3251
ness city,KS,38.452790,-99.906510,1407
netarts,OR,45.434830,-123.945960,748
netcong,NJ,40.898990,-74.706550,3253
nettie,WV,38.218450,-80.685930,568
nettleton,MS,34.089000,-88.622270,1953
neuse forest,NC,34.963770,-76.944670,2005
nevada,IA,42.022770,-93.452430,6831
nevada,MO,37.839210,-94.354670,8253
nevada,OH,40.819220,-83.130470,740
nevada,TX,33.042340,-96.373870,1008
nevada city,CA,39.261730,-121.017790,3152
new albany,IN,38.285620,-85.824130,36732
new albany,MS,34.494270,-89.007840,8830
new albany,OH,40.081170,-82.808790,9879
new alexandria,PA,40.398680,-79.421980,560
new athens,IL,38.326440,-89.877050,1951
new auburn,WI,45.204130,-91.558220,571
new augusta,MS,31.202630,-89.036680,641
new baden,IL,38.535050,-89.700650,3313
new baltimore,MI,42.681140,-82.736860,12354
new baltimore,OH,39.264780,-84.667450,661
new baltimore,VA,38.767340,-77.728330,8119
new beaver,PA,40.876450,-80.370620,1450
new bedford,MA,41.635260,-70.927010,101079
new bedford,PA,41.097280,-80.504790,925
new berlin,IL,39.725330,-89.910660,1350
new berlin,NY,42.624240,-75.331560,974
new berlin,PA,40.878970,-76.986920,867
new berlin,TX,29.464120,-98.101120,535
new berlin,WI,42.976400,-88.108420,39825
new berlinville,PA,40.345370,-75.632960,1368
new bern,NC,35.108490,-77.044110,30070
new bethlehem,PA,41.001730,-79.331430,941
new bloomfield,MO,38.720320,-92.091300,676
new bloomfield,PA,40.419810,-77.186370,1080
new boston,IL,41.170310,-90.996810,653
new boston,NH,42.976190,-71.693960,4934
new boston,OH,38.752300,-82.936840,2174
new boston,TX,33.459840,-94.415480,4688
new braintree,MA,42.316760,-72.125910,943
new braunfels,TX,29.703000,-98.124450,70543
new bremen,OH,40.436990,-84.379670,2964
new brighton,MN,45.065520,-93.201890,22351
new brighton,NY,40.642330,-74.092920,3421
new brighton,PA,40.730340,-80.310060,5891
new britain,CT,41.661210,-72.779540,72808
new britain,PA,40.299000,-75.181010,3017
new brockton,AL,31.385720,-85.929390,1159
new brunswick,NJ,40.486220,-74.451820,57035
new buffalo,MI,41.793930,-86.743920,1876
new burlington,OH,39.259500,-84.557170,5069
new california,OH,40.156170,-83.236580,1411
new canaan,CT,41.146760,-73.494840,19738
new caney,TX,30.155220,-95.211320,20000
new carlisle,IN,41.700320,-86.509460,1853
new carlisle,OH,39.936170,-84.025490,5693
new carrollton,MD,38.969830,-76.879970,12786
new cassel,NY,40.758990,-73.569570,14059
new castle,CO,39.572760,-107.536440,4669
new castle,DE,39.659480,-75.563590,5382
new castle,IN,39.928940,-85.370250,17621
new castle,KY,38.433400,-85.169680,926
new castle,NH,43.072290,-70.717180,1076
new castle,PA,41.003670,-80.347010,22375
new castle,VA,37.500130,-80.110880,152
new castle northwest,PA,41.022080,-80.356820,1413
new century,KS,38.822530,-94.899710,1072
new chapel hill,TX,32.305150,-95.173000,616
new chicago,IN,41.558370,-87.274480,1975
new city,IL,41.807530,-87.656440,40997
new city,NY,41.147600,-73.989310,33559
new columbia,PA,41.040920,-76.866910,1013
new concord,OH,39.993680,-81.734020,2343
new cumberland,PA,40.232310,-76.884700,7295
new cumberland,WV,40.496730,-80.606740,1063
new cuyama,CA,34.946920,-119.685410,517
new deal,TX,33.737310,-101.836560,804
new dorp,NY,40.573990,-74.115980,7253
new dorp beach,NY,40.565380,-74.102920,6201
new durham,NH,43.436750,-71.172290,2364
new eagle,PA,40.207850,-79.946990,2126
new egypt,NJ,40.067610,-74.530710,2512
new ellenton,SC,33.421530,-81.685670,2121
new england,ND,46.539180,-102.868220,659
new fairfield,CT,41.466480,-73.485680,14126
new fairview,TX,33.099170,-97.446390,1334
new florence,MO,38.910320,-91.448220,728
new florence,PA,40.380350,-79.075310,666
new franklin,MO,39.017250,-92.737410,1082
new franklin,OH,40.941720,-81.541510,14275
new freedom,PA,39.737880,-76.701360,4585
new glarus,WI,42.814450,-89.635120,2172
new gloucester,ME,43.962850,-70.282550,5389
new hamilton,MS,33.737890,-88.444760,553
new hampton,IA,43.059140,-92.317680,3452
new harmony,IN,38.129770,-87.935030,767
new hartford,IA,42.566930,-92.622140,508
new hartford,NY,43.073400,-75.287670,1844
new hartford center,CT,41.879960,-72.975300,1385
new haven,CT,41.308150,-72.928160,130322
new haven,IN,41.070600,-85.014410,15709
new haven,KY,37.657840,-85.591070,887
new haven,MI,43.093640,-84.153310,5123
new haven,MO,38.608380,-91.219040,2096
new haven,OH,39.275610,-84.740780,583
new haven,WV,38.986470,-81.973470,1532
new hempstead,NY,41.149820,-74.033750,5312
new holland,OH,39.553950,-83.256860,836
new holland,PA,40.101760,-76.085230,5430
new holstein,WI,43.949990,-88.084260,3216
new hope,AL,34.537120,-86.394260,2800
new hope,MN,45.038020,-93.386620,21032
new hope,MS,33.468170,-88.326700,3193
new hope,OR,42.362340,-123.367840,1515
new hope,PA,40.364270,-74.951280,2510
new hope,TN,35.005080,-85.658300,1067
new hope,TX,33.210120,-96.565270,639
new hope,VA,38.197910,-78.905860,797
new hope (historical),TX,33.234560,-96.988620,603
new hyde park,NY,40.735100,-73.687910,9811
new iberia,LA,30.003540,-91.818730,30754
new ipswich,NH,42.748140,-71.854240,5283
new jerusalem,PA,40.448150,-75.747140,649
new johnsonville,TN,36.021170,-87.966980,1897
new kensington,PA,40.569790,-79.764770,12713
new kent,VA,37.517650,-76.978860,239
new kingman-butler,AZ,35.265040,-114.032260,12134
new knoxville,OH,40.493660,-84.314670,867
new lebanon,OH,39.745330,-84.384950,4001
new lenox,IL,41.511980,-87.965610,25800
new lexington,OH,39.713960,-82.208480,4727
new limerick,ME,46.101160,-67.960020,544
new lisbon,WI,43.879140,-90.165410,2486
new llano,LA,31.114910,-93.271550,2468
new london,CT,41.355650,-72.099520,27179
new london,IA,40.926980,-91.399600,1882
new london,MN,45.301080,-94.944180,1328
new london,MO,39.585320,-91.400980,969
new london,NC,35.443200,-80.219220,604
new london,NH,43.413960,-71.985080,1415
new london,OH,41.085050,-82.399890,2381
new london,TX,32.238770,-94.940490,997
new london,WI,44.392760,-88.739830,7172
new lothrop,MI,43.116690,-83.969970,561
new madison,OH,39.967830,-84.709120,878
new madrid,MO,36.586450,-89.527850,3011
new market,AL,34.910030,-86.427790,1597
new market,IN,39.952540,-86.921400,630
new market,MD,39.382600,-77.269430,1525
new market,MN,44.573020,-93.353560,700
new market,PA,40.223150,-76.852190,705
new market,TN,36.103980,-83.552680,1365
new market,VA,38.647900,-78.671410,2208
new marlborough,MA,42.122870,-73.228720,1520
new martinsville,WV,39.644520,-80.857600,5218
new matamoras,OH,39.524520,-81.067050,1135
new miami,OH,39.434780,-84.536890,2316
new middletown,OH,40.961170,-80.557570,1576
new milford,CT,41.577040,-73.408450,6523
new milford,IL,42.186970,-89.067880,697
new milford,NJ,40.935100,-74.019030,16801
new milford,PA,41.872580,-75.727130,866
new northwood,MD,39.348830,-76.594960,4517
new orleans,LA,29.954650,-90.075070,362701
new oxford,PA,39.863710,-77.055810,1796
new palestine,IN,39.721990,-85.889150,2221
new paltz,NY,41.747590,-74.086810,7070
new paris,IN,41.500330,-85.828050,1494
new paris,OH,39.856990,-84.793290,1580
new pekin,IN,38.505060,-86.016920,1378
new philadelphia,OH,40.489790,-81.445670,17484
new philadelphia,PA,40.719530,-76.115770,1064
new plymouth,ID,43.969890,-116.819040,1503
new port richey,FL,28.244180,-82.719270,15842
new port richey east,FL,28.260270,-82.692610,10036
new portland,ME,44.884220,-70.096730,816
new prague,MN,44.543300,-93.576070,7582
new preston,CT,41.675100,-73.351790,1182
new providence,NJ,40.698430,-74.401540,12469
new richland,MN,43.893850,-93.493830,1188
new richmond,OH,38.948680,-84.279940,2642
new richmond,WI,45.123020,-92.536590,8821
new river,AZ,33.915870,-112.135990,14952
new roads,LA,30.701570,-91.436220,4697
new rochelle,NY,40.911490,-73.782350,79846
new rockford,ND,47.680000,-99.137900,1390
new salem,MA,42.504260,-72.332030,945
new salem,ND,46.845000,-101.411250,896
new salem,PA,39.901490,-76.789420,777
new salisbury,IN,38.313680,-86.094970,613
new sarpy,LA,29.978170,-90.389630,1464
new seabury,MA,41.571500,-70.475300,717
new sharon,IA,41.470000,-92.651300,1291
new sharon,ME,44.638950,-70.015610,1348
new shoreham,RI,41.172330,-71.557830,1047
new site,AL,33.037340,-85.774130,755
new smyrna beach,FL,29.025820,-80.927000,24298
new south memphis,TN,35.086760,-90.056760,641608
new southwest/mount clare,MD,39.283030,-76.641730,1811
new springville,NY,40.593440,-74.163200,20756
new square,NY,41.139560,-74.029420,8057
new stanton,PA,40.219240,-79.609480,2129
new straitsville,OH,39.577850,-82.237650,715
new stuyahok,AK,59.452780,-157.311940,526
new summerfield,TX,31.980720,-95.093830,1111
new sweden station,ME,46.953650,-68.100580,646
new tazewell,TN,36.442580,-83.599630,2957
new territory,TX,29.594120,-95.680780,15186
new town,ND,47.980850,-102.490180,2521
new tripoli,PA,40.680930,-75.751860,898
new tulsa,OK,36.075100,-95.672760,741
new ulm,MN,44.312460,-94.460530,13327
new underwood,SD,44.093320,-102.836280,672
new union,TN,35.532580,-86.080820,1431
new vienna,OH,39.323670,-83.691030,1202
new vineyard,ME,44.804220,-70.121450,754
new washington,IN,38.563120,-85.539680,566
new washington,OH,40.962280,-82.854350,936
new waterford,OH,40.845060,-80.614520,1202
new waverly,TX,30.537700,-95.483280,1040
new whiteland,IN,39.558100,-86.095260,5906
new wilmington,PA,41.122280,-80.332840,2233
new windsor,IL,41.202260,-90.442350,782
new windsor,MD,39.542050,-77.108040,1400
new windsor,NY,41.476760,-74.023750,8922
new york city,NY,40.714270,-74.005970,8804190
new york mills,MN,46.518020,-95.376150,1225
new york mills,NY,43.105350,-75.291280,3308
newark,AR,35.701740,-91.441520,1177
newark,CA,37.529660,-122.040240,45336
newark,DE,39.683720,-75.749660,33817
newark,IL,41.536970,-88.583410,1025
newark,NJ,40.735660,-74.172370,281944
newark,NY,43.046730,-77.095250,8843
newark,OH,40.058120,-82.401260,47986
newark,TX,33.001240,-97.484470,1061
newark valley,NY,42.223690,-76.183260,957
newaygo,MI,43.419740,-85.800050,1957
newberg,OR,45.300120,-122.973160,22780
newbern,TN,36.112850,-89.261740,3336
newberry,FL,29.646350,-82.606500,5564
newberry,MI,46.355000,-85.509560,1455
newberry,SC,34.274580,-81.618720,10331
newborn,GA,33.517060,-83.696010,734
newburg,KY,38.160070,-85.659680,19967
newburg,WI,43.431670,-88.046480,1233
newburgh,IN,37.944490,-87.405290,3277
newburgh,NY,41.503430,-74.010420,28290
newburgh heights,OH,41.450050,-81.663460,2096
newbury,NH,43.321460,-72.035920,1813
newburyport,MA,42.812590,-70.877280,17982
newcastle,CA,38.874070,-121.133280,1224
newcastle,ME,44.035080,-69.536710,667
newcastle,OK,35.247290,-97.599760,9438
newcastle,TX,33.194000,-98.738670,570
newcastle,WA,47.538990,-122.155680,11370
newcastle,WY,43.854700,-104.204940,3534
newcomerstown,OH,40.272290,-81.605950,3794
newell,IA,42.605530,-95.002770,871
newell,PA,40.075630,-79.898100,531
newell,SD,44.714710,-103.420740,595
newell,WV,40.618400,-80.604240,1376
newellton,LA,32.072650,-91.240950,1074
newfane,NY,43.286720,-78.710310,3822
newfane,VT,42.985640,-72.655930,114
newfield,ME,43.648130,-70.847010,1381
newfield,NJ,39.546880,-75.026360,1534
newfield hamlet,NY,42.358250,-76.592250,759
newhall,IA,41.995560,-91.967680,850
newington,CT,41.697880,-72.723710,30562
newington,NH,43.100090,-70.833670,825
newington,VA,38.738450,-77.184980,12943
newkirk,OK,36.882250,-97.053370,2253
newland,NC,36.087350,-81.927340,686
newman,CA,37.313830,-121.020760,10899
newman,IL,39.798650,-87.985870,854
newman grove,NE,41.750010,-97.775330,728
newmanstown,PA,40.349540,-76.213280,2478
newmarket,NH,43.082860,-70.935060,5297
newnan,GA,33.380670,-84.799660,37291
newport,AR,35.604800,-91.281800,7767
newport,DE,39.713720,-75.609370,1058
newport,IN,39.884200,-87.408630,489
newport,KY,39.091450,-84.495780,15354
newport,ME,44.835340,-69.273940,1776
newport,MN,44.866360,-93.000490,3480
newport,NC,34.786550,-76.859110,4723
newport,NH,43.365350,-72.173420,4769
newport,NY,43.185900,-75.014320,620
newport,OH,39.390910,-81.226780,1003
newport,OR,44.636780,-124.053450,10268
newport,PA,40.477860,-77.130540,1566
newport,RI,41.490100,-71.312830,24232
newport,SC,34.989860,-81.100910,4136
newport,TN,35.967040,-83.187660,6834
newport,VT,44.936440,-72.205100,4442
newport,WA,47.571210,-122.180680,2218
newport beach,CA,33.618910,-117.928950,87127
newport east,RI,41.515790,-71.287520,11769
newport news,VA,36.980380,-76.429750,186247
newton,AL,31.335170,-85.605210,1472
newton,GA,31.312960,-84.335740,594
newton,IA,41.699710,-93.047980,15125
newton,IL,38.990880,-88.162540,2814
newton,KS,38.046680,-97.345040,19216
newton,MA,42.337040,-71.209220,88817
newton,MS,32.321260,-89.163390,3356
newton,NC,35.669860,-81.221470,13035
newton,NH,42.869530,-71.034500,4513
newton,NJ,41.058150,-74.752670,7979
newton,TX,30.848530,-93.757400,2403
newton,UT,41.862700,-111.990780,782
newton center,MA,42.330650,-71.199500,1701
newton corner,MA,42.361210,-71.195330,5042
newton falls,OH,41.188390,-80.978150,4654
newton grove,NC,35.245160,-78.354170,576
newton highlands,MA,42.320930,-71.199500,9976
newton lower falls,MA,42.329260,-71.253670,1246
newton upper falls,MA,42.313990,-71.219500,7579
newtonville,MA,42.350100,-71.203670,11251
newtown,CT,41.413980,-73.303450,1967
newtown,HI,21.399720,-157.937890,3384
newtown,OH,39.124500,-84.361610,2664
newtown,PA,40.229280,-74.936830,2222
newtown grant,PA,40.260110,-74.954890,3620
newville,AL,31.421840,-85.337710,520
newville,PA,40.173140,-77.398600,1331
nezperce,ID,46.234890,-116.240700,468
niagara,WI,45.771350,-87.994850,1587
niagara falls,NY,43.094500,-79.056710,48916
niantic,CT,41.325380,-72.193130,3114
niantic,IL,39.853930,-89.166190,673
nibley,UT,41.674380,-111.833000,6451
nice,CA,39.123230,-122.848330,2731
nicetown,PA,40.013170,-75.156840,3690
nicetown-tioga,PA,40.009890,-75.163870,17382
niceville,FL,30.516860,-86.482170,14714
nicholasville,KY,37.880630,-84.573000,29754
nicholls,GA,31.517420,-82.634860,3331
nichols hills,OK,35.550890,-97.548930,3887
nicholson,GA,34.114000,-83.431550,1718
nicholson,MS,30.477140,-89.693670,3092
nicholson,PA,41.626190,-75.780470,739
nickerson,KS,38.147230,-98.083670,1036
nicollet,MN,44.276080,-94.187460,1138
nicoma park,OK,35.491170,-97.323090,2469
niederwald,TX,30.009380,-97.728060,565
nikiski,AK,60.690280,-151.288890,4493
niland,CA,33.240040,-115.518880,1006
niles,IL,42.018920,-87.802840,29876
niles,MI,41.829770,-86.254180,11333
niles,OH,41.182840,-80.765360,18651
ninety six,SC,34.175130,-82.024010,2048
ninilchik,AK,60.050350,-151.668190,883
ninnekah,OK,34.947850,-97.923930,1036
niota,TN,35.513410,-84.545210,718
nipomo,CA,35.042750,-120.476000,16714
niskayuna,NY,42.779800,-73.845680,4859
nisqually indian community,WA,47.025870,-122.688410,575
nissequogue,NY,40.903990,-73.197890,1760
nisswa,MN,46.520520,-94.288610,2011
nitro,WV,38.414810,-81.844020,6763
nittany,PA,40.997560,-77.556110,658
niu valley,HI,21.284300,-157.737060,19250
niverville,NY,42.440920,-73.660950,1662
niwot,CO,40.103870,-105.170820,4006
nixa,MO,37.043390,-93.294350,20984
nixon,PA,40.783400,-79.929500,1373
nixon,TX,29.267460,-97.764440,2465
noank,CT,41.327880,-71.990630,1796
noatak,AK,67.571110,-162.965280,514
noble,IL,38.697550,-88.223650,668
noble,OK,35.139240,-97.394750,6666
nobleboro,ME,44.079520,-69.485050,1691
noblestown,PA,40.391180,-80.198670,575
noblesville,IN,40.045590,-86.008600,59093
nocatee,FL,27.160330,-81.882310,4524
nocona,TX,33.786770,-97.725860,2939
nocona hills,TX,33.851700,-97.650070,675
noe valley,CA,37.750180,-122.433690,22893
noel,MO,36.545630,-94.485220,1824
nogales,AZ,31.340380,-110.934250,20252
nokesville,VA,38.698730,-77.579710,1354
nokomis,FL,27.119220,-82.444260,3167
nokomis,IL,39.301160,-89.285080,2185
nolanville,TX,31.078790,-97.605570,4774
nolensville,TN,35.952290,-86.669440,6939
noma,DC,38.903720,-77.005980,20700
nome,AK,64.501110,-165.406390,3806
nome,TX,30.035770,-94.424360,562
nonantum,MA,42.362600,-71.202280,9600
nooksack,WA,48.927620,-122.321550,1480
noonday,TX,32.235710,-95.406070,777
noorvik,AK,66.838330,-161.032780,694
nora springs,IA,43.142750,-93.004370,1389
norborne,MO,39.302520,-93.677440,679
norco,CA,33.931130,-117.548660,26289
norco,LA,29.999090,-90.412300,3074
norcross,GA,33.941210,-84.213530,16634
norfolk,CT,41.993980,-73.202060,553
norfolk,MA,42.119540,-71.325060,10386
norfolk,NE,42.028340,-97.417000,24366
norfolk,NY,44.800890,-74.991030,1327
norfolk,VA,36.846810,-76.285220,238005
norland,FL,25.948980,-80.212270,23604
norlina,NC,36.445700,-78.198330,1081
normal,IL,40.514200,-88.990630,54373
norman,OK,35.222570,-97.439480,128026
norman park,GA,31.269070,-83.687120,963
normandy,MO,38.720880,-90.297340,4978
normandy,PA,40.103440,-74.995720,1258
normandy park,WA,47.436210,-122.340680,6668
normangee,TX,31.029630,-96.114680,693
norphlet,AR,33.315960,-92.662930,824
norridge,IL,41.963360,-87.827280,14621
norridgewock,ME,44.713120,-69.790610,1438
norris,SC,34.760110,-82.753750,819
norris,TN,36.195630,-84.067970,1651
norris city,IL,37.981160,-88.329210,1247
norristown,PA,40.121500,-75.339900,34412
north,SC,33.615710,-81.102040,742
north adams,MA,42.700920,-73.108710,13263
north alamo,TX,26.217300,-98.128900,3235
north amherst,MA,42.410370,-72.530920,6819
north amityville,NY,40.697600,-73.425120,17862
north andover,MA,42.698700,-71.135060,28222
north andrews gardens,FL,26.191470,-80.144210,10056
north apollo,PA,40.596180,-79.555600,1257
north arlington,NJ,40.788430,-74.133200,15904
north attleborough center,MA,41.972630,-71.324740,16796
north auburn,CA,38.931290,-121.081890,13022
north augusta,SC,33.501800,-81.965120,22522
north aurora,IL,41.806140,-88.327300,17456
north babylon,NY,40.716490,-73.321790,17509
north ballston spa,NY,43.019690,-73.851090,1338
north baltimore,OH,41.182830,-83.678270,3545
north barrington,IL,42.207800,-88.140630,3022
north bath,ME,43.934800,-69.815880,9363
north bay shore,NY,40.753000,-73.260200,18944
north bay village,FL,25.846210,-80.153940,8302
north beach,MD,38.707340,-76.531070,2014
north beach haven,NJ,39.573170,-74.231530,2235
north bel air,MD,39.539830,-76.354960,33925
north belle vernon,PA,40.129240,-79.868100,1905
north bellmore,NY,40.691490,-73.533460,19941
north bellport,NY,40.774270,-72.942880,11545
north bend,NE,41.461950,-96.779750,1234
north bend,OH,39.152560,-84.748000,860
north bend,OR,43.406500,-124.224280,9673
north bend,WA,47.495660,-121.786780,6679
north bennington,VT,42.930360,-73.242610,1620
north bergen,NJ,40.804270,-74.012080,63484
north berwick,ME,43.303700,-70.733390,1615
north bethesda,MD,39.044550,-77.118870,43828
north bibb,AL,33.204010,-87.153050,1013
north bonneville,WA,45.637340,-121.971190,971
north boston,NY,42.685620,-78.776700,2521
north braddock,PA,40.398960,-79.840880,4787
north branch,MI,43.229470,-83.196610,1029
north branch,MN,45.511350,-92.980220,10215
north branford,CT,41.327600,-72.767320,14454
north brentwood,MD,38.945390,-76.951640,540
north brighton,MA,42.358430,-71.138390,6531
north brookfield,MA,42.266760,-72.082850,2265
north brooksville,FL,28.573050,-82.408150,3544
north browning,MT,48.570250,-113.009530,2408
north brunswick,NJ,40.454000,-74.482000,43905
north caldwell,NJ,40.864820,-74.258200,6661
north canton,OH,40.875890,-81.402340,17441
north cape may,NJ,38.982060,-74.957950,3226
north castle,NY,41.140000,-73.683890,12304
north catasauqua,PA,40.659820,-75.476850,2828
north center,IL,41.953920,-87.678950,34623
north charleroi,PA,40.151180,-79.907550,1282
north charleston,SC,32.854620,-79.974810,108304
north chevy chase,MD,39.000670,-77.072760,588
north chicago,IL,42.325580,-87.841180,29491
north chicopee,MA,42.183430,-72.599530,55179
north college hill,OH,39.218390,-84.550780,9332
north collins,NY,42.595340,-78.941150,1225
north conway,NH,44.053680,-71.128400,2349
north corbin,KY,36.960640,-84.093260,1773
north courtland,AL,34.672310,-87.329740,632
north creek,NY,43.697840,-73.985970,616
north creek,WA,47.819540,-122.176240,26410
north crossett,AR,33.165680,-91.941520,3119
north decatur,GA,33.790380,-84.306030,16698
north deland,FL,29.049430,-81.298120,1450
north druid hills,GA,33.816770,-84.313260,18947
north eagle butte,SD,45.004150,-101.233760,1954
north east,MD,39.600110,-75.941330,3723
north east,PA,42.215610,-79.834220,4172
north eastham,MA,41.865110,-69.991130,1806
north edwards,CA,35.016640,-117.832840,1058
north el monte,CA,34.102790,-118.024230,3723
north elba,NY,44.243380,-73.954310,8474
north end,MA,42.365100,-71.054500,10131
north english,IA,41.513900,-92.076290,1022
north enid,OK,36.435590,-97.868950,925
north fair oaks,CA,37.474380,-122.196630,14687
north fairfield,OH,41.103940,-82.611840,537
north falmouth,MA,41.645940,-70.618360,3084
north fond du lac,WI,43.811380,-88.483440,5004
north fork,AZ,34.001670,-109.963550,1417
north fork village,OH,39.335900,-83.029070,1991
north fort lewis,WA,47.121310,-122.594520,2699
north fort myers,FL,26.667290,-81.880090,39407
north freedom,WI,43.459710,-89.868460,706
north gate,CA,37.906150,-121.998180,679
north gates,NY,43.176450,-77.701390,9512
north granby,CT,41.995930,-72.829540,1944
north great river,NY,40.747320,-73.169840,4001
north grosvenor dale,CT,41.985650,-71.898680,1530
north haledon,NJ,40.955100,-74.185980,8548
north hampton,NH,42.972590,-70.829780,4721
north harford road,MD,39.366170,-76.546120,5069
north hartsville,SC,34.393770,-80.069510,3251
north haven,CT,41.390930,-72.859540,24093
north haven,NY,41.012880,-72.312860,872
north haverhill,NH,44.090340,-72.026480,0
north hero,VT,44.831250,-73.273230,793
north high shoals,GA,33.820120,-83.506000,699
north highlands,CA,38.685740,-121.372170,42694
north hills,CA,34.236390,-118.484720,56946
north hills,NY,40.780930,-73.676520,5444
north hills,WV,39.316460,-81.512900,829
north hollywood,CA,34.172230,-118.378970,64587
north hornell,NY,42.346180,-77.661380,747
north hudson,WI,44.993020,-92.756870,3822
north irwin,PA,40.337570,-79.713380,820
north judson,IN,41.215040,-86.775850,1739
north kansas city,MO,39.130000,-94.562180,4354
north kensington,MD,39.039000,-77.071000,9514
north key largo,FL,25.267340,-80.323390,1244
north kingstown,RI,41.550100,-71.466170,28042
north kingsville,OH,41.905890,-80.690360,2839
north la crosse,WI,43.846350,-91.248190,50470
north la junta,CO,37.996950,-103.531890,512
north lakeport,CA,39.088310,-122.905380,3314
north lakeville,MA,41.857600,-70.942260,2630
north las vegas,NV,36.198860,-115.117500,234807
north lauderdale,FL,26.217300,-80.225880,43703
north laurel,MD,39.139000,-76.870530,4474
north lawndale,IL,41.860030,-87.718390,35276
north lewisburg,OH,40.223110,-83.557430,1445
north liberty,IA,41.749180,-91.597950,15931
north liberty,IN,41.534210,-86.427230,1919
north lindenhurst,NY,40.714270,-73.381510,11652
north little rock,AR,34.769540,-92.267090,66504
north logan,UT,41.769370,-111.804670,10181
north lynbrook,NY,40.667000,-73.674000,793
north madison,IN,38.767840,-85.396630,12435
north madison,OH,41.825000,-81.056000,8547
north manchester,IN,41.000600,-85.768600,5971
north mankato,MN,44.173300,-94.033850,13529
north massapequa,NY,40.700930,-73.462070,17886
north merrick,NY,40.691210,-73.563180,12272
north miami,FL,25.890090,-80.186710,62435
north miami beach,FL,25.933150,-80.162550,43971
north middletown,KY,38.145080,-84.111320,650
north middletown,NJ,40.439550,-74.119030,3295
north muskegon,MI,43.256130,-86.267560,3779
north myrtle beach,SC,33.816010,-78.680020,15579
north new hyde park,NY,40.743160,-73.693190,14899
north newton,KS,38.072230,-97.345590,1803
north oaks,MN,45.102740,-93.079110,4968
north ogden,UT,41.307160,-111.960220,18446
north olmsted,OH,41.415600,-81.923470,32004
north omak,WA,48.445150,-119.444490,688
north palm beach,FL,26.817560,-80.081990,12015
north patchogue,NY,40.787040,-73.009000,7246
north pearsall,TX,28.914970,-99.096420,614
north pekin,IL,40.615040,-89.622320,1569
north pembroke,MA,42.093160,-70.792540,3292
north peoria,IL,40.717540,-89.584260,113004
north perry,OH,41.808510,-81.119440,892
north philipsburg,PA,40.907560,-78.207790,660
north plainfield,NJ,40.630100,-74.427370,22140
north plains,OR,45.597060,-122.993440,2100
north platte,NE,41.123890,-100.765420,24194
north plymouth,MA,41.970940,-70.682810,3600
north pole,AK,64.751110,-147.349440,2189
north port,FL,27.044220,-82.235930,62345
north portland,OR,45.610390,-122.703430,7000
north potomac,MD,39.082890,-77.264980,24410
north prairie,WI,42.934460,-88.405370,2158
north providence,RI,41.850100,-71.466170,33835
north puyallup,WA,47.206770,-122.282340,1743
north randall,OH,41.434780,-81.525680,1007
north reading,MA,42.575090,-71.078670,14101
north redington beach,FL,27.816140,-82.820660,1463
north richland hills,TX,32.834300,-97.228900,69204
north richmond,CA,37.958810,-122.367470,3717
north ridgeville,OH,41.389490,-82.019030,32483
north river shores,FL,27.217550,-80.269770,3079
north riverside,IL,41.842810,-87.823110,6665
north rock springs,WY,41.643580,-109.265680,2207
north roland park/poplar hill,MD,39.366940,-76.639620,1367
north rose,NY,43.185620,-76.892460,636
north royalton,OH,41.313660,-81.724570,30311
north saint paul,MN,45.012470,-92.991880,11460
north salem,IN,39.859770,-86.642500,526
north salt lake,UT,40.848560,-111.906880,19796
north san pedro,TX,27.802800,-97.683050,895
north sarasota,FL,27.373930,-82.518430,6982
north scituate,MA,42.218990,-70.785600,5077
north scituate,RI,41.831770,-71.587290,11171
north sea,NY,40.932880,-72.414250,4458
north seekonk,MA,41.889270,-71.330050,2643
north shore,VA,37.082090,-79.658360,3094
north sioux city,SD,42.527220,-96.483090,2731
north smithfield,RI,41.966770,-71.549510,11212
north spearfish,SD,44.506650,-103.892150,2285
north springfield,VA,38.804280,-77.204700,7274
north springfield,VT,43.332850,-72.525370,573
north stamford,CT,41.138150,-73.543460,121230
north star,DE,39.761220,-75.719100,7980
north syracuse,NY,43.134790,-76.129920,6853
north terre haute,IN,39.527810,-87.360300,4305
north tonawanda,NY,43.038670,-78.864200,30785
north topsail beach,NC,34.490170,-77.431630,738
north troy,VT,44.994490,-72.399830,594
north tunica,MS,34.700930,-90.378150,1035
north tustin,CA,33.764460,-117.793940,24917
north vacherie,LA,29.996870,-90.705650,2346
north valley,NM,35.173380,-106.623360,11333
north valley stream,NY,40.685100,-73.701800,16628
north vernon,IN,39.006170,-85.623580,6619
north versailles,PA,40.379790,-79.809490,10571
north wales,PA,40.210940,-75.278230,3250
north walpole,NH,43.138970,-72.448140,828
north wantagh,NY,40.693430,-73.507630,11960
north warren,PA,41.874230,-79.152270,1934
north webster,IN,41.325600,-85.697760,1158
north weeki wachee,FL,28.550140,-82.558880,8524
north westport,MA,41.660380,-71.088380,4571
north wildwood,NJ,39.000670,-74.799330,3901
north wilkesboro,NC,36.158470,-81.147580,4226
north windham,ME,43.834240,-70.438390,4904
north woodstock,NH,44.030340,-71.685910,528
north yelm,WA,46.963150,-122.602900,2906
north york,PA,39.978150,-76.733020,2029
north zanesville,OH,39.978680,-82.003470,2816
northampton,MA,42.325090,-72.641200,28540
northampton,NY,40.888710,-72.689540,570
northampton,PA,40.686210,-75.496850,9860
northborough,MA,42.319540,-71.641180,6167
northbridge,MA,42.151480,-71.649510,14061
northbrook,IL,42.127530,-87.828950,33663
northbrook,OH,39.246450,-84.583560,10668
northchase,NC,34.307820,-77.877490,3747
northcrest,TX,31.636550,-97.099720,1785
northdale,FL,28.093900,-82.505610,22079
northeast ithaca,NY,42.470320,-76.462280,2641
northern cambria,PA,40.659230,-78.781690,3658
northern liberties,PA,39.965950,-75.146290,5966
northfield,IL,42.099750,-87.780900,5484
northfield,KY,38.287010,-85.641070,1051
northfield,MA,42.695920,-72.452870,1089
northfield,MN,44.458300,-93.161600,20380
northfield,NH,43.433130,-71.592300,5049
northfield,NJ,39.370390,-74.550150,8521
northfield,OH,41.345050,-81.528450,3637
northfield,VT,44.151170,-72.656500,2101
northgate,OH,39.252830,-84.592450,7377
northglenn,CO,39.885540,-104.987200,39197
northlake,IL,41.917250,-87.895620,12312
northlake,SC,34.566220,-82.684020,3745
northlake,TX,33.127340,-97.265570,2237
northlakes,NC,35.781800,-81.375090,1534
northport,AL,33.229010,-87.577230,24772
northport,ME,44.337860,-68.961420,1384
northport,MI,45.131390,-85.616750,531
northport,NY,40.900930,-73.343170,7390
northridge,CA,34.228340,-118.536750,68469
northridge,OH,39.807560,-84.196890,8487
northumberland,NH,44.563390,-71.558700,2597
northumberland,NY,43.127300,-73.588170,5159
northumberland,PA,40.891750,-76.797470,3728
northvale,NJ,41.006490,-73.949030,4859
northview,MI,43.045580,-85.600590,14541
northville,MI,42.431150,-83.483270,6010
northville,NY,40.970100,-72.618980,1340
northwest,NC,34.312950,-78.161110,769
northwest community action,MD,39.306470,-76.665290,1378
northwest harbor,NY,41.009820,-72.221190,3317
northwest harborcreek,PA,42.149440,-79.994630,8949
northwest harwich,MA,41.690290,-70.102500,3929
northwest harwinton,CT,41.776850,-73.079220,3252
northwest ithaca,NY,42.470590,-76.541450,1413
northwest one,DC,38.904280,-77.011960,23386
northwood,CA,33.713720,-117.760910,22218
northwood,IA,43.444120,-93.221040,1995
northwood,ND,47.734150,-97.566750,927
northwood,NH,43.194250,-71.150900,3877
northwood,OH,40.472830,-83.732430,5469
northwoods,MO,38.704220,-90.283450,4193
norton,KS,39.833890,-99.891510,2841
norton,MA,41.966770,-71.186990,19808
norton,OH,41.029220,-81.638180,12036
norton,VA,36.933430,-82.629050,3939
norton center,MA,41.972540,-71.185350,2671
norton shores,MI,43.168900,-86.263950,24208
nortonville,KS,39.416660,-95.333580,616
nortonville,KY,37.190880,-87.452780,1190
norvelt,PA,40.208130,-79.497540,948
norwalk,CA,33.902240,-118.081730,107140
norwalk,CT,41.117600,-73.407900,88485
norwalk,IA,41.475550,-93.678830,10135
norwalk,OH,41.242550,-82.615730,16827
norwalk,WI,43.830520,-90.621520,638
norway,IA,41.902780,-91.921570,526
norway,ME,44.213960,-70.544780,2748
norway,MI,45.786900,-87.903740,2798
norwell,MA,42.161770,-70.793930,10581
norwich,CT,41.524260,-72.075910,39899
norwich,NY,42.531180,-75.523510,6968
norwich,VT,43.715350,-72.307870,878
norwood,CO,38.130550,-108.292300,562
norwood,MA,42.194540,-71.199500,28602
norwood,MO,37.108390,-92.414890,641
norwood,NC,35.219590,-80.118950,2394
norwood,NJ,40.998150,-73.961800,5869
norwood,NY,44.751450,-74.994360,1614
norwood,OH,39.155610,-84.459660,19915
norwood,PA,39.891780,-75.299630,5898
norwood (historical),MN,44.768020,-93.927470,1506
norwood court,MO,38.718380,-90.292340,959
norwood young america,MN,44.773570,-93.921630,3677
notasulga,AL,32.560690,-85.672450,856
notre dame,IN,41.700190,-86.237930,5973
nottingham,NH,43.114530,-71.099780,3942
notus,ID,43.725440,-116.801260,546
novato,CA,38.107420,-122.569700,55530
novi,MI,42.480590,-83.475490,58723
nowata,OK,36.700650,-95.638030,3743
nowthen,MN,45.328020,-93.470230,4582
noxen,PA,41.421470,-76.058540,633
noyack,NY,40.995660,-72.341190,3568
nuangola,PA,41.155080,-75.978260,672
nucla,CO,38.269430,-108.547870,702
nuevo,CA,33.801410,-117.145870,6447
nunapitchuk,AK,60.896940,-162.459440,523
nunda,NY,42.579510,-77.942500,1328
nurillo,TX,26.267020,-98.121400,5547
nutley,NJ,40.822320,-74.159870,27572
nutter fort,WV,39.263420,-80.319810,1575
nuuanu - punchbowl,HI,21.342150,-157.828520,16205
nyack,NY,41.090650,-73.917910,7004
nyssa,OR,43.876830,-116.994880,3175
nānākuli,HI,21.393620,-158.154290,12666
o'brien,OR,42.067340,-123.703120,504
o'donnell,TX,32.963710,-101.832650,807
o'donnell heights,MD,39.276220,-76.541630,972
o'fallon,IL,38.592270,-89.911210,29002
o'fallon,MO,38.810610,-90.699850,85040
o'neill,NE,42.457780,-98.647590,3653
oak bluffs,MA,41.454280,-70.561970,3778
oak brook,IL,41.832810,-87.928950,8091
oak city,UT,39.374960,-112.335500,623
oak cliff place,TX,29.927120,-95.626720,1800
oak creek,CA,33.673980,-117.771230,10018
oak creek,CO,40.274980,-106.958380,890
oak creek,WI,42.885850,-87.863140,35243
oak forest,IL,41.602810,-87.743940,28074
oak glen,CA,34.049460,-116.947800,638
oak grove,AL,33.191780,-86.299420,517
oak grove,IL,41.410590,-90.570690,572
oak grove,KY,37.344210,-86.754710,7989
oak grove,LA,32.860960,-91.388450,1662
oak grove,MN,45.340800,-93.326900,8439
oak grove,MO,39.005010,-94.129390,7937
oak grove,OR,45.416790,-122.640090,16629
oak grove,SC,33.980900,-81.142860,10291
oak grove,TN,36.411770,-82.424590,4425
oak grove,TX,32.535140,-96.319430,667
oak grove,VA,38.984000,-77.403880,1777
oak grove heights,AR,36.120900,-90.510660,991
oak harbor,OH,41.506720,-83.146590,2715
oak harbor,WA,48.293160,-122.643220,22693
oak hill,FL,28.864430,-80.854500,1846
oak hill,MI,44.224450,-86.303970,569
oak hill,OH,40.414230,-82.240990,1642
oak hill,TN,36.087840,-86.783050,4700
oak hill,VA,38.925800,-77.401560,33811
oak hill,WV,37.972330,-81.148710,8140
oak hill park,MA,42.294540,-71.185610,7008
oak hills,CA,34.383130,-117.381350,8879
oak hills,OR,45.541230,-122.841210,11333
oak hills,PA,40.824790,-79.913110,2333
oak hills place,LA,30.359920,-91.087600,8195
oak island,NC,33.916560,-78.161110,7507
oak lawn,IL,41.710870,-87.758110,56781
oak leaf,TX,32.520420,-96.854720,1373
oak level,VA,36.815420,-79.935590,857
oak park,CA,34.179170,-118.762870,13811
oak park,IL,41.885030,-87.784500,52287
oak park,IN,38.305620,-85.696350,5209
oak park,MI,42.459480,-83.182710,29752
oak park heights,MN,45.031360,-92.792980,4831
oak point,TX,33.190120,-96.991670,3349
oak ridge,FL,28.471120,-81.424520,22685
oak ridge,NC,36.173470,-79.988930,6671
oak ridge,TN,36.010360,-84.269640,29302
oak ridge,TX,32.657350,-96.262200,575
oak ridge north,TX,30.160220,-95.444380,3161
oak run,IL,40.963370,-90.145120,547
oak trail shores,TX,32.488750,-97.834200,2755
oak valley,NJ,39.801220,-75.162400,3483
oak view,CA,34.400000,-119.300110,4066
oakboro,NC,35.225700,-80.328950,1874
oakbrook,KY,38.999780,-84.685220,9036
oakbrook terrace,IL,41.850030,-87.964510,2164
oakdale,CA,37.766590,-120.847150,22259
oakdale,LA,30.816030,-92.660420,7710
oakdale,MN,44.963020,-92.964940,28080
oakdale,NY,42.251200,-73.780130,8107
oakdale,PA,40.398120,-80.185610,1470
oakenshawe,MD,39.330340,-76.612460,971
oakes,ND,46.138580,-98.090380,1797
oakfield,ME,46.098940,-68.150020,761
oakfield,NY,43.065890,-78.269740,1762
oakfield,WI,43.686100,-88.546500,1073
oakham,MA,42.352870,-72.045350,1702
oakhurst,CA,37.328000,-119.649320,2829
oakhurst,NJ,40.270940,-74.016250,3995
oakhurst,OK,36.075370,-96.064440,2185
oakland,CA,37.804370,-122.270800,419267
oakland,FL,28.555000,-81.633130,2829
oakland,IA,41.309160,-95.396670,1507
oakland,IL,39.653920,-88.026150,881
oakland,MD,39.407870,-79.406710,1875
oakland,ME,44.540340,-69.721990,2602
oakland,MO,38.576440,-90.385670,1382
oakland,MS,34.055670,-89.916480,514
oakland,NE,41.835830,-96.466970,1202
oakland,NJ,41.013150,-74.264310,13165
oakland,OK,34.100100,-96.793890,1073
oakland,OR,43.422060,-123.298410,936
oakland,PA,40.306460,-78.887520,1578
oakland,SC,33.982930,-80.488420,1232
oakland,TN,35.228980,-89.515080,7488
oakland city,IN,38.338660,-87.345010,2430
oakland park,FL,26.172310,-80.131990,44319
oakleaf plantation,FL,30.170830,-81.835490,20315
oaklee,MD,39.267880,-76.684970,763
oakley,CA,37.997420,-121.712450,39813
oakley,ID,42.243250,-113.881960,790
oakley,KS,39.133340,-100.863760,2045
oakley,UT,40.714670,-111.300740,1591
oaklyn,NJ,39.900950,-75.084620,3992
oakman,AL,33.713440,-87.388620,760
oakmont,PA,40.521730,-79.842270,6443
oakport,MN,46.931910,-96.778970,1387
oakridge,OR,43.746510,-122.461720,3211
oakton,VA,38.880950,-77.300820,34166
oaktown,IN,38.871160,-87.441410,601
oakville,CT,41.593430,-73.085390,9047
oakville,MO,38.470050,-90.304560,36143
oakville,WA,46.840380,-123.232370,663
oakwood,GA,34.227600,-83.884350,4178
oakwood,IL,40.116150,-87.778360,1532
oakwood,NY,40.563990,-74.115980,11148
oakwood,OH,39.725340,-84.174110,9052
oakwood,PA,41.010620,-80.379510,2270
oakwood,TX,31.584900,-95.849130,516
oakwood hills,IL,42.246410,-88.242860,2063
oasis,CA,33.465860,-116.098890,6890
oatfield,OR,45.414180,-122.600070,13415
oberlin,KS,39.818340,-100.528200,1761
oberlin,LA,30.620200,-92.762650,1752
oberlin,OH,41.293940,-82.217380,8350
oberlin,PA,40.241480,-76.814690,588
obetz,OH,39.878950,-82.950740,4761
obion,TN,36.258960,-89.191740,1074
oblong,IL,39.001990,-87.908920,1427
ocala,FL,29.187200,-82.140090,58218
occidental,CA,38.407410,-122.948330,1115
occoquan,VA,38.683730,-77.260260,1025
ocean acres,NJ,39.743450,-74.280980,16142
ocean bluff-brant rock,MA,42.102340,-70.657360,4970
ocean city,FL,30.441030,-86.613560,5550
ocean city,MD,38.336500,-75.084910,7055
ocean city,NJ,39.277620,-74.574600,11355
ocean gate,NJ,39.926790,-74.133750,2010
ocean grove,MA,41.729270,-71.209210,2811
ocean grove,NJ,40.212060,-74.006530,3342
ocean isle beach,NC,33.894340,-78.426670,597
ocean park,WA,46.491770,-124.052080,1573
ocean pines,MD,38.395390,-75.155740,11710
ocean pointe,HI,21.310660,-158.036380,8361
ocean ridge,FL,26.527020,-80.048370,1904
ocean shores,WA,46.973700,-124.156290,5699
ocean springs,MS,30.411310,-88.827810,17636
ocean view,DE,38.545110,-75.089070,2035
oceana,WV,37.692060,-81.624000,1302
oceano,CA,35.098860,-120.612390,7286
oceanport,NJ,40.318170,-74.015140,5739
oceanside,CA,33.195870,-117.379480,175691
oceanside,NY,40.638710,-73.640130,32109
ochlocknee,GA,30.974150,-84.055020,679
ocilla,GA,31.594470,-83.251300,3387
ocoee,FL,28.569170,-81.543960,43608
oconomowoc,WI,43.111670,-88.499270,16360
oconomowoc lake,WI,43.104450,-88.459260,612
oconto,WI,44.887210,-87.864550,4476
oconto falls,WI,44.873880,-88.142880,2834
ocracoke,NC,35.114620,-75.981010,948
odebolt,IA,42.312210,-95.250550,978
odell,IL,41.003640,-88.525340,1000
odell,OR,45.627060,-121.543130,2255
odem,TX,27.950570,-97.582220,2482
odenton,MD,39.084000,-76.700250,37132
odenville,AL,33.677320,-86.396650,3695
odessa,FL,28.193900,-82.591760,7267
odessa,MO,38.999170,-93.953560,5178
odessa,NY,42.336740,-76.788570,573
odessa,TX,31.845680,-102.367640,114428
odessa,WA,47.333200,-118.690830,871
odin,IL,38.617270,-89.052290,1040
odon,IN,38.842830,-86.991400,1401
odum,GA,31.666040,-82.027900,505
oelwein,IA,42.673320,-91.913500,6153
offutt air force base,NE,41.120240,-95.920950,4644
ogallala,NE,41.128050,-101.719620,4570
ogden,IA,42.039150,-94.027730,2041
ogden,IL,40.113920,-87.956140,806
ogden,KS,39.111110,-96.706120,2104
ogden,NC,34.272390,-77.818590,6766
ogden,UT,41.223000,-111.973830,85444
ogden dunes,IN,41.622810,-87.191700,1115
ogdensburg,NJ,41.081760,-74.592380,2286
ogdensburg,NY,44.694230,-75.486340,10883
oglala,SD,43.188590,-102.739620,1290
oglesby,IL,41.295310,-89.059530,3647
oglethorpe,GA,32.293770,-84.061020,1211
ogontz,PA,40.051780,-75.151290,14740
ogunquit,ME,43.248980,-70.599220,1275
ohatchee,AL,33.783430,-86.002470,1146
ohio city,OH,41.484220,-81.711240,747
ohioville,PA,40.679230,-80.494790,3473
ohkay owingeh,NM,36.050820,-106.068970,1143
oil city,LA,32.744030,-93.971570,997
oil city,PA,41.433950,-79.706440,10137
oildale,CA,35.419680,-119.019550,32684
oilton,OK,36.084510,-96.583630,1015
ojai,CA,34.448050,-119.242890,7627
ojo amarillo,NM,36.693340,-108.369250,696
ojus,FL,25.948430,-80.150600,18036
okanogan,WA,48.361260,-119.583390,2569
okarche,OK,35.725880,-97.976440,1307
okauchee lake,WI,43.123340,-88.440650,4422
okawville,IL,38.434220,-89.550370,1399
okay,OK,35.850650,-95.318300,615
okeechobee,FL,27.243930,-80.829780,5608
okeene,OK,36.116150,-98.317020,1213
okemah,OK,35.432590,-96.305010,3247
okemos,MI,42.722260,-84.427470,21369
oklahoma,PA,40.581450,-79.573930,786
oklahoma city,OK,35.467560,-97.516430,681054
okmulgee,OK,35.623440,-95.960550,12244
okoboji,IA,43.386350,-95.148330,818
okolona,KY,38.141180,-85.687740,17134
okolona,MS,34.001780,-88.755330,2638
ola,AR,35.032310,-93.223230,1250
olanta,SC,33.935440,-79.932570,570
olathe,CO,38.604990,-107.982290,1798
olathe,KS,38.881400,-94.819130,134305
olcott,NY,43.337830,-78.714760,1241
old bethpage,NY,40.762600,-73.453180,5523
old bridge,NJ,40.414830,-74.365430,23753
old brookville,NY,40.832040,-73.604850,2214
old city,PA,39.946500,-75.146840,6197
old field,NY,40.959820,-73.129550,914
old fig garden,CA,36.798850,-119.805150,5365
old forge,NY,43.710070,-74.974340,756
old forge,PA,41.371190,-75.734910,8048
old fort,NC,35.629010,-82.180670,911
old greenwich,CT,41.022870,-73.564850,6611
old jamestown,MO,38.834940,-90.285110,19184
old jefferson,LA,30.382690,-91.017050,6980
old mystic,CT,41.391490,-71.961740,3554
old orchard,PA,40.657880,-75.262120,2434
old orchard beach,ME,43.517310,-70.377550,8624
old river-winfree,TX,29.868280,-94.832700,1288
old saybrook,CT,41.291770,-72.376200,10627
old saybrook center,CT,41.291230,-72.371760,2039
old tappan,NJ,41.010650,-73.991250,6016
old town,MD,39.294000,-76.607190,2370
old town,ME,44.934230,-68.645310,7624
old washington,KY,38.615910,-83.808530,795
old westbury,NY,40.788710,-73.599570,4678
oldenburg,IN,39.339770,-85.204410,666
oldsmar,FL,28.034180,-82.665100,14170
olean,NY,42.077560,-78.429740,13870
oley,PA,40.387590,-75.789640,1282
olga,FL,26.718960,-81.712300,1952
olin,IA,41.998070,-91.141550,688
"olinda, cdp",HI,20.823680,-156.292360,1188
olivarez,TX,26.228410,-97.992230,3827
olive branch,IL,37.168660,-89.351750,650
olive branch,MS,34.961760,-89.829530,36010
olive hill,KY,38.300080,-83.174070,1599
olivehurst,CA,39.095450,-121.552190,13656
oliver,MD,39.308020,-76.599300,3771
oliver,PA,39.918690,-79.717820,2535
oliver springs,TN,36.044520,-84.344370,3237
olivet,MI,42.441430,-84.924150,1610
olivet,NJ,39.548170,-75.154630,1408
olivet,SD,43.240820,-97.675340,73
olivet,TN,35.214250,-88.200310,1350
olivette,MO,38.665330,-90.375950,7870
olivia,MN,44.776350,-94.989720,2356
oljato-monument valley,UT,37.030580,-110.251430,674
olla,LA,31.902940,-92.243190,1386
olmito,TX,26.021740,-97.534150,1210
olmos park,TX,29.478840,-98.487520,2390
olmsted falls,OH,41.375050,-81.908190,8889
olney,IL,38.730880,-88.085320,9005
olney,MD,39.153160,-77.066920,33844
olney,PA,40.041220,-75.123790,39154
olney,TX,33.370660,-98.752840,3179
olomana,HI,21.377250,-157.756020,1312
olpe,KS,38.262520,-96.166940,538
olton,TX,34.183410,-102.134630,2137
olustee,OK,34.548680,-99.422310,583
olympia,WA,47.044910,-122.901690,55733
olympia fields,IL,41.513370,-87.674210,4988
olympia heights,FL,25.726770,-80.355330,13488
olympian village,MO,38.136160,-90.457900,765
olyphant,PA,41.468410,-75.602970,5111
omaha,NE,41.256260,-95.940430,486051
omaha,TX,33.180680,-94.744100,993
omak,WA,48.410990,-119.527550,4854
omao-kukuiula,HI,21.900970,-159.485940,3538
omar,WV,37.755660,-81.999570,552
omega,GA,31.341020,-83.593500,1230
omro,WI,44.039430,-88.744280,3553
on top of the world,FL,29.115160,-82.291290,12668
onaga,KS,39.488880,-96.170000,697
onalaska,TX,30.805750,-95.116330,1764
onalaska,WA,46.575110,-122.718170,621
onalaska,WI,43.884410,-91.235140,18468
onamia,MN,46.070520,-93.667750,864
onancock,VA,37.711800,-75.749100,1261
onarga,IL,40.715040,-88.006150,1321
onawa,IA,42.026650,-96.097240,2881
onaway,MI,45.357510,-84.223900,841
oneida,IL,41.072260,-90.225400,681
oneida,NY,43.092570,-75.651290,11134
oneida,TN,36.498130,-84.512720,3709
oneida,WI,44.498600,-88.182880,1210
oneida castle,NY,43.082570,-75.633510,627
oneonta,AL,33.948150,-86.472760,6615
oneonta,NY,42.452860,-75.063770,13862
onida,SD,44.708040,-100.059840,658
onion creek,TX,30.136600,-97.784170,2116
onley,VA,37.690960,-75.716040,516
onset,MA,41.741770,-70.657810,1573
onsted,MI,42.006160,-84.189940,904
ontario,CA,34.063340,-117.650890,171214
ontario,NY,43.220900,-77.283040,2160
ontario,OH,40.759500,-82.590170,6111
ontario,OR,44.026550,-116.962940,10999
ontario,WI,43.725800,-90.591520,553
ontonagon,MI,46.871050,-89.314030,1324
oolitic,IN,38.900880,-86.525270,1156
oologah,OK,36.447040,-95.708320,1179
ooltewah,TN,35.075070,-85.062170,687
oostburg,WI,43.622770,-87.794530,2964
opa-locka,FL,25.902320,-80.250330,16565
opal,VA,38.620950,-77.799990,691
opelika,AL,32.645410,-85.378280,29527
opelousas,LA,30.533530,-92.081510,16591
opp,AL,31.282670,-86.255510,6658
oppelo,AR,35.101200,-92.767670,766
opportunity,WA,47.649950,-117.239910,25877
oquawka,IL,40.931980,-90.947090,1314
oquirrh,UT,40.630500,-112.033830,11668
oracle,AZ,32.610910,-110.770930,3686
oradell,NJ,40.958710,-74.036810,8218
oran,MO,37.085050,-89.655360,1277
orange,CA,33.787790,-117.853110,140992
orange,CT,41.278430,-73.025660,13956
orange,MA,42.590360,-72.309810,4018
orange,NJ,40.770660,-74.232650,34457
orange,OH,41.449780,-81.480670,3277
orange,TX,30.092990,-93.736550,19347
orange,VA,38.245410,-78.110830,4947
orange beach,AL,30.294370,-87.573590,5850
orange city,FL,28.948880,-81.298670,11210
orange city,IA,43.007210,-96.058350,6198
orange cove,CA,36.624390,-119.313730,9598
orange grove,TX,27.956680,-97.936940,1334
orange grove mobile manor,AZ,32.598430,-114.660530,594
orange lake,NY,41.539820,-74.098200,6982
orange park,FL,30.166070,-81.706480,8702
orangeburg,NY,41.046490,-73.949580,4568
orangeburg,SC,33.491820,-80.855650,13460
orangetree,FL,26.292860,-81.588420,4406
orangevale,CA,38.678510,-121.225780,33960
orangeville,IL,42.468350,-89.644010,756
orangeville,PA,41.078140,-76.414390,504
orangeville,UT,39.227190,-111.053500,1394
orchard city,CO,38.828320,-107.970900,3011
orchard grass hills,KY,38.323680,-85.521350,1711
orchard hills,PA,40.586180,-79.531430,1952
orchard homes,MT,46.863260,-114.048440,5197
orchard lake,MI,42.583090,-83.359380,2245
orchard mesa,CO,39.048000,-108.529000,6836
orchard park,NY,42.767560,-78.743920,3206
orchard ridge,MD,39.313240,-76.558280,1038
orchards,WA,45.666510,-122.560930,19556
orchidlands estates,HI,19.560840,-155.015270,2815
orcutt,CA,34.865260,-120.436000,28905
ord,NE,41.603340,-98.926200,2061
orderville,UT,37.275820,-112.637710,559
ordway,CO,38.218060,-103.756060,1032
ore city,TX,32.800140,-94.720760,1189
oreana,IL,39.938650,-88.865630,837
oregon,IL,42.014750,-89.332330,3580
oregon,MO,39.986940,-95.144980,776
oregon,OH,41.643660,-83.486880,20102
oregon,WI,42.926110,-89.384560,10043
oregon city,OR,45.357340,-122.606760,35831
oreland,PA,40.118440,-75.177680,5678
orem,UT,40.296900,-111.694650,94457
orford,NH,43.905350,-72.140090,1162
orfordville,WI,42.627510,-89.253170,1495
orient,NY,41.138990,-72.303420,743
orient heights,MA,42.387600,-71.003660,15741
oriental,NC,35.031000,-76.692990,885
original northwood,MD,39.339820,-76.596780,1155
orinda,CA,37.877150,-122.179690,19279
oriole beach,FL,30.373810,-87.091360,1420
orion,IL,41.354760,-90.381520,1825
oriskany,NY,43.157290,-75.332670,1375
oriskany falls,NY,42.939240,-75.461010,703
orland,CA,39.747380,-122.196370,7550
orland,ME,44.570350,-68.735860,2219
orland hills,IL,41.585310,-87.843110,7249
orland park,IL,41.630310,-87.853940,58619
orlando,FL,28.538340,-81.379240,334854
orleans,IA,43.447180,-95.092490,614
orleans,IN,38.661720,-86.451660,2129
orleans,MA,41.789830,-69.989740,1621
orleans,VT,44.816710,-72.232880,818
orlinda,TN,36.600880,-86.716660,887
orlovista,FL,28.538340,-81.460350,6123
ormond beach,FL,29.285810,-81.055890,40970
ormond-by-the-sea,FL,29.349140,-81.066450,7406
oro valley,AZ,32.390910,-110.966490,45303
orofino,ID,46.479350,-116.255140,3054
orono,ME,44.883120,-68.671980,9474
orono,MN,44.971350,-93.604400,8006
oronoco,MN,44.166080,-92.534910,1446
oronogo,MO,37.188390,-94.470230,2425
orosi,CA,36.544950,-119.287340,8770
oroville,CA,39.513940,-121.557760,16260
oroville,WA,48.939050,-119.435620,1677
oroville east,CA,39.511260,-121.475190,8280
orrick,MO,39.212780,-94.122720,809
orrington,ME,44.731180,-68.826430,3666
orrville,OH,40.843670,-81.764020,8491
orting,WA,47.097880,-122.204280,7446
ortonville,MI,42.852250,-83.443000,1463
ortonville,MN,45.304690,-96.444780,1815
orwell,OH,41.535060,-80.868140,1609
orwigsburg,PA,40.654810,-76.100770,3002
osage,IA,43.284140,-92.811030,3654
osage beach,MO,38.129560,-92.652770,4433
osage city,KS,38.633900,-95.825820,2844
osakis,MN,45.866910,-95.152250,1719
osawatomie,KS,38.497240,-94.950520,4297
osborne,KS,39.439140,-98.696240,1369
osborne,PA,40.531730,-80.168950,545
osburn,ID,47.506040,-115.999330,1510
osceola,AR,35.705080,-89.969530,7233
osceola,IA,41.033890,-93.765500,4972
osceola,IN,41.665050,-86.075840,2477
osceola,MO,38.046700,-93.704380,915
osceola,NE,41.179740,-97.547550,850
osceola,WI,45.320520,-92.704930,2511
osceola mills,PA,40.850060,-78.270570,1105
oscoda,MI,44.420290,-83.330800,903
osgood,IN,39.129220,-85.291630,1610
oshkosh,NE,41.404980,-102.344360,828
oshkosh,WI,44.024710,-88.542610,66555
osino,NV,40.932140,-115.660620,709
oskaloosa,IA,41.296390,-92.644360,11607
oskaloosa,KS,39.215280,-95.312750,1086
osmond,NE,42.360000,-97.596730,763
osprey,FL,27.196160,-82.490370,6100
osseo,MN,45.119410,-93.402450,2748
osseo,WI,44.572180,-91.227380,1703
ossian,IA,43.146360,-91.764600,819
ossian,IN,40.880600,-85.166360,3341
ossineke,MI,44.902230,-83.442470,938
ossining,NY,41.162870,-73.861520,25441
ossipee,NC,36.172080,-79.510580,562
ossipee,NH,43.685360,-71.116730,4655
ossun,LA,30.276030,-92.112350,2144
osterville,MA,41.628440,-70.386970,2911
ostrander,OH,40.266170,-83.212690,688
oswego,IL,41.682810,-88.351460,33955
oswego,KS,37.167570,-95.109960,1766
oswego,NY,43.455350,-76.510500,17787
otego,NY,42.397300,-75.173500,973
othello,WA,46.825970,-119.175290,7809
otho,IA,42.424690,-94.150240,524
otis,IN,41.599210,-86.905860,9726
otis,MA,42.193150,-73.091770,1389
otis,ME,44.712300,-68.452800,565
otis orchards-east farms,WA,47.709880,-117.079750,6220
otisville,MI,43.166140,-83.524400,825
otisville,NY,41.473430,-74.538490,1046
otsego,MI,42.460590,-85.696410,3991
otsego,MN,45.274130,-93.591350,15551
ottawa,IL,41.345590,-88.842580,18342
ottawa,KS,38.615570,-95.267750,12387
ottawa,OH,41.019220,-84.047170,4398
ottawa hills,OH,41.664220,-83.643270,4443
otterbein,IN,40.490590,-87.096400,1254
otterbein,MD,39.281950,-76.616140,2677
ottertail,MN,46.425520,-95.557260,602
ottoville,OH,40.932270,-84.338840,971
ottumwa,IA,41.020010,-92.411300,24624
our town,AL,32.828180,-85.961910,641
ouray,CO,38.022770,-107.671450,1008
overbrook,KS,38.780560,-95.557200,1024
overbrook,PA,39.989280,-75.243240,32181
overland,MO,38.701160,-90.362340,15959
overland park,KS,38.982230,-94.670790,186515
overlea,MD,39.363440,-76.520520,12275
overton,NE,40.738620,-99.537610,573
overton,TX,32.274600,-94.978550,2536
ovid,MI,43.005860,-84.371640,1612
ovid,NY,42.676460,-76.823010,624
oviedo,FL,28.670000,-81.208120,38551
ovilla,TX,32.526530,-96.886390,3855
owasso,OK,36.269540,-95.854710,34542
owatonna,MN,44.083850,-93.226040,25725
owego,NY,42.103410,-76.262150,3736
owen,WI,44.948580,-90.564300,930
owens cross roads,AL,34.588150,-86.458880,1785
owensboro,KY,37.774220,-87.113330,59042
owensville,IN,38.271990,-87.687800,1285
owensville,MO,38.345600,-91.501550,2627
owensville,OH,39.122560,-84.135770,814
owenton,KY,38.536720,-84.843380,1550
owings,MD,38.717620,-76.601350,2149
owings mills,MD,39.419550,-76.780250,30622
owingsville,KY,38.144800,-83.764080,1581
owls head,ME,44.082300,-69.057260,1665
owosso,MI,42.997800,-84.176640,14699
owyhee,NV,41.947680,-116.098710,953
oxford,AL,33.614270,-85.834960,21249
oxford,AR,36.221180,-91.929320,647
oxford,CT,41.433990,-73.116780,11345
oxford,GA,33.619000,-83.867410,2197
oxford,IA,41.723340,-91.790450,825
oxford,IN,40.519760,-87.247790,1141
oxford,KS,37.274190,-97.168930,1024
oxford,MA,42.116760,-71.864790,6103
oxford,MD,38.686510,-76.171610,621
oxford,ME,44.131740,-70.493110,1263
oxford,MI,42.824750,-83.264660,3534
oxford,MS,34.366500,-89.519250,22314
oxford,NC,36.310700,-78.590830,8742
oxford,NE,40.248340,-99.633440,764
oxford,NJ,40.803150,-74.989620,1090
oxford,NY,42.442020,-75.597690,1411
oxford,OH,39.507000,-84.745230,22104
oxford,PA,39.785390,-75.978830,5385
oxford,WI,43.781370,-89.572620,590
oxford circle,PA,40.050110,-75.071840,48856
oxnard,CA,34.197500,-119.177050,207254
oxoboxo river,CT,41.443910,-72.125020,3165
oxon hill,MD,38.803450,-76.989700,17722
oxon hill-glassmanor,MD,38.796150,-76.974990,35355
oyster bay,NY,40.865650,-73.532070,6707
oyster bay cove,NY,40.870930,-73.510960,2251
oyster creek,TX,29.003020,-95.331880,1132
ozark,AL,31.459060,-85.640490,14719
ozark,AR,35.487030,-93.827700,3590
ozark,MO,37.020890,-93.206020,19120
ozawkie,KS,39.233330,-95.466920,633
ozona,TX,30.710170,-101.200670,3225
ozone park,NY,40.676770,-73.843750,53985
pablo,MT,47.600210,-114.119000,2254
pace,FL,30.599360,-87.161080,20039
pacheco,CA,37.983530,-122.075240,3685
pacific,MO,38.482000,-90.741520,7161
pacific,WA,47.264550,-122.250120,7123
pacific city,OR,45.202330,-123.962890,1035
pacific grove,CA,36.617740,-121.916620,15674
pacific palisades,CA,34.048060,-118.526470,23121
pacific palisades,HI,21.425620,-157.953490,6997
pacifica,CA,37.613830,-122.486920,39260
pacolet,SC,34.899020,-81.761770,2352
pacolet mills,SC,34.922630,-81.742600,956
paddock lake,WI,42.577520,-88.105090,3014
paden city,WV,39.602850,-80.936770,2506
paducah,KY,37.083390,-88.600050,24864
paducah,TX,34.012300,-100.302060,1122
page,AZ,36.914720,-111.455830,7490
page park,FL,26.579240,-81.862030,514
pagedale,MO,38.683380,-90.307610,3312
pageland,SC,34.773210,-80.391730,2746
pagosa springs,CO,37.269450,-107.009760,1756
pahokee,FL,26.820060,-80.665340,6071
pahrump,NV,36.208290,-115.983910,36441
paia,HI,20.903330,-156.369440,2668
paincourtville,LA,29.990200,-91.055100,911
painesville,OH,41.724490,-81.245660,19776
paint,PA,40.243690,-78.848910,968
paint rock,TX,31.508490,-99.920080,266
painted hills,IN,39.395680,-86.346030,677
painted post,NY,42.162020,-77.094140,1997
paintsville,KY,37.814540,-82.807110,4249
paisley,FL,28.983600,-81.541740,818
pajarito mesa,NM,34.979470,-106.797940,579
pajaro,CA,36.904120,-121.748560,3070
palacios,TX,28.708050,-96.217470,4634
palama,HI,21.322980,-157.864480,2157
palatine,IL,42.110300,-88.034240,69308
palatine bridge,NY,42.910910,-74.574030,757
palatka,FL,29.648580,-81.637580,10390
palenville,NY,42.174530,-74.020140,1037
palermo,CA,39.435440,-121.538020,5382
palermo,ME,44.407850,-69.473930,1268
palestine,AR,34.972320,-90.902620,623
palestine,IL,39.003650,-87.612800,1331
palestine,TX,31.762120,-95.630790,18288
palisade,CO,39.110260,-108.350920,2651
palisades park,NJ,40.848160,-73.997640,20743
palm aire,FL,26.206190,-80.191710,1702
palm bay,FL,28.034460,-80.588660,119760
palm beach,FL,26.705620,-80.036430,8612
palm beach gardens,FL,26.823390,-80.138650,52923
palm beach shores,FL,26.778120,-80.035600,1208
palm city,FL,27.167830,-80.266160,23120
palm coast,FL,29.584970,-81.207840,82893
palm desert,CA,33.722550,-116.376970,51869
palm harbor,FL,28.078070,-82.763710,57439
palm river-clair mel,FL,27.923860,-82.379390,21024
palm shores,FL,28.184460,-80.652830,900
palm springs,CA,33.830300,-116.545290,47371
palm springs,FL,26.635900,-80.096150,22341
palm springs north,FL,25.935100,-80.333830,5253
palm valley,FL,30.177460,-81.387580,20019
palm valley,TX,26.201740,-97.754160,1294
palmdale,CA,34.579430,-118.116460,158351
palmdale,PA,40.297870,-76.618580,1308
palmer,AK,61.599410,-149.114560,6788
palmer,MA,42.158430,-72.328690,18261
palmer,TN,35.351180,-85.567750,662
palmer,TX,32.431250,-96.667770,2055
palmer heights,PA,40.687320,-75.262400,3762
palmer lake,CO,39.122210,-104.917200,2590
palmerton,PA,40.801400,-75.611900,5305
palmetto,FL,27.521430,-82.572320,13249
palmetto,GA,33.517890,-84.669650,4733
palmetto bay,FL,25.621770,-80.324770,24439
palmetto estates,FL,25.621490,-80.362000,13498
palmhurst,TX,26.258410,-98.318070,2687
palmona park,FL,26.686460,-81.896480,1146
palmview,TX,26.233410,-98.370850,5715
palmview south,TX,26.215630,-98.378630,5575
palmyra,IL,41.851700,-89.577880,731
palmyra,IN,38.407840,-86.109970,934
palmyra,ME,44.846450,-69.358660,2031
palmyra,MO,39.794210,-91.523210,3616
palmyra,NE,40.704450,-96.387510,559
palmyra,NJ,40.007060,-75.028230,7314
palmyra,NY,43.063950,-77.233320,3413
palmyra,PA,40.308980,-76.593300,7451
palmyra,VA,37.860970,-78.263340,104
palmyra,WI,42.877790,-88.586210,1776
palo,IA,42.066110,-91.795460,1053
palo alto,CA,37.441880,-122.143020,66853
palo alto,PA,40.687310,-76.172160,1009
palo cedro,CA,40.563760,-122.238890,1269
palo pinto,TX,32.767350,-98.298660,333
palolo,HI,21.312800,-157.780410,12620
paloma creek,TX,33.225300,-96.937420,2501
paloma creek south,TX,33.211360,-96.935540,2753
palos heights,IL,41.668090,-87.796440,12545
palos hills,IL,41.696700,-87.817000,17565
palos park,IL,41.667250,-87.830330,4888
palos verdes estates,CA,33.801050,-118.392450,13682
palouse,WA,46.910170,-117.075730,1022
pampa,TX,35.536160,-100.959870,18177
pamplico,SC,33.996000,-79.570060,1245
pana,IL,39.388930,-89.080080,5607
panaca,NV,37.790520,-114.389430,963
panacea,FL,30.037430,-84.387680,816
panama,OK,35.167320,-94.672450,1370
panama city,FL,30.159460,-85.659830,38286
panama city beach,FL,30.176590,-85.805490,12624
pandora,OH,40.948110,-83.961050,1149
pangburn,AR,35.426750,-91.836810,602
panguitch,UT,37.822760,-112.435760,1481
panhandle,TX,35.345600,-101.380440,2341
pannill fork,VA,36.709030,-80.013100,3027
panora,IA,41.691650,-94.363020,1085
panorama village,TX,30.381040,-95.493550,2293
pantego,TX,32.714300,-97.156400,2531
panthersville,GA,33.707330,-84.271870,9749
pantops,VA,38.033790,-78.455070,3027
panway/braddish avenue,MD,39.312870,-76.662670,1280
paola,KS,38.572240,-94.879130,5527
paoli,IN,38.556170,-86.468320,3629
paoli,OK,34.826740,-97.259190,614
paoli,PA,40.042050,-75.476310,5575
paonia,CO,38.868320,-107.592000,1405
papillion,NE,41.154440,-96.042240,19510
parachute,CO,39.451920,-108.052850,1105
paradis,LA,29.879650,-90.433970,1298
paradise,CA,39.759610,-121.621920,26476
paradise,NV,36.097190,-115.146660,223167
paradise,PA,40.009820,-76.128570,1129
paradise,UT,41.568820,-111.838000,943
paradise heights,FL,28.623610,-81.543960,1215
paradise hills,NM,35.200600,-106.701140,4256
paradise valley,AZ,33.531150,-111.942650,13922
paragon,IN,39.395050,-86.562500,660
paragon estates,CO,39.981930,-105.174710,928
paragonah,UT,37.885810,-112.775220,509
paragould,AR,36.058400,-90.497330,27900
paraje,NM,35.055320,-107.475600,777
paramount,CA,33.889460,-118.159790,55412
paramount-long meadow,MD,39.680420,-77.692900,2571
paramus,NJ,40.944540,-74.075420,26974
parchment,MI,42.328100,-85.569730,1848
pardeesville,PA,41.001750,-75.966310,572
pardeeville,WI,43.537760,-89.300120,2086
paris,AR,35.292030,-93.729920,3443
paris,ID,42.227150,-111.401040,506
paris,IL,39.611150,-87.696140,8432
paris,KY,38.209800,-84.252990,9870
paris,ME,44.259790,-70.500620,5073
paris,MO,39.480870,-92.001280,1176
paris,PA,40.403680,-80.512570,732
paris,TN,36.302000,-88.326710,10150
paris,TX,33.660940,-95.555510,24782
parishville,NY,44.628670,-74.813800,647
park circle,MD,39.328770,-76.660130,2428
park city,IL,42.348360,-87.884240,7392
park city,KS,37.800010,-97.318380,7618
park city,KY,37.093940,-86.046370,555
park city,MT,45.632720,-108.917930,983
park city,TN,35.082030,-86.571110,2442
park city,UT,40.646060,-111.497970,8128
park crest,PA,40.816750,-76.047150,542
park falls,WI,45.934400,-90.441550,2334
park forest,IL,41.491420,-87.674490,21954
park forest village,PA,40.806730,-77.916950,9660
park hill,OK,35.861200,-94.958840,3909
park hills,KY,39.071450,-84.532170,3007
park hills,MO,37.854220,-90.518180,8692
park lake,KY,38.345070,-85.473290,571
park layne,OH,39.886450,-84.039660,4343
park rapids,MN,46.922180,-95.058630,3947
park ridge,IL,42.011140,-87.840620,37757
park ridge,NJ,41.037600,-74.040700,8919
park ridge,WI,44.519410,-89.545950,504
park river,ND,48.398600,-97.741200,1375
park slope,NY,40.670100,-73.985970,65047
park view,DC,38.932060,-77.023590,18796
park view,IA,41.694200,-90.545690,2389
parkchester,NY,40.838990,-73.860410,65876
parkdale,MI,44.267500,-86.302860,704
parker,AZ,34.150020,-114.289120,3046
parker,CO,39.518600,-104.761360,49550
parker,FL,30.131040,-85.603260,4603
parker,PA,41.095900,-79.682550,822
parker,SC,34.850670,-82.453460,11431
parker,SD,43.397480,-97.136450,993
parker,TX,33.055400,-96.621940,4352
parker city,IN,40.188930,-85.204130,1370
parker strip,AZ,34.219410,-114.198240,662
parkers prairie,MN,46.153020,-95.328920,1005
parkers settlement,IN,38.046710,-87.716130,711
parkersburg,IA,42.577480,-92.786860,1960
parkersburg,WV,39.266740,-81.561510,30991
parkesburg,PA,39.958720,-75.919390,3687
parkin,AR,35.263420,-90.571220,1105
parkland,FL,26.310080,-80.237270,30177
parkland,WA,47.155380,-122.434010,35803
parklane,MD,39.342680,-76.662240,1796
parkman,ME,45.133670,-69.433100,843
parks,AZ,35.260570,-111.948770,1188
parks,LA,30.214370,-91.832060,677
parksdale,CA,36.947170,-120.022940,2621
parkside,CA,37.741970,-122.486300,16874
parkside,PA,39.864280,-75.378530,2334
parksley,VA,37.782070,-75.653540,840
parkston,SD,43.398880,-97.983680,1488
parkview/woodbrook,MD,39.316800,-76.648050,1597
parkville,MD,39.377330,-76.539690,30734
parkville,MN,47.531040,-92.579070,2525
parkville,MO,39.195000,-94.682180,6296
parkville,PA,39.781210,-76.963310,6706
parkway,CA,38.496020,-121.458840,14670
parkway garden homes,IL,41.777820,-87.617030,2000
parkway village,KY,38.212570,-85.740240,665
parkwood,CA,36.926890,-120.044610,2268
parkwood,WA,47.533150,-122.610140,7126
parkwood manor,PA,40.093440,-74.967950,16787
parlier,CA,36.611620,-119.527070,15138
parma,ID,43.785160,-116.943210,2082
parma,MI,42.258370,-84.599690,760
parma,MO,36.613670,-89.816470,665
parma,OH,41.404770,-81.722910,79937
parma heights,OH,41.390050,-81.759580,20246
parmelee,SD,43.323060,-101.026540,562
parole,MD,38.981000,-76.545000,15922
parowan,UT,37.842200,-112.828000,2926
parrish,AL,33.730660,-87.284450,963
parryville,PA,40.818150,-75.672690,507
parshall,ND,47.953350,-102.134890,1263
parsippany,NJ,40.857880,-74.425990,51144
parsons,KS,37.340340,-95.261080,10090
parsons,TN,35.649790,-88.126700,2337
parsons,WV,39.096490,-79.680900,1431
parsonsfield,ME,43.727020,-70.928680,1647
pasadena,CA,34.147780,-118.144520,142250
pasadena,MD,39.119000,-76.571080,24287
pasadena,TX,29.691060,-95.209100,153784
pasadena hills,FL,28.280010,-82.224380,7570
pasadena hills,MO,38.708380,-90.292890,923
pasatiempo,CA,37.004390,-122.025800,1041
pascagoula,MS,30.365760,-88.556130,22126
paschall,PA,39.924280,-75.238520,12450
pasco,WA,46.239580,-119.100570,69451
pascoag,RI,41.955650,-71.702290,4577
paso robles,CA,35.626640,-120.691000,27157
pass christian,MS,30.315750,-89.247540,5498
passaic,NJ,40.856770,-74.128480,71085
passapatanzy,VA,38.297350,-77.314150,1283
pastoria,VA,37.749850,-75.630210,649
patagonia,AZ,31.539540,-110.756200,890
pataskala,OH,39.995620,-82.674330,15245
patchogue,NY,40.765650,-73.015110,12463
pateros,WA,48.050980,-119.903400,668
paterson,NJ,40.916770,-74.171810,147754
patoka,IL,38.755330,-89.095340,566
patoka,IN,38.406990,-87.585580,729
patrick springs,VA,36.641800,-80.195050,1845
patten,ME,45.996440,-68.446140,1155
patterson,CA,37.471600,-121.129660,21498
patterson,GA,31.387440,-82.140120,751
patterson,LA,29.693260,-91.302050,6106
patterson heights,PA,40.739510,-80.329230,617
patterson park neighborhood,MD,39.292690,-76.574710,5438
patterson place,MD,39.293760,-76.583400,1171
patterson springs,NC,35.235410,-81.514530,604
patterson tract,CA,36.379520,-119.295600,1752
pattison,TX,29.825230,-95.994960,532
patton,PA,40.633960,-78.650300,1681
patton village,CA,40.141010,-120.154930,702
patton village,TX,30.192990,-95.168820,1620
paul,ID,42.607960,-113.783350,1192
paul smiths,NY,44.438670,-74.252660,671
paulden,AZ,34.885580,-112.468230,5231
paulding,OH,41.138110,-84.580510,3488
paulina,LA,30.026310,-90.713150,1178
paullina,IA,42.979150,-95.688070,1017
pauls valley,OK,34.740080,-97.222250,6152
paulsboro,NJ,39.830390,-75.240460,5989
pauoa,HI,21.320760,-157.838390,5165
pavilion,NY,42.876170,-78.022790,646
pavo,GA,30.959910,-83.737950,617
paw paw,IL,41.688920,-88.981200,821
paw paw,MI,42.217820,-85.891120,3455
paw paw,WV,39.548690,-80.153130,508
paw paw lake,MI,42.212260,-86.271970,3511
pawcatuck,CT,41.377320,-71.833680,5624
pawhuska,OK,36.667840,-96.337230,3605
pawlet,VT,43.346740,-73.176220,1426
pawling,NY,41.562040,-73.602630,2297
pawnee,IL,39.591720,-89.580370,2713
pawnee,OK,36.337830,-96.803920,2160
pawnee city,NE,40.108330,-96.154450,827
pawtucket,RI,41.878710,-71.382560,71591
paxtang,PA,40.258980,-76.831920,1541
paxton,FL,30.981800,-86.308550,749
paxton,IL,40.460310,-88.095320,4357
paxton,MA,42.311200,-71.928130,4463
paxtonia,PA,40.317310,-76.794420,5412
payette,ID,44.078220,-116.933770,7380
payne,OH,41.077550,-84.727180,1155
payne springs,TX,32.278200,-96.066920,768
paynesville,MN,45.380520,-94.711950,2433
payson,AZ,34.230870,-111.325140,15345
payson,IL,39.816990,-91.242370,1011
payson,UT,40.044400,-111.732150,19548
pa‘auilo,HI,20.040450,-155.368250,595
pe ell,WA,46.570380,-123.297370,634
pea ridge,AR,36.453960,-94.115200,5242
pea ridge,WV,38.413970,-82.319870,6650
peabody,KS,38.169460,-97.106700,1144
peabody,MA,42.527870,-70.928660,52504
peaceful valley,WA,48.938150,-122.147330,3324
peach lake,NY,41.367590,-73.577900,1629
peach springs,AZ,35.529160,-113.425490,1090
peachtree city,GA,33.396780,-84.595760,35240
peachtree corners,GA,33.970100,-84.221590,40978
peapack,NJ,40.716770,-74.656550,2086
pearisburg,VA,37.326730,-80.737020,2678
pearl,MS,32.274590,-90.132030,26462
pearl beach,MI,42.626700,-82.597690,2829
pearl city,HI,21.397340,-157.975160,47698
pearl city,IL,42.265300,-89.825950,805
pearl river,LA,30.376030,-89.748400,2530
pearl river,MS,32.783470,-89.227840,3601
pearl river,NY,41.058990,-74.021810,15876
pearland,TX,29.563570,-95.286050,108821
pearlington,MS,30.246580,-89.611170,1332
pearsall,TX,28.892190,-99.095030,9980
pearson,GA,31.297700,-82.852370,2112
pebble creek,FL,28.148350,-82.345650,7622
pecan acres,TX,32.970130,-97.474740,4099
pecan grove,TX,29.626070,-95.731620,15963
pecan hill,TX,32.486530,-96.785830,647
pecan plantation,TX,32.360420,-97.675580,5294
pecatonica,IL,42.313910,-89.359280,2124
peck,MI,43.258640,-82.817430,613
peconic,NY,41.047880,-72.463140,683
pecos,NM,35.574200,-105.675020,1324
pecos,TX,31.422910,-103.493230,9517
peculiar,MO,38.719180,-94.458560,4885
pedley,CA,33.975290,-117.475880,12672
pedricktown,NJ,39.758860,-75.406020,524
peebles,OH,38.948960,-83.405750,1764
peekskill,NY,41.290090,-73.920420,24043
peggs,OK,36.080930,-95.099400,813
pegram,TN,36.100610,-87.051120,2108
pekin,IL,40.567540,-89.640660,33223
pelahatchie,MS,32.312920,-89.798410,1356
peletier,NC,34.730160,-77.084390,651
pelham,AL,33.285670,-86.809990,22885
pelham,GA,31.128020,-84.153040,3708
pelham,MA,42.393150,-72.403700,1428
pelham,NH,42.734530,-71.324510,12676
pelham,NY,40.909820,-73.807910,7048
pelham manor,NY,40.895380,-73.807080,5594
pelican bay,FL,26.231200,-81.805640,6346
pelican bay,TX,32.920960,-97.518360,1635
pelican rapids,MN,46.570790,-96.083110,2461
pelion,SC,33.763210,-81.244820,704
pell city,AL,33.586210,-86.286090,13646
pell lake,WI,42.538070,-88.350930,3722
pella,IA,41.408050,-92.916310,10363
pellston,MI,45.552800,-84.785400,829
pelsor,AR,35.794200,-93.041850,604
pemberton,NJ,39.972060,-74.682940,1383
pemberton heights,NJ,39.962610,-74.678770,2423
pemberville,OH,41.410890,-83.461040,1423
pemberwick,CT,41.025650,-73.660680,3680
pembina,ND,48.966380,-97.243680,565
pembroke,GA,32.136340,-81.623480,2445
pembroke,KY,36.775880,-87.355560,889
pembroke,ME,44.953690,-67.161930,914
pembroke,NC,34.680160,-79.195040,3004
pembroke,NH,43.146750,-71.457570,7461
pembroke,VA,37.319570,-80.638950,1081
pembroke park,FL,25.987870,-80.174770,6333
pembroke pines,FL,26.003150,-80.223940,166611
pen argyl,PA,40.868710,-75.254900,3541
pen lucy,MD,39.339740,-76.604980,2741
pen mar,PA,39.720370,-77.506660,929
penbrook,PA,40.275370,-76.848030,2974
pender,NE,42.114160,-96.707260,1051
pendleton,IN,39.997540,-85.746640,4219
pendleton,OR,45.672070,-118.788600,16881
pendleton,SC,34.651770,-82.783750,3152
penhook,VA,36.982370,-79.628080,801
peninsula,OH,41.241170,-81.552620,571
penitas,TX,26.230630,-98.444740,4715
penn estates,PA,41.037500,-75.239560,4493
penn hills,PA,40.501180,-79.839220,44610
penn north,MD,39.312120,-76.642590,1613
penn valley,CA,39.196000,-121.191070,1621
penn wynne,PA,39.986220,-75.275460,5697
penn yan,NY,42.660900,-77.053860,5014
penn-fallsway,MD,39.297530,-76.608670,2594
penndel,PA,40.152050,-74.916560,2221
penney farms,FL,29.979690,-81.810370,815
penngrove,CA,38.299640,-122.666650,2522
pennington,NJ,40.328440,-74.790720,2598
pennington gap,VA,36.758420,-83.027110,1805
pennock,MN,45.148850,-95.176400,515
penns creek,PA,40.859800,-77.055250,715
penns grove,NJ,39.729560,-75.467970,4945
pennsauken,NJ,39.956220,-75.057950,36332
pennsboro,WV,39.285080,-80.968440,1080
pennsburg,PA,40.390930,-75.492120,3873
pennsbury village,PA,40.428120,-80.100610,668
pennside,PA,40.337320,-75.878540,4215
pennsport,PA,39.927610,-75.150450,26000
pennsville,NJ,39.653450,-75.516590,11888
pennsylvania avenue se,DC,38.868170,-76.958030,5151
pennville,IN,40.493930,-85.148300,693
pennville,PA,39.789540,-76.998040,1947
pennwyn,PA,40.294260,-75.976880,780
pennypack,PA,40.066780,-75.045450,9898
pennypack woods,PA,40.054280,-75.016000,4328
penobscot,ME,44.464520,-68.711140,1397
penrose,CO,38.425000,-105.022760,3582
penrose/fayette street outreach,MD,39.291120,-76.657390,2514
penryn,CA,38.852120,-121.169390,831
penryn,PA,40.205090,-76.368290,1024
pensacola,FL,30.421310,-87.216910,53724
pentwater,MI,43.781670,-86.433140,845
peoria,AZ,33.580600,-112.237380,190985
peoria,IL,40.693650,-89.588990,115070
peoria heights,IL,40.747260,-89.573980,5979
peosta,IA,42.450560,-90.850410,1618
peotone,IL,41.332260,-87.785320,4120
pepeekeo,HI,19.833610,-155.107220,1789
pepin,WI,44.441080,-92.147950,795
pepper pike,OH,41.478390,-81.463730,6204
pepperell,MA,42.665920,-71.588400,2504
peppermill village,MD,38.894720,-76.886540,4895
pequot lakes,MN,46.603020,-94.309440,2243
peralta,NM,34.837000,-106.690580,3585
percy,IL,38.016440,-89.618710,930
perdido beach,AL,30.340760,-87.504980,581
perezville,TX,26.224520,-98.400570,5376
perham,MN,46.594400,-95.572540,3278
peridot,AZ,33.310340,-110.455380,1350
perkasie,PA,40.372050,-75.292680,8471
perkins,OK,35.973940,-97.033640,2857
perkins homes,MD,39.287610,-76.596910,858
perring loch,MD,39.352690,-76.584780,2752
perris,CA,33.782520,-117.228650,74971
perry,FL,30.117660,-83.582740,7055
perry,GA,32.458210,-83.731570,15457
perry,IA,41.838600,-94.107180,8089
perry,KS,39.075830,-95.393310,909
perry,ME,44.975080,-67.075810,881
perry,MI,42.826420,-84.219410,2100
perry,MO,39.431150,-91.675160,696
perry,NY,42.715620,-78.005560,3516
perry,OH,41.760330,-81.140930,1627
perry,OK,36.289490,-97.288100,5097
perry,UT,41.464940,-112.032450,4702
perry hall,MD,39.412610,-76.463570,28474
perry heights,OH,40.795340,-81.473450,8441
perry park,CO,39.256660,-104.992480,1646
perryman,MD,39.469550,-76.204400,2342
perryopolis,PA,40.087020,-79.750600,1728
perrysburg,OH,41.557000,-83.627160,21423
perrysville,OH,40.657560,-82.311550,723
perryton,TX,36.400030,-100.802650,9252
perryville,AR,35.004810,-92.802670,1432
perryville,KY,37.650350,-84.951620,761
perryville,MD,39.560110,-76.071340,4437
perryville,MO,37.724220,-89.861220,8398
perth,NY,43.017570,-74.194020,3646
perth amboy,NJ,40.506770,-74.265420,52682
peru,IL,41.327530,-89.128970,9952
peru,IN,40.753650,-86.068880,11060
peru,MA,42.438140,-73.045930,835
peru,ME,44.506730,-70.405340,1575
peru,NE,40.474170,-95.733610,798
peru,NY,44.578380,-73.526800,1591
pescadero,CA,37.254940,-122.381360,643
peshtigo,WI,45.054430,-87.749270,3430
pesotum,IL,39.914750,-88.273380,544
petal,MS,31.346560,-89.260060,10701
petaluma,CA,38.232420,-122.636650,60438
peterborough,NH,42.870640,-71.951750,3103
peters,CA,37.980760,-121.048000,672
petersburg,AK,56.812500,-132.955560,2948
petersburg,IL,40.011720,-89.848170,2190
petersburg,IN,38.491990,-87.278620,2347
petersburg,KY,39.069220,-84.868280,620
petersburg,MI,41.901160,-83.714940,1131
petersburg,TN,35.319800,-86.637500,548
petersburg,TX,33.869520,-101.597390,1131
petersburg,VA,37.227930,-77.401930,32477
petersburg,WV,38.992610,-79.123920,2520
peterstown,WV,37.397340,-80.799240,645
petoskey,MI,45.373340,-84.955330,5719
petrolia,TX,34.013150,-98.232270,660
petros,TN,36.095910,-84.442430,583
pettit,OK,35.764820,-94.965510,954
pettus,TX,28.618040,-97.802220,558
petworth,DC,38.945940,-77.024980,18983
pevely,MO,38.283390,-90.395120,5652
pewaukee,WI,43.080570,-88.261200,8208
pewee valley,KY,38.310620,-85.487460,1529
peña blanca,NM,35.570870,-106.338080,709
peñasco,NM,36.169470,-105.686400,589
pflugerville,TX,30.439370,-97.620000,57122
pharr,TX,26.194800,-98.183620,76538
phelan,CA,34.426110,-117.572280,14304
phelps,KY,37.512880,-82.150130,893
phelps,NY,42.957560,-77.057470,1945
phenix city,AL,32.470980,-85.000770,37570
phil campbell,AL,34.350930,-87.706420,1235
philadelphia,MS,32.771520,-89.116730,7391
philadelphia,NY,44.154500,-75.708820,1223
philadelphia,PA,39.952380,-75.163620,1573916
philadelphia,TN,35.679520,-84.403810,688
philip,SD,44.039430,-101.665140,751
philippi,WV,39.152320,-80.040360,3256
philipsburg,MT,46.332150,-113.294230,884
philipsburg,PA,40.896450,-78.220570,2715
phillips,ME,44.823110,-70.339510,1029
phillips,WI,45.696630,-90.400430,1388
phillipsburg,GA,31.439630,-83.519330,707
phillipsburg,KS,39.756120,-99.323990,2524
phillipsburg,NJ,40.693710,-75.190180,14515
phillipsburg,OH,39.904500,-84.401610,554
phillipston,MA,42.548700,-72.132860,1649
philmont,NY,42.248420,-73.653180,1318
philo,IL,40.006980,-88.158100,1464
philo,OH,39.861180,-81.906800,732
philomath,OR,44.540120,-123.367600,4599
phippsburg,ME,43.820640,-69.814770,2190
phoenix,AZ,33.448380,-112.074040,1650070
phoenix,IL,41.611150,-87.634770,1958
phoenix,NY,43.231180,-76.300760,2311
phoenix,OR,42.275410,-122.818090,4553
phoenix lake,CA,38.005940,-120.307020,4269
phoenixville,PA,40.130380,-75.514910,16658
picayune,MS,30.525560,-89.677880,10675
pickens,MS,32.883740,-89.971470,1075
pickens,SC,34.883450,-82.707360,3173
pickensville,AL,33.227340,-88.266420,581
pickerington,OH,39.884230,-82.753500,19745
picnic point,WA,47.881110,-122.328400,8809
picnic point-north lynnwood,WA,47.862780,-122.294970,22953
pico rivera,CA,33.983070,-118.096730,64218
picture rocks,AZ,32.345910,-111.246210,9563
picture rocks,PA,41.279800,-76.713010,663
piedmont,AL,33.924550,-85.611350,4714
piedmont,CA,37.824370,-122.231630,11376
piedmont,MO,37.154490,-90.695670,1977
piedmont,OK,35.642000,-97.746430,7118
piedmont,SC,34.702340,-82.464570,5103
piedmont,SD,44.231650,-103.389080,827
piedmont,WV,37.450670,-81.263710,925
pierce,CO,40.635540,-104.755250,873
pierce,NE,42.199170,-97.526720,1748
pierce city,MO,36.945900,-94.000210,1279
pierceton,IN,41.200320,-85.705540,1027
piermont,NH,43.969790,-72.080640,755
piermont,NY,41.042040,-73.918190,2573
pierre,SD,44.368320,-100.350970,14091
pierre part,LA,29.965200,-91.203160,3169
pierron,IL,38.780050,-89.598140,565
pierson,FL,29.239420,-81.465630,1772
pierz,MN,45.981630,-94.104710,1362
pigeon,MI,43.830020,-83.269960,1166
pigeon creek,OH,41.110890,-81.672900,882
pigeon forge,TN,35.788420,-83.554330,6171
piggott,AR,36.382840,-90.190650,3655
pike creek,DE,39.730950,-75.704100,7898
pike creek valley,DE,39.736220,-75.698270,11217
pike road,AL,32.284310,-86.103020,8274
pikesville,MD,39.374270,-76.722470,30764
piketon,OH,39.068130,-83.014340,2146
pikeville,KY,37.479270,-82.518760,7012
pikeville,NC,35.497100,-77.981930,692
pikeville,TN,35.605620,-85.188850,1636
pilot grove,MO,38.874740,-92.911580,761
pilot knob,MO,37.621160,-90.640400,713
pilot mountain,NC,36.386530,-80.469500,1465
pilot point,TX,33.396500,-96.960560,4093
pilot rock,OR,45.483180,-118.829980,1513
pilot station,AK,61.938890,-162.875000,617
pima,AZ,32.896560,-109.828350,2524
pimaco two,AZ,31.950640,-110.452580,682
pimlico good neighbors,MD,39.353230,-76.675330,858
pimmit hills,VA,38.912890,-77.200810,6094
pinardville,NH,42.994250,-71.507290,4780
pinch,WV,38.408710,-81.481790,3262
pinckard,AL,31.311560,-85.552990,634
pinckney,MI,42.457000,-83.947910,2436
pinckneyville,IL,38.080330,-89.382030,5385
pinconning,MI,43.853630,-83.964990,1271
pine,AZ,34.384470,-111.455140,1963
pine beach,NJ,39.935950,-74.170970,2150
pine bluff,AR,34.228430,-92.003200,44772
pine bluffs,WY,41.181930,-104.069120,1146
pine brook hill,CO,40.049990,-105.314710,983
pine bush,NY,41.608150,-74.299040,1780
pine castle,FL,28.471950,-81.367850,10805
pine city,MN,45.826070,-92.968540,3078
pine crest,TN,36.276190,-84.128810,2633
pine forest,TX,33.112620,-95.384670,623
pine grove,CA,38.412970,-120.658820,2219
pine grove,PA,40.548420,-76.384680,2142
pine grove,WV,39.565910,-80.678990,520
pine grove mills,PA,40.733670,-77.885560,1502
pine haven,WY,44.357760,-104.810530,519
pine hill,AL,31.979590,-87.588060,919
pine hill,NJ,39.784280,-74.992110,10510
pine hills,CA,40.733180,-124.152280,3131
pine hills,FL,28.557780,-81.453400,60076
pine island,MN,44.201350,-92.646300,3337
pine island,TX,30.058000,-96.037460,1076
pine island center,FL,26.613690,-82.118150,1854
pine island ridge,FL,26.094810,-80.273940,5218
pine knoll shores,NC,34.697380,-76.813270,1364
pine knot,KY,36.650910,-84.438550,1621
pine lake,GA,33.793720,-84.206030,763
pine lake park,NJ,40.003170,-74.256530,8707
pine lakes,FL,28.941100,-81.430070,862
pine lawn,MO,38.695880,-90.275110,3419
pine level,AL,32.583740,-86.465530,4183
pine level,NC,35.513220,-78.244440,1861
pine manor,FL,26.572850,-81.878140,3428
pine mountain,GA,32.864850,-84.854100,1358
pine mountain club,CA,34.846370,-119.149550,2315
pine plains,NY,41.979810,-73.655960,1353
pine prairie,LA,30.783810,-92.425410,1592
pine ridge,FL,28.938310,-82.473430,9598
pine ridge,PA,41.145980,-74.991160,2707
pine ridge,SD,43.025540,-102.556270,3308
pine ridge at crestwood,NJ,39.954560,-74.315150,2369
pine river,MN,46.718020,-94.404160,927
pine valley,CA,32.821440,-116.529180,1510
pine valley,NY,42.225350,-76.845510,813
pinebluff,NC,35.109880,-79.472260,1439
pinecrest,FL,25.667050,-80.308110,19452
pinedale,WY,42.866610,-109.860990,1923
pinehurst,ID,47.538810,-116.237390,1580
pinehurst,MA,42.529260,-71.228110,7152
pinehurst,NC,35.195430,-79.469480,15752
pinehurst,TX,30.171050,-95.682450,4624
pineland,TX,31.247970,-93.974360,813
pinellas park,FL,27.842800,-82.699540,51617
pineridge,SC,33.910430,-81.104540,2064
pinesdale,MT,46.329370,-114.216760,954
pinetop-lakeside,AZ,34.142540,-109.960380,4345
pinetops,NC,35.788490,-77.637750,1319
pineview,GA,32.110170,-83.501000,503
pineville,KY,36.762030,-83.694920,1762
pineville,LA,31.322400,-92.434300,14403
pineville,MO,36.594520,-94.384100,786
pineville,NC,35.083200,-80.892300,8429
pineville,WV,37.583170,-81.537050,628
pinewood,FL,25.868980,-80.216990,16520
pinewood,SC,33.740440,-80.463420,537
pinewood estates,TX,30.164380,-94.321580,1678
piney,AR,34.503140,-93.126020,4699
piney green,NC,34.716000,-77.320240,13293
piney point,MD,38.142350,-76.507450,864
piney point village,TX,29.759950,-95.517160,3376
piney view,WV,37.836230,-81.134820,989
pingree grove,IL,42.068640,-88.413420,6648
pink,OK,35.260630,-97.119750,2095
pink hill,NC,35.055160,-77.746370,540
pinnacle,NC,36.329310,-80.433110,894
pinole,CA,38.004370,-122.298860,19269
pinon,AZ,36.100830,-110.225960,904
pinopolis,SC,33.226560,-80.037580,948
pinson,AL,33.688990,-86.683320,7438
pioche,NV,37.929690,-114.452210,1002
pioneer,CA,38.431860,-120.571870,1094
pioneer,OH,41.680050,-84.553010,1401
pioneer junction,MT,48.336070,-115.518500,959
pioneer village,KY,38.060620,-85.677740,2840
piper city,IL,40.756700,-88.191160,791
piperton,TN,35.045090,-89.621750,1629
pipestone,MN,44.000530,-96.317530,4141
pippa passes,KY,37.334820,-82.874050,643
piqua,OH,40.144770,-84.242440,20790
pirtleville,AZ,31.357160,-109.563520,1744
piru,CA,34.415270,-118.793980,2063
piscataway,NJ,40.499270,-74.399040,56044
pisgah,AL,34.680920,-85.847750,711
pismo beach,CA,35.142750,-120.641280,8162
pistakee highlands,IL,42.408630,-88.206480,3454
pitcairn,PA,40.403120,-79.778100,3246
pitkin,LA,30.936300,-92.936260,576
pitman,NJ,39.732890,-75.131570,8898
pittman center,TN,35.759260,-83.395990,565
pittsboro,IN,39.863930,-86.466940,3205
pittsboro,MS,33.940390,-89.337570,199
pittsboro,NC,35.720150,-79.177240,4198
pittsburg,CA,38.027980,-121.884680,69424
pittsburg,IL,37.776990,-88.849510,559
pittsburg,KS,37.410880,-94.704960,20409
pittsburg,NH,45.051160,-71.391470,923
pittsburg,TX,32.995400,-94.965770,4602
pittsburgh,PA,40.440620,-79.995890,304391
pittsfield,IL,39.607830,-90.805130,4485
pittsfield,MA,42.450080,-73.245380,43303
pittsfield,ME,44.782560,-69.383380,3150
pittsfield,NH,43.305910,-71.324230,1576
pittsfield,VT,43.772290,-72.812880,543
pittsfield,WI,44.599440,-88.245100,2704
pittsford,NY,43.090620,-77.515000,1350
pittsford,VT,43.706730,-73.028160,740
pittston,ME,44.221740,-69.755600,2649
pittston,PA,41.325910,-75.789360,7651
pittsville,MD,38.395390,-75.412970,1428
pittsville,WI,44.439130,-90.124580,849
pittville,PA,40.057330,-75.144620,6218
pixley,CA,35.968560,-119.291780,3310
piñon hills,CA,34.433330,-117.646720,7272
placedo,TX,28.691380,-96.828040,692
placentia,CA,33.872240,-117.870340,52495
placerville,CA,38.729630,-120.798550,10650
placid lakes,FL,27.241440,-81.407020,3716
placitas,NM,35.306980,-106.424750,4977
plain,WI,43.278880,-90.043740,779
plain city,OH,40.107560,-83.267420,4302
plain city,UT,41.298000,-112.086050,6299
plain dealing,LA,32.905140,-93.696840,969
plain view,NC,35.248500,-78.555290,1961
plainedge,NY,40.717320,-73.483740,8817
plainfield,CT,41.676490,-71.915070,15498
plainfield,IL,41.626970,-88.203950,42527
plainfield,IN,39.704210,-86.399440,30590
plainfield,NJ,40.633710,-74.407370,51217
plainfield,WI,44.213860,-89.492340,834
plainfield village,CT,41.676860,-71.924890,2557
plains,GA,32.034050,-84.392690,740
plains,KS,37.260300,-100.592650,1088
plains,MT,47.460210,-114.882910,1051
plains,PA,41.275360,-75.850200,4335
plains,TX,33.188710,-102.827990,1616
plainsboro center,NJ,40.331770,-74.594600,2712
plainview,AR,34.989540,-93.297400,598
plainview,CA,36.144120,-119.134000,945
plainview,MN,44.164970,-92.171560,3237
plainview,NE,42.349730,-97.792010,1221
plainview,NY,40.776490,-73.467350,26217
plainview,TN,36.177310,-83.795340,2061
plainview,TX,34.184790,-101.706840,20919
plainville,CT,41.674540,-72.858160,17328
plainville,KS,39.234730,-99.298160,1895
plainville,MA,42.004270,-71.332830,7817
plainwell,MI,42.440040,-85.648900,3822
plaistow,NH,42.836480,-71.094780,7885
planada,CA,37.290770,-120.318520,4584
plandome,NY,40.806770,-73.703460,1405
plandome heights,NY,40.802600,-73.704300,1026
plandome manor,NY,40.816210,-73.697350,881
plankinton,SD,43.715550,-98.485090,714
plano,IL,41.662810,-88.537020,11282
plano,KY,36.880320,-86.418320,1117
plano,TX,33.019840,-96.698890,283558
plant city,FL,28.018880,-82.114690,37406
plantation,FL,26.134210,-80.231840,92560
plantation,KY,38.283400,-85.591070,859
plantation mobile home park,FL,26.703120,-80.132270,1260
plantersville,MS,34.213440,-88.664500,1163
plaquemine,LA,30.290050,-91.234970,6871
plateau,AL,30.735620,-88.060630,2000
platte,SD,43.386940,-98.844530,1266
platte city,MO,39.370280,-94.782460,4833
plattekill,NY,41.617590,-74.075980,1260
platteville,CO,40.214980,-104.822750,2619
platteville,WI,42.734160,-90.478460,12572
plattsburg,MO,39.565550,-94.448010,2291
plattsburgh,NY,44.699490,-73.452910,19806
plattsburgh west,NY,44.683150,-73.502950,1364
plattsmouth,NE,41.011390,-95.882230,6462
pleak,TX,29.489130,-95.807730,1366
pleasant gap,PA,40.868120,-77.746670,2879
pleasant garden,NC,35.962080,-79.762250,4715
pleasant grove,AL,33.490940,-86.970270,10260
pleasant grove,OH,39.952010,-81.959020,1742
pleasant grove,UT,40.364120,-111.738540,38052
pleasant hill,CA,37.947980,-122.060800,34810
pleasant hill,IA,41.583880,-93.519940,9314
pleasant hill,IL,40.613090,-88.747010,989
pleasant hill,LA,31.819890,-93.514340,718
pleasant hill,MO,38.787510,-94.269390,8289
pleasant hill,NC,35.873470,-79.481690,1087
pleasant hill,OH,40.051720,-84.344390,1219
pleasant hill,PA,40.336200,-76.441630,2643
pleasant hill,TN,36.133110,-88.167260,600
pleasant hill,TX,31.008800,-94.797710,522
pleasant hills,MD,39.479550,-76.394130,3379
pleasant hills,OH,39.235890,-84.524940,606
pleasant hills,PA,40.335630,-79.960610,8252
pleasant hope,MO,37.463100,-93.272690,614
pleasant lake,MN,45.497740,-94.286660,623
pleasant plains,DC,38.927000,-77.023000,21174
pleasant plains,IL,39.872830,-89.921220,804
pleasant plains,NJ,40.447880,-74.557930,922
pleasant plains,NY,40.523990,-74.215700,808
pleasant prairie,WI,42.553080,-87.933410,20726
pleasant ridge,MI,42.471150,-83.142150,2556
pleasant run,OH,39.299780,-84.563560,4953
pleasant run farm,OH,39.303110,-84.548000,4654
pleasant valley,AK,64.881390,-146.868610,725
pleasant valley,MO,39.216390,-94.484120,3056
pleasant valley,NY,41.744540,-73.821240,1145
pleasant valley,WV,39.455360,-80.141750,3196
pleasant view,PA,40.610620,-79.573930,780
pleasant view,TN,36.394220,-87.036670,4295
pleasant view,UT,41.318280,-111.992160,9273
pleasant view gardens,MD,39.293540,-76.602030,671
pleasanton,CA,37.662430,-121.874680,79510
pleasanton,KS,38.177810,-94.711350,1175
pleasanton,TX,28.967190,-98.478630,9829
pleasantville,IA,41.385830,-93.269370,1669
pleasantville,NJ,39.389840,-74.524040,20755
pleasantville,NY,41.132870,-73.792630,7173
pleasantville,OH,39.809790,-82.522100,958
pleasantville,PA,41.592280,-79.579490,857
pleasure ridge park,KY,38.145350,-85.858300,25813
pleasureville,KY,38.345900,-85.115230,844
plentywood,MT,48.774750,-104.562460,1923
plover,WI,44.456360,-89.544010,12319
plum,PA,40.500350,-79.749490,27505
plum city,WI,44.629130,-92.192400,578
plum creek,VA,37.129840,-80.500600,1524
plum grove,TX,32.195700,-96.989450,1027
plumas lake,CA,39.020730,-121.558020,5853
plumerville,AR,35.160080,-92.640720,805
plummer,ID,47.335180,-116.888510,1019
plumsteadville,PA,40.387330,-75.146560,2637
plymouth,CA,38.481850,-120.844660,960
plymouth,CT,41.672040,-73.052890,12284
plymouth,IN,41.343660,-86.309730,10035
plymouth,MA,41.958440,-70.667260,7494
plymouth,ME,44.767290,-69.210330,1307
plymouth,MI,42.371430,-83.470210,8905
plymouth,MN,45.010520,-93.455510,75907
plymouth,NC,35.866830,-76.748560,3658
plymouth,NH,43.757020,-71.688130,4456
plymouth,OH,40.995610,-82.667120,1802
plymouth,PA,41.240360,-75.944640,5832
plymouth,WI,43.748610,-87.977040,8505
plymouth meeting,PA,40.102330,-75.274350,6177
plympton,MA,41.952880,-70.814480,2683
plymptonville,PA,41.045890,-78.445580,981
poca,WV,38.472310,-81.814300,989
pocahontas,AR,36.261460,-90.971230,6438
pocahontas,IA,42.735530,-94.669150,1740
pocahontas,IL,38.827820,-89.540080,745
pocasset,MA,41.686220,-70.616140,2851
pocatello,ID,42.871300,-112.445530,54441
pocola,OK,35.231210,-94.478000,4031
pocomoke city,MD,38.075680,-75.567980,4133
pocono mountain lake estates,PA,41.081470,-75.696300,842
pocono pines,PA,41.106750,-75.454350,1409
pocono ranch lands,PA,41.164540,-74.952120,1062
pocono springs,PA,41.274530,-75.411290,926
poestenkill,NY,42.690360,-73.564560,1061
poinciana,FL,28.140290,-81.458410,53193
point,TX,32.931510,-95.871350,834
point baker,FL,30.690190,-87.053580,2991
point breeze,PA,39.933450,-75.177960,16977
point clear,AL,30.474080,-87.919160,2125
point comfort,TX,28.679720,-96.560250,723
point hope,AK,68.348610,-166.734720,701
point lookout,NY,40.592330,-73.580680,1219
point mackenzie,AK,61.359720,-149.978330,529
point marion,PA,39.738970,-79.898670,1140
point of rocks,MD,39.275940,-77.539150,1466
point pleasant,NJ,40.083170,-74.068190,18523
point pleasant,WV,38.844530,-82.137090,4276
point pleasant beach,NJ,40.091230,-74.047910,4552
point reyes station,CA,38.069090,-122.806940,848
point roberts,WA,48.985380,-123.077970,1314
point venture,TX,30.379370,-97.996120,902
pointblank,TX,30.745750,-95.212720,575
pojoaque,NM,35.892800,-106.023080,1907
poland,ME,44.060630,-70.393670,5314
poland,OH,41.024230,-80.614800,2484
polk,PA,41.367000,-79.929220,794
polk city,FL,28.182510,-81.823970,1907
polk city,IA,41.771380,-93.713000,4323
polkton,NC,35.007650,-80.200890,3495
polkville,MS,32.193760,-89.692570,810
polkville,NC,35.417630,-81.642870,536
pollock pines,CA,38.761580,-120.586110,6871
polo,IL,41.986140,-89.579280,2253
polo,MO,39.552230,-94.040770,540
polonia,WI,44.569970,-89.413170,526
polson,MT,47.693550,-114.163170,4707
pomeroy,IA,42.551090,-94.683870,625
pomeroy,OH,39.027580,-82.033750,1821
pomeroy,WA,46.474870,-117.602690,1389
pomfret,MD,38.577340,-77.030530,517
pomona,CA,34.055290,-117.752280,153266
pomona,KS,38.595840,-95.453590,969
pomona,MO,36.867280,-91.914320,511
pomona,NJ,39.478450,-74.575160,7124
pomona,NY,41.167040,-74.043200,3103
pomona park,FL,29.500250,-81.591470,879
pompano beach,FL,26.237860,-80.124770,107762
pompano beach highlands,FL,26.282860,-80.106990,7192
pompton lakes,NJ,41.005380,-74.290700,11202
ponca,NE,42.562500,-96.705590,940
ponca city,OK,36.706980,-97.085590,24758
ponce de leon,FL,30.722970,-85.937440,549
ponce inlet,FL,29.096370,-80.937000,3157
poncha springs,CO,38.512780,-106.077240,777
ponchatoula,LA,30.438800,-90.441480,7068
pond creek,OK,36.669200,-97.801170,866
ponder,TX,33.182900,-97.287240,1530
ponderay,ID,48.305480,-116.533800,1138
ponderosa park,CO,39.408320,-104.651080,3232
ponderosa pine,NM,34.976990,-106.324190,1195
ponemah,MN,48.020510,-94.913880,724
ponte vedra beach,FL,30.239690,-81.385640,35400
pontiac,IL,40.880870,-88.629780,11794
pontiac,MI,42.638920,-83.291050,59917
pontoon beach,IL,38.731720,-90.080380,5637
pontotoc,MS,34.247880,-88.998670,5944
pooler,GA,32.115480,-81.247060,23133
poolesville,MD,39.145940,-77.416930,5201
pope air force base (historical),NC,35.171280,-79.010420,7680
poplar,MT,48.113070,-105.198310,871
poplar,PA,39.965390,-75.153790,4450
poplar,WI,46.583830,-91.799080,600
poplar bluff,MO,36.757000,-90.392890,17266
poplar grove,IL,42.368350,-88.822050,5139
poplar-cotton center,CA,36.056350,-119.149190,2470
poplarville,MS,30.840190,-89.534230,2985
poppleton,MD,39.291100,-76.632930,2910
poquonock bridge,CT,41.345100,-72.024800,1727
poquoson,VA,37.122370,-76.345780,12059
poquott,NY,40.950930,-73.084000,947
porcupine,SD,43.239710,-102.330990,1062
port allegany,PA,41.810900,-78.279740,2091
port allen,LA,30.452140,-91.210110,5130
port angeles,WA,48.118150,-123.430740,19448
port angeles east,WA,48.106670,-123.371720,3036
port aransas,TX,27.833920,-97.061100,3955
port arthur,TX,29.885190,-93.942330,55340
port austin,MI,44.046130,-82.994110,642
port barre,LA,30.560200,-91.954010,2119
port barrington,IL,42.242520,-88.202030,1504
port byron,IL,41.606420,-90.335410,1649
port byron,NY,43.034510,-76.623830,1243
port carbon,PA,40.696480,-76.168830,1817
port charlotte,FL,26.976170,-82.090640,54392
port chester,NY,41.001760,-73.665680,29620
port clinton,OH,41.512000,-82.937690,5957
port deposit,MD,39.604830,-76.115230,659
port dickinson,NY,42.133410,-75.896310,1594
port edwards,WI,44.350800,-89.865400,1740
port ewen,NY,41.905370,-73.976250,3546
port gibson,MS,31.960990,-90.983990,1436
port hadlock-irondale,WA,48.032730,-122.785290,3580
port henry,NY,44.048390,-73.459850,1148
port hueneme,CA,34.147780,-119.195110,22423
port huron,MI,42.970860,-82.424910,29330
port isabel,TX,26.073410,-97.208580,5016
port jefferson,NY,40.946490,-73.069270,7842
port jefferson station,NY,40.925380,-73.047330,7838
port jervis,NY,41.375090,-74.692660,8609
port labelle,FL,26.756450,-81.405080,3530
port lavaca,TX,28.615000,-96.626090,12416
port leyden,NY,43.583120,-75.345180,668
port ludlow,WA,47.925370,-122.683490,2603
port matilda,PA,40.799500,-78.054170,598
port monmouth,NJ,40.430110,-74.098470,3818
port morris,NY,40.801490,-73.909580,1978
port neches,TX,29.991320,-93.958510,12786
port norris,NJ,39.245950,-75.035180,1377
port o'connor,TX,28.448340,-96.405810,1253
port orange,FL,29.138320,-80.995610,59866
port orchard,WA,47.540370,-122.636250,13607
port orford,OR,42.745660,-124.497330,1146
port reading,NJ,40.565380,-74.260420,3728
port republic,NJ,39.520670,-74.485710,1100
port richey,FL,28.271680,-82.719550,2761
port richmond,NY,40.633160,-74.136530,15470
port richmond,PA,39.993450,-75.100170,27554
port royal,PA,40.533410,-77.385540,922
port royal,SC,32.378960,-80.692650,12122
port saint joe,FL,29.811880,-85.302970,3445
port saint john,FL,28.476950,-80.788670,12267
port saint lucie,FL,27.293930,-80.350330,164603
port salerno,FL,27.144220,-80.200600,10091
port sanilac,MI,43.430860,-82.542420,604
port sulphur,LA,29.480490,-89.693950,1760
port townsend,WA,48.117420,-122.760710,9335
port trevorton,PA,40.707310,-76.866080,769
port vincent,LA,30.333810,-90.849540,749
port vue,PA,40.335900,-79.869770,3744
port washington,NY,40.825660,-73.698190,15846
port washington,OH,40.328120,-81.520670,570
port washington,WI,43.387220,-87.875640,11576
port washington north,NY,40.844820,-73.701800,3207
port wentworth,GA,32.149090,-81.163170,7637
portage,IN,41.575870,-87.176150,36738
portage,MI,42.201150,-85.580000,48177
portage,PA,40.388680,-78.672240,2508
portage,WI,43.539150,-89.462620,10382
portage lakes,OH,41.007280,-81.527060,6968
portage park,IL,41.957810,-87.765060,64841
portageville,MO,36.425340,-89.699530,3146
portal,GA,32.538220,-81.932340,617
portales,NM,34.186190,-103.334400,11995
porter,IN,41.615590,-87.074200,4879
porter,ME,43.795910,-70.932560,1495
porter,OK,35.870930,-95.522480,586
porter heights,TX,30.151880,-95.321880,1653
porterdale,GA,33.575110,-83.893800,1483
porterville,CA,36.065230,-119.016770,56058
portland,CT,41.572880,-72.640650,5862
portland,IN,40.434490,-84.977750,6186
portland,ME,43.657370,-70.258900,66881
portland,MI,42.869200,-84.903050,3923
portland,ND,47.498320,-97.370370,592
portland,NY,42.379780,-79.467550,4694
portland,OR,45.523450,-122.676210,652503
portland,PA,40.923150,-75.096570,510
portland,TN,36.581710,-86.516380,12323
portland,TX,27.877250,-97.323880,16116
portland,WI,43.768860,-90.858190,1065
portlock,HI,21.271180,-157.706550,1726
portola,CA,39.810460,-120.469100,1903
portola hills,CA,33.679190,-117.631160,9083
portola valley,CA,37.384110,-122.235240,4594
portsmouth,NH,43.077040,-70.757660,21530
portsmouth,OH,38.731740,-82.997670,20409
portsmouth,RI,41.602320,-71.250330,17756
portsmouth,VA,36.835430,-76.298270,96201
portsmouth heights,VA,36.820980,-76.368830,99049
portville,NY,42.038680,-78.340850,978
porum,OK,35.356210,-95.265520,714
posen,IL,41.631700,-87.681440,5992
poseyville,IN,38.170040,-87.783080,1029
post,TX,33.191220,-101.379000,5349
post falls,ID,47.717960,-116.951590,30453
post oak bend city,TX,32.632080,-96.313590,687
postville,IA,43.084700,-91.568200,2131
poteau,OK,35.053710,-94.623560,8732
poteet,TX,29.040520,-98.568070,3419
poth,TX,29.069690,-98.081950,2167
potlatch,ID,46.921560,-116.898220,805
potomac,IL,40.305040,-87.800580,721
potomac,MD,39.018170,-77.208590,44965
potomac heights,MD,38.608730,-77.140530,1117
potomac mills,VA,38.645950,-77.294150,5614
potomac park,MD,39.611760,-78.805850,2530
potosi,MO,37.936440,-90.787910,2640
potosi,TX,32.329300,-99.656470,2991
potosi,WI,42.689440,-90.712070,678
potrero,CA,32.604780,-116.613070,656
potsdam,NY,44.669780,-74.981310,9688
potter lake,WI,42.821680,-88.348980,1107
potter valley,CA,39.322110,-123.113060,646
potterville,MI,42.629200,-84.738870,2618
pottsboro,TX,33.759270,-96.669440,2250
pottsgrove,PA,40.264820,-75.611850,3469
pottstown,PA,40.245370,-75.649630,22664
pottsville,AR,35.248140,-93.049060,3082
pottsville,PA,40.685650,-76.195500,13802
poughkeepsie,NY,41.700370,-73.920970,30371
poulan,GA,31.512960,-83.787670,803
poulsbo,WA,47.735930,-122.646540,10041
poultney,VT,43.517010,-73.236220,1569
pound,VA,37.123710,-82.601270,966
pound ridge,NY,41.208710,-73.574850,5104
poway,CA,32.962820,-117.035860,50157
powder springs,GA,33.859550,-84.683820,14826
powderly,KY,37.236990,-87.159160,732
powderly,TX,33.811220,-95.524400,1178
powdersville,SC,34.791780,-82.492910,7618
powell,AL,34.531830,-85.894550,957
powell,OH,40.157840,-83.075190,12972
powell,WY,44.753840,-108.757350,6462
powells crossroads,TN,35.189520,-85.485800,1317
powellton,WV,38.099000,-81.324000,619
powers,OR,42.883440,-124.073150,670
powers lake,WI,42.553630,-88.294540,1615
powhatan,VA,37.542090,-77.918890,0
powhatan point,OH,39.860080,-80.815370,1573
pownal,VT,42.765640,-73.235940,3460
poydras,LA,29.869370,-89.888950,2351
poynette,WI,43.390260,-89.402900,2493
po‘ipū,HI,21.873500,-159.448570,1299
prague,OK,35.486740,-96.685020,2453
prairie city,IA,41.599430,-93.235210,1709
prairie city,OR,44.463210,-118.709950,880
prairie creek,AR,36.342020,-94.061870,2066
prairie du chien,WI,43.051650,-91.141240,5757
prairie du rocher,IL,38.083110,-90.095950,574
prairie du sac,WI,43.286930,-89.724010,4255
prairie grove,AR,35.975910,-94.317710,5186
prairie grove,IL,42.278630,-88.260920,1869
prairie heights,WA,47.149330,-122.105300,4405
prairie ridge,WA,47.137600,-122.148730,11464
prairie view,TX,30.093270,-95.987730,6369
prairie village,KS,38.991670,-94.633570,21877
prairieville,LA,30.302970,-90.972050,26895
pratt,KS,37.643910,-98.737590,6849
pratt,WV,38.210100,-81.384000,586
prattsburgh,NY,42.523960,-77.288870,656
prattville,AL,32.464020,-86.459700,35420
pray,MT,45.380210,-110.681600,681
premont,TX,27.360590,-98.123620,2659
prentice,WI,45.546070,-90.286540,627
prentiss,MS,31.598500,-89.867020,1002
prescott,AR,33.802610,-93.381010,3133
prescott,AZ,34.540020,-112.468500,41899
prescott,WI,44.748860,-92.802150,4208
prescott valley,AZ,34.610020,-112.315720,42197
presho,SD,43.909710,-100.058730,503
presidential lakes estates,NJ,39.913730,-74.564600,2365
presidio,TX,29.560740,-104.372150,3904
presque isle,ME,46.681150,-68.015860,9171
presquille,LA,29.563830,-90.646200,1807
prestbury,IL,41.783290,-88.417640,1722
preston,GA,32.065990,-84.537420,419
preston,IA,42.050300,-90.414020,1012
preston,ID,42.096310,-111.876620,5212
preston,MD,38.712620,-75.909940,703
preston,MN,43.670240,-92.083220,1299
preston,TX,33.882320,-96.633050,2096
preston city,CT,41.528990,-71.973960,5000
preston heights,IL,41.491700,-88.081720,2575
prestonsburg,KY,37.665650,-82.771550,3347
pretty bayou,FL,30.196590,-85.696600,3206
pretty prairie,KS,37.780010,-98.019780,681
price,UT,39.599410,-110.810710,8378
prices fork,VA,37.209850,-80.490050,1066
priceville,AL,34.525090,-86.894730,3179
prichard,AL,30.738800,-88.078890,22351
prichard,WV,38.240080,-82.598490,527
prien,LA,30.181870,-93.273770,7810
priest point,WA,48.036760,-122.250970,799
priest river,ID,48.180970,-116.911570,1758
primera,TX,26.225910,-97.758050,4626
primghar,IA,43.086920,-95.627230,879
prince frederick,MD,38.540400,-76.584400,2538
prince george,VA,37.220430,-77.288030,2066
princes lakes,IN,39.353660,-86.098050,1330
princess anne,MD,38.202900,-75.692430,3303
princeton,FL,25.538440,-80.408940,39308
princeton,IA,41.674750,-90.340410,929
princeton,IL,41.368090,-89.464810,7594
princeton,IN,38.355320,-87.567520,8626
princeton,KY,37.109220,-87.881960,6174
princeton,MA,42.448700,-71.877300,3412
princeton,ME,45.223410,-67.572220,927
princeton,MN,45.569970,-93.581630,4680
princeton,MO,40.400840,-93.580500,1133
princeton,NC,35.465990,-78.160550,1284
princeton,NJ,40.348720,-74.659050,29603
princeton,TX,33.180120,-96.498040,8939
princeton,WI,43.850810,-89.121780,1185
princeton,WV,37.366230,-81.102590,6035
princeton junction,NJ,40.317330,-74.619880,2465
princeton meadows,NJ,40.331770,-74.563770,13834
princeville,HI,22.217580,-159.478880,2158
princeville,IL,40.929760,-89.757600,1726
princeville,NC,35.889600,-77.532190,1991
prineville,OR,44.299850,-120.834470,9530
pringle,PA,41.278140,-75.897140,969
prior lake,MN,44.713300,-93.422730,25282
privateer,SC,33.833210,-80.414250,2349
proctor,MN,46.747160,-92.225470,3068
proctorville,OH,38.437030,-82.377100,559
progreso,TX,26.092300,-97.957220,5922
progress,PA,40.285090,-76.831360,9765
progress village,FL,27.900300,-82.364540,5392
promised land,SC,34.128450,-82.239570,511
prophetstown,IL,41.671420,-89.936220,2012
prospect,CT,41.502320,-72.978720,9476
prospect,KY,38.345070,-85.615520,4881
prospect,ME,44.553130,-68.864760,667
prospect,NC,34.733220,-79.229760,981
prospect,OH,40.450340,-83.188530,1070
prospect,PA,40.904510,-80.046450,1135
prospect heights,IL,42.095300,-87.937570,16386
prospect park,NJ,40.937040,-74.174310,5953
prospect park,PA,39.887890,-75.308240,6481
prosper,TX,33.236230,-96.801110,15967
prosperity,SC,34.209310,-81.533160,1200
prosperity,WV,37.836500,-81.201770,1498
prosser,WA,46.206800,-119.768920,5869
provencal,LA,31.652950,-93.202110,608
providence,KY,38.574510,-85.221070,3492
providence,RI,41.823990,-71.412830,190934
providence,UT,41.706320,-111.817170,7124
providence village,TX,33.233400,-96.961580,4786
provincetown,MA,42.052950,-70.186400,2642
provo,UT,40.233840,-111.658530,115162
prudenville,MI,44.298350,-84.651970,1682
prudhoe bay,AK,70.255280,-148.337220,2174
prunedale,CA,36.775790,-121.669670,17560
pryor,MT,45.429670,-108.533190,618
pryor,OK,36.308430,-95.316910,8708
pryor creek,OK,36.308620,-95.317770,9469
puako,HI,19.970410,-155.836590,772
pueblitos,NM,34.623120,-106.777800,794
pueblo,CO,38.254450,-104.609140,109412
pueblo nuevo,TX,27.488810,-99.309870,521
pueblo nuevo colonia,TX,27.494190,-99.310310,521
pueblo west,CO,38.350000,-104.722750,29637
puhi,HI,21.968880,-159.400120,2906
pukalani,HI,20.836670,-156.336670,7574
pulaski,NY,43.567010,-76.127700,2310
pulaski,TN,35.199800,-87.030840,7617
pulaski,VA,37.047900,-80.779790,8890
pulaski,WI,44.672220,-88.242600,3550
pullman,WA,46.731270,-117.179620,32816
pultneyville,NY,43.279790,-77.186090,698
pumphrey,MD,39.217330,-76.637190,5322
pumpkin center,NC,34.791550,-77.372460,2222
punahou,HI,21.300230,-157.827000,5057
punalu‘u,HI,21.570450,-157.875570,1164
punta gorda,FL,26.929780,-82.045370,18150
punta gorda isles,FL,26.917560,-82.078420,18306
punta rassa,FL,26.487860,-82.012310,1750
punxsutawney,PA,40.943680,-78.970870,5861
pupukea,HI,21.654560,-158.060650,5130
purcell,OK,35.013680,-97.361140,6370
purcellville,VA,39.136770,-77.714720,9232
purchase,NY,41.040930,-73.714570,4660
purdy,MO,36.817290,-93.920760,1103
purdy,WA,47.388990,-122.625410,1544
purnell,MD,39.320520,-76.707360,596
purple sage,WY,41.550800,-109.324020,535
purvis,MS,31.143240,-89.409790,2335
puryear,TN,36.444220,-88.334490,669
putnam,CT,41.915100,-71.908960,7214
putnam lake,NY,41.462040,-73.546240,3844
putney,GA,31.470180,-84.117680,2898
putney,VT,42.974800,-72.521760,523
puxico,MO,36.949770,-90.158430,871
puyallup,WA,47.185380,-122.292900,39659
pylesville,MD,39.689830,-76.373020,693
pymatuning central,PA,41.585460,-80.479600,2269
pāhala,HI,19.202970,-155.478600,1356
pāhoa,HI,19.494040,-154.944310,924
pāpa‘ikou,HI,19.787180,-155.093260,1314
pōhākupu,HI,21.381470,-157.752130,895
pū‘ōhala village,HI,21.408490,-157.795560,3921
quail creek,TX,28.776400,-97.082320,1628
quail hill,CA,33.651140,-117.775510,7651
quail ridge,FL,28.349050,-82.555320,1040
quail valley,CA,33.706970,-117.245040,1538
quakertown,PA,40.441770,-75.341570,8855
quanah,TX,34.297850,-99.740370,2438
quapaw,OK,36.954510,-94.788010,906
quarryville,PA,39.897050,-76.163570,2736
quartz hill,CA,34.645260,-118.218130,10912
quartzsite,AZ,33.663910,-114.229950,3626
quasqueton,IA,42.394430,-91.761000,547
quechee,VT,43.646180,-72.418430,656
queen anne,MD,38.898720,-76.678300,1280
queen city,MO,40.409200,-92.567690,593
queen city,TX,33.148740,-94.150190,1468
queen creek,AZ,33.248660,-111.634300,34614
queen valley,AZ,33.298670,-111.289570,788
queen village,PA,39.934280,-75.148510,6077
queenland,MD,38.805240,-76.791260,1929
queens,NY,40.681490,-73.836520,2316841
queens village,NY,40.726770,-73.741520,51919
queensbury,NY,43.377290,-73.613170,27703
queenstown,MD,38.990670,-76.157730,652
quentin,PA,40.279620,-76.439650,594
questa,NM,36.703910,-105.595010,1753
quilcene,WA,47.822310,-122.875720,596
quinby,SC,34.236540,-79.734510,943
quincy,CA,39.936820,-120.946470,1728
quincy,FL,30.587140,-84.583250,7830
quincy,IL,39.935600,-91.409870,40780
quincy,MA,42.252880,-71.002270,93618
quincy,MI,41.944210,-84.883850,1640
quincy,OH,40.299220,-83.968830,687
quincy,WA,47.234300,-119.852550,7365
quinebaug,CT,42.023710,-71.949800,1133
quinhagak,AK,59.748890,-161.915830,706
quinlan,TX,32.910400,-96.135530,1439
quinnesec,MI,45.806350,-87.988460,1191
quinter,KS,39.069450,-100.232360,948
quinton,NJ,39.545950,-75.412420,588
quinton,OK,35.122880,-95.371090,1009
quiogue,NY,40.819820,-72.628980,816
quitman,AR,35.384250,-92.215710,742
quitman,GA,30.784920,-83.559880,3871
quitman,MS,32.040150,-88.728100,2209
quitman,TX,32.795960,-95.451060,1827
quogue,NY,40.823160,-72.609540,991
raceland,KY,38.540080,-82.728500,2387
raceland,LA,29.727430,-90.598980,10193
racine,MN,43.776070,-92.482950,515
racine,OH,38.971190,-81.914300,662
racine,WI,42.726130,-87.782850,77742
radar base,TX,28.857650,-100.529620,762
radcliff,KY,37.840350,-85.949130,22387
radcliffe,IA,42.315260,-93.434380,538
radford,VA,37.131790,-80.576450,17403
radium springs,NM,32.501200,-106.928070,1699
radnor,PA,40.046220,-75.359910,30878
radnor-winston,MD,39.349690,-76.612140,552
raeford,NC,34.981000,-79.224200,4860
rafter j ranch,WY,43.433000,-110.791000,1075
ragland,AL,33.744540,-86.155810,1682
rahway,NJ,40.608160,-74.277650,29508
rainbow,CA,33.410310,-117.147810,1832
rainbow city,AL,33.954820,-86.041920,9580
rainbow city,AZ,33.873040,-109.976230,968
rainelle,WV,37.968730,-80.767030,1481
rainier,OR,46.089000,-122.935940,1920
rainier,WA,46.888150,-122.688460,1985
rainsville,AL,34.494250,-85.847750,5031
raleigh,MS,32.033490,-89.522290,1427
raleigh,NC,35.772100,-78.638610,482295
raleigh hills,OR,45.480670,-122.762040,5896
ralls,TX,33.674250,-101.387660,1898
ralston,NE,41.205280,-96.042520,5994
ramblewood,MD,39.362880,-76.586910,1670
ramblewood,NJ,39.928720,-74.943780,5907
ramblewood,PA,40.719510,-77.956390,849
ramona,CA,33.041710,-116.868080,20292
ramona,OK,36.530370,-95.923600,545
ramseur,NC,35.733470,-79.652530,1701
ramsey,IL,39.144490,-89.108680,1026
ramsey,MN,45.261100,-93.450000,25828
ramsey,NJ,41.057320,-74.140980,15102
ramtown,NJ,40.120950,-74.143750,6242
ranchester,WY,44.908860,-107.163410,940
ranchettes,WY,41.218590,-104.790250,5798
rancho alegre,TX,27.741690,-98.094730,1704
rancho calaveras,CA,38.127420,-120.858270,4489
rancho cordova,CA,38.589070,-121.302730,71017
rancho cucamonga,CA,34.106400,-117.593110,175236
rancho mesa verde,AZ,32.594390,-114.655080,625
rancho mirage,CA,33.739740,-116.412790,18083
rancho murieta,CA,38.501850,-121.094670,5488
rancho palos verdes,CA,33.744460,-118.387020,42732
rancho penasquitos,CA,32.959490,-117.115310,60000
rancho san diego,CA,32.747270,-116.935300,21208
rancho santa fe,CA,33.020320,-117.202810,3117
rancho santa margarita,CA,33.640860,-117.603100,49324
rancho tehama reserve,CA,40.015690,-122.400720,1485
rancho viejo,TX,26.039520,-97.556380,2491
ranchos de taos,NM,36.358640,-105.609460,2518
ranchos penitas west,TX,27.674180,-99.610880,573
ranchos penitas west colonia,TX,27.675290,-99.603380,573
rand,WV,38.282600,-81.562340,1631
randall,MN,46.091080,-94.503620,624
randallstown,MD,39.367330,-76.795250,32430
randleman,NC,35.817910,-79.803090,4153
randolph,MA,42.162600,-71.041160,32112
randolph,ME,44.230350,-69.766710,1772
randolph,NE,42.378610,-97.357000,920
randolph,NJ,40.848290,-74.581480,25734
randolph,NY,42.162010,-78.975320,1286
randolph,UT,41.665780,-111.182140,462
randolph,VT,43.925070,-72.665940,1974
randolph,WI,43.539150,-89.006780,1770
random lake,WI,43.552220,-87.961760,1594
rangely,CO,40.087480,-108.804830,2381
ranger,TX,32.469850,-98.678950,2464
ranier,MN,48.612990,-93.348760,586
rankin,IL,40.465040,-87.896420,539
rankin,PA,40.412570,-79.879220,2090
rankin,TX,31.222650,-101.937910,844
ranlo,NC,35.286250,-81.130350,3556
ranshaw,PA,40.785920,-76.518010,510
ransom canyon,TX,33.533420,-101.679610,1131
ransomville,NY,43.238670,-78.909760,1419
ranson,WV,39.295100,-77.860550,4941
rantoul,IL,40.308370,-88.155880,13008
raoul,GA,34.449540,-83.594340,2558
rapid city,MI,44.834450,-85.282560,1352
rapid city,SD,44.080540,-103.231010,73569
rapid valley,SD,44.062490,-103.146290,8260
rapids,NY,43.098390,-78.640860,1636
rapids city,IL,41.581700,-90.343460,968
raritan,NJ,40.569550,-74.632940,8031
rathdrum,ID,47.812400,-116.896590,7538
raton,NM,36.903360,-104.439150,6187
raubsville,PA,40.635660,-75.192950,1088
rauchtown,PA,41.122850,-77.236080,726
raven,VA,37.087060,-81.855120,2270
ravena,NY,42.468410,-73.816240,3267
ravenel,SC,32.763230,-80.250100,2600
ravenna,KY,37.684530,-83.952980,590
ravenna,MI,43.189470,-85.936990,1213
ravenna,NE,41.026120,-98.912580,1373
ravenna,OH,41.157560,-81.242050,11619
ravensdale,WA,47.352320,-121.983730,1101
ravenswood,WV,38.948140,-81.760960,3843
ravensworth,VA,38.804000,-77.220540,2466
ravia,OK,34.241760,-96.751390,523
ravine,PA,40.574530,-76.403850,662
rawlings,MD,39.534530,-78.883360,693
rawlins,WY,41.791070,-107.238660,9040
rawls springs,MS,31.380730,-89.371450,1254
rawson,OH,40.958940,-83.784100,577
ray,ND,48.344470,-103.165180,729
ray city,GA,31.074640,-83.199320,1053
raymond,IA,42.468880,-92.219630,816
raymond,IL,39.319490,-89.572040,977
raymond,ME,43.901460,-70.470330,4649
raymond,MN,45.015790,-95.238620,756
raymond,MS,32.259310,-90.422600,2225
raymond,NH,43.036200,-71.183400,2855
raymond,WA,46.686490,-123.732940,2815
raymondville,TX,26.481460,-97.783050,11139
raymore,MO,38.801950,-94.452730,20374
rayne,LA,30.234930,-92.268460,8016
raynham,MA,41.948710,-71.073100,13153
raynham center,MA,41.923710,-71.052270,4100
raytown,MO,39.008620,-94.463560,29401
rayville,LA,32.477360,-91.754850,3664
readfield,ME,44.387850,-69.966720,2454
reading,MA,42.525650,-71.095330,24747
reading,MI,41.839490,-84.748010,1056
reading,OH,39.223670,-84.442160,10324
reading,PA,40.335650,-75.926870,87879
readlyn,IA,42.702210,-92.225460,826
readville,MA,42.240380,-71.137000,5041
reamstown,PA,40.211480,-76.123280,3361
reardan,WA,47.669610,-117.877730,554
rector,AR,36.263120,-90.292600,1840
red bank,NJ,40.347050,-74.064310,12204
red bank,SC,33.932090,-81.238430,9617
red bank,TN,35.112290,-85.294130,11769
red bay,AL,34.439820,-88.140870,3131
red bluff,CA,40.178490,-122.235830,14131
red boiling springs,TN,36.533390,-85.849980,1140
red bud,IL,38.211720,-89.994270,3586
red chute,LA,32.555980,-93.613230,6261
red cloud,NE,40.088900,-98.519500,963
red corral,CA,38.411650,-120.605520,1413
red creek,NY,43.247290,-76.723560,513
red cross,NC,35.267370,-80.355620,742
red hill,PA,40.372880,-75.481010,2383
red hill,SC,33.999610,-79.258100,13223
red hook,NY,41.995090,-73.875410,1990
red jacket,WV,37.648440,-82.140130,581
red lake,MN,47.876350,-95.016940,1731
red lake falls,MN,47.882190,-96.274210,1406
red lick,TX,33.464850,-94.171030,1006
red lion,PA,39.900930,-76.605800,6321
red lodge,MT,45.185780,-109.246820,2222
red oak,IA,41.009720,-95.225550,5472
red oak,NC,36.038490,-77.906370,3424
red oak,OK,34.950930,-95.080240,505
red oak,TX,32.517640,-96.804440,12022
red oaks mill,NY,41.655650,-73.874860,3613
red springs,NC,34.815160,-79.183090,3433
red wing,MN,44.562470,-92.533800,16445
redan,GA,33.745380,-84.131580,33015
redby,MN,47.878570,-94.913050,1334
reddell,LA,30.674090,-92.426240,733
reddick,FL,29.366640,-82.197320,518
redding,CA,40.586540,-122.391680,91582
redfield,AR,34.445100,-92.183200,1541
redfield,IA,41.589430,-94.196070,873
redfield,NY,43.533130,-75.821580,573
redfield,SD,44.875810,-98.518710,2379
redford,MI,42.383370,-83.296600,49936
redgranite,WI,44.041920,-89.098450,2113
redington beach,FL,27.808640,-82.811210,1471
redington shores,FL,27.826140,-82.828990,2205
redkey,IN,40.348930,-85.149970,1344
redland,MD,39.145390,-77.144150,17242
redland,TX,31.404350,-94.721320,1047
redlands,CA,34.055570,-117.182540,71035
redlands,CO,39.078870,-108.635650,8685
redmond,OR,44.272620,-121.173920,28654
redmond,UT,39.006070,-111.861870,737
redmond,WA,47.673990,-122.121510,60598
redondo beach,CA,33.849180,-118.388410,68166
redstone arsenal,AL,34.683870,-86.647640,1946
redwater,MS,32.766800,-89.536740,633
redwater,TX,33.358180,-94.254360,1071
redway,CA,40.120140,-123.823360,1225
redwood,NY,44.300890,-75.801340,605
redwood,OR,42.422060,-123.387280,2627
redwood,TX,29.810220,-97.911390,4338
redwood city,CA,37.485220,-122.236350,85288
redwood falls,MN,44.539400,-95.116940,5061
redwood shores,CA,37.531880,-122.248020,10500
redwood valley,CA,39.265440,-123.204450,1729
reece city,AL,34.072320,-86.033310,632
reed city,MI,43.875020,-85.510050,2390
reed creek,GA,34.445940,-82.924870,2604
reedley,CA,36.596340,-119.450400,25569
reeds spring,MO,36.749780,-93.377960,865
reedsburg,WI,43.532480,-90.002630,9548
reedsport,OR,43.702340,-124.096780,4107
reedsville,PA,40.663960,-77.595830,641
reedsville,WI,44.153600,-87.956760,1175
reedsville,WV,39.510640,-79.798390,601
reeltown,AL,32.603740,-85.805240,766
reese,MI,43.450580,-83.696350,1408
reeseville,WI,43.304990,-88.844830,687
reform,AL,33.378450,-88.015300,1632
refugio,TX,28.305280,-97.275270,2855
rego park,NY,40.726490,-73.852640,43925
rehobeth,AL,31.122960,-85.452710,1449
rehoboth,MA,41.840380,-71.249490,11486
rehoboth beach,DE,38.720950,-75.076010,1458
reid hope king,TX,25.922300,-97.413870,786
reid hope king colonia,TX,25.919250,-97.414150,786
reidland,KY,37.017560,-88.531430,4491
reidsville,GA,32.086860,-82.117900,2616
reidsville,NC,36.354860,-79.664470,14067
reidville,SC,34.862900,-82.114270,619
reiffton,PA,40.319810,-75.873540,4178
reiles acres,ND,46.923020,-96.865360,513
reinbeck,IA,42.323600,-92.599360,1639
reinholds,PA,40.266760,-76.115500,1803
reisterstown,MD,39.469760,-76.831900,25968
reisterstown station,MD,39.353110,-76.703330,1752
reliance,WY,41.669130,-109.197070,714
remerton,GA,30.844090,-83.310430,1127
reminderville,OH,41.345890,-81.395110,3976
remington,IN,40.760870,-87.150850,1163
remington,MD,39.320150,-76.622830,2678
remington,VA,38.533740,-77.808330,627
remsen,IA,42.814710,-95.973350,1632
remsenburg-speonk,NY,40.826420,-72.696730,2642
remy,OK,35.456480,-94.534110,562
rendon,TX,32.576250,-97.241400,12552
rennerdale,PA,40.398400,-80.141450,1150
renningers,PA,40.650090,-76.148270,574
reno,NV,39.529630,-119.813800,264165
reno,OH,39.372850,-81.395670,1293
reno,TX,33.663160,-95.462450,3281
renova,MS,33.778720,-90.721490,728
renovo,PA,41.326460,-77.750820,1229
rensselaer,IN,40.936700,-87.150860,5927
rensselaer,NY,42.642580,-73.742900,9433
renton,WA,47.482880,-122.217070,100242
renville,MN,44.789130,-95.211670,1213
republic,MI,46.406610,-87.975690,570
republic,MO,37.120050,-93.480190,16005
republic,OH,41.122000,-83.015750,537
republic,PA,39.962580,-79.876710,1096
republic,WA,48.648220,-118.737810,1072
resaca,GA,34.580360,-84.943280,775
reseda,CA,34.201120,-118.536470,65000
reserve,LA,30.053810,-90.551750,9766
reserve,NM,33.713110,-108.757840,272
reservoir,MA,42.334820,-71.148390,5904
reservoir,PA,40.406740,-78.380290,0
reservoir hill,MD,39.313630,-76.633160,5263
reston,VA,38.968720,-77.341100,58404
revere,MA,42.408430,-71.011990,53422
revloc,PA,40.492290,-78.764190,570
rexburg,ID,43.826020,-111.789690,27663
reynolds,GA,32.559870,-84.096300,1026
reynolds,IL,41.329760,-90.670420,519
reynolds,IN,40.749480,-86.871680,523
reynolds heights,PA,41.345060,-80.394230,2061
reynoldsburg,OH,39.954790,-82.812120,37158
reynoldstown,GA,33.751940,-84.354440,1733
reynoldsville,PA,41.097010,-78.888640,2710
rhawnhurst,PA,40.061780,-75.055730,25581
rheems,PA,40.130090,-76.570520,1598
rhinebeck,NY,41.926760,-73.912640,2609
rhinelander,WI,45.636620,-89.412080,7526
rhodhiss,NC,35.774020,-81.431200,1048
rhome,TX,33.053460,-97.471970,1630
rialto,CA,34.106400,-117.370320,103132
rib lake,WI,45.317470,-90.208480,894
rib mountain,WI,44.912750,-89.675400,5651
ricardo,TX,27.421430,-97.851110,1048
rice,MN,45.751910,-94.220270,1361
rice,TX,32.243760,-96.498600,952
rice lake,WI,45.506070,-91.738230,8391
riceboro,GA,31.735490,-81.433440,771
riceville,IA,43.363860,-92.554070,810
riceville,TN,35.384800,-84.692990,670
rich creek,VA,37.382340,-80.822580,748
rich hill,MO,38.096420,-94.361060,1336
rich square,NC,36.274040,-77.284410,901
richardson,TX,32.948180,-96.729720,110815
richardton,ND,46.883900,-102.315730,563
richboro,PA,40.215110,-75.010720,6563
richfield,MN,44.883300,-93.283000,36216
richfield,NC,35.470140,-80.257830,611
richfield,OH,41.239780,-81.638180,3702
richfield,PA,40.688690,-77.112760,549
richfield,UT,38.772470,-112.084090,7592
richfield,WI,43.256120,-88.193980,11530
richfield springs,NY,42.853410,-74.985430,1225
richford,VT,44.996990,-72.671240,1361
richgrove,CA,35.796620,-119.107880,2882
richland,GA,32.087930,-84.667420,1496
richland,IA,41.185570,-91.992950,562
richland,MI,42.376150,-85.455010,786
richland,MO,37.856980,-92.404340,1826
richland,MS,32.239040,-90.158420,7087
richland,NY,43.569510,-76.047700,5661
richland,PA,40.359260,-76.258280,1560
richland,WA,46.285690,-119.284460,54248
richland center,WI,43.334710,-90.386790,5013
richland hills,TX,32.815960,-97.228070,8098
richlands,NC,34.899330,-77.546630,1689
richlands,VA,37.093170,-81.793730,5504
richlandtown,PA,40.470100,-75.320460,1312
richmond,CA,37.935760,-122.347750,109708
richmond,IL,42.475850,-88.305930,1900
richmond,IN,39.828940,-84.890240,35854
richmond,KY,37.747860,-84.294650,33533
richmond,LA,32.387920,-91.182050,543
richmond,MA,42.373140,-73.367610,1632
richmond,ME,44.087300,-69.798930,1760
richmond,MI,42.809200,-82.755760,5864
richmond,MN,45.454130,-94.518330,1435
richmond,MO,39.278620,-93.976890,5595
richmond,NH,42.754810,-72.271750,1147
richmond,TX,29.582180,-95.760780,12138
richmond,UT,41.922710,-111.813560,2580
richmond,VA,37.553760,-77.460260,226610
richmond,VT,44.405330,-72.992900,723
richmond,WI,42.714730,-88.749270,3449
richmond heights,FL,25.631490,-80.368940,8541
richmond heights,MO,38.628660,-90.319560,8481
richmond heights,OH,41.552830,-81.510120,10469
richmond hill,GA,31.938270,-81.303440,11935
richmond hill,NY,40.699830,-73.831250,98984
richmond west,FL,25.610500,-80.429710,35884
richmondville,NY,42.634240,-74.564030,871
richnor springs,MD,39.346800,-76.606900,652
richton,MS,31.349340,-88.940050,1066
richton park,IL,41.484480,-87.703380,13695
richville,OH,40.751170,-81.477900,3324
richwood,LA,32.448760,-92.084860,3474
richwood,NJ,39.722610,-75.165460,3459
richwood,OH,40.426450,-83.296860,2281
richwood,TX,29.056080,-95.409940,3830
richwood,WV,38.224840,-80.533140,1980
riddle,OR,42.950950,-123.364230,1191
ridge,NY,40.893990,-72.895940,13336
ridge farm,IL,39.895590,-87.651970,853
ridge manor,FL,28.507500,-82.170360,4513
ridge spring,SC,33.845420,-81.661770,746
ridge wood heights,FL,27.287270,-82.513150,4795
ridgecrest,CA,35.622460,-117.670900,28780
ridgecrest,FL,27.897500,-82.805290,2558
ridgecrest,LA,31.602940,-91.527900,666
ridgefield,CT,41.281480,-73.498180,7645
ridgefield,NJ,40.834270,-74.008750,11373
ridgefield,WA,45.815110,-122.742600,6455
ridgefield park,NJ,40.857040,-74.021530,13102
ridgeland,MS,32.428480,-90.132310,24351
ridgeland,SC,32.480740,-80.980390,3999
ridgeley,WV,39.641480,-78.774460,643
ridgely,MD,38.947890,-75.884380,1615
ridgely,TN,36.263400,-89.487850,1706
ridgely's delight,MD,39.284160,-76.624930,817
ridgemark,CA,36.812460,-121.365770,3016
ridgetop,TN,36.395050,-86.779440,2042
ridgeville,IN,40.289210,-85.028860,769
ridgeville,SC,33.095720,-80.315370,1836
ridgeway,AK,60.531940,-151.085280,2022
ridgeway,VA,36.989310,-79.482530,797
ridgeway,WI,43.002220,-89.990400,643
ridgewood,NJ,40.979260,-74.116530,25621
ridgewood,NY,40.700100,-73.905690,69317
ridgway,CO,38.152770,-107.761730,977
ridgway,IL,37.799210,-88.261150,816
ridgway,PA,41.420340,-78.728640,3896
ridley park,PA,39.881220,-75.323800,7035
riegelsville,PA,40.594270,-75.195450,858
riegelwood,NC,34.339890,-78.225280,579
riesel,TX,31.474890,-96.923330,1019
rifle,CO,39.534700,-107.783120,9563
rigby,ID,43.672410,-111.914970,4029
riggs park,DC,38.954280,-76.994140,9125
riley,KS,39.298890,-96.830840,994
rimersburg,PA,41.041450,-79.503100,911
rincon,GA,32.296030,-81.235390,9843
rindge,NH,42.751200,-72.009800,6049
riner,VA,37.066520,-80.440610,859
ringgold,GA,34.915910,-85.109120,3700
ringgold,LA,32.328490,-93.279890,1432
ringling,OK,34.178430,-97.592530,1002
ringtown,PA,40.858700,-76.229660,795
ringwood,IL,42.392240,-88.297030,823
ringwood,NJ,41.113430,-74.245430,12448
ringwood,OK,36.379480,-98.245350,514
rio,FL,27.219490,-80.239210,965
rio,WI,43.447760,-89.239840,1044
rio bravo,TX,27.364190,-99.480040,4818
rio communities,NM,34.649590,-106.734030,4723
rio del mar,CA,36.968280,-121.900230,9216
rio dell,CA,40.499300,-124.106440,3387
rio grande,NJ,39.014560,-74.881560,2670
rio grande,OH,38.879520,-82.380430,854
rio grande city,TX,26.379790,-98.820300,14404
rio hondo,TX,26.235350,-97.581930,2445
rio linda,CA,38.691010,-121.448570,15106
rio rancho,NM,35.233380,-106.664470,87521
rio rico,AZ,31.471480,-110.976480,18962
rio verde,AZ,33.722540,-111.675690,1811
rio vista,CA,38.163890,-121.695830,8348
rio vista,TX,32.233480,-97.374460,933
ripley,CA,33.525300,-114.656070,692
ripley,MS,34.729820,-88.950620,5357
ripley,NY,42.267000,-79.710600,872
ripley,OH,38.745630,-83.844920,1721
ripley,TN,35.745360,-89.529800,8176
ripley,WV,38.818700,-81.710690,3255
ripon,CA,37.741590,-121.124380,15151
ripon,WI,43.842200,-88.835940,7700
ripton,VT,43.973670,-73.034000,593
ririe,ID,43.631860,-111.773570,637
rising star,TX,32.095970,-98.963670,827
rising sun,IN,38.949500,-84.853840,2205
rising sun,MD,39.697890,-76.062730,2859
rising sun-lebanon,DE,39.099770,-75.504880,3391
risingsun,OH,41.269500,-83.424930,628
rison,AR,33.958430,-92.190150,1282
rittenhouse,PA,39.948450,-75.172120,21582
rittman,OH,40.978110,-81.782080,6580
ritzville,WA,47.127550,-118.379990,1665
riva,MD,38.952060,-76.578020,4076
river bend,NC,35.069050,-77.146900,3149
river edge,NJ,40.928710,-74.039860,11668
river falls,AL,31.353270,-86.541020,527
river falls,WI,44.861360,-92.623810,15269
river forest,IL,41.897810,-87.813950,11199
river grove,IL,41.925860,-87.835890,10219
river heights,UT,41.721600,-111.821330,1941
river hills,WI,43.174180,-87.924250,1607
river oaks,TX,32.777070,-97.394460,7724
river park,FL,27.314210,-80.347270,5222
river ridge,LA,29.960200,-90.215630,13494
river road,NC,35.506830,-76.990780,4394
river rouge,MI,42.273370,-83.134370,7546
river vale,NJ,40.995380,-74.012080,9497
river view park,PA,40.392590,-75.958820,3380
riverbank,CA,37.736040,-120.935490,24122
riverbend,WA,47.466490,-121.750390,2132
riverdale,CA,36.431060,-119.859580,3153
riverdale,GA,33.572610,-84.413260,15989
riverdale,IL,41.633370,-87.633100,13536
riverdale,NJ,40.993990,-74.303480,4273
riverdale,NY,40.900560,-73.906390,9174
riverdale,UT,41.176890,-112.003830,8666
riverdale,VA,36.687360,-78.900010,956
riverdale park,CA,37.610000,-121.041000,1128
riverdale park,MD,38.963440,-76.931640,7305
riverhead,NY,40.917040,-72.662040,13299
riverlea,OH,40.082010,-83.025180,569
riverside,AL,33.606210,-86.204420,2300
riverside,CA,33.953350,-117.396160,317261
riverside,CT,41.033710,-73.578180,8416
riverside,IA,41.479740,-91.581280,1045
riverside,ID,43.196860,-112.435260,838
riverside,IL,41.835030,-87.822840,8835
riverside,MD,39.272520,-76.606880,6523
riverside,MO,39.177500,-94.613010,3150
riverside,NY,40.911000,-72.655000,2911
riverside,OH,39.779780,-84.124100,24972
riverside,PA,40.955360,-76.628850,1912
riverside,TX,30.852970,-95.403550,510
riverside,UT,41.788820,-112.148840,760
riverton,IL,39.844220,-89.539540,3462
riverton,KS,37.075060,-94.704670,929
riverton,NJ,40.011500,-75.014890,2748
riverton,UT,40.521890,-111.939100,41900
riverton,WA,47.484270,-122.294570,6407
riverton,WY,43.024960,-108.380100,10873
riverview,DE,39.026500,-75.510760,2456
riverview,FL,27.866140,-82.326480,71050
riverview,MI,42.174210,-83.179370,12181
riverview,MO,38.275860,-93.069640,3014
riverview,SC,35.002650,-80.979800,681
riverview,VA,36.935380,-82.481820,782
riverwoods,IL,42.167530,-87.897010,3643
rivesville,WV,39.529810,-80.116740,944
riviera,TX,27.298650,-97.815000,689
riviera beach,FL,26.775340,-80.058100,34005
riviera beach,MD,39.166780,-76.508020,12677
roachdale,IN,39.848930,-86.802230,895
roaming shores,OH,41.643110,-80.823420,1477
roan mountain,TN,36.196230,-82.070400,1360
roanoke,AL,33.151230,-85.372170,6005
roanoke,IL,40.796150,-89.197300,2073
roanoke,IN,40.962550,-85.373310,1701
roanoke,LA,30.236870,-92.747090,546
roanoke,TX,33.004010,-97.225850,7400
roanoke,VA,37.270970,-79.941430,100011
roanoke rapids,NC,36.461540,-77.654150,15345
roaring spring,PA,40.335910,-78.390850,2537
robards,KY,37.673930,-87.546670,513
robbins,IL,41.643920,-87.703660,5480
robbins,NC,35.434030,-79.586970,1184
robbinsdale,MN,45.032190,-93.338560,14418
robbinston,ME,45.078130,-67.109430,546
robbinsville,NC,35.322870,-83.807400,598
robbinsville,NJ,40.214550,-74.619320,3041
robersonville,NC,35.825160,-77.249130,1424
robert lee,TX,31.892370,-100.484820,1020
roberta,GA,32.721810,-84.013240,996
roberts,ID,43.720190,-112.126360,573
roberts,WI,44.983860,-92.556030,1638
robertsdale,AL,30.553800,-87.711930,5894
robertsville,NJ,40.346220,-74.287920,11297
robesonia,PA,40.351760,-76.134390,2064
robin glen-indiantown,MI,43.462060,-83.836890,722
robinette,WV,37.785110,-81.793730,663
robins,IA,42.071110,-91.666840,3454
robins air force base,GA,32.609110,-83.584440,1170
robinson,IL,39.005320,-87.739190,7631
robinson,PA,40.404240,-79.139480,614
robinson,TX,31.467670,-97.114720,11484
robinson heights,HI,21.382830,-158.028560,5128
robinwood,MD,39.637040,-77.656940,6918
robstown,TX,27.790300,-97.668880,11576
roby,TX,32.744830,-100.377610,621
rochelle,GA,31.951010,-83.456270,1120
rochelle,IL,41.923920,-89.068710,9309
rochelle park,NJ,40.907320,-74.075140,5518
rochester,IL,39.749490,-89.531760,3779
rochester,IN,41.064760,-86.215830,6065
rochester,MA,41.731770,-70.820040,4661
rochester,MI,42.680590,-83.133820,12993
rochester,MN,44.021630,-92.469900,112225
rochester,NH,43.304530,-70.975620,30038
rochester,NY,43.154780,-77.615560,209802
rochester,PA,40.702290,-80.286450,3569
rochester,WA,46.821770,-123.096250,2388
rochester,WI,42.741410,-88.224260,3765
rochester hills,MI,42.658370,-83.149930,73424
rock creek,AL,33.477050,-87.080270,1456
rock creek,MN,45.757460,-92.962430,1600
rock creek,OH,41.660330,-80.860640,515
rock falls,IL,41.779750,-89.689000,9087
rock hall,MD,39.138170,-76.234950,1303
rock hill,MO,38.607550,-90.378450,4646
rock hill,NY,41.625930,-74.597660,1742
rock hill,SC,34.924870,-81.025080,71548
rock island,FL,26.155090,-80.176990,3076
rock island,IL,41.509480,-90.578750,38620
rock island,OK,35.182320,-94.473830,636
rock island,WA,47.377070,-120.143950,804
rock mills,AL,33.159840,-85.287450,600
rock point,AZ,36.718060,-109.625940,642
rock port,MO,40.411110,-95.516930,1232
rock rapids,IA,43.427190,-96.175860,2602
rock springs,NM,35.609460,-108.829250,567
rock springs,WY,41.587460,-109.202900,23962
rock valley,IA,43.205260,-96.295030,3693
rockaway,NJ,40.901210,-74.514320,6494
rockaway beach,MO,36.699230,-93.159900,866
rockaway beach,OR,45.613440,-123.942910,1347
rockaway point,NY,40.560660,-73.915140,4096
rockcreek,OR,45.550120,-122.877050,9316
rockdale,IL,41.506140,-88.114500,1948
rockdale,TX,30.655480,-97.001370,5609
rockfish,NC,34.992660,-79.066140,3298
rockford,AL,32.889570,-86.219690,449
rockford,IA,43.052190,-92.948530,844
rockford,IL,42.271130,-89.094000,148278
rockford,MI,43.120030,-85.560030,6134
rockford,MN,45.088300,-93.734410,4358
rockford,OH,40.687830,-84.646630,1107
rockford,TN,35.827580,-83.940740,858
rockingham,NC,34.939320,-79.773950,9220
rockingham,VT,43.187580,-72.488980,5198
rockland,MA,42.130660,-70.916160,17982
rockland,ME,44.103690,-69.108930,7237
rockland,WI,43.906360,-90.919300,621
rockledge,FL,28.350840,-80.725330,24926
rockledge,PA,40.081220,-75.089620,2541
rockleigh,NJ,41.000380,-73.930410,533
rocklin,CA,38.790730,-121.235780,61213
rockmart,GA,34.002600,-85.041610,4300
rockport,AR,34.387590,-92.825450,753
rockport,IN,37.883110,-87.049440,2223
rockport,MA,42.655650,-70.620320,4966
rockport,ME,44.184520,-69.076150,3336
rockport,TX,28.020770,-97.056010,10490
rocksprings,TX,30.015760,-100.205360,1116
rockton,IL,42.452520,-89.072330,7525
rockville,CT,41.866760,-72.449530,7474
rockville,IN,39.762540,-87.229180,2545
rockville,MD,39.084000,-77.152760,66980
rockville,MN,45.471910,-94.340830,2514
rockville centre,NY,40.658710,-73.641240,24201
rockwall,TX,32.931230,-96.459710,42566
rockwell,AR,34.464260,-93.133790,3780
rockwell,IA,42.985240,-93.191870,1019
rockwell,NC,35.551250,-80.406450,2144
rockwell city,IA,42.395260,-94.633870,2141
rockwood,MI,42.070880,-83.246600,3199
rockwood,PA,40.380370,-76.451070,941
rockwood,TN,35.865630,-84.684940,5425
rocky ford,CO,38.052510,-103.720230,3827
rocky fork point,OH,39.191430,-83.491330,639
rocky hill,NJ,40.399830,-74.634320,690
rocky mount,NC,35.938210,-77.790530,55806
rocky mount,VA,36.997640,-79.891980,4799
rocky point,NC,34.435170,-77.887760,1602
rocky point,NY,40.952600,-72.925380,14014
rocky point,WA,47.592870,-122.668480,1564
rocky ridge,UT,39.924950,-111.827160,773
rocky ripple,IN,39.848100,-86.172490,627
rocky river,OH,41.475600,-81.839300,20376
rocky top,TN,36.217860,-84.154650,1781
rodeo,CA,38.032980,-122.266910,8679
rodney village,DE,39.132060,-75.532420,1487
roebling,NJ,40.115940,-74.786270,3715
roebuck,SC,34.879570,-81.966210,2200
roeland park,KS,39.037510,-94.632180,6827
roessleville,NY,42.695080,-73.807070,10753
roeville,FL,30.676860,-86.993580,608
roff,OK,34.627590,-96.840850,720
rogers,AR,36.332020,-94.118540,63159
rogers,MN,45.188850,-93.553010,12562
rogers,TX,30.931570,-97.226660,1211
rogers city,MI,45.421400,-83.818330,2712
rogers park,IL,42.008640,-87.666720,54402
rogersville,AL,34.825780,-87.296760,1231
rogersville,MO,37.117000,-93.055730,3374
rogersville,TN,36.407320,-83.005440,4383
rognel heights,MD,39.294000,-76.685800,1535
rogue river,OR,42.435950,-123.172000,2227
rohnert park,CA,38.339640,-122.701100,42407
roland,AR,34.900640,-92.498210,746
roland,IA,42.166370,-93.501880,1304
roland,OK,35.421200,-94.514660,3529
roland park,MD,39.354550,-76.634140,4329
rolesville,NC,35.923210,-78.457500,6289
rolette,ND,48.660830,-99.841530,612
rolfe,IA,42.812750,-94.526920,559
rolla,MO,37.951430,-91.771270,20019
rolla,ND,48.857780,-99.617920,1325
rolling fields,KY,38.267850,-85.671630,662
rolling fork,MS,32.906520,-90.878160,2038
rolling hills,CA,33.757390,-118.357520,1893
rolling hills,KY,38.282570,-85.574400,959
rolling hills estates,CA,33.787790,-118.358130,8258
rolling meadows,IL,42.084190,-88.013130,24190
rolling prairie,IN,41.670880,-86.615850,582
rollingstone,MN,44.097740,-91.816820,657
rollingwood,CA,37.965200,-122.329970,2969
rollingwood,TX,30.276870,-97.791120,1543
rollinsford,NH,43.236200,-70.820340,2820
roma,TX,26.405260,-99.015810,10223
roma-los saenz,TX,26.405060,-99.015860,9765
roman forest,TX,30.179100,-95.162430,1847
rome,GA,34.257040,-85.164670,36323
rome,IL,40.883090,-89.502590,1738
rome,ME,44.585060,-69.869220,1019
rome,NY,43.212850,-75.455730,32573
rome,WI,44.220600,-89.808430,2697
rome city,IN,41.496160,-85.376650,1377
romeo,MI,42.802810,-83.012990,3625
romeoville,IL,41.647530,-88.089510,39719
romney,WV,39.342040,-78.756680,1773
romoland,CA,33.745850,-117.175030,1684
romulus,MI,42.222260,-83.396600,23417
ronan,MT,47.528820,-114.101500,1981
ronceverte,WV,37.749840,-80.462850,1752
ronkonkoma,NY,40.821000,-73.143000,19082
roodhouse,IL,39.483940,-90.371510,1730
roosevelt,NJ,40.220110,-74.473210,871
roosevelt,NY,40.678710,-73.589020,16258
roosevelt,UT,40.299400,-109.988760,6980
roosevelt gardens,FL,26.140870,-80.180270,2456
roosevelt island,NY,40.764030,-73.948200,11722
roosevelt park,MI,43.196400,-86.272280,3821
roper,NC,35.877940,-76.615220,570
rosalia,WA,47.236010,-117.369910,555
rosamond,CA,34.864140,-118.163410,18150
rosaryville,MD,38.756780,-76.809690,10697
roscoe,IL,42.413350,-89.009270,10565
roscoe,NY,41.933140,-74.913500,541
roscoe,PA,40.079520,-79.865600,795
roscoe,TX,32.445950,-100.538720,1325
roscommon,MI,44.498350,-84.591970,1061
rose city,MI,44.421410,-84.116670,633
rose city,TX,30.102710,-94.051840,518
rose hill,KS,37.558350,-97.135040,3995
rose hill,NC,34.828220,-78.023040,1665
rose hill,VA,38.788720,-77.112760,20226
rose lodge,OR,45.010390,-123.880390,1894
rose valley,PA,39.896220,-75.384910,949
roseau,MN,48.846090,-95.762770,2715
rosebank,NY,40.613990,-74.066250,4152
roseboro,NC,34.952950,-78.508620,1203
rosebud,SD,43.232780,-100.853480,1587
rosebud,TX,31.072960,-96.978600,1373
roseburg,OR,43.216500,-123.341740,22114
roseburg north,OR,43.269000,-123.351000,5912
rosedale,CA,35.383570,-119.145380,14058
rosedale,IN,39.622820,-87.283350,702
rosedale,LA,30.441310,-91.452050,776
rosedale,MD,39.320110,-76.515520,19257
rosedale,MS,33.853440,-91.027890,1756
rosedale,NY,40.662050,-73.735410,25812
rosedale,WA,47.331490,-122.652350,4044
roseland,CA,38.422130,-122.728040,6325
roseland,FL,27.835860,-80.493110,1472
roseland,IN,41.716160,-86.252510,628
roseland,LA,30.764910,-90.511760,1203
roseland,NJ,40.820660,-74.293760,5876
roselawn,IN,41.141700,-87.314750,4131
roselle,IL,41.984750,-88.079790,22994
roselle,NJ,40.652230,-74.258820,21670
roselle park,NJ,40.664550,-74.264310,13670
rosemead,CA,34.080570,-118.072850,54908
rosemont,CA,38.551850,-121.364670,22681
rosemont,IL,41.995310,-87.884510,4206
rosemont,MD,39.304430,-76.670540,2220
rosemont east,MD,39.355570,-76.538410,1959
rosemont homeowners/tenants,MD,39.294340,-76.657590,1273
rosemount,MN,44.739410,-93.125770,23413
rosemount,OH,38.786190,-82.979060,2112
rosenberg,TX,29.557180,-95.808560,35510
rosendale,WI,43.807760,-88.674830,1043
rosendale village,NY,41.850380,-74.073790,1349
rosenhayn,NJ,39.478170,-75.131290,1098
rosepine,LA,30.919910,-93.282390,1634
roseto,PA,40.880650,-75.214620,1549
roseville,CA,38.752120,-121.288010,130269
roseville,IL,40.732260,-90.664580,980
roseville,MI,42.497260,-82.937140,47637
roseville,MN,45.006080,-93.156610,35580
roseville,OH,39.807290,-82.071250,1853
rosewood heights,IL,38.887830,-90.084830,4038
rosharon,TX,29.352180,-95.460220,1152
rosiclare,IL,37.423660,-88.346150,1082
rosita north,TX,28.656440,-100.422180,3818
rosita south,TX,28.623750,-100.428370,2704
roslindale,MA,42.291210,-71.124500,27683
roslyn,NY,40.799820,-73.650960,2795
roslyn,WA,47.223450,-120.993140,903
roslyn estates,NY,40.794270,-73.660410,1265
roslyn harbor,NY,40.816490,-73.637070,1093
roslyn heights,NY,40.788710,-73.647350,6577
rosman,NC,35.143720,-82.821240,573
ross,CA,37.962420,-122.554980,2479
ross,OH,39.312280,-84.650500,3417
rossford,OH,41.609770,-83.564380,6512
rossiter,PA,40.894510,-78.931140,646
rosslyn,VA,38.896780,-77.072480,9599
rossmoor,CA,33.785570,-118.085060,10244
rossmoor,MD,39.103720,-77.071090,8453
rossmoor,NJ,40.336500,-74.473490,2666
rossmoyne,OH,39.213670,-84.386880,2230
rossville,GA,34.983130,-85.286070,3997
rossville,IL,40.379200,-87.668630,1282
rossville,IN,40.416980,-86.594720,1631
rossville,KS,39.136110,-95.951660,1137
rossville,MD,39.338440,-76.479680,15147
rossville,NY,40.549290,-74.210190,18792
rossville,TN,35.048420,-89.542580,768
roswell,GA,34.023160,-84.361590,94501
roswell,NM,33.394370,-104.524910,48544
rotan,TX,32.852050,-100.465660,1442
rote,PA,41.078960,-77.420260,507
rothschild,WI,44.887190,-89.620120,5329
rothsville,PA,40.151210,-76.251070,3044
rotonda west,FL,26.883680,-82.290090,8759
rotterdam,NY,42.787020,-73.970960,20652
rougemont,NC,36.218480,-78.926400,978
rough and ready,CA,39.230170,-121.136060,963
roulette,PA,41.780070,-78.153900,779
round hill,VA,39.132610,-77.768610,641
round lake,IL,42.353360,-88.093410,18461
round lake,NY,42.938690,-73.789840,621
round lake beach,IL,42.371690,-88.090080,27852
round lake heights,IL,42.380020,-88.104250,2718
round lake park,IL,42.356970,-88.076750,7426
round rock,AZ,36.513060,-109.473440,789
round rock,TX,30.508260,-97.678900,115997
roundup,MT,46.445240,-108.541800,1836
rouses point,NY,44.993930,-73.364860,2169
rouzerville,PA,39.736760,-77.534990,917
rowes run,PA,40.009520,-79.816990,564
rowland,NC,34.536550,-79.291430,1050
rowland heights,CA,33.976120,-117.905340,48993
rowlesburg,WV,39.348430,-79.670890,581
rowlett,TX,32.902900,-96.563880,60236
rowley,MA,42.716760,-70.878660,1416
roxana,IL,38.848380,-90.076220,1483
roxboro,NC,36.393750,-78.982790,8334
roxborough,PA,40.038170,-75.222400,14131
roxborough park,CO,39.473880,-105.085260,9099
roxbury,WI,43.249430,-89.675400,1897
roxbury crossing,MA,42.330650,-71.091160,15248
roxton,TX,33.546220,-95.725790,642
roy,UT,41.161610,-112.026330,37964
roy,WA,47.004260,-122.539850,806
royal center,IN,40.864480,-86.499730,837
royal city,WA,46.900970,-119.630590,2220
royal kunia,HI,21.393920,-158.026700,14525
royal oak,MI,42.489480,-83.144650,59008
royal palm beach,FL,26.708400,-80.230600,37633
royal palm estates,FL,26.681000,-80.133000,3025
royal pines,NC,35.475110,-82.515950,4272
royalston,MA,42.677590,-72.187860,1276
royalton,IL,37.876990,-89.114520,1138
royalton,MN,45.829970,-94.293610,1215
royalton,PA,40.187310,-76.729970,1023
royersford,PA,40.184270,-75.537960,4771
royse city,TX,32.975120,-96.332480,11465
royston,GA,34.287050,-83.110150,2574
rubidoux,CA,33.996130,-117.405600,34280
ruch,OR,42.246310,-123.034860,840
ruckersville,VA,38.233190,-78.369170,1141
rugby,ND,48.368890,-99.996250,2846
ruidoso,NM,33.331750,-105.673040,7739
ruidoso downs,NM,33.328970,-105.604430,2586
rule,TX,33.184540,-99.893710,619
ruleville,MS,33.725950,-90.551480,2790
rumford,ME,44.553670,-70.550900,4218
rumney,NH,43.805350,-71.812580,1576
rumson,NJ,40.372050,-73.999030,6926
runaway bay,TX,33.167890,-97.878370,1408
runge,TX,28.883310,-97.713050,1062
runnells,IA,41.511100,-93.357430,516
runnemede,NJ,39.852340,-75.067950,8381
running springs,CA,34.207790,-117.109200,4862
rupert,ID,42.619080,-113.677230,5705
rupert,VT,43.259800,-73.222890,700
rupert,WV,37.963170,-80.689530,932
rural hall,NC,36.240420,-80.293380,3126
rural hill,TN,36.114000,-86.520000,2007
rural retreat,VA,36.893730,-81.275930,1485
rural valley,PA,40.799230,-79.314480,850
rush,NY,42.995900,-77.645560,3478
rush city,MN,45.685510,-92.965490,3072
rush springs,OK,34.782570,-97.956980,1275
rushford,MN,43.808300,-91.752930,1712
rushford village,MN,43.806630,-91.791540,808
rushmere,VA,37.066810,-76.676350,1018
rushsylvania,OH,40.461440,-83.669930,502
rushville,IL,40.121160,-90.563180,2972
rushville,IN,39.609210,-85.446360,6077
rushville,NE,42.718320,-102.464060,850
rushville,NY,42.760070,-77.226370,665
rusk,TX,31.796010,-95.150220,5618
ruskin,FL,27.720860,-82.433150,17208
russell,GA,33.978720,-83.700170,1203
russell,IA,40.981950,-93.198540,537
russell,KS,38.895270,-98.861030,4534
russell,KY,38.517300,-82.697660,3260
russell,MA,42.189810,-72.859260,786
russell,PA,41.941450,-79.135050,1408
russell gardens,NY,40.781210,-73.724580,951
russell springs,KY,37.056180,-85.088570,2511
russells point,OH,40.471160,-83.892720,1360
russellton,PA,40.611460,-79.837000,1440
russellville,AL,34.507870,-87.728640,9847
russellville,AR,35.278420,-93.133790,29166
russellville,KY,36.845320,-86.887220,7056
russellville,MO,38.511700,-92.440190,802
russellville,OH,38.866460,-83.786870,543
russia,OH,40.234490,-84.409390,656
russiaville,IN,40.417540,-86.271380,1098
rustburg,VA,37.276810,-79.100850,1431
ruston,LA,32.523210,-92.637930,22340
ruston,WA,47.299260,-122.508180,798
rutherford,NJ,40.826490,-74.106810,18690
rutherford,PA,40.268980,-76.768030,4303
rutherford,TN,36.127570,-88.985900,1109
rutherford college,NC,35.748460,-81.522590,1341
rutherfordton,NC,35.369290,-81.956770,4182
ruthven,IA,43.129130,-94.899150,704
rutland,MA,42.369540,-71.948130,2111
rutland,VT,43.610620,-72.972610,15824
rutland,WI,42.878890,-89.350120,2060
rutledge,GA,33.625950,-83.612390,793
rutledge,PA,39.901780,-75.328520,795
rutledge,TN,36.280920,-83.514900,1187
ryan,OK,34.020100,-97.957540,789
rydal,GA,34.335370,-84.715490,4087
rye,NH,43.013420,-70.770890,5277
rye,NY,40.980650,-73.683740,16046
rye brook,NY,41.019260,-73.683460,9611
ryegate,MT,46.297180,-109.258790,236
ryers,PA,40.063720,-75.087120,8015
ryland heights,KY,38.957560,-84.463000,1042
sabattus,ME,44.119800,-70.107550,4694
sabetha,KS,39.902220,-95.800820,2585
sabin,MN,46.779680,-96.653130,551
sabina,OH,39.488670,-83.636870,2534
sabinal,TX,29.317460,-99.466440,1717
sabula,IA,42.071130,-90.174020,552
sac city,IA,42.422200,-94.989710,2144
sacaton,AZ,33.076720,-111.739300,2672
sachse,TX,32.976230,-96.595270,24554
sackets harbor,NY,43.946170,-76.119090,1490
saco,ME,43.500920,-70.442830,19078
sacramento,CA,38.581570,-121.494400,524943
sacred heart,MN,44.786900,-95.351680,518
saddle brook,NJ,40.898990,-74.092640,13130
saddle river,NJ,41.031760,-74.102090,3255
saddle rock,NY,40.794270,-73.748470,877
saddlebrooke,AZ,32.539450,-110.900570,12574
saegertown,PA,41.718940,-80.147560,973
safety harbor,FL,27.990850,-82.693160,17454
safford,AZ,32.833950,-109.707580,9683
sag harbor,NY,40.997880,-72.292580,2282
sagamore,MA,41.770110,-70.528360,3623
saginaw,MI,43.419470,-83.950810,49347
saginaw,TX,32.860130,-97.363910,22079
saginaw township north,MI,43.460040,-84.006740,24994
saguache,CO,38.087500,-106.141970,480
sahuarita,AZ,31.957580,-110.955650,25707
saint agatha,ME,47.243100,-68.313650,834
saint agnes,MD,39.274480,-76.674650,574
saint albans,ME,44.910060,-69.410050,1909
saint albans,VT,44.810880,-73.083190,6918
saint albans,WV,38.385650,-81.836240,11044
saint andrews,SC,34.043000,-81.101000,21151
saint ann,MO,38.727270,-90.383170,13020
saint anne,IL,41.025030,-87.713920,1257
saint ansgar,IA,43.378300,-92.918810,1107
saint anthony,ID,43.966300,-111.682180,3542
saint anthony,MN,45.020520,-93.218000,8226
saint augusta,MN,45.478580,-94.154150,3317
saint augustine,FL,29.894690,-81.314520,12975
saint augustine beach,FL,29.850530,-81.265350,6176
saint augustine shores,FL,29.810800,-81.310350,7359
saint augustine south,FL,29.842490,-81.314480,4998
saint bernard,OH,39.167000,-84.498550,4368
saint bernice,IN,39.709200,-87.521410,646
saint bonaventure,NY,42.080340,-78.475020,2044
saint bonifacius,MN,44.905520,-93.747460,2283
saint charles,IA,41.288330,-93.809390,653
saint charles,MD,38.603170,-76.938580,36376
saint charles,MI,43.296970,-84.140530,2054
saint charles,MN,43.969410,-92.064330,3735
saint charles,MO,38.783940,-90.481230,65794
saint clair,MI,42.820870,-82.486020,5485
saint clair,MN,44.081910,-93.857730,868
saint clair,MO,38.345330,-90.980970,4724
saint clair,PA,40.720650,-76.191050,3004
saint clair shores,MI,42.496980,-82.888810,59715
saint clairsville,OH,40.080630,-80.900090,5184
saint cloud,FL,28.248900,-81.281180,35183
saint cloud,MN,45.560800,-94.162490,65842
saint croix falls,WI,45.409960,-92.639650,2133
saint david,AZ,31.904250,-110.214240,1699
saint david,IL,40.493370,-90.048730,589
saint dennis,KY,38.188400,-85.845800,9177
saint edward,NE,41.570010,-97.865890,705
saint elmo,IL,39.027270,-88.848110,1426
saint francis,KS,39.772220,-101.799900,1329
saint francis,ME,47.171150,-68.889760,600
saint francis,MN,45.386910,-93.359400,7218
saint francis,SD,43.144450,-100.905150,709
saint francis,WI,42.967520,-87.877580,9365
saint francisville,IL,38.591160,-87.646690,697
saint francisville,LA,30.779900,-91.376500,1765
saint gabriel,LA,30.257700,-91.099270,6677
saint george,FL,28.056410,-82.727880,2709
saint george,KS,39.191110,-96.420280,639
saint george,ME,44.016470,-69.198930,2682
saint george,MO,38.536720,-90.314840,1337
saint george,SC,33.186000,-80.575650,2084
saint george,UT,37.104150,-113.584120,72897
saint hedwig,TX,29.414400,-98.200010,2094
saint helen,MI,44.363630,-84.410290,2668
saint helena,CA,38.505190,-122.470260,5814
saint helens,OR,45.864000,-122.806490,12883
saint henry,OH,40.417550,-84.639680,2427
saint ignace,MI,45.866140,-84.727510,2452
saint ignatius,MT,47.319930,-114.094000,842
saint jacob,IL,38.713940,-89.768150,1098
saint james,LA,29.981870,-90.831760,828
saint james,MD,39.562600,-77.758050,2953
saint james,MN,43.982460,-94.626920,4605
saint james,MO,37.997260,-91.614320,4216
saint james,NC,33.929340,-78.116380,3165
saint james,NY,40.878990,-73.156780,13338
saint james city,FL,26.497580,-82.078430,3784
saint jo,TX,33.694830,-97.522520,1043
saint john,IN,41.450040,-87.470040,14850
saint john,KS,38.002240,-98.760090,1295
saint john,MO,38.714840,-90.346270,6584
saint john,WA,47.091560,-117.581860,537
saint johns,AZ,34.505870,-109.360930,3480
saint johns,MI,43.001140,-84.559150,7865
saint johns,MO,38.713380,-90.343170,7690
saint johnsbury,VT,44.419220,-72.015090,6193
saint johnsville,NY,42.998130,-74.682920,1732
saint joseph,IL,40.111700,-88.041700,3967
saint joseph,LA,31.918490,-91.233450,1176
saint joseph,MI,42.109760,-86.480020,8365
saint joseph,MN,45.564960,-94.318330,6534
saint joseph,MO,39.768610,-94.846630,76780
saint joseph,TN,35.036190,-87.506690,782
saint joseph,WI,43.785520,-91.041800,503
saint josephs,MD,39.285350,-76.675160,1594
saint lawrence,PA,40.327040,-75.871870,1809
saint leo,FL,28.337230,-82.258420,1340
saint leon,IN,39.292000,-84.958010,678
saint leonard,MD,38.474290,-76.506340,742
saint libory,IL,38.362550,-89.709820,615
saint louis,MI,43.408360,-84.606670,7482
saint louis park,MN,44.948300,-93.348010,45250
saint lucie,FL,27.489480,-80.339770,590
saint maries,ID,47.314350,-116.562670,2402
saint martin,MS,30.437980,-88.868090,7730
saint martins,MO,38.594200,-92.337130,1140
saint martinville,LA,30.125200,-91.833450,6114
saint mary-of-the-woods,IN,39.510870,-87.467240,797
saint marys,KS,39.194160,-96.071100,2627
saint marys,OH,40.542270,-84.389400,8332
saint marys,PA,41.427840,-78.560860,13070
saint marys,WV,39.391740,-81.205110,1860
saint matthews,KY,38.252850,-85.655790,17472
saint matthews,SC,33.664880,-80.777870,2021
saint meinrad,IN,38.171170,-86.809160,706
saint michael,MN,45.209960,-93.664960,16399
saint michaels,AZ,35.644740,-109.095650,1443
saint michaels,MD,38.785120,-76.224390,1029
saint nazianz,WI,44.008050,-87.922310,783
saint paris,OH,40.128390,-83.959660,2089
saint paul,IN,39.428100,-85.628310,1031
saint paul,KS,37.518940,-95.173310,629
saint paul,MN,44.944410,-93.093270,303176
saint paul,MO,38.861440,-90.741790,1829
saint paul,NE,41.214730,-98.458120,2290
saint paul,TX,33.041230,-96.550270,1066
saint paul,VA,36.905380,-82.310980,970
saint paul park,MN,44.842190,-92.991320,5279
saint pauls,NC,34.806550,-78.971140,2035
saint pete beach,FL,27.725310,-82.741210,9346
saint peter,MN,44.323580,-93.958010,11196
saint peter,WI,43.836380,-88.341490,1489
saint peters,MO,38.800330,-90.626510,52575
saint regis park,KY,38.226740,-85.616630,1454
saint robert,MO,37.828100,-92.177670,4340
saint rose,LA,29.946870,-90.323130,8122
saint simon mills,GA,31.170790,-81.407320,13915
saint simons island,GA,31.150510,-81.369540,13000
saint stephen,MN,45.702740,-94.274440,851
saint stephen,SC,33.404330,-79.921740,1697
saint stephens,NC,35.764580,-81.273140,8759
sainte genevieve,MO,37.981440,-90.041780,4410
saks,AL,33.698710,-85.839690,10744
salado,TX,30.947130,-97.538620,2140
salamanca,NY,42.157840,-78.715030,5586
salamatof,AK,60.615380,-151.319440,980
salcha,AK,64.523990,-146.902100,1095
sale creek,TN,35.382290,-85.108840,2845
salem,AR,34.628980,-92.558220,2607
salem,CT,41.490380,-72.275360,4183
salem,IL,38.626990,-88.945620,7287
salem,IN,38.605610,-86.101090,6217
salem,KY,37.068960,-84.985510,746
salem,MA,42.519770,-70.895520,42869
salem,MO,37.645600,-91.535980,4992
salem,NC,35.698740,-81.697040,2218
salem,NH,42.788420,-71.200890,29549
salem,NJ,39.571780,-75.467140,4894
salem,NM,32.707580,-107.213080,942
salem,NY,43.172300,-73.327610,929
salem,OH,40.900890,-80.856750,12003
salem,OR,44.942900,-123.035100,175535
salem,SD,43.724150,-97.388950,1325
salem,UT,40.053010,-111.673540,7475
salem,VA,37.293470,-80.054760,25432
salem,WI,42.554740,-88.110920,11416
salem,WV,39.282870,-80.558990,1551
salem heights,OH,39.071730,-84.378270,3839
salida,CA,37.705760,-121.084940,13722
salida,CO,38.534720,-105.998900,5467
salina,KS,38.840280,-97.611420,47813
salina,OK,36.292870,-95.153300,1384
salina,UT,38.957740,-111.859930,2521
salinas,CA,36.677740,-121.655500,157380
saline,MI,42.166710,-83.781610,9100
salineville,OH,40.622560,-80.837860,1273
salisbury,MA,42.841760,-70.860610,4869
salisbury,MD,38.360670,-75.599370,32899
salisbury,MO,39.423920,-92.801580,1561
salisbury,NC,35.670970,-80.474230,34017
salisbury,NH,43.380080,-71.717020,1211
salisbury,NY,40.745660,-73.560130,12093
salisbury,PA,39.752860,-79.080860,697
salisbury,VT,43.896450,-73.099840,1131
salisbury mills,NY,41.430650,-74.119030,536
salix,PA,40.300080,-78.765300,1149
sallisaw,OK,35.460370,-94.787450,8596
salmon,ID,45.175750,-113.895900,3036
salmon brook,CT,41.956490,-72.795370,2324
salmon creek,WA,45.710670,-122.648990,19686
salome,AZ,33.781140,-113.614650,1530
salt creek,CO,38.238390,-104.587130,587
salt lake city,UT,40.760780,-111.891050,215548
saltillo,MS,34.376490,-88.681720,5004
saltillo,TN,35.377850,-88.209480,505
salton city,CA,33.298650,-115.956110,3763
saltsburg,PA,40.486460,-79.451430,837
saltville,VA,36.881500,-81.762060,2031
saluda,NC,35.236230,-82.349280,707
saluda,SC,34.001520,-81.772050,3596
saluda,VA,37.605970,-76.594950,769
salunga,PA,40.100930,-76.424690,2695
salyersville,KY,37.752590,-83.068780,1816
sam rayburn,TX,31.064080,-94.035750,1181
sammamish,WA,47.641770,-122.080400,52253
samoset,FL,27.469480,-82.541490,3854
samson,AL,31.112950,-86.046050,1928
samsula-spruce creek,FL,29.049320,-81.061920,5047
san andreas,CA,38.196030,-120.680490,2783
san angelo,TX,31.463770,-100.437040,99893
san anselmo,CA,37.974650,-122.561640,12653
san antonio,FL,28.336110,-82.274530,1308
san antonio,TX,29.424120,-98.493630,1526656
san antonio heights,CA,34.155560,-117.656440,3371
san antonito,NM,35.163100,-106.347520,985
san ardo,CA,36.020520,-120.905180,517
san augustine,TX,31.529900,-94.106030,2009
san benito,TX,26.132580,-97.631100,24496
san bernardino,CA,34.108340,-117.289770,216108
san bruno,CA,37.630490,-122.411080,43185
san carlos,AZ,33.345880,-111.850700,4103
san carlos,CA,37.507160,-122.260520,29931
san carlos,TX,26.295630,-98.071950,3130
san carlos park,FL,26.467300,-81.801470,16824
san clemente,CA,33.426970,-117.611990,65526
san diego,CA,32.715710,-117.164720,1404452
san diego,TX,27.763910,-98.238900,4368
san diego country estates,CA,33.006710,-116.783640,10109
san dimas,CA,34.106680,-117.806730,34630
san elizario,TX,31.585110,-106.272760,8999
san felipe,TX,29.793010,-96.100790,793
san felipe pueblo,NM,35.433920,-106.446690,2404
san fernando,CA,34.281950,-118.438970,24931
san francisco,CA,37.774930,-122.419420,827526
san gabriel,CA,34.096110,-118.105830,40424
san ildefonso pueblo,NM,35.891970,-106.118360,524
san jacinto,CA,33.783910,-116.958640,46951
san joaquin,CA,36.606620,-120.189040,4022
san joaquin hills,CA,33.611690,-117.836720,3176
san jose,AZ,32.820070,-109.592020,506
san jose,CA,37.339390,-121.894960,997368
san jose,IL,40.305600,-89.602880,614
san jose,NM,36.039190,-106.098080,695
san juan,NM,36.051940,-106.068330,592
san juan,TX,26.189240,-98.155290,36556
san juan bautista,CA,36.845510,-121.538000,1961
san juan capistrano,CA,33.501690,-117.662550,36454
san leandro,CA,37.724930,-122.156080,90712
san leanna,TX,30.145770,-97.818060,536
san leon,TX,29.483290,-94.922150,4970
san lorenzo,CA,37.674120,-122.133210,23452
san luis,AZ,32.487000,-114.782180,31520
san luis,CO,37.200850,-105.423900,618
san luis obispo,CA,35.282750,-120.659620,47339
san manuel,AZ,32.599790,-110.630930,3551
san marcos,CA,33.143370,-117.166140,92931
san marcos,TX,29.883270,-97.941390,60684
san marino,CA,34.121400,-118.106460,13464
san martin,CA,37.084950,-121.610220,7027
san mateo,CA,37.562990,-122.325530,103536
san miguel,CA,35.752470,-120.696280,2336
san miguel,NM,32.155380,-106.735000,1153
san pablo,CA,37.962150,-122.345530,30407
san pablo,NM,32.249540,-106.772780,806
san pasqual,CA,33.091710,-116.953920,2041
san pedro,CA,33.735850,-118.292290,83556
san pedro,TX,31.476290,-95.378280,733
san perlita,TX,26.501180,-97.639710,566
san rafael,CA,37.973530,-122.531090,59162
san rafael,NM,35.112540,-107.882560,933
san ramon,CA,37.779930,-121.978020,76134
san saba,TX,31.195720,-98.718100,3030
san tan valley,AZ,33.191100,-111.528000,81321
san ygnacio,TX,27.042530,-99.440040,667
san ysidro,NM,32.350930,-106.811120,2090
sanatoga,PA,40.245100,-75.595180,8378
sanborn,IA,43.181640,-95.655570,1385
sanborn,NY,43.136720,-78.884760,1645
sanbornton,NH,43.489240,-71.582300,2749
sanbornville,NH,43.554250,-71.030900,1056
sand hill,PA,40.359540,-76.431630,2496
sand lake,MI,44.319180,-83.684700,1412
sand point,AK,55.335970,-160.500710,1064
sand ridge,NY,43.255900,-76.230210,849
sand rock,AL,34.242870,-85.768580,558
sand springs,OK,36.139810,-96.108890,19783
sand springs,TX,32.282620,-101.350960,835
sandalfoot cove,FL,26.338630,-80.186900,16582
sanders,AZ,35.216410,-109.333710,630
sanderson,TX,30.142410,-102.394030,837
sandersville,GA,32.981540,-82.810140,5752
sandersville,MS,31.786700,-89.034530,721
sandia heights,NM,35.176990,-106.491410,3193
sandia knolls,NM,35.163930,-106.311410,1208
sandisfield,MA,42.112590,-73.143160,838
sandoval,IL,38.615600,-89.114230,1230
sandown,NH,42.928700,-71.187010,5827
sandpoint,ID,48.276590,-116.553250,7835
sands point,NY,40.851770,-73.718740,2752
sandston,VA,37.523480,-77.315810,7571
sandstone,MN,46.131060,-92.867420,2768
sandtown-winchester,MD,39.303760,-76.642580,6162
sandusky,MI,43.420300,-82.829660,2596
sandusky,OH,41.448940,-82.707960,25212
sandwich,IL,41.645860,-88.621740,7366
sandwich,MA,41.759000,-70.493920,2962
sandwich,NH,43.790350,-71.411180,1370
sandy,OR,45.397340,-122.261480,10644
sandy,PA,41.107840,-78.771140,1429
sandy,UT,40.591610,-111.884100,87461
sandy creek,NY,43.644240,-76.086030,745
sandy hills,UT,40.581060,-111.850770,89575
sandy hook,KY,38.086470,-83.126280,630
sandy lake,PA,41.348670,-80.082280,652
sandy springs,GA,33.924270,-84.378540,105330
sandy valley,NV,35.816920,-115.632230,2051
sanford,CO,37.258340,-105.904740,852
sanford,FL,28.800550,-81.273120,58111
sanford,ME,43.439250,-70.774220,20893
sanford,MI,43.672810,-84.380550,849
sanford,NC,35.479880,-79.180300,29144
sangaree,SC,33.035450,-80.127870,8220
sanger,CA,36.708010,-119.555970,24950
sanger,TX,33.363170,-97.173900,7747
sangerville,ME,45.164780,-69.356440,1320
sanibel,FL,26.448970,-82.022310,7236
sankertown,PA,40.470070,-78.592240,650
sans souci,SC,34.877900,-82.424010,7869
sansom park,TX,32.805960,-97.403070,4858
santa ana,CA,33.745570,-117.867830,310227
santa ana pueblo,NM,35.428920,-106.618920,610
santa anna,TX,31.742090,-99.321730,1034
santa barbara,CA,34.420830,-119.698190,91842
santa clara,CA,37.354110,-121.955240,126215
santa clara,NM,32.779520,-108.150320,1638
santa clara,TX,29.511900,-98.121400,725
santa clara,UT,37.133040,-113.654130,6841
santa clara pueblo,NM,35.965580,-106.088630,1018
santa clarita,CA,34.391660,-118.542590,182371
santa claus,IN,38.120050,-86.914160,2474
santa cruz,CA,36.974120,-122.030800,64220
santa fe,NM,35.686980,-105.937800,87505
santa fe,TX,29.378010,-95.105760,13037
santa fe springs,CA,33.947240,-118.085350,18026
santa margarita,CA,35.389970,-120.609060,1259
santa maria,CA,34.953030,-120.435720,105093
santa maria,TX,26.078690,-97.849440,733
santa monica,CA,34.019490,-118.491380,93220
santa paula,CA,34.354170,-119.059270,30546
santa rosa,AZ,32.323680,-112.041250,628
santa rosa,CA,38.440470,-122.714430,178127
santa rosa,NM,34.938670,-104.682490,2675
santa rosa,TX,26.256740,-97.825000,2876
santa rosa beach,FL,30.396030,-86.228830,32459
santa susana,CA,34.257000,-118.669000,1037
santa teresa,NM,31.855940,-106.639160,4258
santa venetia,CA,37.998530,-122.525250,4292
santa ynez,CA,34.614430,-120.079870,4418
santan,AZ,33.175890,-111.799300,883
santaquin,UT,39.975510,-111.785210,10572
santee,CA,32.838380,-116.973920,57787
santee,SC,33.475160,-80.486480,935
santo domingo pueblo,NM,35.514760,-106.365860,2456
sappington,MO,38.537000,-90.379840,7580
sapulpa,OK,35.998700,-96.114170,20579
saraland,AL,30.820740,-88.070560,13906
saranac,MI,42.929480,-85.213070,1333
saranac lake,NY,44.329500,-74.131270,5274
saranap,CA,37.884920,-122.076070,5202
sarasota,FL,27.336430,-82.530650,55118
sarasota springs,FL,27.308940,-82.479540,14395
saratoga,CA,37.263830,-122.023010,30968
saratoga,WY,41.454960,-106.806430,1677
saratoga springs,NY,43.083130,-73.784570,27765
saratoga springs,UT,40.349120,-111.904660,25407
sarcoxie,MO,37.069230,-94.116600,1301
sardinia,OH,39.007840,-83.808540,957
sardis,GA,32.796520,-84.638810,1229
sardis,MS,34.437050,-89.915920,1661
sardis,OH,39.622850,-80.912600,559
sardis city,AL,34.174260,-86.122750,1755
sarepta,LA,32.892920,-93.448510,864
sargent,NE,41.640560,-99.371220,509
sarita,TX,27.221710,-97.789160,238
sartell,MN,45.621630,-94.206940,16788
satanta,KS,37.437250,-100.972110,1133
satellite beach,FL,28.176120,-80.590050,10633
saticoy,CA,34.283060,-119.149830,1029
satsop,WA,47.003150,-123.483490,675
satsuma,AL,30.853240,-88.056110,6182
satus,WA,46.270130,-120.150330,746
saucier,MS,30.635750,-89.135040,1342
saugatuck,MI,42.655020,-86.201980,964
saugerties,NY,42.077590,-73.952910,3903
saugerties south,NY,42.061390,-73.950670,2218
saugus,MA,42.464820,-71.010050,26628
sauk centre,MN,45.737470,-94.952520,4357
sauk city,WI,43.270820,-89.722070,3489
sauk rapids,MN,45.591910,-94.166100,13424
sauk village,IL,41.488370,-87.567540,10493
saukville,WI,43.381670,-87.940650,4463
sault ste. marie,MI,46.495300,-84.345320,13827
sausalito,CA,37.859090,-122.485250,7156
savage,MD,39.137890,-76.823860,7054
savage,MN,44.779130,-93.336340,30391
savanna,IL,42.094470,-90.156790,2880
savanna,OK,34.828990,-95.843880,657
savannah,GA,32.083540,-81.099830,147780
savannah,MO,39.941660,-94.830250,5108
savannah,NY,43.067290,-76.759680,558
savannah,TN,35.224800,-88.249200,7027
savannah,TX,33.226030,-96.907860,3318
savin hill,MA,42.312600,-71.057830,5318
savona,NY,42.288680,-77.218310,808
savoonga,AK,63.694170,-170.478890,691
savoy,IL,40.054750,-88.251720,8133
savoy,MA,42.566750,-73.028710,717
savoy,TX,33.599270,-96.366650,825
saw creek,PA,41.112590,-75.050730,4016
sawgrass,FL,30.192740,-81.370640,4880
sawmill,AZ,35.902510,-109.165930,748
sawmills,NC,35.824850,-81.474540,5104
sawtelle,CA,34.036300,-118.449490,39757
sawyerwood,OH,41.037830,-81.440950,1540
saxapahaw,NC,35.947360,-79.321960,1648
saxeville,WI,44.176090,-89.114560,973
saxon,SC,34.961230,-81.967330,3424
saxonburg,PA,40.753950,-79.810050,1491
saxton,PA,40.215360,-78.244460,706
saxtons river,VT,43.137860,-72.509810,552
saybrook,IL,40.426700,-88.526170,684
saybrook manor,CT,41.285380,-72.398970,1052
saylorsburg,PA,40.895650,-75.323520,1126
saylorville,IA,41.678600,-93.629660,3301
sayre,OK,35.291160,-99.640100,4773
sayre,PA,41.978960,-76.515500,5424
sayreville,NJ,40.459270,-74.360980,44920
sayreville junction,NJ,40.465380,-74.330430,42890
sayville,NY,40.735930,-73.082060,16853
scaggsville,MD,39.145110,-76.900250,24333
scalp level,PA,40.249800,-78.848910,741
scammon bay,AK,61.842780,-165.581670,515
scandia,MN,45.253580,-92.805770,4057
scanlon,MN,46.706610,-92.428250,979
scappoose,OR,45.754280,-122.877600,6954
scarborough,ME,43.578140,-70.321720,4403
scarsdale,NY,41.005100,-73.784580,17885
scenic,AZ,36.793590,-114.012750,1643
scenic oaks,TX,29.710780,-98.675860,4957
schaefferstown,PA,40.298430,-76.294400,941
schaghticoke,NY,42.900080,-73.585390,588
schall circle,FL,26.715620,-80.115040,1117
schaller,IA,42.499700,-95.293050,745
schaumburg,IL,42.033360,-88.083410,74693
schenectady,NY,42.814240,-73.939570,65305
schenevus,NY,42.548970,-74.820990,551
schererville,IN,41.478920,-87.454760,28791
schertz,TX,29.552170,-98.269730,43091
schiller park,IL,41.955860,-87.870900,11806
schleswig,IA,42.165270,-95.436940,881
schlusser,PA,40.241750,-77.176930,5265
schnecksville,PA,40.675140,-75.620440,2935
schoeneck,PA,40.241480,-76.174110,1056
schofield,WI,44.909690,-89.604570,2203
schofield barracks,HI,21.498370,-158.065150,16370
schofield-wheeler,HI,21.483940,-158.046810,20452
schoharie,NY,42.665910,-74.309580,838
schoolcraft,MI,42.114210,-85.637780,1566
schram city,IL,39.164210,-89.463700,570
schriever,LA,29.742150,-90.810370,6853
schroon lake,NY,43.838670,-73.760960,833
schulenburg,TX,29.681900,-96.903040,2925
schulter,OK,35.514550,-95.956660,501
schurz,NV,38.950750,-118.811260,658
schuyler,NE,41.447230,-97.059480,6171
schuylerville,NY,43.100080,-73.581780,1374
schuylkill,PA,39.942330,-75.187120,1983
schuylkill haven,PA,40.630650,-76.171050,5228
schwenksville,PA,40.256210,-75.463790,1398
science hill,KY,37.177020,-84.635780,696
scio,NY,42.171460,-77.978610,609
scio,OH,40.395900,-81.084820,742
scio,OR,44.704840,-122.849260,882
sciotodale,OH,38.754800,-82.868780,1081
scissors,TX,26.139800,-98.053890,3186
scituate,MA,42.195930,-70.725870,5245
scobey,MT,48.792520,-105.420830,1033
scooba,MS,32.828190,-88.476430,702
scotch plains,NJ,40.655380,-74.389870,23584
scotchtown,NY,41.481480,-74.360150,9212
scotia,CA,40.482360,-124.100880,850
scotia,NY,42.826470,-73.964290,7727
scotland,PA,39.968700,-77.587210,1395
scotland,SD,43.149720,-97.717570,820
scotland neck,NC,36.129600,-77.420250,1965
scott,LA,30.235760,-92.094570,9018
scott air force base,IL,38.542700,-89.850350,3612
scott city,KS,38.482520,-100.907090,3838
scott city,MO,37.216720,-89.524530,4526
scott lake,FL,25.941480,-80.231990,14425
scottdale,GA,33.789830,-84.264090,10631
scottdale,PA,40.100350,-79.586980,4251
scotts corners,NY,41.189260,-73.550680,711
scotts hill,TN,35.515070,-88.245320,984
scotts mill,NC,35.726660,-78.883900,2400
scotts valley,CA,37.051060,-122.014680,11945
scottsbluff,NE,41.866630,-103.667170,14802
scottsboro,AL,34.672310,-86.034150,14722
scottsburg,IN,38.685610,-85.770250,6674
scottsdale,AZ,33.509210,-111.899030,236839
scottsville,KY,36.753380,-86.190540,4411
scottsville,NY,43.025900,-77.745280,1977
scottsville,VA,37.798750,-78.495560,603
scottville,MI,43.954730,-86.280080,1213
scranton,IA,42.022480,-94.545250,530
scranton,KS,38.781670,-95.738600,687
scranton,PA,41.409160,-75.664900,77118
scranton,SC,33.917660,-79.743960,863
screven,GA,31.486330,-82.017060,767
scribner,NE,41.666670,-96.665860,846
scurry,TX,32.518750,-96.380820,736
sea breeze,NC,34.063230,-77.891370,1969
sea bright,NJ,40.361500,-73.974030,1344
sea cliff,NY,40.848990,-73.644850,5025
sea girt,NJ,40.132060,-74.034580,1811
sea isle city,NJ,39.153450,-74.692940,2087
sea ranch,CA,38.715190,-123.454450,1305
sea ranch lakes,FL,26.202580,-80.093930,670
seabeck,WA,47.639540,-122.828490,1105
seaboard,NC,36.490150,-77.441360,587
seabrook,MD,38.974000,-76.849000,17287
seabrook,NH,42.894810,-70.871160,8679
seabrook,TX,29.564120,-95.025480,13716
seabrook beach,NH,42.886760,-70.815610,992
seabrook farms,NJ,39.500950,-75.217960,1484
seabrook island,SC,32.577130,-80.170650,1844
seacliff,CA,36.974120,-121.915790,3267
seadrift,TX,28.415280,-96.713590,1474
seaford,DE,38.641230,-75.611040,7586
seaford,NY,40.665930,-73.488180,15294
seagate,NC,34.209340,-77.843590,4590
seagoville,TX,32.639580,-96.538320,15894
seagraves,TX,32.944270,-102.564910,2762
seal beach,CA,33.741410,-118.104790,24619
sealy,TX,29.780790,-96.157180,6403
seaman,OH,38.942010,-83.572420,924
searchlight,NV,35.465270,-114.919700,539
searcy,AR,35.250640,-91.736250,24196
searingtown,NY,40.774820,-73.655680,4915
searles valley,CA,35.767450,-117.403950,1739
searsmont,ME,44.361740,-69.195040,1221
searsport,ME,44.458410,-68.924200,992
seaside,CA,36.611070,-121.851620,33025
seaside,FL,30.321030,-86.141610,2000
seaside,NY,40.583160,-73.828190,12754
seaside,OR,45.993160,-123.922640,6540
seaside heights,NJ,39.944290,-74.072910,2892
seaside park,NJ,39.926790,-74.077080,1551
seat pleasant,MD,38.896220,-76.906640,4780
seatac,WA,47.448460,-122.292170,28215
seattle,WA,47.606210,-122.332070,780995
sebastian,FL,27.816410,-80.470610,24007
sebastian,TX,26.342850,-97.790270,1917
sebastopol,CA,38.402140,-122.823880,7678
sebec,ME,45.271440,-69.116710,636
sebeka,MN,46.629960,-95.088910,692
sebewaing,MI,43.732240,-83.451070,1692
sebree,KY,37.606990,-87.528620,1559
sebring,FL,27.495590,-81.440910,10497
sebring,OH,40.922840,-81.018980,4266
secaucus,NJ,40.789550,-74.056530,19104
seco mines,TX,28.747480,-100.497300,560
second mesa,AZ,35.793340,-110.505130,962
secretary,MD,38.609280,-75.947440,529
section,AL,34.578970,-85.986640,759
security-widefield,CO,38.747280,-104.714390,32882
sedalia,MO,38.704460,-93.228260,21516
sedalia,NC,36.067360,-79.620580,660
sedan,KS,37.126720,-96.186940,1041
sedco hills,CA,33.641690,-117.290870,3158
sedgwick,KS,37.916680,-97.422540,1707
sedgwick,ME,44.303690,-68.616140,1146
sedillo,NM,35.099770,-106.295580,802
sedona,AZ,34.869740,-111.760990,10388
sedro-woolley,WA,48.503890,-122.236110,10815
seekonk,MA,41.808430,-71.337000,13966
seeley,CA,32.793110,-115.691110,1739
seeley lake,MT,47.179380,-113.484520,1659
seelyville,IN,39.491980,-87.267240,1022
seffner,FL,27.983630,-82.275650,7579
seguin,TX,29.568840,-97.964730,27864
seiling,OK,36.148100,-98.924260,882
selah,WA,46.654020,-120.530070,7682
selawik,AK,66.603890,-160.006940,859
selby,SD,45.506380,-100.032070,634
selby-on-the-bay,MD,38.916220,-76.522460,4040
selbyville,DE,38.460390,-75.220740,2397
selden,NY,40.866490,-73.035660,19851
seligman,MO,36.522570,-93.939640,841
selinsgrove,PA,40.798970,-76.862190,5792
sellersburg,IN,38.398120,-85.754960,8659
sellersville,PA,40.353990,-75.304900,4212
sells,AZ,31.912020,-111.881230,2495
selma,AL,32.407360,-87.021100,19519
selma,CA,36.570780,-119.612080,24414
selma,IN,40.191710,-85.268860,844
selma,NC,35.536550,-78.284440,6307
selma,OR,42.279000,-123.615900,695
selma,TX,29.584390,-98.305850,9108
selma,VA,37.806520,-79.848110,529
selmer,TN,35.170080,-88.592270,4488
selmont-west selmont,AL,32.378430,-87.007400,2671
seminole,FL,27.839750,-82.791210,18153
seminole,OK,35.224520,-96.670570,7522
seminole,TX,32.718990,-102.644910,7448
seminole manor,FL,26.583680,-80.100320,2621
semmes,AL,30.778240,-88.259170,3886
senath,MO,36.134230,-90.159820,1711
senatobia,MS,34.617600,-89.968700,7963
seneca,IL,41.311140,-88.609790,2292
seneca,KS,39.834160,-96.064170,2034
seneca,MO,36.841460,-94.611060,2397
seneca,PA,41.378670,-79.703940,1065
seneca,SC,34.685660,-82.953200,8279
seneca falls,NY,42.910620,-76.796620,6681
seneca gardens,KY,38.228960,-85.677460,712
seneca knolls,NY,43.120070,-76.286320,2011
senoia,GA,33.302340,-84.553820,4073
sentinel,OK,35.157830,-99.175360,907
sequim,WA,48.079630,-123.102340,6826
sequoyah,OK,36.373430,-95.560810,698
serenada,TX,30.699360,-97.691950,1641
sergeant bluff,IA,42.403880,-96.358640,4520
sesser,IL,38.091720,-89.050350,1906
setauket-east setauket,NY,40.930640,-73.101790,15477
seth ward,TX,34.211740,-101.690170,2025
seton hill,MD,39.296720,-76.623700,1129
seven corners,VA,38.872060,-77.155260,9255
seven fields,PA,40.691730,-80.062560,2846
seven hills,OH,41.395330,-81.676240,11690
seven lakes,NC,35.278490,-79.564480,4888
seven mile,OH,39.480060,-84.551890,768
seven mile ford,VA,36.810390,-81.629560,783
seven oaks,SC,34.048760,-81.146480,15144
seven points,TX,32.320420,-96.213030,1447
seven trees,CA,37.286050,-121.838560,1788
seven valleys,PA,39.855660,-76.768580,506
sevenmile,AZ,33.785330,-109.956760,707
severance,CO,40.524150,-104.851080,3697
severn,MD,39.137050,-76.698300,44231
severna park,MD,39.070390,-76.545240,37634
sevierville,TN,35.868150,-83.561840,16490
seville,FL,29.316920,-81.492570,614
seville,OH,41.010060,-81.862360,2340
sewall's point,FL,27.199490,-80.202270,2149
sewanee,TN,35.203140,-85.921090,2311
seward,AK,60.104260,-149.443500,2790
seward,NE,40.906950,-97.098920,7167
sewaren,NJ,40.552050,-74.258760,2756
sewell,NJ,39.766500,-75.144340,37433
sewickley,PA,40.536460,-80.184500,3829
sewickley heights,PA,40.556730,-80.163110,820
sewickley hills,PA,40.581730,-80.136720,736
sextonville,WI,43.278320,-90.290960,551
seymour,CT,41.396760,-73.075940,16562
seymour,IA,40.682510,-93.121040,696
seymour,IN,38.959220,-85.890250,19478
seymour,MO,37.146440,-92.768780,1967
seymour,TN,35.890640,-83.724620,10919
seymour,TX,33.594260,-99.260350,2652
seymour,WI,44.514990,-88.330380,3440
shabbona,IL,41.768090,-88.877030,933
shackelford,CA,37.613820,-120.992710,3371
shackle island,TN,36.370600,-86.616660,2844
shadeland,IN,40.373650,-86.948900,1784
shadow hills,CA,34.261950,-118.351750,13000
shady cove,OR,42.610680,-122.812540,2904
shady grove,OK,35.944260,-95.094960,556
shady hills,FL,28.410000,-82.542880,11523
shady hollow,TX,30.164930,-97.862230,5004
shady point,OK,35.130100,-94.658560,997
shady shores,TX,33.165120,-97.029450,2866
shady side,MD,38.841780,-76.512180,5803
shady spring,WV,37.705670,-81.098430,2998
shadyside,OH,39.970910,-80.750640,3714
shafer,MN,45.386910,-92.747710,1036
shafter,CA,35.500510,-119.271780,18336
shaker church,WA,48.052600,-122.228470,830
shaker heights,OH,41.473940,-81.537070,27646
shakopee,MN,44.798020,-93.526900,39981
shalimar,FL,30.445750,-86.579120,796
shallotte,NC,33.973230,-78.385840,3991
shallowater,TX,33.688970,-101.998230,2555
shamokin,PA,40.788970,-76.558850,7162
shamokin dam,PA,40.848700,-76.819690,1706
shamrock,TX,35.214220,-100.249010,1989
shandon,CA,35.655250,-120.375430,1295
shannon,GA,34.336760,-85.071340,1862
shannon,IL,42.154750,-89.739840,712
shannon,MS,34.116220,-88.711720,1771
shannon hills,AR,34.620090,-92.395430,3786
shannondale,WV,39.217050,-77.807490,3358
shanor-northvue,PA,40.910450,-79.915620,5051
shapleigh,ME,43.540640,-70.848120,2418
shark river hills,NJ,40.194000,-74.048750,3697
sharon,CT,41.879260,-73.476790,729
sharon,MA,42.123710,-71.178660,5658
sharon,MS,31.789600,-89.098670,1406
sharon,PA,41.233110,-80.493400,13562
sharon,SC,34.950970,-81.340920,554
sharon,TN,36.233400,-88.824510,916
sharon,WI,42.502520,-88.728990,1586
sharon hill,PA,39.906500,-75.271570,5702
sharon springs,KS,38.897790,-101.752120,761
sharon springs,NY,42.795910,-74.617090,528
sharonville,OH,39.268110,-84.413270,13774
sharp-leadenhall,MD,39.276820,-76.617690,1260
sharpes,FL,28.432230,-80.760050,3411
sharpsburg,MD,39.457600,-77.748880,704
sharpsburg,NC,35.867100,-77.829150,2003
sharpsburg,PA,40.494510,-79.926440,3398
sharpsville,IN,40.379480,-86.088600,580
sharpsville,PA,41.259220,-80.472010,4271
sharptown,MD,38.542620,-75.719380,645
shasta,CA,40.599320,-122.491960,1771
shasta lake,CA,40.680430,-122.370840,10159
shattuck,OK,36.276140,-99.882760,1385
shavano park,TX,29.584950,-98.552520,3527
shaver lake,CA,37.104110,-119.317630,634
shavertown,PA,41.319800,-75.937980,2019
shaw,DC,38.912060,-77.021370,17639
shaw,MS,33.602110,-90.774580,1841
shaw heights,CO,39.852500,-105.043060,5116
shawano,WI,44.782210,-88.608990,9128
shawmont,PA,40.052890,-75.236010,5850
shawnee,KS,39.041670,-94.720240,65046
shawnee,OH,39.604790,-82.211540,646
shawnee,OK,35.327290,-96.925300,31286
shawnee hills,OH,39.652840,-83.786870,2171
shawnee land,VA,39.191490,-78.345560,1873
shawneetown,IL,37.713100,-88.186700,1164
shawsville,VA,37.168470,-80.255320,1310
sheatown,PA,41.193420,-76.014650,671
sheboygan,WI,43.750830,-87.714530,48797
sheboygan falls,WI,43.731970,-87.822130,7840
sheepshead bay,NY,40.591220,-73.944580,122534
sheffield,AL,34.765090,-87.698640,9108
sheffield,IA,42.893300,-93.215200,1140
sheffield,IL,41.358370,-89.737320,892
sheffield,MA,42.110370,-73.355110,3393
sheffield,OH,41.421150,-82.096260,3982
sheffield,PA,41.703950,-79.035600,1132
sheffield lake,OH,41.487540,-82.101540,9026
shelbina,MO,39.693930,-92.042950,1639
shelburn,IN,39.178370,-87.393630,1223
shelburne,MA,42.589810,-72.688420,2094
shelburne,VT,44.380610,-73.227630,592
shelburne falls,MA,42.604250,-72.739260,1731
shelby,AL,33.110400,-86.584150,1044
shelby,IA,41.516100,-95.450280,618
shelby,IN,41.195310,-87.347810,539
shelby,MI,42.670870,-83.032980,74099
shelby,MS,33.950940,-90.767880,2123
shelby,MT,48.505260,-111.856970,3268
shelby,NC,35.292350,-81.535650,20189
shelby,NE,41.192240,-97.425320,685
shelby,OH,40.881450,-82.661840,9058
shelbyville,IL,39.406430,-88.790070,4599
shelbyville,IN,39.521440,-85.776920,19133
shelbyville,KY,38.212010,-85.223570,15253
shelbyville,MO,39.805870,-92.041560,526
shelbyville,TN,35.483410,-86.460270,21317
sheldon,IA,43.181090,-95.856130,5088
sheldon,IL,40.769200,-87.563920,1024
sheldon,MO,37.658100,-94.292730,532
sheldon,ND,46.585800,-97.491200,124
sheldon,TX,29.868000,-95.128260,1990
shell knob,MO,36.632290,-93.634360,1379
shell lake,WI,45.739390,-91.925450,1315
shell point,SC,32.789070,-80.106760,2817
shell rock,IA,42.710260,-92.582970,1323
shell valley,ND,48.798060,-99.864860,1197
shelley,ID,43.381300,-112.123310,4339
shellman,GA,31.756280,-84.615200,989
shellsburg,IA,42.094440,-91.869350,951
shelter cove,CA,40.030420,-124.073090,693
shelter island,NY,41.068150,-72.338690,1333
shelter island heights,NY,41.083990,-72.355920,1048
shelton,CT,41.316490,-73.093160,41296
shelton,NE,40.779180,-98.730910,1064
shelton,WA,47.215090,-123.100710,9834
shenandoah,IA,40.765550,-95.372210,5021
shenandoah,LA,30.401300,-91.000940,18399
shenandoah,PA,40.820370,-76.200770,4873
shenandoah,TX,30.180220,-95.455770,2770
shenandoah,VA,38.485120,-78.625020,2340
shenandoah farms,VA,38.981780,-78.075550,3033
shenandoah heights,PA,40.827590,-76.206880,1233
shenandoah junction,WV,39.358710,-77.843050,703
shenandoah retreat,VA,39.134270,-77.865000,518
shenandoah shores,VA,38.960390,-78.143050,934
shenorock,NY,41.331760,-73.738190,1898
shepherd,MI,43.524470,-84.694730,1507
shepherd,MT,45.943570,-108.342350,516
shepherd,TX,30.497980,-94.996600,2418
shepherdstown,WV,39.430100,-77.804160,2079
shepherdsville,KY,37.988400,-85.715790,11967
sherando,VA,37.981250,-78.953910,688
sherborn,MA,42.238990,-71.369780,4273
sherburn,MN,43.652180,-94.726920,1089
sherburne,NY,42.678130,-75.498510,1332
sheridan,AR,34.307040,-92.401270,4812
sheridan,CA,38.979620,-121.375510,1238
sheridan,CO,39.646930,-105.025260,6039
sheridan,IL,41.530030,-88.679800,2743
sheridan,IN,40.135040,-86.220550,2934
sheridan,MI,43.212250,-85.073630,652
sheridan,MT,45.455480,-112.196940,677
sheridan,OR,45.099280,-123.394830,6094
sheridan,WY,44.797190,-106.956180,17873
sherman,CT,41.579260,-73.495680,3827
sherman,IL,39.893660,-89.604820,4605
sherman,ME,45.871160,-68.417810,974
sherman,MS,34.359270,-88.841170,677
sherman,NY,42.159220,-79.595330,701
sherman,TX,33.635660,-96.608880,40667
sherman oaks,CA,34.151120,-118.449250,52677
sherrard,IL,41.318920,-90.505970,609
sherrelwood,CO,39.837760,-105.001370,18287
sherrill,NY,43.073680,-75.598240,3066
sherrills ford,NC,35.620410,-80.986470,1007
sherry,WI,44.584130,-89.915680,800
sherwood,AR,34.815090,-92.224320,30517
sherwood,OH,39.084780,-84.360770,3719
sherwood,OR,45.356510,-122.840100,19283
sherwood,WI,44.173600,-88.259830,2865
sherwood manor,CT,42.013430,-72.564250,5410
sherwood shores,TX,33.852320,-96.817780,1190
shickshinny,PA,41.153140,-76.150210,827
shields,MI,43.415300,-84.056370,6587
shillington,PA,40.307870,-75.965490,5265
shiloh,IL,38.561440,-89.897320,12961
shiloh,NJ,40.917600,-74.930730,642
shiloh,OH,39.818670,-84.228550,11272
shiloh,PA,39.978150,-76.797190,11218
shindler,SD,43.474980,-96.648660,584
shiner,TX,29.429130,-97.170540,2139
shingle springs,CA,38.665740,-120.926050,4432
shinglehouse,PA,41.963680,-78.190840,1093
shingletown,CA,40.492380,-121.889160,2283
shinnecock hills,NY,40.890930,-72.463700,2188
shinnston,WV,39.395640,-80.300090,2171
shiocton,WI,44.444710,-88.578990,921
ship bottom,NJ,39.642900,-74.180420,1135
shipley hill,MD,39.286310,-76.657110,1404
shipman,IL,39.117550,-90.044270,603
shipman,VA,37.723750,-78.839190,507
shippensburg,PA,40.050650,-77.520260,5559
shiprock,NM,36.785550,-108.687030,8295
shipshewana,IN,41.672830,-85.580260,684
shiremanstown,PA,40.223420,-76.953590,1580
shirland,IL,42.444460,-89.197610,936
shirley,IN,39.891990,-85.576920,827
shirley,MA,42.543700,-71.649510,1441
shirley,NY,40.801490,-72.867600,27854
shishmaref,AK,66.256210,-166.072290,580
shively,KY,38.200070,-85.822740,15713
shoal creek,AL,33.430760,-86.610920,1400
shoals,IN,38.666440,-86.791110,782
shoemakersville,PA,40.500930,-75.969930,1369
shokan,NY,41.973430,-74.212090,1183
shongopovi,AZ,35.818060,-110.534580,831
shonto,AZ,36.591000,-110.661000,591
shoreacres,TX,29.620230,-95.009930,1603
shoreham,MI,42.059490,-86.516410,850
shoreham,NY,40.957320,-72.907600,535
shoreline,WA,47.755650,-122.341520,55439
shoreview,MN,45.079130,-93.147170,26477
shorewood,IL,41.520030,-88.201730,16747
shorewood,MN,44.900800,-93.589120,7614
shorewood,WI,43.089180,-87.887580,13311
shorewood forest,IN,41.463150,-87.144720,2708
shorewood hills,WI,43.077500,-89.445680,2037
shorewood-tower hills-harbert,MI,41.881690,-86.614090,1344
short hills,NJ,40.747880,-74.325430,13165
short pump,VA,37.650420,-77.612490,24729
shortsville,NY,42.955900,-77.220810,1429
shoshone,ID,42.936020,-114.405880,1488
shoshoni,WY,43.235790,-108.110370,648
show low,AZ,34.254210,-110.029830,10860
shreve,OH,40.681450,-82.021810,1497
shreveport,LA,32.525150,-93.750180,187593
shrewsbury,MA,42.295930,-71.712850,33893
shrewsbury,MO,38.590330,-90.336780,6254
shrewsbury,NJ,40.329550,-74.061530,4131
shrewsbury,PA,39.768710,-76.679690,3863
shrewsbury,WV,38.206210,-81.471500,652
shrub oak,NY,41.327590,-73.819580,2011
shueyville,IA,41.850560,-91.646560,672
shullsburg,WI,42.573340,-90.230960,1210
shungopavi,AZ,35.805560,-110.527910,730
shutesbury,MA,42.456480,-72.409810,1842
sibley,IA,43.399140,-95.751960,2668
sibley,LA,32.539320,-93.296280,1184
sicily island,LA,31.846550,-91.656240,508
sicklerville,NJ,39.717340,-74.969330,42891
sidell,IL,39.909760,-87.821140,592
sidney,IA,40.748330,-95.647500,1044
sidney,IL,40.025030,-88.073370,1232
sidney,ME,44.413120,-69.728930,3653
sidney,MT,47.716680,-104.156330,6828
sidney,NE,41.142760,-102.977980,6942
sidney,NY,42.314800,-75.391570,3755
sidney,OH,40.284220,-84.155500,20858
sidon,MS,33.408180,-90.203970,509
sienna plantation,TX,29.486070,-95.508000,13721
sierra blanca,TX,31.174570,-105.357180,553
sierra madre,CA,34.161670,-118.052850,11163
sierra view,PA,41.012070,-75.459000,4813
sierra vista,AZ,31.554540,-110.303690,43355
sierra vista southeast,AZ,31.453850,-110.216370,14797
siesta acres,TX,28.757990,-100.490190,1885
siesta key,FL,27.267850,-82.545260,6565
siesta shores,TX,26.858100,-99.253650,1382
signal hill,CA,33.804460,-118.167850,11565
signal mountain,TN,35.122570,-85.343850,8528
sigourney,IA,41.333340,-92.204630,2005
sikeston,MO,36.876720,-89.587860,16436
siler city,NC,35.723470,-79.462240,8396
siletz,OR,44.721780,-123.920110,1221
silkworth,PA,41.272300,-76.086320,820
siloam springs,AR,36.188140,-94.540500,16081
silsbee,TX,30.349100,-94.177960,6688
silt,CO,39.548590,-107.656170,3043
silver bay,MN,47.294360,-91.257390,1813
silver city,NC,34.996000,-79.226140,882
silver city,NM,32.770070,-108.280330,10004
silver cliff,CO,38.135280,-105.446390,591
silver creek,MO,37.040620,-94.472720,623
silver creek,NY,42.544230,-79.166710,2545
silver firs,WA,47.866020,-122.155100,20891
silver grove,KY,39.034510,-84.390220,1120
silver hill,MD,38.841780,-76.945810,5950
silver lake,CA,34.086680,-118.270230,32890
silver lake,FL,28.841930,-81.798410,1879
silver lake,IN,41.072270,-85.891660,923
silver lake,KS,39.104170,-95.858600,1430
silver lake,MN,44.903300,-94.195530,812
silver lake,NC,34.148780,-77.913600,5598
silver lake,OH,41.158950,-81.454280,2523
silver lake,WI,44.055260,-89.226230,2480
silver lakes,CA,34.745580,-117.340980,5623
silver ridge,NJ,39.963000,-74.238000,1133
silver spring,MD,38.990670,-77.026090,71452
silver springs,FL,29.216640,-82.057590,10334
silver springs,NV,39.415470,-119.224610,5296
silver springs,NY,42.660620,-78.085560,750
silver springs shores,FL,29.104420,-82.020640,6539
silver summit,UT,40.741440,-111.487750,3632
silverdale,PA,40.347600,-75.271010,856
silverdale,WA,47.644540,-122.694870,19204
silverhill,AL,30.545470,-87.751660,761
silverthorne,CO,39.632140,-106.074280,4418
silverton,CO,37.811940,-107.664510,637
silverton,OH,39.192840,-84.400500,4764
silverton,OR,45.005120,-122.783150,9753
silverton,TX,34.474230,-101.304610,672
silvis,IL,41.512260,-90.415130,7491
simi valley,CA,34.269450,-118.781480,126788
simla,CO,39.141660,-104.083850,632
simmesport,LA,30.983520,-91.800120,2117
simonton,TX,29.679400,-95.977180,863
simonton lake,IN,41.754220,-85.975000,4678
simpson,LA,31.245740,-93.015440,618
simpson,PA,41.591750,-75.485180,1275
simpsonville,KY,38.222570,-85.355230,2702
simpsonville,SC,34.737060,-82.254280,20736
simsboro,LA,32.534600,-92.788490,859
simsbury center,CT,41.880880,-72.811160,5836
sinclairville,NY,42.263950,-79.258660,565
singac,NJ,40.886770,-74.240980,3618
sinking spring,PA,40.327310,-76.011050,4101
sinton,TX,28.036680,-97.509160,5736
sioux center,IA,43.079710,-96.175580,7461
sioux city,IA,42.499990,-96.400310,82821
sioux falls,SD,43.543690,-96.727960,171544
sioux rapids,IA,42.893310,-95.151110,777
siren,WI,45.785780,-92.381030,778
sisco heights,WA,48.115380,-122.097080,2696
sisseton,SD,45.664680,-97.049800,2450
sissonville,WV,38.528150,-81.630960,4028
sister bay,WI,45.187210,-87.120950,911
sisters,OR,44.290950,-121.549210,2472
sistersville,WV,39.564240,-80.995940,1366
sitka,AK,57.053150,-135.330880,8863
six mile,SC,34.807330,-82.820700,683
six shooter canyon,AZ,33.366780,-110.774600,1019
sixmile run,NJ,40.457610,-74.511540,3184
sixteen mile stand,OH,39.272840,-84.327440,2928
skagway,AK,59.458330,-135.313890,1240
skaneateles,NY,42.947010,-76.429100,2474
skiatook,OK,36.368420,-96.001380,7880
skidaway island,GA,31.934940,-81.047050,8341
skidmore,TX,28.254170,-97.685550,925
skidway lake,MI,44.183350,-84.035270,3392
skippack,PA,40.222880,-75.398790,3758
skippers corner,NC,34.339000,-77.903000,2785
skokie,IL,42.033360,-87.733390,64821
skokomish,WA,47.333430,-123.157380,617
skowhegan,ME,44.765060,-69.719220,6297
sky lake,FL,28.457230,-81.391460,6153
sky valley,CA,33.890010,-116.352510,2406
skyland estates,VA,38.923170,-78.082220,830
skyline,AL,34.813970,-86.115260,839
skyline acres,OH,39.228670,-84.566890,1717
skyline view,PA,40.339260,-76.725530,4003
skyline-ganipa,NM,35.032790,-107.613960,1224
slater,IA,41.877760,-93.678550,1506
slater,MO,39.218080,-93.069090,1832
slater-marietta,SC,35.034720,-82.492650,2176
slatington,PA,40.748430,-75.611850,4276
slaton,TX,33.437310,-101.643490,6072
slaughter,LA,30.717410,-91.141500,963
slaughterville,OK,35.087290,-97.335030,4217
slayton,MN,43.987740,-95.755850,2053
sledge,MS,34.432050,-90.220930,519
sleepy eye,MN,44.297180,-94.724150,3443
sleepy hollow,CA,38.010480,-122.584420,2384
sleepy hollow,IL,42.094190,-88.302580,3346
sleepy hollow,NY,41.085650,-73.858470,10242
sleepy hollow,WY,44.233000,-105.427000,1308
slidell,LA,30.275190,-89.781170,27942
sligo,PA,41.109230,-79.490050,692
slinger,WI,43.333610,-88.286210,5208
slippery rock,PA,41.063950,-80.056450,3613
sloan,IA,42.232770,-96.228080,979
sloan,NY,42.893390,-78.793920,3601
sloatsburg,NY,41.154540,-74.192920,3135
slocomb,AL,31.108230,-85.594380,1972
slovan,PA,40.359240,-80.389790,555
smackover,AR,33.364850,-92.724880,1782
smallwood,NY,41.665370,-74.819330,580
smelterville,ID,47.542700,-116.181560,603
smethport,PA,41.811170,-78.444740,1595
smiley,TX,29.267740,-97.635830,567
smith,NV,38.800470,-119.327380,1033
smith center,KS,39.779180,-98.785070,1616
smith corner,CA,35.478290,-119.278720,524
smith mills,MA,41.638990,-70.991150,4760
smith river,CA,41.928170,-124.147030,866
smith valley,NV,38.784210,-119.344250,1603
smithers,WV,38.181220,-81.307060,790
smithfield,ME,44.630340,-69.829500,967
smithfield,NC,35.508490,-78.339450,12022
smithfield,OH,40.270900,-80.781470,835
smithfield,PA,39.803130,-79.807830,859
smithfield,RI,41.922040,-71.549510,21872
smithfield,UT,41.838260,-111.832720,10782
smithfield,VA,36.982370,-76.631070,8364
smithland,KY,37.138940,-88.403370,295
smiths grove,KY,37.052550,-86.207760,736
smiths station,AL,32.540140,-85.098550,5300
smithsburg,MD,39.654820,-77.572770,2998
smithton,IL,38.408660,-89.992050,3719
smithton,MO,38.680020,-93.092980,564
smithtown,NY,40.855930,-73.200670,26470
smithville,GA,31.900450,-84.251850,585
smithville,MO,39.386940,-94.581070,9233
smithville,MS,34.070110,-88.391150,913
smithville,NJ,39.494010,-74.457090,7242
smithville,OH,40.862280,-81.861800,1269
smithville,TN,35.960620,-85.814150,4640
smithville,TX,30.008550,-97.159430,4101
smithville-sanders,IN,39.059690,-86.510770,3184
smock,PA,39.998130,-79.783100,583
smoke rise,AL,33.891770,-86.820270,1825
smokey point,WA,48.152320,-122.182640,1572
smyrna,DE,39.299830,-75.604650,11319
smyrna,GA,33.883990,-84.514380,56146
smyrna,TN,35.982840,-86.518600,46607
snead,AL,34.119540,-86.395540,843
sneads,FL,30.708010,-84.925520,1776
sneads ferry,NC,34.552670,-77.397180,2646
sneedville,TN,36.529810,-83.217400,1346
snellville,GA,33.857330,-84.019910,19733
snohomish,WA,47.912880,-122.098180,9670
snook,TX,30.489180,-96.465370,512
snoqualmie,WA,47.528710,-121.825390,13169
snow hill,MD,38.177060,-75.392700,2086
snow hill,NC,35.451550,-77.681090,1574
snow shoe,PA,41.030890,-77.949450,776
snowflake,AZ,34.513370,-110.078450,5666
snowmass village,CO,39.213040,-106.937820,2916
snyder,OK,34.658960,-98.951740,1345
snyder,TX,32.717890,-100.917620,11768
snyderville,UT,40.694390,-111.543810,5612
soap lake,WA,47.389310,-119.490590,1580
socastee,SC,33.683500,-78.998370,19952
social circle,GA,33.656230,-83.718230,4383
society hill,NJ,40.533990,-74.457930,3829
society hill,SC,34.512660,-79.850900,548
socorro,NM,34.058400,-106.891420,8722
socorro,TX,31.654560,-106.303310,33222
socorro mission number 1 colonia,TX,31.636220,-106.290540,28637
soda bay,CA,39.001010,-122.789160,1016
soda springs,ID,42.654370,-111.604670,2944
soddy-daisy,TN,35.235900,-85.190790,13171
sodus,NY,43.237840,-77.061360,1755
sodus point,NY,43.271730,-76.989140,878
solana,FL,26.947010,-82.025920,742
solana beach,CA,32.991150,-117.271150,13449
soldiers grove,WI,43.395260,-90.774300,560
soldotna,AK,60.487780,-151.058330,4544
soledad,CA,36.424690,-121.326320,25003
solis,TX,26.161740,-97.843610,512
solomon,KS,38.919440,-97.371140,1054
solomons,MD,38.318460,-76.454120,2368
solon,IA,41.807230,-91.494060,2545
solon,ME,44.949500,-69.858390,977
solon,OH,41.389780,-81.441230,23043
solon springs,WI,46.353270,-91.822410,602
solvang,CA,34.595820,-120.137650,5741
solvay,NY,43.058120,-76.207430,6425
somerdale,NJ,39.844000,-75.022670,5460
somers,CT,41.985370,-72.446200,1789
somers,MT,48.080230,-114.221510,1109
somers,WI,42.640300,-87.910360,9454
somers point,NJ,39.317620,-74.594600,10688
somerset,CA,38.647680,-120.685760,3642
somerset,KY,37.092020,-84.604110,11439
somerset,MA,41.769550,-71.128660,18165
somerset,MD,38.965940,-77.096090,1288
somerset,NJ,40.497600,-74.488490,22083
somerset,OH,39.807010,-82.297090,1464
somerset,PA,40.008410,-79.078080,6032
somerset,TX,29.226350,-98.657800,1783
somerset,WI,45.124410,-92.673540,2693
somersworth,NH,43.261750,-70.865340,11759
somerton,AZ,32.596440,-114.709680,15048
somerton,PA,40.123440,-75.014890,33247
somerville,AL,34.473380,-86.798700,716
somerville,MA,42.387600,-71.099500,80318
somerville,ME,44.309240,-69.488930,529
somerville,NJ,40.574270,-74.609880,12202
somerville,TN,35.243700,-89.350070,3094
somerville,TX,30.346040,-96.528300,1383
somonauk,IL,41.633640,-88.681190,1877
sonoita,AZ,31.679500,-110.656740,818
sonoma,CA,38.291860,-122.458040,11037
sonora,CA,37.984090,-120.382140,4818
sonora,TX,30.566850,-100.643430,2863
soperton,GA,32.377120,-82.592360,3087
sophia,WV,37.707610,-81.250660,1318
soquel,CA,36.988010,-121.956630,9644
sorrel,LA,29.889090,-91.616780,766
sorrento,FL,28.807770,-81.563680,861
sorrento,LA,30.184360,-90.859260,1582
sorrento valley,CA,32.899910,-117.194510,5000
soudersburg,PA,40.015100,-76.154950,540
souderton,PA,40.311770,-75.325180,6747
soulsbyville,CA,37.984650,-120.263800,2215
sound beach,NY,40.956210,-72.967880,7612
sour lake,TX,30.140210,-94.411020,1773
south alamo,TX,26.157020,-98.108620,3361
south amboy,NJ,40.477880,-74.290700,8846
south amherst,MA,42.340370,-72.505090,4994
south amherst,OH,41.355880,-82.253770,1668
south apopka,FL,28.661940,-81.509520,5728
south ashburnham,MA,42.610370,-71.938970,1062
south baltimore,MD,39.270400,-76.615070,3871
south barre,VT,44.177010,-72.505660,1219
south barrington,IL,42.091420,-88.121740,4565
south bay,FL,26.663960,-80.716170,5101
south beach,FL,27.591150,-80.344220,3501
south beach,NY,40.583290,-74.076090,8029
south bel air,MD,39.533160,-76.337460,48828
south belmar,NJ,40.170950,-74.027360,1789
south beloit,IL,42.493070,-89.036780,7680
south bend,IN,41.683380,-86.250010,101516
south bend,WA,46.663150,-123.804610,1612
south berwick,ME,43.234530,-70.809500,7480
south bloomfield,OH,39.718400,-82.986850,1851
south blooming grove,NY,41.373370,-74.178430,3188
south boardman,MI,44.641390,-85.279780,536
south boston,MA,42.333430,-71.049490,571281
south boston,VA,36.698750,-78.901400,7976
south bound brook,NJ,40.553440,-74.531540,4863
south bradenton,FL,27.463100,-82.581760,22178
south bristol,ME,43.863970,-69.561160,933
south brooksville,FL,28.535820,-82.384030,4007
south browning,MT,48.546080,-113.014250,1785
south burlington,VT,44.466990,-73.170960,18791
south canal,OH,41.177280,-80.986760,1100
south carthage,TN,36.242000,-85.951930,1334
south charleston,OH,39.825340,-83.634370,1661
south charleston,WV,38.368430,-81.699570,13045
south chicago,IL,41.739770,-87.554250,28095
south chicago heights,IL,41.480870,-87.637820,4138
south cle elum,WA,47.185680,-120.948970,536
south cleveland,TN,35.106000,-84.890000,6912
south clifton park,MD,39.313410,-76.589970,567
south coatesville,PA,39.974270,-75.819950,1435
south coffeyville,OK,36.994520,-95.620260,772
south congaree,SC,33.910990,-81.135650,2388
south connellsville,PA,39.996740,-79.585870,1935
south corning,NY,42.121740,-77.037190,1124
south coventry,CT,41.770100,-72.305080,1483
south dayton,NY,42.364230,-79.055590,594
south daytona,FL,29.165820,-81.004500,12584
south deerfield,MA,42.477310,-72.607870,1880
south dennis,MA,41.689560,-70.156410,3643
south dos palos,CA,36.964390,-120.653240,1620
south duxbury,MA,42.023160,-70.682810,3360
south el monte,CA,34.051950,-118.046730,20878
south elgin,IL,41.994190,-88.292300,22365
south eliot,ME,43.108140,-70.777550,3550
south euclid,OH,41.523110,-81.518460,21794
south fallsburg,NY,41.708000,-74.632000,2870
south farmingdale,NY,40.720660,-73.440120,14486
south floral park,NY,40.714270,-73.700130,1787
south fork,PA,40.367300,-78.791410,876
south fulton,GA,33.592590,-84.672940,107436
south fulton,TN,36.500890,-88.875340,2261
south gastonia,NC,35.219300,-81.205630,5312
south gate,CA,33.954740,-118.212020,96401
south gate,MD,39.129000,-76.625800,29658
south gate ridge,FL,27.286440,-82.496760,5688
south glens falls,NY,43.299240,-73.635120,3580
south greeley,WY,41.096930,-104.806360,4217
south greensburg,PA,40.278400,-79.544760,2054
south gull lake,MI,42.387540,-85.396670,1182
south hackensack,NJ,40.862600,-74.047920,2771
south hadley,MA,42.258420,-72.574530,17652
south hampton,NH,42.880920,-70.962560,899
south haven,IN,41.541980,-87.137260,5282
south haven,MI,42.403090,-86.273640,4359
south hempstead,NY,40.680940,-73.615410,3243
south henderson,NC,36.308200,-78.406660,1213
south highpoint,FL,27.916970,-82.712880,5195
south hill,NY,42.406000,-76.485000,6673
south hill,VA,36.726530,-78.128890,4527
south hill,WA,47.141210,-122.270120,52431
south hills,MT,46.556740,-111.997650,517
south holland,IL,41.600870,-87.606990,22043
south hooksett,NH,43.026470,-71.435340,5418
south houston,TX,29.663010,-95.235490,17544
south huntington,NY,40.823710,-73.398730,9422
south hutchinson,KS,38.028070,-97.940330,2556
south jacksonville,IL,39.708660,-90.228180,3261
south jordan,UT,40.562170,-111.929660,66648
south jordan heights,UT,40.563840,-111.949380,37141
south kensington,MD,39.013000,-77.071000,8462
south kingstown,RI,41.447180,-71.524940,30826
south lake tahoe,CA,38.933240,-119.984350,21706
south lancaster,MA,42.444540,-71.687010,1894
south laurel,MD,39.069830,-76.850250,26112
south lawndale,IL,41.843640,-87.712550,73826
south lebanon,OH,39.370890,-84.213270,4346
south lebanon,OR,44.506230,-122.903140,1005
south lockport,NY,43.150060,-78.696700,8324
south lyon,MI,42.460590,-83.651610,11722
south miami,FL,25.707600,-80.293380,12242
south miami heights,FL,25.597610,-80.380610,36770
south milwaukee,WI,42.910570,-87.860640,21233
south monroe,MI,41.895880,-83.417710,6433
south new castle,PA,40.977840,-80.345060,679
south nyack,NY,41.083150,-73.920140,3535
south ogden,UT,41.191890,-111.971330,16955
south old bridge,NJ,40.408160,-74.354320,23233
south orange,NJ,40.748990,-74.261260,17295
south oroville,CA,39.481000,-121.536000,5742
south ozone park,NY,40.670100,-73.819020,75878
south padre island,TX,26.103690,-97.164690,2884
south palm beach,FL,26.588960,-80.038650,1424
south paris,ME,44.223680,-70.513390,2267
south park,WY,43.422150,-110.793260,1731
south park township,PA,40.298640,-79.994050,13416
south pasadena,CA,34.116120,-118.150350,26151
south pasadena,FL,27.755030,-82.737600,5081
south patrick shores,FL,28.202230,-80.609500,5875
south peabody,MA,42.509820,-70.949490,50293
south pekin,IL,40.494480,-89.651770,1120
south pittsburg,TN,35.012300,-85.704410,3114
south plainfield,NJ,40.579270,-74.411540,24290
south point,OH,38.417860,-82.586270,3924
south point,TX,25.868690,-97.383590,1376
south portland,ME,43.641470,-70.240880,25556
south portland gardens,ME,43.638970,-70.315330,23893
south pottstown,PA,40.239540,-75.651020,2081
south range,MI,47.069930,-88.643180,746
south riding,VA,38.920940,-77.503880,24256
south river,NJ,40.446490,-74.385980,16399
south rockwood,MI,42.063930,-83.261040,1642
south rosemary,NC,36.451540,-77.697200,2836
south roxana,IL,38.829490,-90.062880,1997
south royalton,VT,43.820900,-72.521210,694
south russell,OH,41.431440,-81.365390,3826
south saint paul,MN,44.892740,-93.034940,20160
south salt lake,UT,40.718840,-111.888270,24788
south san francisco,CA,37.654660,-122.407750,67271
south san gabriel,CA,34.049150,-118.094620,8070
south san jose hills,CA,34.012790,-117.904780,20551
south sanford,ME,43.411190,-70.742560,4536
south sarasota,FL,27.286160,-82.532880,4950
south shaftsbury,VT,42.946470,-73.210660,683
south shore,IL,41.761980,-87.577830,51451
south shore,KY,38.720910,-82.958230,1101
south sioux city,NE,42.473880,-96.413640,13319
south suffolk,VA,36.717090,-76.590230,80690
south sumter,SC,33.881000,-80.345000,2411
south taft,CA,35.134690,-119.456230,2169
south temple,PA,40.400000,-75.922000,1424
south thomaston,ME,44.051470,-69.127820,1472
south toledo bend,TX,31.153240,-93.604620,524
south toms river,NJ,39.942060,-74.204310,3736
south tucson,AZ,32.199520,-110.968420,5715
south uniontown,PA,39.892850,-79.746990,1360
south vacherie,LA,29.942830,-90.693480,3642
south valley,NM,35.010050,-106.678080,40976
south valley stream,NY,40.655940,-73.717630,5962
south van buren,MO,36.988110,-91.013740,824
south van horn,AK,64.809530,-147.787930,558
south venice,FL,27.053110,-82.424260,13949
south vineland,NJ,39.445950,-75.028790,58122
south vinemont,AL,34.238990,-86.864450,757
south wallins,KY,36.815090,-83.410740,859
south waverly,PA,41.997570,-76.537170,1025
south weber,UT,41.132440,-111.930220,6971
south webster,OH,38.813410,-82.726830,829
south weldon,NC,36.415980,-77.603030,705
south wenatchee,WA,47.390120,-120.289580,1553
south west city,MO,36.512580,-94.611330,970
south whitley,IN,41.084770,-85.628040,1743
south whittier,CA,33.950150,-118.039170,57156
south willard,UT,41.363270,-112.035780,1571
south williamson,KY,37.672050,-82.284030,602
south williamsport,PA,41.232020,-76.999130,6281
south wilmington,IL,41.172810,-88.276730,661
south windham,CT,41.679540,-72.170360,1421
south windham,ME,43.736190,-70.423660,1374
south windsor,CT,41.823710,-72.621200,24412
south woodstock,CT,41.938990,-71.959520,1291
south yarmouth,MA,41.666780,-70.184740,11092
south yuba city,CA,39.116560,-121.639130,15217
south zanesville,OH,39.899230,-82.006250,1989
southampton,MA,42.229260,-72.730090,5481
southampton,NY,40.884270,-72.389530,3265
southaven,MS,34.988980,-90.012590,52589
southborough,MA,42.305650,-71.524510,9686
southbridge,MA,42.075100,-72.033410,19030
southbury,CT,41.481480,-73.213170,19836
southchase,FL,28.393060,-81.383400,15921
southeast arcadia,FL,27.186290,-81.852100,6554
southern gateway,VA,38.345070,-77.503520,2805
southern pines,NC,35.174050,-79.392250,13539
southern shops,SC,34.985950,-81.994550,3767
southern shores,NC,36.139050,-75.731570,2867
southern view,IL,39.757270,-89.653710,1635
southfield,MI,42.473370,-83.221870,73156
southgate,FL,27.308100,-82.509820,7173
southgate,KY,39.072000,-84.472720,3856
southgate,MI,42.213930,-83.193810,29293
southglenn,CO,39.587210,-104.952760,42268
southington,CT,41.596490,-72.877600,43501
southlake,TX,32.941240,-97.134180,29941
southmayd,TX,33.630380,-96.769160,1015
southmont,NC,35.667920,-80.267000,1470
southmont,PA,40.310630,-78.938640,2175
southold,NY,41.064820,-72.426200,5748
southport,CT,41.136490,-73.283450,1585
southport,IN,39.665050,-86.127760,1712
southport,ME,43.840920,-69.658660,711
southport,NC,33.918210,-78.019330,3475
southport,NY,42.054800,-76.819120,7238
southside,AL,33.924540,-86.022470,8572
southside,AR,35.698410,-91.623470,2231
southside place,TX,29.706060,-95.436880,1835
southwest center city philadelphia,PA,39.942810,-75.180860,11228
southwest greensburg,PA,40.291180,-79.546980,2086
southwest harbor,ME,44.279800,-68.325020,720
southwest ranches,FL,26.058700,-80.337270,7852
southwest schuylkill,PA,39.944830,-75.203790,8666
southwest waterfront,DC,38.879340,-77.017580,15129
southwick,MA,42.054820,-72.770370,9444
southwood acres,CT,41.962600,-72.571480,7657
southworth,WA,47.512040,-122.501800,2185
spackenkill,NY,41.655930,-73.913470,4123
spanaway,WA,47.103990,-122.434570,27227
spangler,PA,40.642850,-78.772800,1942
spanish fork,UT,40.114960,-111.654920,37935
spanish fort,AL,30.674910,-87.915270,8065
spanish lake,MO,38.787830,-90.215940,19650
spanish springs,NV,39.649080,-119.707410,15064
sparkill,NY,41.031210,-73.927080,1565
sparks,GA,31.166860,-83.437380,2007
sparks,NV,39.534910,-119.752690,96094
sparks,TX,31.672610,-106.239700,4529
sparrow bush,NY,41.400090,-74.723220,2097
sparta,GA,33.275700,-82.976260,1293
sparta,IL,38.123110,-89.701770,4419
sparta,MI,43.160860,-85.710040,4311
sparta,MO,37.001160,-93.081570,1792
sparta,NC,36.505410,-81.120920,1726
sparta,NJ,41.033430,-74.638490,19722
sparta,TN,35.925900,-85.464140,5096
sparta,WI,43.944130,-90.812910,9679
spartanburg,SC,34.949570,-81.932050,37867
spaulding,IL,39.866160,-89.540380,869
spearfish,SD,44.490820,-103.859370,11283
spearman,TX,36.198370,-101.192380,3375
spearville,KS,37.850020,-99.756790,805
speedway,IN,39.802270,-86.267210,12127
speedwell,TN,36.458690,-83.871860,4278
speers,PA,40.124520,-79.879770,1132
spencer,IA,43.141360,-95.144440,11212
spencer,IN,39.286710,-86.762510,2271
spencer,MA,42.243980,-71.992300,5700
spencer,NC,35.692360,-80.434780,3291
spencer,NY,42.209800,-76.493270,731
spencer,OH,41.100330,-82.123210,764
spencer,OK,35.522840,-97.377260,4027
spencer,TN,35.747290,-85.466640,1634
spencer,WI,44.757740,-90.296800,1921
spencer,WV,38.802030,-81.350950,2195
spencerport,NY,43.186450,-77.803900,3589
spencerville,MD,39.114270,-76.978310,1594
spencerville,NM,36.820000,-108.058130,1258
spencerville,OH,40.708940,-84.353560,2200
sperry,OK,36.297310,-95.991390,1268
spiceland,IN,39.838380,-85.438860,868
spicer,MN,45.233020,-94.940010,1196
spindale,NC,35.360120,-81.929270,4263
spinnerstown,PA,40.438990,-75.437120,1826
spirit lake,IA,43.422180,-95.102220,5018
spirit lake,ID,47.966290,-116.868530,2086
spiro,OK,35.241210,-94.619940,2167
spiveys corner,NC,35.195440,-78.487230,506
splendora,TX,30.232990,-95.161040,1684
spokane,WA,47.659660,-117.429080,229447
spokane valley,WA,47.673230,-117.239370,94919
spooner,WI,45.822450,-91.889340,2586
spotswood,NJ,40.391770,-74.398480,8476
spotsylvania,VA,38.200960,-77.589150,0
spotsylvania courthouse,VA,38.197910,-77.587770,4239
spreckels,CA,36.621900,-121.646890,673
spreckelsville,HI,20.896940,-156.415000,6276
spring,TX,30.079940,-95.417160,54298
spring arbor,MI,42.205040,-84.552740,2881
spring city,PA,40.176770,-75.547690,3322
spring city,TN,35.692010,-84.860780,1995
spring city,UT,39.482460,-111.496020,1002
spring creek,NV,40.726590,-115.585900,12361
spring gardens,TX,27.762440,-97.740950,563
spring glen,UT,39.659410,-110.853490,1126
spring green,WI,43.175270,-90.067900,1648
spring grove,IL,42.443630,-88.236480,5711
spring grove,MN,43.561080,-91.635980,1293
spring grove,PA,39.874540,-76.865810,2168
spring hill,FL,28.476880,-82.525460,98621
spring hill,KS,38.743060,-94.825520,5981
spring hill,MA,42.385910,-71.109270,7873
spring hill,PA,40.376460,-78.670020,839
spring hill,TN,35.751180,-86.930000,36055
spring hope,NC,35.945150,-78.111930,1313
spring house,PA,40.185390,-75.227680,3804
spring lake,MI,43.076960,-86.197000,2480
spring lake,NC,35.167940,-78.972810,13234
spring lake,NJ,40.153450,-74.028190,2965
spring lake heights,NJ,40.152000,-74.039000,4713
spring lake park,MN,45.107740,-93.238000,6473
spring mount,PA,40.275660,-75.456570,2259
spring park,MN,44.935240,-93.632180,1705
spring ridge,MD,39.401490,-77.352480,5795
spring ridge,PA,40.352870,-75.989940,1003
spring valley,AZ,34.345030,-112.159050,1148
spring valley,CA,32.744770,-116.998920,28205
spring valley,IL,41.327540,-89.199810,5314
spring valley,KY,38.297010,-85.611350,671
spring valley,MN,43.686910,-92.389060,2413
spring valley,NV,36.108030,-115.245000,178395
spring valley,NY,41.113150,-74.043750,32598
spring valley,TX,29.789670,-95.503550,3611
spring valley,WI,44.845240,-92.238800,1342
spring valley lake,CA,34.493640,-117.268320,8220
springboro,OH,39.552280,-84.233270,18213
springdale,AR,36.186740,-94.128810,77859
springdale,MD,38.937610,-76.838860,2994
springdale,NJ,39.881000,-74.970000,14518
springdale,OH,39.287000,-84.485220,11182
springdale,PA,40.540900,-79.783940,3375
springdale,SC,33.959320,-81.108980,2783
springdale,UT,37.188870,-112.998550,556
springer,NM,36.361140,-104.595270,943
springer,OK,34.314540,-97.142790,702
springerville,AZ,34.133550,-109.288340,1954
springfield,CO,37.408350,-102.614360,1396
springfield,FL,30.153260,-85.611320,9442
springfield,GA,32.372410,-81.311500,2889
springfield,IL,39.801720,-89.643710,114394
springfield,KY,37.685340,-85.222180,3055
springfield,MA,42.101480,-72.589810,154341
springfield,MI,42.326430,-85.239160,5192
springfield,MN,44.238850,-94.975820,2068
springfield,MO,37.215330,-93.298240,170188
springfield,NE,41.081940,-96.134460,1584
springfield,NH,43.495070,-72.033420,1007
springfield,NJ,40.704910,-74.317230,14429
springfield,NY,42.836180,-74.853480,1312
springfield,OH,39.924230,-83.808820,59680
springfield,OR,44.046240,-123.022030,60870
springfield,PA,39.930670,-75.320190,23363
springfield,SC,33.496820,-81.279270,503
springfield,SD,42.854170,-97.897290,1953
springfield,TN,36.509210,-86.885000,16808
springfield,VA,38.789280,-77.187200,30484
springfield,VT,43.298410,-72.482310,3979
springfield gardens,NY,40.663120,-73.762210,30515
springhill,LA,33.005970,-93.466840,5097
springmont,PA,40.326480,-75.999660,724
springport,MI,42.378370,-84.698590,790
springs,NY,41.016210,-72.159240,6592
springtown,TX,32.965960,-97.683640,2811
springvale,ME,43.466750,-70.793670,3292
springview,NE,42.824440,-99.749010,236
springville,AL,33.775050,-86.471910,4198
springville,CA,36.130230,-118.818150,934
springville,IA,42.059450,-91.442670,1139
springville,NY,42.508400,-78.667250,4339
springville,UT,40.165230,-111.610750,32286
springville,VA,37.196510,-81.402880,1371
springwater hamlet,NY,42.634990,-77.596420,549
spruce hill,PA,39.952730,-75.210340,9935
spruce pine,NC,35.915400,-82.064560,2134
spry,PA,39.918430,-76.684970,4891
spur,TX,33.476480,-100.855690,1205
spurgeon,TN,36.439550,-82.455700,3957
spuyten duyvil,NY,40.881210,-73.917360,10971
squirrel mountain valley,CA,35.623290,-118.409810,547
st johnsbury,VT,44.425260,-72.015120,7571
st marys,GA,30.756770,-81.571730,0
st. charles,IL,41.914190,-88.308690,32974
st. charles,MD,38.607280,-76.924780,33379
st. johns,FL,30.081500,-81.547740,40000
st. louis,MO,38.627270,-90.197890,279695
st. louis heights,HI,21.298370,-157.803930,4131
st. mary's,AK,62.053400,-163.177870,550
st. marys,GA,30.730510,-81.546490,17968
st. petersburg,FL,27.770860,-82.679270,257083
stacey street,FL,26.698400,-80.123650,858
stacy,MN,45.398020,-92.987440,1470
stafford,CT,41.984820,-72.288970,12029
stafford,KS,37.962240,-98.600640,986
stafford,OR,45.381000,-122.704000,1577
stafford,TX,29.616070,-95.557720,18459
stafford,VA,38.422070,-77.408320,4320
stafford springs,CT,41.954260,-72.302300,4988
stagecoach,NV,39.373800,-119.374060,1874
stagecoach,TX,30.145490,-95.713560,583
stallings,NC,35.090700,-80.686180,15270
stallion springs,CA,35.088860,-118.642590,2488
"stambaugh, iron river",MI,46.081070,-88.627080,1215
stamford,CT,41.053430,-73.538730,128874
stamford,NY,42.407300,-74.614320,1071
stamford,TX,32.945390,-99.802870,2973
stamping ground,KY,38.271740,-84.686340,730
stamps,AR,33.365400,-93.495180,1551
stanaford,WV,37.815950,-81.152320,1350
stanardsville,VA,38.297350,-78.440010,380
stanberry,MO,40.217770,-94.538290,1183
standing pine,MS,32.673750,-89.433400,504
standish,MI,43.983080,-83.958880,1452
stanfield,AZ,32.882550,-111.962080,740
stanfield,NC,35.233480,-80.427010,1490
stanfield,OR,45.780410,-119.217240,2082
stanford,CA,37.424110,-122.166080,13809
stanford,IL,40.434760,-89.217860,582
stanford,KY,37.531190,-84.661890,3675
stanford,MT,47.153580,-110.218260,381
stanhope,NJ,40.902880,-74.709050,3410
stanley,NC,35.359030,-81.097020,3685
stanley,ND,48.317240,-102.390450,2721
stanley,VA,38.575400,-78.502510,1654
stanley,WI,44.959970,-90.937080,3569
stanleytown,VA,36.744300,-79.962820,1422
stannards,NY,42.086460,-77.922220,798
stansbury park,UT,40.637720,-112.296060,5145
stanton,CA,33.802520,-117.993120,38872
stanton,IA,40.981660,-95.104150,639
stanton,KY,37.845640,-83.858250,2666
stanton,MI,43.292530,-85.081410,1414
stanton,ND,47.321110,-101.381550,370
stanton,NE,41.950280,-97.223930,1519
stanton,TX,32.129290,-101.788460,2936
stantonsburg,NC,35.606830,-77.823310,788
stanwood,IA,41.893070,-91.150710,662
stanwood,WA,48.241210,-122.370710,6779
staples,MN,46.355520,-94.792240,2885
stapleton,NE,41.480280,-100.512920,311
stapleton,NY,40.626490,-74.077640,5365
star,ID,43.692110,-116.493460,7797
star,NC,35.402080,-79.784200,874
star city,AR,33.942880,-91.843470,2180
star city,WV,39.658410,-79.986450,2014
star junction,PA,40.062570,-79.763650,616
star lake,NY,44.159780,-75.031580,809
star prairie,WI,45.196910,-92.530750,569
star valley,AZ,34.255040,-111.258470,2277
star valley ranch,WY,42.971390,-110.955560,1548
starbrick,PA,41.840340,-79.205320,522
starbuck,MN,45.614400,-95.531150,1264
stark,NH,44.601440,-71.424530,550
starke,FL,29.944130,-82.109830,5397
starks,LA,30.315480,-93.661830,664
starks,ME,44.730620,-69.966170,601
starksboro,VT,44.227280,-73.057340,1776
starkville,MS,33.450490,-88.819610,25366
start,LA,32.486530,-91.859290,905
startex,SC,34.928450,-82.099000,859
startup,WA,47.867880,-121.740400,676
state center,IA,42.016650,-93.163540,1470
state college,PA,40.793390,-77.860000,42161
state line,MS,31.436280,-88.474470,556
state line,PA,39.724820,-77.724440,2709
stateburg,SC,33.957650,-80.534810,1380
stateline,NV,38.962410,-119.939900,842
staten island,NY,40.562330,-74.139860,468730
statenville,GA,30.703270,-83.027640,1040
statesboro,GA,32.448790,-81.783170,30721
statesville,NC,35.782640,-80.887300,26221
statham,GA,33.965110,-83.596550,2624
staunton,IL,39.012270,-89.791210,5018
staunton,IN,39.487540,-87.188910,519
staunton,VA,38.149910,-79.073200,24416
stayton,OR,44.800680,-122.794530,7969
steamboat springs,CO,40.484980,-106.831720,12435
stearns,KY,36.698970,-84.477440,1416
stebbins,AK,63.520090,-162.288710,572
stedman,NC,35.013500,-78.693910,1045
steele,AL,33.939820,-86.201640,1078
steele,MO,36.083960,-89.829250,2103
steele,ND,46.854710,-99.915940,709
steeleville,IL,38.007270,-89.658430,1993
steelton,PA,40.235370,-76.841360,5932
steelville,MO,37.968100,-91.354870,1699
steep falls,ME,43.793970,-70.652560,1139
steger,IL,41.470030,-87.636430,9515
steilacoom,WA,47.169820,-122.602630,6211
steinhatchee,FL,29.671060,-83.387640,1047
steinway,NY,40.774550,-73.903750,1648
stephen,MN,48.449980,-96.872560,655
stephens,AR,33.411230,-93.069610,827
stephens city,VA,39.083440,-78.218060,1940
stephenson,MI,45.415250,-87.607620,867
stephenville,TX,32.220700,-98.202260,20120
sterling,AK,60.537220,-150.764720,5617
sterling,CO,40.625540,-103.207710,14104
sterling,GA,31.272450,-81.561490,2534
sterling,IL,41.788640,-89.696220,15057
sterling,KS,38.210010,-98.207010,2293
sterling,MA,42.437590,-71.760630,7384
sterling,MI,44.033350,-84.022770,513
sterling,OK,34.750350,-98.171710,803
sterling,VA,39.006220,-77.428600,27822
sterling city,TX,31.836250,-100.984830,1049
sterling heights,MI,42.580310,-83.030200,132052
sterlington,LA,32.696250,-92.085970,2463
sterrett,AL,33.448720,-86.479980,712
stetson,ME,44.891730,-69.142820,1020
stetsonville,WI,45.076910,-90.315140,526
steuben,ME,44.510980,-67.966620,1171
steubenville,OH,40.369790,-80.633960,18219
stevens,PA,40.216200,-76.155230,612
stevens point,WI,44.523580,-89.574560,26604
stevenson,AL,34.868690,-85.839420,1991
stevenson,WA,45.695670,-121.884520,1497
stevenson ranch,CA,34.390480,-118.573720,17557
stevensville,MD,38.980670,-76.314400,6803
stevensville,MI,42.014490,-86.519470,1119
stevensville,MT,46.509920,-114.093160,1922
stewardson,IL,39.263100,-88.629780,716
stewart,MN,44.724680,-94.485820,550
stewart manor,NY,40.719270,-73.688460,1914
stewartstown,NH,45.006160,-71.507860,964
stewartstown,PA,39.753710,-76.591360,2305
stewartsville,MO,39.750830,-94.496620,735
stewartville,AL,33.079290,-86.244420,1767
stewartville,MN,43.855520,-92.488510,6037
stickney,IL,41.821420,-87.782830,6786
stigler,OK,35.253710,-95.123020,2766
stiles,PA,40.665370,-75.508240,1113
stillman valley,IL,42.107250,-89.179270,1072
stillmore,GA,32.442120,-82.215120,528
stillwater,MN,45.056360,-92.806040,18924
stillwater,NY,42.938410,-73.653170,1732
stillwater,OK,36.115610,-97.058370,48967
stilwell,OK,35.814530,-94.628560,4016
stimson crossing,WA,48.122880,-122.183200,857
stinnett,TX,35.826980,-101.442940,1856
stinson beach,CA,37.900480,-122.644430,632
stock island,FL,24.567090,-81.738420,3919
stockbridge,GA,33.544280,-84.233810,28202
stockbridge,MA,42.287590,-73.320390,2316
stockbridge,MI,42.451150,-84.180510,1232
stockbridge,WI,44.071660,-88.298990,632
stockdale,PA,40.083410,-79.848100,505
stockdale,TX,29.236910,-97.960000,1564
stockertown,PA,40.753990,-75.262120,916
stockton,CA,37.957700,-121.290780,305658
stockton,IL,42.349740,-90.006790,1792
stockton,KS,39.438070,-99.265100,1322
stockton,MN,44.027460,-91.769870,721
stockton,MO,37.698930,-93.796040,1859
stockton,NJ,40.407880,-74.978220,524
stockton,UT,40.452720,-112.360780,642
stockton springs,ME,44.489520,-68.856980,1540
stockville,NE,40.532790,-100.383480,24
stockwell,IN,40.286150,-86.770840,545
stoddard,NH,43.078690,-72.114530,988
stoddard,WI,43.661910,-91.218470,815
stokesdale,NC,36.237080,-79.979480,5340
stone harbor,NJ,39.050950,-74.757940,836
stone mountain,GA,33.808160,-84.170200,6109
stone park,IL,41.905590,-87.883670,4931
stone ridge,NY,41.853150,-74.139030,1173
stoneboro,PA,41.339220,-80.105060,1015
stonecrest,GA,33.708490,-84.134850,50000
stonegate,CA,33.705340,-117.740090,18938
stonegate,CO,39.530820,-104.803860,8962
stoneham,MA,42.480100,-71.099500,21437
stoneville,NC,36.466530,-79.906980,1038
stonewall,LA,32.281830,-93.824070,2093
stonewall,MS,32.131810,-88.793380,1031
stonewall,TX,30.236040,-98.664480,505
stonewood,WV,39.250920,-80.312310,1766
stonewood-pentwood-winston,MD,39.348030,-76.588850,765
stonington,CT,41.335930,-71.905900,908
stonington,IL,39.640040,-89.192860,890
stonington,ME,44.156190,-68.666690,1198
stony brook,NY,40.925650,-73.140940,13740
stony creek mills,PA,40.345650,-75.869930,1045
stony point,MI,42.496980,-85.426680,1849
stony point,NC,35.863470,-81.047300,1317
stony point,NY,41.229540,-73.987080,12147
stony prairie,OH,41.345000,-83.141000,1284
stonybrook,PA,39.987040,-76.644130,2384
storm lake,IA,42.641090,-95.209720,10910
stormstown,PA,40.793390,-78.016670,2366
storrs,CT,41.808430,-72.249520,15344
story,WY,44.574690,-106.886730,828
story city,IA,42.187210,-93.595770,3438
stottville,NY,42.286200,-73.738730,1375
stouchsburg,PA,40.380090,-76.232170,600
stoughton,MA,42.125100,-71.102270,26915
stoughton,WI,42.916950,-89.217890,13067
stoutsville,OH,39.604790,-82.829060,566
stover,MO,38.440860,-92.991870,1074
stow,MA,42.437040,-71.505620,6005
stow,OH,41.159500,-81.440390,34797
stowe,PA,40.252600,-75.677410,3695
stowe,VT,44.465330,-72.684560,4314
stowell,TX,29.789940,-94.383240,1756
strafford,MO,37.268380,-93.117130,2361
strafford,NH,43.327030,-71.184230,3862
strasburg,CO,39.738320,-104.323290,2447
strasburg,OH,40.594780,-81.526790,2679
strasburg,PA,39.983160,-76.184120,2906
strasburg,VA,38.988720,-78.358620,6586
stratford,CA,36.189400,-119.823190,1277
stratford,CT,41.184540,-73.133170,51384
stratford,IA,42.271370,-93.927170,725
stratford,NH,44.655050,-71.555640,1003
stratford,NJ,39.826780,-75.015450,7013
stratford,OK,34.796750,-96.959460,1535
stratford,TX,36.336140,-102.072120,2073
stratford,WI,44.801080,-90.079300,1577
stratham station,NH,43.052870,-70.895330,6949
strathmoor village,KY,38.223130,-85.677740,663
strathmore,CA,36.145510,-119.060660,2819
strathmore,NJ,40.395940,-74.213480,7258
stratmoor,CO,38.773880,-104.779700,6900
strattanville,PA,41.202290,-79.327540,525
stratton,CO,39.303330,-102.604650,659
strawberry,AZ,34.407810,-111.493480,961
strawberry,CA,37.896870,-122.508860,5393
strawberry mansion,PA,39.983450,-75.182680,15778
strawberry point,IA,42.683600,-91.534030,1236
strawn,TX,32.552070,-98.498110,643
streamwood,IL,42.025580,-88.178410,40554
streator,IL,41.120870,-88.835350,13182
streetsboro,OH,41.239220,-81.345940,16312
strodes mills,PA,40.550910,-77.673050,757
stromsburg,NE,41.114180,-97.598940,1132
strong,AR,33.107630,-92.334860,558
strong,ME,44.807560,-70.220900,1309
stronghurst,IL,40.746980,-90.904030,837
strongsville,OH,41.314500,-81.835690,44668
stroud,OK,35.748680,-96.658070,2767
stroudsburg,PA,40.986760,-75.194620,5444
strum,WI,44.549690,-91.392660,1125
struthers,OH,41.052560,-80.607850,10375
stryker,OH,41.503660,-84.414120,1309
strykersville,NY,42.705060,-78.448350,647
stuart,FL,27.197550,-80.252830,16462
stuart,IA,41.503320,-94.318570,1602
stuart,NE,42.599170,-99.142600,597
stuart,VA,36.640970,-80.265610,1442
stuarts draft,VA,38.030140,-79.033640,9235
studio city,CA,34.148620,-118.396470,34034
sturbridge,MA,42.108430,-72.078690,2253
sturgeon,MO,39.234210,-92.280730,907
sturgeon,PA,40.384790,-80.210890,1710
sturgeon bay,WI,44.834160,-87.377040,8956
sturgis,KY,37.546710,-87.983910,1912
sturgis,MI,41.799220,-85.419150,10896
sturgis,SD,44.409710,-103.509080,6688
sturtevant,WI,42.698070,-87.894520,6960
stuttgart,AR,34.500370,-91.552630,9056
suamico,WI,44.631940,-88.039270,12187
subiaco,AR,35.292870,-93.634640,562
sublette,KS,37.481690,-100.843770,1384
sublimity,OR,44.829570,-122.794530,2870
succasunna,NJ,40.868430,-74.640440,9152
sudan,TX,34.067860,-102.524360,921
sudbury,MA,42.383430,-71.416170,17343
sudden valley,WA,48.722890,-122.346550,6441
sudley,VA,38.792890,-77.497490,16203
suffern,NY,41.114820,-74.149590,11001
suffield depot,CT,41.981210,-72.649810,1325
suffolk,VA,36.728360,-76.584960,88161
suffolk downs station,MA,42.389820,-70.997830,15000
sugar city,ID,43.872970,-111.748300,1328
sugar creek,MO,39.109730,-94.444670,3320
sugar grove,IL,41.761420,-88.443690,9512
sugar grove,PA,41.982560,-79.338660,604
sugar grove,VA,36.775670,-81.412330,758
sugar hill,GA,34.106490,-84.033520,21747
sugar hill,NH,44.215340,-71.799530,600
sugar land,TX,29.619680,-95.634950,88156
sugar notch,PA,41.197030,-75.928250,973
sugarcreek,OH,40.503120,-81.640960,2234
sugarcreek,PA,41.421450,-79.881170,5120
sugarcreek police dept,OH,40.502530,-81.641760,2220
sugarland run,VA,39.037610,-77.375260,11799
sugarmill woods,FL,28.732210,-82.506210,8287
suisun,CA,38.238250,-122.040240,28111
suitland,MD,38.848720,-76.923860,25825
suitland-silver hill,MD,38.846850,-76.925910,33515
sulligent,AL,33.901770,-88.134480,1844
sullivan,IL,39.599480,-88.607840,4494
sullivan,IN,39.095320,-87.405850,4155
sullivan,ME,44.520360,-68.196680,1232
sullivan,MO,38.208100,-91.160420,7135
sullivan,NH,43.013140,-72.220920,795
sullivan,WI,43.012790,-88.588160,671
sullivan city,TX,26.277570,-98.563630,4189
sullivans island,SC,32.763230,-79.836750,1791
sully,IA,41.578330,-92.844920,822
sulphur,LA,30.236590,-93.377380,20189
sulphur,OK,34.507870,-96.968350,5097
sulphur springs,AR,34.180650,-92.123480,1101
sulphur springs,TX,33.138450,-95.601070,16098
sultan,WA,47.862600,-121.816510,4798
sultana,CA,36.545510,-119.340120,775
sumas,WA,49.000120,-122.264880,1373
sumiton,AL,33.755660,-87.050000,2418
summerdale,AL,30.487700,-87.699710,1128
summerfield,MD,38.904540,-76.868300,10898
summerfield,NC,36.208750,-79.904760,10861
summerland,CA,34.421380,-119.596520,1448
summerlin south,NV,36.117080,-115.330010,24085
summerset,SD,44.189980,-103.343840,2239
summerside,OH,39.104780,-84.288270,5083
summersville,KY,37.326170,-85.544410,568
summersville,WV,38.281220,-80.852600,3478
summerton,SC,33.608220,-80.351200,965
summertown,TN,35.434800,-87.312790,866
summerville,GA,34.480640,-85.347730,4452
summerville,PA,41.116180,-79.186710,519
summerville,SC,33.018500,-80.175650,48848
summit,AR,36.252290,-92.690720,579
summit,AZ,32.067020,-110.951480,5372
summit,IL,41.788090,-87.810330,11389
summit,MS,31.283790,-90.468430,1682
summit,NJ,40.715620,-74.364680,22074
summit,WA,47.161770,-122.357070,7985
summit hill,PA,40.824810,-75.871030,2952
summit park,UT,40.745780,-111.611590,7775
summit view,WA,47.136320,-122.352020,7236
summitview,WA,46.596510,-120.642010,967
summitville,IN,40.338650,-85.644420,989
sumner,IA,42.847480,-92.091560,2009
sumner,IL,38.716990,-87.861420,3183
sumner,ME,44.392010,-70.438390,888
sumner,WA,47.203160,-122.240400,9700
sumrall,MS,31.417390,-89.542290,1711
sumter,SC,33.920440,-80.341470,40816
sun city,AZ,33.597540,-112.271820,37499
sun city,CA,33.709190,-117.197260,19579
sun city center,FL,27.718090,-82.351760,19258
sun city west,AZ,33.661980,-112.341270,24535
sun lakes,AZ,33.211160,-111.875420,13975
sun prairie,MT,47.536900,-111.481360,1630
sun prairie,WI,43.183600,-89.213730,32365
sun river terrace,IL,41.126980,-87.735590,518
sun valley,AZ,34.254200,-111.261250,1755
sun valley,ID,43.697130,-114.351720,1422
sun valley,NV,39.596300,-119.776020,19299
sun valley,PA,40.982030,-75.466020,2399
sun village,CA,34.559520,-117.956760,11565
sunapee,NH,43.387570,-72.087860,3254
sunbright,TN,36.243410,-84.669940,545
sunbury,OH,40.242560,-82.859070,5097
sunbury,PA,40.862590,-76.794410,9652
suncoast estates,FL,26.711740,-81.868970,4384
suncook,NH,43.130640,-71.453120,5379
sundance,WY,44.406370,-104.375780,1272
sunderland,MA,42.244540,-71.771740,3843
sundown,TX,33.456210,-102.489360,1422
sunfield,MI,42.762260,-84.992500,583
sunfish lake,MN,44.870800,-93.098550,538
sunflower,MS,33.542900,-90.537030,1075
sunland,CA,34.266950,-118.302300,15316
sunland park,NM,31.796500,-106.579990,15940
sunman,IN,39.237000,-85.094680,1039
sunny isles beach,FL,25.950650,-80.122820,22123
sunnyside,CA,36.731000,-119.695000,4235
sunnyside,GA,31.239380,-82.342070,1303
sunnyside,NY,40.739820,-73.935420,49833
sunnyside,WA,46.323740,-120.008650,16325
sunnyside-tahoe city,CA,39.150230,-120.161200,1557
sunnyslope,CA,34.011960,-117.433380,5153
sunnyslope,WA,47.472900,-120.336740,3252
sunnyvale,CA,37.368830,-122.036350,155805
sunnyvale,TX,32.796520,-96.560820,6044
sunol,CA,37.594380,-121.888570,913
sunray,TX,36.016700,-101.824620,1931
sunrise,FL,26.133970,-80.113100,84439
sunrise beach village,TX,30.599630,-98.410030,731
sunrise lake,PA,41.309810,-74.966560,1387
sunrise manor,NV,36.211080,-115.073060,189372
sunriver,OR,43.884010,-121.438640,1393
sunset,FL,25.705940,-80.352280,16389
sunset,LA,30.411310,-92.068450,2967
sunset,UT,41.136330,-112.031050,5183
sunset bay,NY,42.563110,-79.133370,660
sunset beach,CA,33.716410,-118.068950,971
sunset beach,NC,33.880730,-78.512230,3801
sunset beach-pūpūkea,HI,21.662230,-158.054060,5235
sunset hills,MO,38.538940,-90.407340,8539
sunset park,NY,40.645480,-74.012410,126000
sunset valley,TX,30.225760,-97.803620,749
sunset village,GA,32.897910,-84.403810,846
sunshine ranches,FL,26.045920,-80.328940,1884
superior,AZ,33.293950,-111.096230,2943
superior,CO,39.952760,-105.168600,12980
superior,MT,47.191590,-114.891800,839
superior,NE,40.020850,-98.070040,1884
superior,WI,46.720770,-92.104080,26579
superior village,WI,46.656890,-92.104360,558
supreme,LA,29.859370,-90.981210,1052
suquamish,WA,47.731210,-122.552360,4140
surf city,NC,34.427110,-77.546080,2193
surf city,NJ,39.662060,-74.165140,1204
surfside,FL,25.878430,-80.125600,6024
surfside beach,SC,33.606000,-78.973090,4280
surfside beach,TX,28.944410,-95.288830,544
surgoinsville,TN,36.470930,-82.851830,1788
suring,WI,44.999160,-88.372050,527
surprise,AZ,33.630590,-112.333220,143148
surrey,ND,48.236400,-101.133490,1358
surry,ME,44.495910,-68.501690,1415
surry,NH,43.017860,-72.321200,717
surry,VA,37.137930,-76.835240,232
susan moore,AL,34.083710,-86.428320,770
susanville,CA,40.416280,-120.653010,15247
susitna north,AK,62.161290,-149.850750,1260
susquehanna,PA,41.943410,-75.599630,1809
susquehanna trails,PA,39.758720,-76.368020,2264
sussex,NJ,41.209820,-74.607660,2043
sussex,VA,36.915150,-77.279140,256
sussex,WI,43.133900,-88.222040,10753
sutersville,PA,40.236180,-79.799210,583
sutherland,IA,42.974140,-95.497510,618
sutherland,NE,41.156940,-101.126270,1336
sutherlin,OR,43.390120,-123.312580,7912
sutter,CA,39.159890,-121.752750,2904
sutter creek,CA,38.392970,-120.802440,2488
sutton,MA,42.150100,-71.762850,9215
sutton,NE,40.605570,-97.859210,1440
sutton,NH,43.334240,-71.951470,1644
sutton,WV,38.664540,-80.709820,984
sutton-alpine,AK,61.710410,-148.894070,1447
suttons bay,MI,44.976670,-85.650640,626
suwanee,GA,34.051490,-84.071300,18694
swainsboro,GA,32.597390,-82.333740,7471
swampscott,MA,42.470930,-70.917550,13787
swannanoa,NC,35.597890,-82.399840,4576
swanquarter,NC,35.406280,-76.329090,324
swansboro,NC,34.687660,-77.119120,3149
swansea,IL,38.533940,-89.988990,13543
swansea,MA,41.748160,-71.189770,16525
swansea,SC,33.738210,-81.097870,891
swanton,OH,41.588660,-83.891050,3886
swanton,VT,44.918100,-73.124300,2370
swanville,ME,44.521190,-68.997810,1411
swanzey,NH,42.869800,-72.281750,7224
swarthmore,PA,39.902060,-75.349910,6211
swartz,LA,32.568750,-91.985130,4536
swartz creek,MI,42.957250,-83.830510,5567
swartzville,PA,40.233150,-76.078280,2283
swayzee,IN,40.508370,-85.825540,952
swea city,IA,43.384400,-94.314970,521
swede heaven,WA,48.284270,-121.728190,768
swedesboro,NJ,39.747610,-75.310470,2613
sweeny,TX,29.038860,-95.698560,3771
sweet home,AR,34.686480,-92.242370,849
sweet home,OR,44.397620,-122.736200,9270
sweet springs,MO,38.963630,-93.414930,1467
sweetser,IN,40.571980,-85.769150,1196
sweetwater,FL,25.763430,-80.373110,20840
sweetwater,TN,35.601460,-84.461040,5931
sweetwater,TX,32.470950,-100.405940,10809
swepsonville,NC,36.021250,-79.361410,1204
swift trail junction,AZ,32.729790,-109.713970,2935
swifton,AR,35.821740,-91.128460,756
swink,CO,38.014450,-103.628280,594
swisher,IA,41.845560,-91.692950,943
swissvale,PA,40.423680,-79.882830,8855
switzer,WV,37.793160,-81.987620,595
swoyersville,PA,41.291750,-75.874640,4984
sycamore,GA,31.674350,-83.637390,674
sycamore,IL,41.988920,-88.686750,17712
sycamore,OH,40.949780,-83.170750,837
sycamore hills,MO,38.700880,-90.349840,670
sykesville,MD,39.373710,-76.967760,4412
sykesville,PA,41.050340,-78.822250,1135
sylacauga,AL,33.173170,-86.251640,12657
sylmar,CA,34.307780,-118.449250,79614
sylva,NC,35.373710,-83.225980,2617
sylvan,WI,43.422480,-90.628180,542
sylvan beach,NY,42.464790,-77.108300,1059
sylvan lake,MI,42.611420,-83.328550,1785
sylvan springs,AL,33.515660,-87.014990,1524
sylvania,AL,34.562310,-85.812470,1854
sylvania,GA,32.750440,-81.636780,2538
sylvania,OH,41.718940,-83.712990,18965
sylvester,GA,31.530920,-83.836930,6049
symsonia,KY,36.920340,-88.520040,615
syosset,NY,40.826210,-73.502070,18829
syracuse,IN,41.427830,-85.752490,2877
syracuse,KS,37.980710,-101.754300,1663
syracuse,NE,40.657220,-96.186400,1993
syracuse,NY,43.048120,-76.147420,144142
syracuse,OH,38.997580,-81.974030,821
syracuse,UT,41.089390,-112.064670,27395
tabor,IA,40.898330,-95.671390,979
tabor city,NC,34.148780,-78.876690,3927
tacna,AZ,32.697550,-113.953540,602
tacoma,WA,47.252880,-122.444290,222906
taconite,MN,47.312720,-93.382150,642
tacony,PA,40.031220,-75.044340,17846
taft,CA,35.142470,-119.456510,9495
taft,FL,28.429730,-81.365070,2205
taft,TX,27.978910,-97.398600,3091
taft heights,CA,35.134690,-119.472620,1949
taft mosswood,CA,37.913850,-121.283160,1530
taft southwest (historical),TX,27.973910,-97.403050,1460
tahlequah,OK,35.915370,-94.969960,16598
tahoe vista,CA,39.239910,-120.051020,1433
tahoka,TX,33.166760,-101.793770,2570
taholah,WA,47.347300,-124.293240,840
tahoma,CA,39.067410,-120.128240,1191
tainter lake,WI,44.989130,-91.847670,2242
takoma park,MD,38.977890,-77.007480,17713
talbotton,GA,32.677640,-84.539370,887
talco,TX,33.362610,-95.104660,513
talent,OR,42.245680,-122.788650,6411
talihina,OK,34.751490,-95.048020,1097
talkeetna,AK,62.323890,-150.109440,876
talladega,AL,33.435940,-86.105800,15709
tallahassee,FL,30.438260,-84.280730,201731
tallapoosa,GA,33.744550,-85.288010,3171
tallassee,AL,32.535970,-85.893290,4778
tallmadge,OH,41.101450,-81.441780,17512
tallulah,LA,32.408480,-91.186780,6995
talmage,CA,39.133230,-123.167780,1130
talmo,GA,31.313260,-82.569030,572
taloga,OK,36.038650,-98.963710,314
talpa,NM,36.341410,-105.596960,778
talty,TX,32.683190,-96.385540,1927
tama,IA,41.966660,-92.576860,2819
tamalpais valley,CA,37.879650,-122.545810,7000
tamalpais-homestead valley,CA,37.878340,-122.536250,10735
tamaqua,PA,40.797310,-75.969370,6829
tamarac,FL,26.212860,-80.249770,64681
tamaroa,IL,38.137830,-89.230080,613
tamiami,FL,25.758710,-80.398390,55271
tampa,FL,27.947520,-82.458430,414547
tampico,IL,41.630310,-89.786220,759
tamworth,NH,43.859800,-71.263130,2673
tanaina,AK,61.626940,-149.428060,8197
taneytown,MD,39.657880,-77.174430,6746
tangelo park,FL,28.455840,-81.445900,2231
tangent,OR,44.541230,-123.108150,1220
tangerine,FL,28.764990,-81.630630,2865
tangier,VA,37.826240,-75.991600,726
tangipahoa,LA,30.876020,-90.512040,808
tanglewilde,WA,47.051500,-122.782410,5892
tanglewilde-thompson place,WA,47.051160,-122.780810,5892
tanner,WA,47.475380,-121.746220,1018
tannersville,NY,42.195640,-74.133750,512
tannersville,PA,41.040090,-75.305740,2784
tanque verde,AZ,32.251740,-110.737310,16901
tantalus,HI,21.308560,-157.828370,2023
taos,MO,38.506430,-92.071010,1134
taos,NM,36.407250,-105.573070,5740
taos pueblo,NM,36.438640,-105.544450,1135
tappahannock,VA,37.925410,-76.859130,2387
tappan,NY,41.022040,-73.947360,6613
tara hills,CA,37.993530,-122.316360,5126
tarboro,NC,35.896820,-77.535800,11164
tarentum,PA,40.601460,-79.759770,4462
tariffville,CT,41.908710,-72.760100,1324
tarkio,MO,40.440280,-95.377760,1477
tarpey village,CA,36.793010,-119.700970,3888
tarpon springs,FL,28.146120,-82.756770,24605
tarrant,AL,33.583440,-86.772770,6210
tarrytown,NY,41.076210,-73.858750,11560
tatamy,PA,40.740930,-75.257120,1131
tatum,NM,33.257060,-103.317730,857
tatum,TX,32.315990,-94.516590,1379
taunton,MA,41.900100,-71.089770,56789
tavares,FL,28.804160,-81.725630,15430
tavernier,FL,25.011520,-80.515060,2136
tawas city,MI,44.269460,-83.514700,1786
taycheedah,WI,43.808880,-88.395110,704
taylor,AL,31.164900,-85.468270,2402
taylor,AR,33.100410,-93.461010,545
taylor,AZ,34.465040,-110.091230,4151
taylor,MI,42.240870,-83.269650,61568
taylor,NE,41.770280,-99.378720,177
taylor,PA,41.394800,-75.706580,6025
taylor,TX,30.570760,-97.409440,16702
taylor creek,FL,27.216710,-80.789500,4348
taylor lake village,TX,29.575230,-95.050210,3656
taylor mill,KY,38.997560,-84.496330,6769
taylor springs,IL,39.130880,-89.492030,673
taylors,SC,34.920390,-82.296230,21617
taylors falls,MN,45.401910,-92.652430,1014
taylorsville,IN,39.295880,-85.950830,919
taylorsville,KY,38.031730,-85.342450,1028
taylorsville,MS,31.829600,-89.428120,1302
taylorsville,NC,35.921800,-81.176470,2078
taylorsville,UT,40.667720,-111.938830,60514
taylortown,NC,35.207660,-79.485870,816
taylorville,IL,39.548940,-89.294530,10873
tazewell,TN,36.454250,-83.569350,2288
tazewell,VA,37.114840,-81.519550,4421
tchula,MS,33.182900,-90.222860,2006
tea,SD,43.446370,-96.835880,4839
teague,TX,31.627110,-96.283860,3572
teaneck,NJ,40.897600,-74.015970,40078
teaticket,MA,41.564550,-70.595860,1692
teays valley,WV,38.450090,-81.929300,13175
tecumseh,IN,39.563090,-87.421690,658
tecumseh,MI,42.003930,-83.944940,8372
tecumseh,NE,40.366670,-96.196120,1626
tecumseh,OK,35.257850,-96.936690,6630
tedder,FL,26.284250,-80.122270,2299
teec nos pos,AZ,36.921110,-109.085660,730
tega cay,SC,35.024310,-81.027850,9608
tehachapi,CA,35.132190,-118.448970,13021
tekamah,NE,41.778320,-96.221130,1743
tekoa,WA,47.223230,-117.072120,792
tekonsha,MI,42.093380,-84.985810,704
telford,PA,40.322050,-75.327950,4861
telford,TN,36.248990,-82.545150,921
tell city,IN,37.951440,-86.767770,7255
tellico plains,TN,35.362860,-84.294090,942
tellico village,TN,35.683210,-84.255180,5791
telluride,CO,37.937490,-107.812290,2399
temecula,CA,33.493640,-117.148360,110003
temelec,CA,38.266580,-122.492760,1441
tempe,AZ,33.414770,-111.909310,175826
tempe junction,AZ,33.414210,-111.943480,158368
temperance,MI,41.779210,-83.568820,8517
temple,GA,33.737050,-85.032440,4313
temple,ME,44.685060,-70.226450,595
temple,NH,42.818140,-71.851470,1381
temple,OK,34.272030,-98.235880,969
temple,PA,40.408700,-75.921600,1877
temple,TX,31.098230,-97.342780,72277
temple city,CA,34.107230,-118.057850,36365
temple hills,MD,38.814000,-76.945530,7852
temple terrace,FL,28.035300,-82.389260,25731
templeton,CA,35.549690,-120.706000,7674
templeton,MA,42.555640,-72.067580,6918
ten hills,MA,42.396760,-71.087000,7062
ten hills,MD,39.284270,-76.701080,1280
ten mile run,NJ,40.413010,-74.602230,1959
tenafly,NJ,40.925380,-73.962920,14880
tenaha,TX,31.943780,-94.244090,1152
tenino,WA,46.856770,-122.852910,1749
tenleytown,DC,38.947000,-77.080000,5684
tennessee ridge,TN,36.312000,-87.773360,1329
tennille,GA,32.935990,-82.811530,1773
tequesta,FL,26.959000,-80.088000,5629
terra alta,WV,39.445650,-79.546440,1493
terra bella,CA,35.962450,-119.044270,3310
terra mar,FL,26.216190,-80.095320,2909
terrace heights,NY,40.721490,-73.769300,15421
terrace heights,WA,46.606240,-120.439790,6937
terrace park,OH,39.159230,-84.307160,2245
terramuggus,CT,41.635100,-72.470360,1025
terre du lac,MO,37.911720,-90.625410,2320
terre haute,IN,39.466700,-87.413910,60825
terre haute,MO,40.439460,-93.234100,2320
terre hill,PA,40.157320,-76.050500,1382
terrebonne,OR,44.352900,-121.177810,1257
terrell,TX,32.735960,-96.275260,16981
terrell hills,TX,29.474950,-98.450850,5287
terry,MS,32.096260,-90.294260,1103
terry,MT,46.793060,-105.312210,597
terrytown,LA,29.910210,-90.032570,23319
terrytown,NE,41.847470,-103.661610,1172
terryville,CT,41.678150,-73.010940,5387
terryville,NY,40.908990,-73.065110,11849
tesuque,NM,35.761700,-105.932520,925
teton,ID,43.886580,-111.677740,709
teutopolis,IL,39.133100,-88.471990,1586
teviston,CA,35.928940,-119.278310,1214
tewksbury,MA,42.610650,-71.234220,29326
texanna,OK,35.347320,-95.436920,2261
texarkana,AR,33.441790,-94.037690,30353
texarkana,TX,33.425130,-94.047690,37280
texas city,TX,29.383850,-94.902700,47618
texhoma,OK,36.505030,-101.782940,969
texico,NM,34.388690,-103.051340,1119
texline,TX,36.377810,-103.024100,525
thatcher,AZ,32.849230,-109.759250,4992
thatcher,UT,41.693820,-112.294120,789
thaxton,MS,34.307610,-89.178130,656
thayer,IL,39.538110,-89.763150,681
thayer,MO,36.524510,-91.538200,2245
the acreage,FL,26.794040,-80.267490,38704
the bronx,NY,40.849850,-73.866410,1385108
the colony,TX,33.089010,-96.886390,41779
the crossings,FL,25.670660,-80.401170,22758
the dalles,OR,45.594560,-121.178680,15340
the galena territory,IL,42.393430,-90.325820,1058
the hammocks,FL,25.671490,-80.444500,51003
the hideout,PA,41.427360,-75.352550,3013
the hills,TX,30.347980,-97.985010,2573
the lakes,MN,44.138290,-95.665290,667
the meadows,FL,27.361710,-82.468980,3994
the orchards,MD,39.367630,-76.628720,566
the parks at walter reed,DC,38.973990,-77.029560,8252
the pinehills,MA,41.888190,-70.599970,955
the pinery,CO,39.455270,-104.734420,10517
the plains,OH,39.368960,-82.132370,3080
the silos,MT,46.389000,-111.585650,506
the trails of frisco,TX,33.160870,-96.871820,51059
the village,OK,35.560890,-97.551430,9400
the village of indian hill,OH,39.179490,-84.335170,5798
the villages,FL,28.934080,-81.959940,51442
the wharf,DC,38.879130,-77.024910,11274
the woodlands,TX,30.157990,-95.489380,93847
thedford,NE,41.978330,-100.576250,200
theodore,AL,30.547690,-88.175280,6130
theresa,NY,44.215330,-75.797170,843
theresa,WI,43.517220,-88.451210,1213
thermal,CA,33.640300,-116.139450,2865
thermalito,CA,39.511280,-121.586920,6646
thermopolis,WY,43.646070,-108.212040,2974
thibodaux,LA,29.795760,-90.822870,14584
thief river falls,MN,48.119140,-96.181150,8752
thiells,NY,41.210650,-74.017640,5032
thiensville,WI,43.237510,-87.978700,3174
third lake,IL,42.373910,-88.010910,1189
thomas,OK,35.744220,-98.747580,1244
thomas,WV,39.149000,-79.498110,565
thomasboro,IL,40.241700,-88.184210,1133
thomaston,CT,41.673990,-73.073160,1910
thomaston,GA,32.888190,-84.326590,9032
thomaston,ME,44.078970,-69.181710,1875
thomaston,NY,40.786210,-73.713740,2639
thomasville,AL,31.913490,-87.735840,4051
thomasville,GA,30.836580,-83.978780,18742
thomasville,NC,35.882640,-80.081990,27061
thompson,CT,41.958710,-71.862570,9358
thompson,ND,47.773590,-97.109800,1005
thompson falls,MT,47.594890,-115.338340,1332
thompson's station,TN,35.802010,-86.911390,3801
thompsontown,PA,40.564530,-77.237210,680
thompsonville,CT,41.997040,-72.598980,8577
thompsonville,IL,37.917550,-88.762280,536
thompsonville,MA,42.315380,-71.184220,3623
thompsonville,PA,40.290900,-80.108110,3520
thomson,GA,33.470690,-82.504570,6689
thomson,IL,41.958920,-90.099290,562
thonotosassa,FL,28.061410,-82.302310,13014
thoreau,NM,35.402530,-108.223400,1865
thorndale,PA,39.992880,-75.745220,3407
thorndale,TX,30.613810,-97.205550,1316
thorndike,ME,44.578130,-69.275880,740
thornport,OH,39.913120,-82.410990,1004
thornton,CA,38.226030,-121.424670,1131
thornton,CO,39.868040,-104.971920,133451
thornton,IL,41.568090,-87.608100,2492
thornton,NH,43.892850,-71.675910,1963
thornton,TX,31.411010,-96.572200,523
thorntonville,TX,31.582910,-102.920710,518
thorntown,IN,40.129480,-86.606670,1485
thornville,OH,39.896450,-82.420150,997
thornwood,NY,41.123430,-73.779020,3759
thorp,WI,44.961080,-90.799860,1624
thorsby,AL,32.915680,-86.715820,2044
thousand oaks,CA,34.170560,-118.837590,129339
thousand palms,CA,33.820020,-116.390290,7715
thrall,TX,30.590480,-97.296940,920
three forks,MT,45.892430,-111.552190,1926
three lakes,FL,25.642050,-80.398390,15047
three lakes,WA,47.944820,-122.011520,3184
three lakes,WI,45.798290,-89.162900,605
three oaks,FL,26.470080,-81.793970,3592
three oaks,MI,41.798650,-86.610580,1579
three points,AZ,32.076750,-111.313710,5581
three rivers,CA,36.438840,-118.904540,2182
three rivers,MA,42.181200,-72.360640,2890
three rivers,MI,41.943940,-85.632490,7752
three rivers,OR,43.820120,-121.469190,3014
three rivers,TX,28.460270,-98.182510,1971
three way,TN,35.775900,-88.859500,1681
throckmorton,TX,33.178720,-99.177580,797
throgs neck,NY,40.822600,-73.819580,33683
throop,PA,41.451470,-75.611850,3960
thunderbolt,GA,32.033540,-81.049830,2622
thurmond,NC,36.366520,-80.928410,1611
thurmont,MD,39.623710,-77.410820,6454
thurston,OH,39.840340,-82.545990,610
tiburon,CA,37.873540,-122.456640,9214
tice,FL,26.674790,-81.815080,4470
tichigan,WI,42.828900,-88.197590,5133
tickfaw,LA,30.577600,-90.484430,744
ticonderoga,NY,43.848670,-73.423450,3382
tidioute,PA,41.685060,-79.403100,673
tierra amarilla,NM,36.700290,-106.549760,382
tierra buena,CA,39.148780,-121.666910,5797
tierra verde,FL,27.691970,-82.723430,3721
tieton,WA,46.702070,-120.755350,1253
tiffin,IA,41.705850,-91.662950,2657
tiffin,OH,41.114500,-83.177970,17687
tifton,GA,31.450460,-83.508500,16725
tigard,OR,45.431230,-122.771490,51253
tiger point,FL,30.378530,-87.055520,3090
tigerton,WI,44.740810,-89.063170,721
tigerville,SC,35.068450,-82.368450,1312
tignall,GA,33.867620,-82.741250,513
tijeras,NM,35.080880,-106.388080,541
tiki island,TX,29.297090,-94.917090,1026
tilden,IL,38.211990,-89.682600,893
tilden,NE,42.047230,-97.833950,939
tilden,TX,28.461940,-98.549180,261
tildenville,FL,28.542000,-81.604000,511
tilghman island,MD,38.703730,-76.338560,784
tillamook,OR,45.456400,-123.845530,4997
tillmans corner,AL,30.590190,-88.170840,17398
tillson,NY,41.828980,-74.068480,1586
tilton,IL,40.095310,-87.647520,2626
tilton,NH,43.442300,-71.588960,3612
tilton-northfield,NH,43.443000,-71.593640,3075
tiltonsville,OH,40.166740,-80.699800,1320
timber lake,SD,45.429150,-101.074030,483
timber lakes,UT,40.473290,-111.247670,607
timber pines,FL,28.470280,-82.603160,5386
timberlake,OH,41.665880,-81.443170,660
timberlake,VA,37.320700,-79.257530,12183
timberlane,IL,42.334740,-88.861210,949
timberlane,LA,29.877430,-90.032020,10243
timberville,VA,38.639010,-78.773910,2603
timberwood park,TX,29.694380,-98.497410,13447
times square,NY,40.756360,-73.986440,17749
timmonsville,SC,34.134880,-79.939790,2378
timnath,CO,40.529150,-104.985250,625
timonium,MD,39.437050,-76.619690,9925
timpson,TX,31.903780,-94.395200,1149
tinicum,PA,40.448440,-75.107670,4350
tinley park,IL,41.573370,-87.784490,57143
tinton falls,NJ,40.304280,-74.100420,17772
tioga,ND,48.397240,-102.938240,1643
tioga,PA,41.908680,-77.133030,662
tioga,TX,33.466780,-96.918340,862
tionesta,PA,41.495340,-79.455880,451
tipp city,OH,39.958390,-84.172160,9899
tipton,CA,36.059400,-119.312060,2543
tipton,IA,41.769740,-91.127930,3200
tipton,IN,40.282260,-86.041100,5144
tipton,MO,38.655580,-92.779920,3377
tipton,OK,34.502850,-99.140910,794
tipton,PA,40.635900,-78.295850,1083
tiptonville,TN,36.378400,-89.472020,4352
tishomingo,OK,34.236210,-96.678610,3075
tiskilwa,IL,41.292260,-89.506200,791
titusville,FL,28.612220,-80.807550,45393
titusville,NY,41.667590,-73.874020,811
titusville,PA,41.627000,-79.673660,5389
tiverton,RI,41.625940,-71.213380,7557
tivoli,NY,42.058420,-73.909300,1099
toast,NC,36.500410,-80.626450,1450
tobaccoville,NC,36.238190,-80.371440,2584
toccoa,GA,34.577320,-83.332390,8283
todd creek,CO,39.978040,-104.873310,3768
toftrees,PA,40.826040,-77.881100,2053
togiak,AK,59.061940,-160.376390,842
tohatchi,NM,35.858900,-108.761470,808
tok,AK,63.336670,-142.985560,1258
toksook bay,AK,60.533780,-165.103660,622
tolar,TX,32.389030,-97.920590,828
toledo,IA,41.995550,-92.576860,2202
toledo,IL,39.273650,-88.243650,1221
toledo,OH,41.663940,-83.555210,265638
toledo,OR,44.621510,-123.938450,3511
toledo,WA,46.439830,-122.846780,727
tolland,CT,41.871490,-72.368690,14891
tolleson,AZ,33.450040,-112.259320,7008
tolono,IL,39.986140,-88.258940,3479
toluca,IL,41.002260,-89.133420,1330
tom bean,TX,33.520110,-96.483870,1055
tomah,WI,43.978580,-90.504020,9357
tomahawk,WI,45.471080,-89.729860,3223
tomball,TX,30.097160,-95.616050,11540
tombstone,AZ,31.712870,-110.067580,1312
tome,NM,34.740890,-106.728360,1867
tompkinsville,KY,36.702280,-85.691640,2289
tompkinsville,NY,40.638120,-74.077950,8343
toms river,NJ,39.953730,-74.197920,88791
tonalea,AZ,36.322490,-110.963480,549
tonasket,WA,48.705150,-119.439500,1016
tonawanda,NY,43.020330,-78.880310,14907
tonganoxie,KS,39.109720,-95.087750,5248
tonica,IL,41.215870,-89.066750,738
tonka bay,MN,44.908570,-93.593010,1537
tonkawa,OK,36.678370,-97.310040,3126
tonopah,NV,38.067160,-117.230080,2478
tontitown,AR,36.177860,-94.233540,2811
tonto basin,AZ,33.831710,-111.294570,1424
tooele,UT,40.530780,-112.298280,33157
tool,TX,32.267920,-96.170250,2268
toomsuba,MS,32.418470,-88.506980,773
topanga,CA,34.093620,-118.601470,8289
topaz ranch estates,NV,38.735650,-119.500790,1501
topeka,IN,41.539220,-85.539710,1200
topeka,KS,39.048330,-95.678040,125963
toppenish,WA,46.377350,-120.308670,8995
topsfield,MA,42.637590,-70.949500,2717
topsham,ME,43.927580,-69.975880,5931
topton,PA,40.503430,-75.701300,2062
toquerville,UT,37.253320,-113.284670,1493
tornado,WV,38.342870,-81.844300,1081
tornillo,TX,31.445400,-106.088310,1568
toro canyon,CA,34.420000,-119.567070,1508
toronto,OH,40.464230,-80.600910,4882
torrance,CA,33.835850,-118.340630,143592
torresdale,PA,40.054830,-75.004340,10836
torrington,CT,41.800650,-73.121220,34906
torrington,WY,42.062460,-104.184390,6669
tortolita,AZ,32.410350,-111.017320,4274
totowa,NJ,40.905100,-74.209870,10973
toughkenamon,PA,39.831500,-75.757440,1492
toulon,IL,41.093650,-89.864830,1248
towamensing trails,PA,41.007870,-75.584630,2292
towanda,KS,37.797520,-96.999760,1428
towanda,PA,41.767580,-76.442720,2812
towanda-grantley,MD,39.336020,-76.668580,988
towaoc,CO,37.204440,-108.729540,1087
tower city,PA,40.589250,-76.552460,1316
tower hill,IL,39.387820,-88.960630,590
tower lake,IL,42.231970,-88.152020,1283
town 'n' country,FL,28.010570,-82.577320,78442
town and country,MO,38.612280,-90.463450,11106
town and country,WA,47.727390,-117.421610,4857
town creek,AL,34.681200,-87.406130,1065
town line,NY,42.890610,-78.577800,2367
town of pines,IN,41.681980,-86.960310,706
towner,ND,48.345830,-100.405410,564
townsend,DE,39.395110,-75.691600,2177
townsend,MA,42.666760,-71.705070,1128
townsend,MT,46.319100,-111.520800,1959
townshend,VT,43.047300,-72.667590,1205
towson,MD,39.401500,-76.601910,55197
trabuco canyon,CA,33.662520,-117.590330,3000
tracy,CA,37.739870,-121.426180,87075
tracy,MN,44.233290,-95.619180,2117
tracy city,TN,35.260360,-85.736080,1440
tracyton,WA,47.608980,-122.655140,5233
traer,IA,42.193600,-92.465470,1655
trafalgar,IN,39.416160,-86.150820,1150
trafford,AL,33.818160,-86.742770,634
trafford,PA,40.385620,-79.758930,3144
trail,OR,42.648460,-122.810600,702
trail creek,IN,41.698370,-86.859200,2029
trainer,PA,39.827610,-75.414360,1844
tranquillity,CA,36.648840,-120.252660,799
trappe,MD,38.658450,-76.058000,1025
trappe,PA,40.198990,-75.476290,3553
traskwood,AR,34.449260,-92.654050,543
travelers rest,SC,34.967620,-82.443450,4994
traver,CA,36.455230,-119.484850,713
traverse city,MI,44.763060,-85.620630,15218
travilah,MD,39.069000,-77.263040,12159
travis ranch,TX,32.803560,-96.473470,2556
treasure island,FL,27.769190,-82.768990,6887
treasure lake,PA,41.173390,-78.715860,3861
trego,MT,48.705240,-114.869320,541
tremont,IL,40.527540,-89.492600,2175
tremont,MD,39.283220,-76.694490,889
tremont,ME,44.253690,-68.351410,1590
tremont,NY,40.849540,-73.905690,22870
tremont,PA,40.628420,-76.387180,1716
tremonton,UT,41.711870,-112.165510,8227
trempealeau,WI,44.005520,-91.442090,1615
trent woods,NC,35.082100,-77.086340,4189
trenton,FL,29.613290,-82.817620,2066
trenton,GA,34.872020,-85.509130,2238
trenton,IL,38.605600,-89.682040,2667
trenton,ME,44.438970,-68.370020,1424
trenton,MI,42.139490,-83.178260,18380
trenton,MO,40.078900,-93.616610,5896
trenton,NC,35.067100,-77.352740,287
trenton,NE,40.175550,-101.012940,561
trenton,NJ,40.217050,-74.742940,89620
trenton,OH,39.480890,-84.457720,12281
trenton,TN,35.980620,-88.941450,4134
trenton,TX,33.430670,-96.338590,628
trenton,UT,41.917700,-111.942450,507
trentwood,WA,47.696560,-117.210760,4450
tresckow,PA,40.913420,-75.966590,880
trevorton,PA,40.781200,-76.673020,1834
trevose,PA,40.146000,-74.985000,3550
trexlertown,PA,40.548150,-75.605740,1988
treynor,IA,41.232500,-95.613060,952
trezevant,TN,36.011450,-88.622830,841
tri-cities,WA,46.245400,-119.196170,244036
tri-city,OR,42.984560,-123.311730,3931
tri-lakes,IN,41.245880,-85.441920,1421
triadelphia,WV,40.052570,-80.628410,772
trial,MD,39.223480,-76.752550,1000
triana,AL,34.586200,-86.733330,525
triangle,VA,38.546790,-77.336650,8188
tribeca,NY,40.715380,-74.009310,7811
tribes hill,NY,42.955350,-74.285130,1003
tribune,KS,38.469740,-101.752670,793
trimble,MO,39.471110,-94.564680,640
trimble,TN,36.203120,-89.190900,623
trimont,MN,43.762180,-94.707200,715
trinidad,CO,37.169460,-104.500540,8153
trinidad,TX,32.144040,-96.091080,878
trinity,AL,34.606760,-87.088350,2157
trinity,FL,28.180850,-82.681770,10907
trinity,NC,35.894580,-79.990870,6669
trinity,TX,30.945190,-95.375500,2752
trion,GA,34.543970,-85.310510,1785
tripoli,IA,42.808040,-92.258230,1342
tripp,SD,43.225550,-97.965910,630
trooper,PA,40.149830,-75.401850,5744
trophy club,TX,32.997900,-97.183620,11759
tropic,UT,37.625260,-112.082140,512
trotwood,OH,39.797280,-84.311330,24096
troup,TX,32.144600,-95.120500,1966
trout lake,WA,45.997340,-121.528140,557
trout valley,IL,42.198080,-88.253420,529
troutdale,OR,45.539290,-122.387310,16631
troutman,NC,35.700690,-80.888130,2544
trowbridge park,MI,46.556600,-87.437360,2176
troy,AL,31.808770,-85.969950,18853
troy,ID,46.736840,-116.769600,880
troy,IL,38.729210,-89.883150,10036
troy,KS,39.783050,-95.089970,988
troy,ME,44.664790,-69.240880,1001
troy,MI,42.605590,-83.149930,83280
troy,MO,38.979490,-90.980700,11542
troy,MT,48.463280,-115.889620,877
troy,NC,35.358470,-79.894490,3427
troy,NH,42.823970,-72.181190,1221
troy,NY,42.728410,-73.691790,49906
troy,OH,40.039500,-84.203280,25659
troy,PA,40.915060,-78.216400,1454
troy,TN,36.338680,-89.163960,1318
troy,TX,31.206840,-97.302780,1843
truchas,NM,36.043640,-105.811680,560
truckee,CA,39.327960,-120.183250,16299
trucksville,PA,41.303970,-75.932140,2152
truesdale,MO,38.811710,-91.130430,730
truman,MN,43.827730,-94.437190,1069
trumann,AR,35.673690,-90.507330,7145
trumansburg,NY,42.542290,-76.666060,1828
trumbauersville,PA,40.410660,-75.378230,959
trumbull,CT,41.242870,-73.200670,36018
truro,MA,41.993440,-70.049750,2123
trussville,AL,33.619830,-86.608880,21023
truth or consequences,NM,33.128400,-107.252810,6079
tryon,NC,35.339860,-81.322030,1721
tryon,NE,41.552770,-100.957650,157
tryon,OK,35.869780,-96.963920,502
tsaile,AZ,36.303300,-109.215660,1205
tualatin,OR,45.384010,-122.763990,27154
tuba city,AZ,36.134990,-111.239860,8611
tubac,AZ,31.612590,-111.045920,1191
tuckahoe,NY,40.950380,-73.827360,6643
tuckahoe,VA,37.590150,-77.556380,44990
tucker,GA,33.854550,-84.217140,27581
tucker,MS,32.706520,-89.053950,662
tuckerman,AR,35.730630,-91.198460,1759
tuckerton,NJ,39.603170,-74.340150,3377
tucson,AZ,32.221740,-110.926480,542629
tucson estates,AZ,32.187580,-111.090930,12192
tucumcari,NM,35.171910,-103.726860,5025
tuftonboro,NH,43.696470,-71.222010,2288
tufts university,MA,42.407450,-71.119200,6877
tujunga,CA,34.252230,-118.288410,26527
tukwila,WA,47.473990,-122.260960,20018
tulalip,WA,48.068430,-122.291810,9246
tulalip bay,WA,48.037320,-122.310140,1609
tulare,CA,36.207730,-119.347340,62315
tularosa,NM,33.073970,-106.018600,2864
tulelake,CA,41.955990,-121.477490,994
tulia,TX,34.535890,-101.758520,4760
tullahoma,TN,35.362020,-86.209430,19128
tully,NY,42.798120,-76.109370,870
tullytown,PA,40.139280,-74.814610,1859
tulpehocken,PA,40.038170,-75.195460,7382
tulsa,OK,36.153980,-95.992770,413066
tumbling shoals,AR,35.542020,-91.967370,978
tumwater,WA,47.007320,-122.909310,19190
tunica,MS,34.684550,-90.382880,981
tunica resorts,MS,34.836130,-90.347230,1910
tunkhannock,PA,41.538690,-75.946590,1780
tunnel hill,GA,34.840630,-85.042730,877
tuolumne city,CA,37.962700,-120.241300,1779
tupelo,MS,34.258070,-88.704640,35680
tupper lake,NY,44.223950,-74.464060,3577
turbeville,SC,33.890720,-80.018410,804
turbotville,PA,41.102030,-76.771070,687
turley,OK,36.242040,-95.975830,2756
turlock,CA,37.494660,-120.846590,72292
turner,ME,44.256460,-70.256170,5470
turner,OR,44.843180,-122.952870,1984
turners falls,MA,42.604250,-72.556480,4470
turnersville,NJ,39.773170,-75.051280,3742
turpin hills,OH,39.110060,-84.379940,5099
turrell,AR,35.379810,-90.257870,575
turtle creek,PA,40.405900,-79.825050,5272
turtle lake,ND,47.520000,-100.890140,590
turtle lake,WI,45.394400,-92.142410,1033
turtle rock,CA,33.643350,-117.810150,12288
tusayan,AZ,35.973600,-112.126560,567
tuscaloosa,AL,33.209840,-87.569170,111338
tuscany-canterbury,MD,39.337840,-76.621500,4304
tuscarawas,OH,40.394790,-81.407060,1056
tuscarora,PA,40.770090,-76.037430,980
tuscola,IL,39.799200,-88.283100,4443
tuscola,TX,32.209580,-99.796750,744
tusculum,TN,36.175100,-82.758760,2666
tuscumbia,AL,34.731200,-87.702530,8474
tuscumbia,MO,38.233090,-92.458520,205
tuskegee,AL,32.424150,-85.690960,8817
tustin,CA,33.745850,-117.826170,80583
tustin legacy,CA,33.700060,-117.825880,21428
tuttle,OK,35.290890,-97.812270,6805
tuttletown,CA,37.991590,-120.459640,668
tutwiler,MS,34.014830,-90.431760,3496
tuxedo park,NY,41.201000,-74.210000,623
twain harte,CA,38.039650,-120.232690,2226
twentynine palms,CA,34.135560,-116.054170,26025
twin city,GA,32.582940,-82.155120,1674
twin falls,ID,42.562970,-114.460870,47468
twin grove,IL,40.493370,-89.079800,1564
twin lake,MI,43.362790,-86.164780,1720
twin lakes,CA,36.967450,-121.998020,4917
twin lakes,CO,39.824990,-105.004700,6101
twin lakes,FL,26.180920,-80.160050,2073
twin lakes,NM,35.709190,-108.774810,1052
twin lakes,VA,38.249270,-78.443780,1647
twin lakes,WI,42.531130,-88.248150,6094
twin rivers,NJ,40.264000,-74.491260,7443
twin valley,MN,47.260240,-96.258950,798
twinsburg,OH,41.312560,-81.440110,18872
twinsburg heights,OH,41.306020,-81.459520,925
twisp,WA,48.363480,-120.122300,942
two harbors,MN,47.022710,-91.670730,3578
two rivers,AK,64.872220,-147.038330,719
two rivers,WI,44.153880,-87.569250,11331
ty ty,GA,31.471850,-83.646840,727
tybee island,GA,32.000220,-80.845670,3102
tye,TX,32.457620,-99.871480,1260
tyhee,ID,42.951580,-112.466370,1123
tyler,MN,44.278300,-96.134750,1110
tyler,TX,32.351260,-95.301060,103700
tylertown,MS,31.116010,-90.142030,1515
tyndall,SD,42.993330,-97.862850,1049
tyndall air force base,FL,30.085350,-85.607310,2994
tyngsboro,MA,42.676760,-71.424510,11366
tyro,NC,35.809030,-80.372830,3879
tyrone,GA,33.471230,-84.597150,7194
tyrone,NM,32.709800,-108.301990,637
tyrone,OK,36.954190,-101.065440,786
tyrone,PA,40.670620,-78.238620,5353
tyronza,AR,35.490080,-90.358710,744
tysons,VA,38.918720,-77.231090,19627
ubly,MI,43.710020,-82.931610,828
uc irvine,CA,33.639670,-117.841640,15807
ucon,ID,43.596300,-111.963860,1132
udall,KS,37.387520,-97.114210,732
uhland,TX,29.957720,-97.786110,1052
uhrichsville,OH,40.393120,-81.346500,5404
uintah,UT,41.144110,-111.923270,1328
ukiah,CA,39.150170,-123.207780,15917
ukrainian village,IL,41.899430,-87.684510,15000
ulen,MN,47.078850,-96.258950,551
ulm,MT,47.430510,-111.507190,738
ulysses,KS,37.581410,-101.355170,6097
ulysses,PA,41.903960,-77.761940,603
umatilla,FL,28.929430,-81.665630,3702
umatilla,OR,45.917350,-119.342520,7009
unadilla,GA,32.261550,-83.736570,3666
unadilla,NY,42.325360,-75.312400,1088
unalakleet,AK,63.873060,-160.788060,708
unalaska,AK,53.874130,-166.534080,4491
uncasville,CT,41.434540,-72.109800,1500
underwood,IA,41.386940,-95.676670,940
underwood,ND,47.456390,-101.137100,775
underwood-petersville,AL,34.876950,-87.697170,3247
unicoi,TN,36.195390,-82.349580,3561
union,CT,41.990930,-72.157300,797
union,IL,42.233080,-88.542310,558
union,KY,38.945900,-84.680500,5795
union,LA,30.087140,-90.904820,892
union,ME,44.211470,-69.274210,2297
union,MO,38.450050,-91.008480,10957
union,MS,32.571530,-89.121450,1987
union,NJ,40.697600,-74.263200,56771
union,OH,39.897830,-84.306330,6461
union,OR,45.208470,-117.865210,2120
union,SC,34.715410,-81.623710,8045
union,WA,47.355090,-123.100990,631
union,WV,37.591510,-80.543680,559
union beach,NJ,40.446500,-74.178200,5595
union bridge,MD,39.568990,-77.176930,971
union city,CA,37.595770,-122.019130,74494
union city,GA,33.587060,-84.542430,20805
union city,IN,40.201990,-84.809130,3447
union city,MI,42.066710,-85.136090,1584
union city,NJ,40.779550,-74.023750,69156
union city,OH,40.199380,-84.803530,1620
union city,OK,35.391720,-97.941440,1942
union city,PA,41.899500,-79.845330,3217
union city,TN,36.424230,-89.057010,10573
union gap,WA,46.557350,-120.475060,6037
union grove,WI,42.688070,-88.051470,4891
union hall,VA,37.018750,-79.686420,1138
union hill-novelty hill,WA,47.678870,-122.028330,18805
union market,DC,38.908570,-76.998190,12186
union park,FL,28.568060,-81.286180,9765
union point,GA,33.615680,-83.074600,1709
union springs,AL,32.144320,-85.714950,3919
union springs,NY,42.839790,-76.693280,1175
union square,MA,42.379720,-71.096530,14459
union square,MD,39.286680,-76.641540,1011
uniondale,NY,40.700380,-73.592910,24759
unionport,NY,40.827320,-73.850130,23895
uniontown,AL,32.449580,-87.514170,2415
uniontown,KY,37.775320,-87.930580,967
uniontown,OH,40.975060,-81.408170,3309
uniontown,PA,39.900080,-79.716430,9990
unionville,GA,31.434910,-83.509610,1845
unionville,MO,40.476960,-93.003260,1815
unionville,NC,35.087370,-80.508960,6547
unionville,NY,41.302040,-74.561550,593
unionville,PA,40.941450,-79.962000,962
unionville,TN,35.621740,-86.592500,1368
unity,NH,43.293960,-72.260370,1630
universal city,CA,34.138900,-118.353410,105000
universal city,TX,29.548010,-98.291120,19986
university,FL,28.073890,-82.439020,41163
university,MS,34.365940,-89.525360,4202
university center,VA,39.057050,-77.444150,3586
university city,MO,38.655880,-90.309280,35058
university city,PA,39.950710,-75.194760,17578
university gardens,NY,40.777320,-73.722630,4226
university heights,IA,41.655020,-91.556840,1119
university heights,NY,40.860100,-73.909300,27935
university heights,OH,41.497830,-81.537350,13202
university of maryland,MD,39.290370,-76.625290,602
university of texas,TX,30.286040,-97.738890,53082
university park,CA,33.662460,-117.809530,7885
university park,FL,25.746490,-80.367550,26995
university park,IL,41.442980,-87.683600,7070
university park,MD,38.970390,-76.941920,2665
university park,NM,32.283430,-106.753340,4192
university park,TX,32.850130,-96.800280,24759
university place,WA,47.235650,-122.550400,32842
university research park,CA,33.643440,-117.855900,976
university town center,CA,33.651570,-117.834270,6455
uphams corner,MA,42.316760,-71.060610,4549
upland,CA,34.097510,-117.648390,76443
upland,IN,40.475600,-85.494420,3785
upland,PA,39.852610,-75.382690,3251
uplands,MD,39.289940,-76.692880,1270
upper alton,IL,38.911440,-90.150660,29251
upper arlington,OH,39.994510,-83.062410,34907
upper bear creek,CO,39.623850,-105.417800,1059
upper brookville,NY,40.838710,-73.565130,1753
upper exeter,PA,41.407020,-75.837700,707
upper fells point,MD,39.287960,-76.588880,3959
upper fruitland,NM,36.715840,-108.314240,1662
upper grand lagoon,FL,30.163260,-85.740760,13963
upper kalihi valley,HI,21.354610,-157.856050,4694
upper lake,CA,39.164610,-122.910550,1052
upper manoa,HI,21.323100,-157.806260,3345
upper marlboro,MD,38.815950,-76.749690,667
upper montclair,NJ,40.846210,-74.201260,11565
upper nyack,NY,41.107040,-73.920140,2176
upper palolo,HI,21.312420,-157.786770,3145
upper pauoa,HI,21.317380,-157.838970,2550
upper pohatcong,NJ,40.677470,-75.155800,1781
upper roxborough,PA,40.059560,-75.238510,10735
upper saddle river,NJ,41.058430,-74.098480,8379
upper saint clair,PA,40.335900,-80.083390,19229
upper sandusky,OH,40.827280,-83.281310,6527
upper west side,NY,40.787050,-73.975420,226989
upton,KY,37.465060,-85.893300,665
upton,MA,42.174540,-71.602290,3013
upton,MD,39.301490,-76.631520,4817
upton,WY,44.099700,-104.628020,1109
uptown,IL,41.965900,-87.652620,55137
urania,LA,31.863780,-92.295970,1316
urbana,IA,42.224160,-91.874340,1459
urbana,IL,40.110590,-88.207270,42311
urbana,MD,39.325940,-77.351370,9175
urbana,OH,40.108390,-83.752430,11547
urbancrest,OH,39.897560,-83.086850,1033
urbandale,IA,41.626660,-93.712170,44062
ursa,IL,40.074770,-91.367370,623
utica,IL,41.340590,-89.010080,977
utica,IN,38.333680,-85.653570,802
utica,MI,42.626140,-83.033540,4942
utica,MS,32.109600,-90.623430,857
utica,NE,40.896120,-97.345320,842
utica,NY,43.100900,-75.232660,61100
utica,OH,40.234230,-82.451270,2196
utica,SC,34.678160,-82.931540,1489
utopia,FL,27.290050,-82.360090,732
utqiagvik,AK,71.290580,-156.788720,4384
uvalda,GA,32.035740,-82.508190,585
uvalde,TX,29.209680,-99.786170,16476
uvalde estates,TX,29.165240,-99.832280,2171
uxbridge,MA,42.077320,-71.629510,12614
"va boston healthcare system, brockton campus",MA,42.366380,-71.058960,5474
vacaville,CA,38.356580,-121.987740,96803
vader,WA,46.402610,-122.960400,620
vadnais heights,MN,45.057470,-93.073830,13266
vado,NM,32.111760,-106.662500,3194
vaiden,MS,33.332070,-89.741190,750
vail,AZ,32.047860,-110.712030,10208
vail,CO,39.640260,-106.374200,5461
vails gate,NY,41.454260,-74.057640,3369
val verde,CA,34.445000,-118.657590,2468
val verde park,TX,29.374950,-100.831760,2384
valatie,NY,42.413420,-73.673170,1911
valders,WI,44.066100,-87.884260,940
valdese,NC,35.740690,-81.563150,4459
valdez,AK,61.130830,-146.348330,3870
valdosta,GA,30.833340,-83.280320,55724
vale,OR,43.982110,-117.238230,1833
valencia,CA,34.443610,-118.609530,148456
valencia,NM,34.799500,-106.700300,2192
valencia,PA,40.674790,-79.989500,579
valencia west,AZ,32.132380,-111.114140,9355
valentine,NE,42.872780,-100.550970,2836
valhalla,NY,41.074820,-73.775130,3162
valier,IL,38.015330,-89.042570,659
valier,MT,48.307750,-112.249760,508
valinda,CA,34.045290,-117.943670,22822
valle,AZ,35.653610,-112.138500,832
valle vista,AZ,35.410880,-113.862710,1659
valle vista,CA,33.747800,-116.893360,14578
vallejo,CA,38.104090,-122.256640,121692
valley,AL,32.818740,-85.179390,9464
valley,NE,41.312780,-96.346140,2117
valley acres,CA,35.206080,-119.406780,527
valley brook,OK,35.402010,-97.481430,781
valley center,CA,33.218370,-117.034200,9277
valley center,KS,37.834730,-97.373380,7222
valley city,ND,46.923310,-98.003150,6669
valley cottage,NY,41.118150,-73.955420,9107
valley falls,KS,39.343330,-95.460250,1157
valley falls,RI,41.906770,-71.390610,11547
valley falls,SC,35.015950,-81.974830,6299
valley glen,CA,34.185680,-118.420320,60000
valley grande,AL,32.509020,-86.987490,3849
valley green,PA,40.157310,-76.792750,3429
valley head,AL,34.568970,-85.614970,550
valley hill,NC,35.298450,-82.483180,2070
valley mills,TX,31.659330,-97.472240,1177
valley park,MO,38.549220,-90.492620,6974
valley springs,CA,38.191590,-120.829100,3553
valley springs,SD,43.582470,-96.467820,767
valley station,KY,38.111180,-85.870240,22756
valley stream,NY,40.664270,-73.708460,37962
valley view,OH,41.387830,-81.604570,2012
valley view,PA,39.950100,-76.701080,2817
valley view,TX,33.488170,-97.165010,768
valliant,OK,34.002330,-95.093840,746
valmeyer,IL,38.305610,-90.276510,1263
valparaiso,FL,30.508530,-86.502730,5023
valparaiso,IN,41.473090,-87.061140,32626
valparaiso,NE,41.081390,-96.831690,552
valrico,FL,27.937890,-82.236440,35545
vamo,FL,27.222000,-82.497870,4727
van,TX,32.524860,-95.637180,2685
van alstyne,TX,33.421500,-96.577210,3344
van buren,AR,35.436760,-94.348270,23081
van buren,IN,40.617270,-85.504700,834
van buren,ME,47.157270,-67.935300,1937
van buren,MO,36.995610,-91.014570,834
van etten,NY,42.198690,-76.552440,519
van horn,TX,31.040290,-104.830730,1928
van horne,IA,42.008610,-92.091020,664
van lear,KY,37.771210,-82.757940,1079
van meter,IA,41.531930,-93.954120,1142
van ness,DC,38.943160,-77.062990,10745
van nest,NY,40.848430,-73.863750,23700
van nuys,CA,34.186670,-118.448970,136443
van vleck,TX,29.017750,-95.889400,1844
van wert,OH,40.869490,-84.584120,10798
vance,AL,33.174280,-87.233610,1513
vanceboro,NC,35.308500,-77.154120,1000
vanceburg,KY,38.599240,-83.318800,1448
vancleave,MS,30.540470,-88.687520,5886
vancouver,WA,45.638730,-122.661490,196442
vandalia,IL,38.960600,-89.093680,7112
vandalia,MO,39.310870,-91.488490,4348
vandalia,OH,39.890610,-84.198830,15106
vandenberg space force base,CA,34.748300,-120.518170,3338
vandenberg village,CA,34.708320,-120.467660,6497
vander,NC,35.032110,-78.794740,1146
vanderbilt,MI,45.142790,-84.660310,564
vandercook lake,MI,42.193370,-84.391070,4721
vandergrift,PA,40.602840,-79.564770,5032
vandiver,AL,33.470660,-86.513320,1135
vandling,PA,41.633140,-75.470460,722
vardaman,MS,33.875670,-89.177290,1297
varnamtown,NC,33.935730,-78.248610,572
varnell,GA,34.901190,-84.973830,1790
varnville,SC,32.850440,-81.079270,2067
vashon,WA,47.447320,-122.459850,10624
vass,NC,35.256270,-79.282250,749
vassalboro,ME,44.459230,-69.677550,4208
vassar,KS,38.647230,-95.622480,530
vassar,MI,43.371970,-83.583290,2620
vaughn,MT,47.560510,-111.545810,658
vaughn,WA,47.344260,-122.763190,544
veazie,ME,44.838680,-68.705310,1813
veblen,SD,45.863010,-97.287590,537
veedersburg,IN,40.113090,-87.262510,2095
vega,TX,35.242830,-102.428260,900
velarde,NM,36.158910,-105.974740,502
velda village,MO,38.690050,-90.294280,1420
velda village hills,MO,38.690610,-90.287340,1055
velma,OK,34.460080,-97.673920,612
velva,ND,48.056120,-100.929320,1260
venersborg,WA,45.773730,-122.424540,3745
veneta,OR,44.048730,-123.350930,4800
venetian village,IL,42.398630,-88.052580,2826
venice,CA,33.990840,-118.460080,40885
venice,FL,27.099780,-82.454260,22211
venice,IL,38.672270,-90.169830,1915
venice gardens,FL,27.073110,-82.407600,7104
ventnor city,NJ,39.340390,-74.477370,10486
ventress,LA,30.681850,-91.408170,890
ventura,CA,34.278340,-119.293170,96769
ventura,IA,43.126350,-93.477710,718
venus,TX,32.433470,-97.102510,3297
veradale,WA,47.649950,-117.207380,9991
verde village,AZ,34.710500,-112.011520,11605
verden,OK,35.083400,-98.087830,532
verdi,NV,39.518240,-119.988810,1415
verdigre,NE,42.596950,-98.033680,552
verdigris,OK,36.234820,-95.691090,4351
verdunville,WV,37.844550,-82.055130,687
vergennes,VT,44.167280,-73.254010,2631
vermilion,OH,41.421990,-82.364610,10434
vermilion-on-the-lake,OH,41.428380,-82.323770,11006
vermillion,SD,42.779440,-96.929210,10738
vermont,IL,40.294210,-90.427900,646
vermont,WI,43.072220,-89.785680,864
vermont square,CA,34.002040,-118.298960,47555
vermontville,MI,42.628920,-85.024160,761
vernal,UT,40.455520,-109.528750,11200
verndale,MN,46.398300,-95.014750,583
vernon,AL,33.757050,-88.108920,1895
vernon,FL,30.622970,-85.712150,679
vernon,MI,42.939200,-84.029410,758
vernon,NY,43.079510,-75.539340,1157
vernon,TX,34.155360,-99.266280,10573
vernon center,NJ,41.188790,-74.504050,1713
vernon hills,IL,42.219470,-87.979520,26314
vernon valley,NJ,41.236760,-74.487100,1626
vernonia,OR,45.858720,-123.192890,2143
vero beach,FL,27.638640,-80.397270,16358
vero beach south,FL,27.616380,-80.413080,23092
verona,KY,38.818400,-84.660780,1455
verona,ME,44.565350,-68.790310,554
verona,MO,36.963950,-93.795760,604
verona,MS,34.194270,-88.719770,3054
verona,NJ,40.829820,-74.240150,13545
verona,NY,43.138120,-75.570730,852
verona,PA,40.506460,-79.843100,2442
verona,VA,38.202080,-79.008360,4239
verona,WI,42.990830,-89.533180,12540
verona walk,FL,26.084120,-81.679850,1782
verplanck,NY,41.252870,-73.959860,1729
versailles,IN,39.072000,-85.251900,2100
versailles,KY,38.052580,-84.729950,9146
versailles,MO,38.431410,-92.841030,2440
versailles,OH,40.222550,-84.484400,2643
versailles,PA,40.315630,-79.831160,1496
vesper,WI,44.482180,-89.964020,559
vestal,NY,42.085070,-76.053810,28043
vestavia hills,AL,33.448720,-86.787770,34174
vevay,IN,38.747840,-85.067170,1679
vian,OK,35.498430,-94.969670,1396
viborg,SD,43.170270,-97.081440,762
viburnum,MO,37.715320,-91.135130,662
vici,OK,36.149760,-99.298160,726
vicksburg,AZ,33.744470,-113.752160,597
vicksburg,MI,42.120050,-85.532780,3230
vicksburg,MS,32.352650,-90.877880,23131
victor,IA,41.731670,-92.297960,888
victor,ID,43.602700,-111.111330,1961
victor,MT,46.416590,-114.150100,745
victor,NY,42.982560,-77.408880,2759
victoria,KS,38.852790,-99.147600,1226
victoria,MN,44.858570,-93.661630,8676
victoria,TX,28.805270,-97.003600,67574
victoria,VA,36.994870,-78.227220,1677
victorville,CA,34.536110,-117.291160,122225
victory,NY,43.197290,-76.654390,548
victory gardens,NJ,40.875930,-74.542380,1532
victory lakes,NJ,39.633170,-74.966000,2111
victory mills,NY,43.087850,-73.594000,621
vidalia,GA,32.217690,-82.413460,10679
vidalia,LA,31.565440,-91.425950,4112
vidor,TX,30.131600,-94.015450,10945
vienna,GA,32.091560,-83.795450,3777
vienna,IL,37.415330,-88.897840,1647
vienna,ME,44.533400,-69.984780,548
vienna,MO,38.186710,-91.947110,597
vienna,NJ,40.868710,-74.889060,981
vienna,VA,38.901220,-77.265260,16522
vienna,WV,39.327020,-81.548460,10573
vienna bend,LA,31.732390,-93.041000,1251
vienna center,OH,41.233580,-80.653120,650
viera east,FL,28.262340,-80.714490,10757
viera west,FL,28.245040,-80.733800,6641
view park-windsor hills,CA,33.995510,-118.348350,11075
villa grove,IL,39.862810,-88.162270,2495
villa heights,VA,37.295140,-79.977540,827
villa hills,KY,39.063390,-84.593000,7468
villa pancho,TX,25.884250,-97.415810,788
villa park,CA,33.814460,-117.813110,5964
villa park,IL,41.889750,-87.988950,21969
villa rica,GA,33.732050,-84.919110,14904
villa ridge,MO,38.472550,-90.886800,2636
villa verde,TX,26.132020,-97.998340,874
village green,NY,43.133400,-76.312990,3891
village green-green ridge,PA,39.863630,-75.425480,7822
village of campton hills,IL,41.936600,-88.397500,13483
village of cross keys,MD,39.357330,-76.646640,883
village of oak creek (big park),AZ,34.780900,-111.762270,6147
village of the branch,NY,40.856210,-73.187330,1811
village park,HI,21.398060,-158.030280,11099
village saint george,LA,30.362140,-91.067330,7104
village shires,PA,40.203160,-74.970450,3949
villages of oriole,FL,26.462300,-80.152820,4755
villano beach,FL,29.938580,-81.302020,2678
villas,FL,26.550350,-81.868700,11569
villas,NJ,39.028720,-74.938510,9483
ville platte,LA,30.687970,-92.271520,7264
villisca,IA,40.929710,-94.976090,1194
vilonia,AR,35.083980,-92.207930,4439
vinalhaven,ME,44.048140,-68.831700,1284
vincennes,IN,38.677270,-87.528630,18012
vincent,AL,33.384550,-86.411920,2120
vincent,CA,34.500550,-118.116460,15922
vincentown,NJ,39.934000,-74.748490,24664
vinco,PA,40.405070,-78.855580,1305
vine grove,KY,37.810070,-85.981350,5760
vine hill,CA,38.008530,-122.096080,3761
vineland,MN,46.163570,-93.757470,1001
vineland,NJ,39.486230,-75.025730,60818
vineyard,CA,38.464490,-121.346920,24836
vineyard,UT,40.297040,-111.746700,3195
vineyard haven,MA,41.453980,-70.601200,2114
vineyards,FL,26.223730,-81.727980,3375
vinings,GA,33.864830,-84.464370,9734
vinita,OK,36.638690,-95.154130,5643
vinita park,MO,38.690050,-90.342620,1886
vinton,IA,42.168610,-92.023510,5148
vinton,LA,30.190760,-93.581270,3355
vinton,TX,31.951210,-106.602490,1973
vinton,VA,37.280970,-79.896980,8231
viola,IL,41.203090,-90.587080,924
viola,NY,41.136480,-74.082360,6868
viola,WI,43.506090,-90.668190,676
violet,LA,29.895760,-89.897840,4973
violetville,MD,39.267610,-76.674410,2403
virden,IL,39.500890,-89.767870,3407
virgin,UT,37.208320,-113.188280,604
virginia,IL,39.951160,-90.212340,1516
virginia,MN,47.523260,-92.536570,8587
virginia beach,VA,36.852930,-75.977990,454808
virginia city,MT,45.293810,-111.946090,199
virginia city,NV,39.309630,-119.649620,855
virginia gardens,FL,25.810380,-80.302270,2487
viroqua,WI,43.556920,-90.888740,4362
visalia,CA,36.330230,-119.292060,130104
visitacion valley,CA,37.717150,-122.404330,22534
vista,CA,33.200040,-117.242540,100890
vista center,NJ,40.159280,-74.317920,2095
vista santa rosa,CA,33.627800,-116.218060,2926
vista west,WY,42.866890,-106.434710,951
vivian,LA,32.871530,-93.987400,3626
volcano,HI,19.442760,-155.233980,2575
volente,TX,30.433810,-97.903620,563
volga,SD,44.323580,-96.926450,1865
volney,NY,43.342850,-76.357710,5801
volo,IL,42.326130,-88.167860,4164
von ormy,TX,29.289130,-98.644460,1175
vonore,TN,35.590080,-84.241860,1493
voorhees,NJ,40.479500,-74.490620,1517
voorheesville,NY,42.653970,-73.928740,2832
wabash,IN,40.797820,-85.820540,10381
wabasha,MN,44.383860,-92.032940,2451
wabasso,FL,27.748360,-80.436160,609
wabasso,MN,44.401900,-95.255830,670
wabasso beach,FL,27.764750,-80.398940,1853
wabeno,WI,45.438580,-88.660390,575
waco,GA,33.702880,-85.183280,518
waco,TX,31.549330,-97.146670,132356
waconia,MN,44.850800,-93.786910,11968
wacousta,MI,42.827810,-84.700820,1440
waddington,NY,44.864500,-75.204100,968
wade,MS,30.642420,-88.569740,1074
wade,NC,35.162940,-78.736130,560
wade hampton,SC,34.903730,-82.333170,20622
wadena,MN,46.442460,-95.136140,4176
wadesboro,NC,34.968210,-80.076730,5584
wading river,NY,40.950380,-72.842600,7719
wadley,AL,33.122890,-85.569680,738
wadley,GA,32.866820,-82.404020,2031
wadsworth,IL,42.428630,-87.923970,3739
wadsworth,NV,39.633800,-119.285450,834
wadsworth,OH,41.025610,-81.729850,21860
waelder,TX,29.695230,-97.298600,997
wagener,SC,33.652370,-81.361210,822
waggaman,LA,29.918540,-90.210910,10015
wagner,SD,43.079720,-98.293130,1589
wagoner,OK,35.959540,-95.369410,8713
wagram,NC,34.887940,-79.366150,807
wahiawā,HI,21.502790,-158.024640,17821
wahiawā-whitmore,HI,21.505650,-158.033530,22448
wahneta,FL,27.952800,-81.727020,5091
wahoo,NE,41.211390,-96.620300,4511
wahpeton,ND,46.265240,-96.605910,7899
waialae - kahala,HI,21.270070,-157.784280,3872
waialae iki,HI,21.284400,-157.766060,4174
waialae nui ridge-ainakoa,HI,21.281430,-157.780360,2758
waialua,HI,21.576880,-158.131540,3860
waianae,HI,21.437850,-158.185550,13177
waiau-pacific palisades,HI,21.400220,-157.954450,47591
waihee-waiehu,HI,20.930220,-156.504580,8841
waikane,HI,21.496360,-157.851880,778
waikapū,HI,20.858060,-156.506940,2965
waikoloa,HI,19.939420,-155.789310,4806
waikīkī,HI,21.285500,-157.835940,19862
wailea,HI,20.689730,-156.441900,5938
wailea-makena,HI,20.662560,-156.427360,5671
wailua,HI,22.052710,-159.337810,2254
wailua homesteads,HI,22.072440,-159.376770,5188
wailuku,HI,20.891330,-156.506040,15313
wailupe,HI,21.275500,-157.757040,2702
waimalu,HI,21.389550,-157.938820,13730
waimanalo,HI,21.346140,-157.723800,5451
waimea,HI,20.023230,-155.672880,9212
waimānalo beach,HI,21.334070,-157.700030,4481
wainaku,HI,19.744720,-155.095000,1224
wainscott,NY,40.936770,-72.242860,650
wainwright,AK,70.636940,-160.038330,580
waipahu,HI,21.386670,-158.009170,38216
waipio,HI,21.418230,-157.999060,11674
waipi‘o acres,HI,21.464850,-158.013310,5531
waite park,MN,45.557190,-94.224160,7517
waitsburg,WA,46.270420,-118.153290,1191
waiʻalae nui-country club,HI,21.273290,-157.780100,3447
wakarusa,IN,41.536160,-86.020830,1814
wake forest,NC,35.979870,-78.509720,38199
wake village,TX,33.426790,-94.106300,5471
wakeeney,KS,39.025010,-99.879570,1811
wakefield,KS,39.213330,-97.005570,980
wakefield,MA,42.506480,-71.072830,24932
wakefield,MD,39.312610,-76.698030,1710
wakefield,MI,46.475230,-89.939890,1725
wakefield,NE,42.269170,-96.865040,1403
wakefield,NH,43.568130,-71.030070,4705
wakefield,NY,40.897880,-73.852360,52201
wakefield,PA,39.773720,-76.179120,609
wakefield,VA,36.968210,-76.989680,884
wakefield-peacedale,RI,41.446060,-71.500400,8487
wakeman,OH,41.254500,-82.399610,1032
walbridge,OH,41.587830,-83.493270,3109
walbrook,MD,39.309000,-76.671360,2244
walcott,IA,41.584750,-90.772090,1636
walden,CO,40.731640,-106.283640,584
walden,NY,41.561200,-74.188480,6839
walden,TN,35.164790,-85.301350,2063
waldo,AR,33.351510,-93.295730,1301
waldo,FL,29.789690,-82.167320,1030
waldo,ME,44.512570,-69.076150,762
waldoboro,ME,44.095360,-69.375600,1233
waldon,CA,37.926310,-122.055520,5364
waldorf,MD,38.624560,-76.939140,67752
waldport,OR,44.426790,-124.068730,2130
waldron,AR,34.898430,-94.090760,3442
waldron,IN,39.453660,-85.666920,804
waldron,MI,41.727830,-84.418840,532
waldwick,NJ,41.010650,-74.117920,10095
wales,MA,42.069540,-72.222300,1767
wales,WI,43.004450,-88.376760,2573
waleska,GA,34.316480,-84.552150,802
walford,IA,41.878340,-91.834620,1459
walhalla,ND,48.923330,-97.918150,951
walhalla,SC,34.764820,-83.064040,4251
walker,CA,38.514910,-119.476830,721
walker,IA,42.286660,-91.780730,792
walker,LA,30.487970,-90.861490,6318
walker,MI,43.001410,-85.768090,24647
walker,MN,47.101350,-94.587220,928
walker mill,MD,38.875390,-76.888310,11302
walker valley,NY,41.633700,-74.377930,853
walkersville,MD,39.486210,-77.351930,5993
walkerton,IN,41.466710,-86.483070,2264
walkertown,NC,36.175410,-80.153100,4969
walkerville,MT,46.034090,-112.535860,700
wall,PA,40.393680,-79.786160,571
wall,SD,43.992490,-102.241550,877
wall lake,IA,42.271100,-95.093050,795
walla walla,WA,46.064580,-118.343020,32237
walla walla east,WA,46.051840,-118.304030,1672
wallace,FL,30.677410,-87.179970,1785
wallace,ID,47.474090,-115.927940,761
wallace,LA,30.043260,-90.667310,671
wallace,NC,34.735720,-77.995260,3964
wallace,SC,34.720160,-79.841450,892
wallace ridge,LA,31.709610,-91.827350,710
wallagrass,ME,47.129480,-68.597270,583
wallburg,NC,36.010140,-80.139210,3078
walled lake,MI,42.537810,-83.481050,7110
wallenpaupack lake estates,PA,41.398980,-75.274020,1279
waller,TX,30.056610,-95.926900,2522
waller,WA,47.200660,-122.369290,7922
wallingford,CT,41.457040,-72.823160,17712
wallingford,VT,43.471920,-72.978230,830
wallingford center,CT,41.449870,-72.818920,18209
wallington,NJ,40.853160,-74.113750,11716
wallis,TX,29.631350,-96.065240,1294
wallkill,NY,41.605650,-74.184040,2288
wallowa,OR,45.570140,-117.528240,795
walls,MS,34.958240,-90.152560,1268
walnut,CA,34.020290,-117.865340,30237
walnut,IA,41.477490,-95.221940,776
walnut,IL,41.556700,-89.593430,1350
walnut,MS,34.946200,-88.899780,764
walnut cove,NC,36.295410,-80.141710,1402
walnut creek,AZ,35.131240,-114.126620,562
walnut creek,CA,37.906310,-122.064960,68910
walnut creek,NC,35.307110,-77.864980,861
walnut creek,OH,40.541450,-81.721800,878
walnut grove,AL,34.065650,-86.306370,685
walnut grove,CA,38.242140,-121.511620,1542
walnut grove,GA,33.742610,-83.852400,1378
walnut grove,MN,44.223010,-95.469450,828
walnut grove,MO,37.411160,-93.549640,766
walnut grove,MS,32.590420,-89.458400,1619
walnut grove,TN,36.484210,-86.613050,864
walnut grove,WA,45.667890,-122.598990,9790
walnut hill,TN,36.569830,-82.256800,2394
walnut hills,OH,39.127000,-84.484110,6344
walnut park,CA,33.968070,-118.225070,15966
walnut ridge,AR,36.068400,-90.955950,4673
walnut springs,TX,32.057650,-97.749470,811
walnut village,CA,33.709720,-117.796550,7675
walnutport,PA,40.754260,-75.598800,2061
walpole,MA,42.141770,-71.249500,5918
walpole,NH,43.079520,-72.425920,605
walsenburg,CO,37.624180,-104.780260,2898
walsh,CO,37.386130,-102.278240,518
walterboro,SC,32.905170,-80.666770,5278
walters,OK,34.359810,-98.307830,2502
walthall,MS,33.607340,-89.277290,139
waltham,MA,42.376490,-71.235610,63378
waltherson,MD,39.346500,-76.562740,6181
walthill,NE,42.148330,-96.488370,777
walthourville,GA,31.774100,-81.632610,3974
walton,IN,40.660870,-86.241940,1022
walton,KY,38.875620,-84.610220,3907
walton,NY,42.169530,-75.129340,2930
walton hills,OH,41.365610,-81.561230,2245
walton park,NY,41.309820,-74.229040,2669
walworth,WI,42.531130,-88.599550,2838
wamac,IL,38.508940,-89.140630,1143
wamego,KS,39.201940,-96.305000,4627
wampsville,NY,43.075350,-75.706850,546
wampum,PA,40.888120,-80.338120,688
wanakah,NY,42.746170,-78.903090,3199
wanamassa,NJ,40.231780,-74.025420,4532
wanamie,PA,41.173420,-76.035480,612
wanamingo,MN,44.304410,-92.790470,1081
wanaque,NJ,41.038150,-74.294040,11848
wanatah,IN,41.430600,-86.898360,1024
wanblee,SD,43.569440,-101.660420,725
wanchese,NC,35.842670,-75.638510,1642
wantagh,NY,40.683710,-73.510130,18871
wapakoneta,OH,40.567830,-84.193560,9823
wapato,WA,46.447630,-120.420340,5068
wapella,IL,40.220310,-88.962020,542
wapello,IA,41.181420,-91.185430,2041
wappingers falls,NY,41.596480,-73.910970,5552
war,WV,37.301220,-81.690940,775
ward,AR,35.030360,-91.950420,4704
ward village,HI,21.293250,-157.852080,3929
warden,WA,46.967640,-119.039730,2736
wardsville,MO,38.488920,-92.174350,1546
ware,MA,42.259810,-72.239800,6170
ware shoals,SC,34.398450,-82.246790,2175
wareham center,MA,41.766770,-70.726150,2896
waretown,NJ,39.791510,-74.195140,1569
warm beach,WA,48.170650,-122.364600,2437
warm mineral springs,FL,27.059780,-82.260090,5061
warm springs,MT,46.181310,-112.784760,3000
warm springs,OR,44.763450,-121.266160,2945
warm springs,VA,38.046240,-79.790610,123
warminster heights,PA,40.187050,-75.081560,4124
warner,OK,35.494260,-95.305520,1623
warner robins,GA,32.615740,-83.626640,73490
warr acres,OK,35.522560,-97.618930,10431
warren,AR,33.612610,-92.064580,5804
warren,IL,42.496400,-89.989570,1376
warren,IN,40.682820,-85.427200,1223
warren,MA,42.212590,-72.191190,1405
warren,ME,44.120360,-69.240050,3945
warren,MI,42.490440,-83.013040,134056
warren,MN,48.196640,-96.772840,1563
warren,NH,43.923120,-71.892030,930
warren,OH,41.237560,-80.818420,40245
warren,OR,45.819000,-122.848990,1787
warren,PA,41.843950,-79.145040,9334
warren,RI,41.730380,-71.282550,11280
warren,TX,30.614650,-94.408530,757
warren park,IN,39.781990,-86.050260,1539
warren township,NJ,40.608220,-74.518030,15311
warrensburg,IL,39.932820,-89.062030,1163
warrensburg,MO,38.762790,-93.736050,19927
warrensburg,NY,43.496740,-73.776230,3103
warrensville heights,OH,41.435050,-81.536230,13542
warrenton,GA,33.407080,-82.662080,1812
warrenton,MO,38.811440,-91.141540,8106
warrenton,NC,36.398480,-78.155270,866
warrenton,OR,46.165100,-123.923760,5282
warrenton,VA,38.713450,-77.795270,9897
warrenville,IL,41.817810,-88.173400,13317
warrenville,SC,33.550970,-81.804000,1233
warrington,FL,30.384090,-87.274970,14531
warrior,AL,33.814270,-86.809440,3199
warrior run,PA,41.097310,-76.805520,588
warroad,MN,48.905270,-95.314400,1799
warsaw,IL,40.359210,-91.434600,1551
warsaw,IN,41.238100,-85.853050,14472
warsaw,KY,38.783400,-84.901620,1695
warsaw,MN,44.249410,-93.393830,627
warsaw,MO,38.243080,-93.381870,2100
warsaw,NC,34.999330,-78.091100,3175
warsaw,NY,42.740060,-78.132790,3376
warsaw,OH,40.335350,-82.006810,674
warsaw,VA,37.958740,-76.758010,1495
warson woods,MO,38.607270,-90.383450,1958
wartburg,TN,36.104800,-84.597160,904
wartrace,TN,35.527300,-86.333600,659
warwick,MA,42.682030,-72.338970,763
warwick,NY,41.256480,-74.359880,6823
warwick,RI,41.700100,-71.416170,81699
wasco,CA,35.594120,-119.340950,26279
wasco,IL,41.938080,-88.404520,22560
waseca,MN,44.077740,-93.507440,9241
washakie ten,WY,44.095510,-107.908700,619
washburn,IA,42.411660,-92.267410,876
washburn,IL,40.919200,-89.291200,1128
washburn,ME,46.790040,-68.157530,997
washburn,ND,47.289160,-101.029030,1309
washburn,WI,46.673270,-90.894910,2055
washington,CT,41.631480,-73.310670,3466
washington,DC,38.895110,-77.036370,689545
washington,GA,33.736790,-82.739310,3981
washington,IA,41.299180,-91.692940,7408
washington,IL,40.703650,-89.407310,16664
washington,IN,38.659220,-87.172790,12078
washington,KS,39.818060,-97.050860,1085
washington,LA,30.616310,-92.057060,956
washington,MA,42.365920,-73.116210,554
washington,ME,44.273690,-69.367270,1398
washington,MO,38.558110,-91.012090,14050
washington,NC,35.546550,-77.052170,9788
washington,NH,43.175910,-72.096750,953
washington,NJ,40.758430,-74.979340,6498
washington,OK,35.058960,-97.484480,634
washington,PA,40.173960,-80.246170,13497
washington,UT,37.130540,-113.508290,24299
washington,VA,38.713450,-78.159440,128
washington,VT,44.105620,-72.432600,1035
washington,WI,45.394700,-86.931510,833
washington,WV,39.261190,-81.671800,1175
washington boro,PA,39.992600,-76.467190,729
washington court house,OH,39.536450,-83.439080,14019
washington grove,MD,39.139830,-77.175260,578
washington heights,NY,40.850100,-73.935410,152613
washington hill,MD,39.291520,-76.594670,2364
washington mills,NY,43.050070,-75.272940,1183
washington park,FL,26.132590,-80.181160,1672
washington park,IL,38.635050,-90.092890,3990
washington square,PA,39.950020,-75.162060,13438
washington street courthouse annex,AL,34.802640,-86.972980,0
washington terrace,UT,41.172720,-111.976610,9157
washington village/pigtown,MD,39.281660,-76.632300,4823
washingtonville,NY,41.427870,-74.165980,5788
washingtonville,OH,40.900340,-80.763970,777
washougal,WA,45.582620,-122.353420,15288
wasilla,AK,61.580900,-149.441500,9284
waskom,TX,32.478760,-94.059630,2177
wataga,IL,41.025320,-90.279850,816
watauga,TX,32.857910,-97.254740,24525
watchtower,NY,41.637760,-74.260270,2381
watchung,NJ,40.637880,-74.450990,5916
water mill,NY,40.919590,-72.342740,1559
water valley,MS,34.151500,-89.631470,3380
waterboro,ME,43.535640,-70.715060,7532
waterbury,CT,41.558150,-73.051500,108802
waterbury,VT,44.337830,-72.756230,1821
waterflow,NM,36.759720,-108.481750,1670
waterford,CA,37.641320,-120.760480,8824
waterford,CT,41.341700,-72.135970,19281
waterford,MI,42.693030,-83.411810,75737
waterford,NY,42.792580,-73.681230,2037
waterford,PA,41.942830,-79.984500,1538
waterford,WI,42.763070,-88.214260,5358
waterloo,CA,38.034640,-121.186890,572
waterloo,IA,42.492760,-92.342960,68460
waterloo,IL,38.335890,-90.149830,10236
waterloo,IN,41.431990,-85.019970,2248
waterloo,NE,41.286940,-96.285580,1044
waterloo,NY,42.904790,-76.862740,5036
waterloo,WI,43.183880,-88.988440,3343
waterman,IL,41.771700,-88.773690,1494
waterproof,LA,31.804880,-91.383450,609
watertown,CT,41.606210,-73.118170,3574
watertown,FL,30.192450,-82.614570,2829
watertown,MA,42.370930,-71.182830,31915
watertown,MN,44.963570,-93.847190,4289
watertown,NY,43.974780,-75.910760,26780
watertown,SD,44.899410,-97.115070,22073
watertown,TN,36.100340,-86.131930,1517
watertown,WI,43.194720,-88.728990,23819
watertown square,MA,42.365310,-71.184620,5331
waterville,KS,39.691110,-96.747520,651
waterville,ME,44.552010,-69.631710,16261
waterville,MN,44.218850,-93.568000,1849
waterville,NY,42.931180,-75.379890,1551
waterville,OH,41.500890,-83.718270,5514
waterville,WA,47.647080,-120.071180,1171
waterville valley,NH,43.950070,-71.499520,516
watervliet,MI,42.186710,-86.260580,1692
watervliet,NY,42.730080,-73.701230,10214
watford city,ND,47.802240,-103.283250,6708
wathena,KS,39.759160,-94.949690,1336
watkins,MN,45.315240,-94.408600,942
watkins glen,NY,42.380630,-76.873290,1859
watkinsville,GA,33.862900,-83.408770,2872
watonga,OK,35.844770,-98.413130,3008
watseka,IL,40.776150,-87.736420,5070
watson,IL,39.025320,-88.569770,745
watson,LA,30.575740,-90.953160,1047
watsontown,PA,41.084530,-76.863850,2320
watsonville,CA,36.910230,-121.756890,53628
watterson park,KY,38.192290,-85.683290,1001
watts mills,SC,34.516410,-81.985800,1635
wattsville,VA,37.934010,-75.499650,1128
waubay,SD,45.331900,-97.305080,567
waubeka,WI,43.475000,-87.990370,657
wauchula,FL,27.547260,-81.811470,4935
wauconda,IL,42.258910,-88.139250,13814
waukee,IA,41.611660,-93.885230,18990
waukegan,IL,42.363630,-87.844790,88475
waukesha,WI,43.011680,-88.231480,71970
waukomis,OK,36.280310,-97.898110,1365
waukon,IA,43.269420,-91.475700,3736
wauna,WA,47.378990,-122.642630,4186
waunakee,WI,43.191940,-89.455670,13311
wauneta,NE,40.418330,-101.371280,574
waupaca,WI,44.358030,-89.085950,6014
waupun,WI,43.633320,-88.729550,11343
wauregan,CT,41.744270,-71.909240,1205
waurika,OK,34.167040,-97.997540,1988
wausa,NE,42.499450,-97.542010,607
wausau,WI,44.959140,-89.630120,39094
wausaukee,WI,45.370800,-87.952330,568
wauseon,OH,41.549220,-84.141610,7316
wautoma,WI,44.074700,-89.287900,2136
wauwatosa,WI,43.049460,-88.007590,47614
wauzeka,WI,43.085260,-90.883180,727
waveland,MS,30.286860,-89.376160,6391
waverly,FL,27.978910,-81.613970,767
waverly,IA,42.725810,-92.475460,10066
waverly,IL,39.591720,-89.952880,1268
waverly,KS,38.393910,-95.603040,564
waverly,MD,39.328440,-76.606080,2383
waverly,MI,42.739200,-84.620810,23925
waverly,MN,45.066630,-93.966360,1396
waverly,MO,39.209460,-93.517710,824
waverly,NE,40.917500,-96.528340,3739
waverly,NY,42.010350,-76.527170,4264
waverly,OH,39.126730,-82.985460,4274
waverly,PA,41.526470,-75.705470,604
waverly,TN,36.083950,-87.794750,4090
waverly,VA,37.035980,-77.095240,2073
waverly hall,GA,32.683470,-84.738260,823
wawarsing,NY,41.758980,-74.357380,12925
waxahachie,TX,32.386530,-96.848330,33384
waxhaw,NC,34.924590,-80.743400,13495
waycross,GA,31.213680,-82.355700,14053
wayland,IA,41.147240,-91.660720,969
wayland,MA,42.362600,-71.361450,13155
wayland,MI,42.673920,-85.644740,4166
wayland,MO,40.394490,-91.583210,501
wayland,NY,42.567840,-77.589710,1813
waymart,PA,41.580360,-75.408240,1279
wayne,IL,41.950860,-88.242300,2444
wayne,ME,44.348680,-70.066160,1156
wayne,MI,42.281430,-83.386320,17081
wayne,NE,42.230560,-97.017820,5569
wayne,NJ,40.925380,-74.276540,57915
wayne,OH,41.301440,-83.473540,898
wayne,OK,34.918130,-97.314470,706
wayne,PA,40.044000,-75.387690,30892
wayne,WV,38.221470,-82.442370,1382
wayne city,IL,38.345330,-88.587830,1012
wayne heights,PA,39.743710,-77.553880,2545
wayne lakes park,OH,40.023100,-84.661900,718
waynesboro,GA,33.089870,-82.015670,5704
waynesboro,MS,31.674880,-88.646150,4975
waynesboro,PA,39.755930,-77.577770,10848
waynesboro,TN,35.319520,-87.762250,2390
waynesboro,VA,38.068470,-78.889470,21491
waynesburg,OH,40.960330,-82.792400,968
waynesburg,PA,39.896460,-80.179230,4045
waynesfield,OH,40.600610,-83.975220,847
waynesville,MO,37.828650,-92.200720,5374
waynesville,NC,35.488710,-82.988750,9809
waynesville,OH,39.529780,-84.086600,2999
waynetown,IN,40.087540,-87.059730,956
waynoka,OK,36.582260,-98.879810,966
wayzata,MN,44.974130,-93.506620,4610
weallup lake,WA,48.110100,-122.306260,974
weare,NH,43.094800,-71.730630,8583
weatherby lake,MO,39.237780,-94.696070,1848
weatherford,OK,35.526160,-98.707570,12126
weatherford,TX,32.759300,-97.797250,28742
weatherly,PA,40.941750,-75.829640,2462
weatogue,CT,41.843710,-72.828430,2776
weaver,AL,33.752050,-85.811350,3091
weaverville,CA,40.730980,-122.941970,3600
weaverville,NC,35.697050,-82.560690,3936
webb,AL,31.260450,-85.273270,1413
webb,MS,33.947340,-90.344260,528
webb city,MO,37.146450,-94.463000,11165
webbers falls,OK,35.510930,-95.129960,601
webberville,MI,42.666980,-84.174130,1274
weber city,VA,37.755140,-78.283890,1276
webster,FL,28.609990,-82.055080,995
webster,MA,42.050100,-71.880070,11412
webster,NH,43.328970,-71.717860,1682
webster,NY,43.212290,-77.429990,5534
webster,SD,45.332180,-97.520090,1802
webster,TX,29.537730,-95.118260,11116
webster,WI,45.877450,-92.367420,627
webster city,IA,42.469420,-93.816050,7814
webster groves,MO,38.592550,-90.357340,23177
webster springs,WV,38.479270,-80.413420,1009
websterville,VT,44.160620,-72.469550,550
weddington,NC,35.022370,-80.760900,10531
wedgefield,FL,28.487780,-81.077290,6705
wedgefield,SC,33.892660,-80.518140,1615
wedgewood,SC,33.883770,-80.512580,1628
wedowee,AL,33.309000,-85.484670,809
weed,CA,41.422650,-122.386130,2556
weedpatch,CA,35.238020,-118.915100,2658
weedsport,NY,43.048680,-76.562720,1761
weedville,PA,41.276730,-78.491690,542
weehawken,NJ,40.769550,-74.020420,14104
weeki wachee gardens,FL,28.533610,-82.629540,1146
weeping water,NE,40.870000,-96.140570,1057
weidman,MI,43.687530,-84.968910,959
weigelstown,PA,39.983710,-76.822470,12875
weimar,TX,29.703010,-96.780530,2161
weiner,AR,35.620360,-90.898450,688
weir,KS,37.310050,-94.771900,647
weirton,WV,40.418960,-80.589520,19175
weirton heights,WV,40.408400,-80.539240,19450
weiser,ID,44.251000,-116.969330,5317
weissport east,PA,40.836970,-75.686430,1624
wekiwa springs,FL,28.698610,-81.425630,21998
welaka,FL,29.479140,-81.671470,681
welby,CO,39.836650,-104.959150,14846
welch,OK,36.873690,-95.095800,611
welch,WV,37.432890,-81.584550,1973
welcome,LA,30.059370,-90.868430,800
welcome,MN,43.666900,-94.619420,659
welcome,NC,35.902920,-80.256990,4162
welcome,SC,34.826510,-82.439010,6668
weldon,CA,35.665790,-118.290360,2642
weldon,NC,36.427100,-77.595530,1586
weldon spring,MO,38.713390,-90.689290,5575
weleetka,OK,35.335650,-96.136390,987
wellborn,FL,30.231060,-82.819570,2724
wellesley,MA,42.296490,-71.292560,27982
wellfleet,MA,41.937610,-70.032800,2797
wellford,SC,34.950950,-82.105940,2526
welling,OK,35.877870,-94.901060,771
wellington,CO,40.703870,-105.008590,7807
wellington,FL,26.658680,-80.241440,62560
wellington,KS,37.265300,-97.371710,7987
wellington,KY,38.216460,-85.669130,579
wellington,MO,39.134180,-93.982720,790
wellington,OH,41.168940,-82.217940,4852
wellington,TX,34.856170,-100.213730,2174
wellington,UT,39.542470,-110.735430,1621
wellman,IA,41.464180,-91.838230,1431
wells,MN,43.746070,-93.728840,2247
wells,NV,41.111590,-114.964490,1261
wells,TX,31.488510,-94.939930,796
wells beach station,ME,43.323970,-70.591440,10162
wells branch,TX,30.446040,-97.679450,12120
wellsboro,PA,41.748680,-77.300530,3290
wellsburg,IA,42.459150,-92.938530,707
wellsburg,NY,42.016190,-76.726900,555
wellsburg,WV,40.272010,-80.609520,2704
wellston,MO,38.672830,-90.299280,2323
wellston,OH,39.123410,-82.532940,5494
wellston,OK,35.694230,-97.063360,795
wellsville,KS,38.718340,-95.081640,1818
wellsville,MO,39.071980,-91.570160,1151
wellsville,NY,42.875910,-74.272350,4753
wellsville,OH,40.602840,-80.648960,3410
wellsville,UT,41.638540,-111.933830,3650
wellton,AZ,32.672830,-114.146880,2936
welsh,LA,30.236040,-92.822650,3227
wenatchee,WA,47.423460,-120.310350,33636
wendell,ID,42.775740,-114.704220,2744
wendell,MA,42.548140,-72.396750,1003
wendell,NC,35.780990,-78.369720,6285
wenden,AZ,33.822530,-113.541590,728
wendover,UT,40.737150,-114.037510,1400
wenham,MA,42.604260,-70.891160,4518
wenona,IL,41.052530,-89.050360,995
wenonah,NJ,39.794560,-75.148790,2254
wentworth,NC,36.400140,-79.774480,2765
wentworth,NH,43.871740,-71.914250,850
wentzville,MO,38.811440,-90.852910,35603
wernersville,PA,40.330090,-76.080500,2540
wescosville,PA,40.566760,-75.552960,5872
weslaco,TX,26.159520,-97.990840,39474
wesley chapel,FL,28.239730,-82.327870,44092
wesley chapel,NC,35.007090,-80.674510,8355
wesley hills,NY,41.159260,-74.069860,5935
wesleyville,PA,42.140330,-80.015060,3226
wessington springs,SD,44.079160,-98.569540,919
wesson,MS,31.701280,-90.397590,1908
west,TX,31.802380,-97.091670,2883
west albany,NY,42.683130,-73.778450,93794
west alexander,PA,40.105070,-80.507850,604
west alexandria,OH,39.744500,-84.532170,1341
west allis,WI,43.016680,-88.007030,60620
west alto bonito colonia,TX,26.314240,-98.663360,696
west alton,MO,38.865050,-90.222610,530
west and east lealman,FL,27.819930,-82.689440,21924
west arlington,MD,39.336770,-76.694970,1773
west athens,CA,33.923350,-118.303410,8729
west babylon,NY,40.718160,-73.354290,43213
west baden springs,IN,38.565330,-86.611100,564
west baraboo,WI,43.474430,-89.770400,1439
west barnstable,MA,41.705660,-70.374470,1508
west bay shore,NY,40.708710,-73.281230,4648
west belmar,NJ,40.169280,-74.035420,2493
west bend,IA,42.956910,-94.441080,759
west bend,WI,43.425280,-88.183430,31695
west bishop,CA,37.361040,-118.455110,2607
west blocton,AL,33.118170,-87.125000,1261
west bloomfield township,MI,42.568910,-83.383560,64690
west bountiful,UT,40.893830,-111.901880,5511
west boylston,MA,42.366760,-71.785630,7612
west bradenton,FL,27.502540,-82.613990,4192
west branch,IA,41.671410,-91.346550,2337
west branch,MI,44.276410,-84.238610,2067
west brattleboro,VT,42.855920,-72.603150,2740
west bridgewater,MA,42.018990,-71.007820,6750
west brookfield,MA,42.235370,-72.141190,1413
west brownsville,PA,40.024240,-79.890600,974
west buechel,KY,38.197010,-85.663290,1269
west burlington,IA,40.825040,-91.156540,3047
west caldwell,NJ,40.848520,-74.296950,0
west cambridge/harvard square,MA,42.372470,-71.119470,8023
west canton,NC,35.537880,-82.858190,1247
west cape may,NJ,38.938720,-74.941840,1016
west carrollton city,OH,39.672280,-84.252160,13297
west carson,CA,33.821680,-118.292570,21699
west carthage,NY,43.974230,-75.615190,2065
west chatham,MA,41.681220,-69.991130,1410
west chazy,NY,44.820600,-73.507080,529
west chester,PA,39.960970,-75.608040,19842
west chicago,IL,41.884750,-88.203960,27447
west city,IL,37.993940,-88.935070,654
west clarkston-highland,WA,46.402870,-117.063950,5261
west college corner,IN,39.567550,-84.816070,644
west columbia,SC,33.993490,-81.073980,16060
west columbia,TX,29.143860,-95.645220,3935
west concord,MA,42.458430,-71.395340,6028
west concord,MN,44.153580,-92.899640,774
west conshohocken,PA,40.069830,-75.316300,1381
west coon rapids,MN,45.159690,-93.349670,62528
west covina,CA,34.068620,-117.938950,108484
west crossett,AR,33.140960,-91.994020,1256
west decatur,PA,40.928390,-78.278070,533
west deland,FL,29.015820,-81.333120,3535
west dennis,MA,41.664560,-70.172800,2242
west des moines,IA,41.577210,-93.711330,64113
west dundee,IL,42.098080,-88.282860,7395
west easton,PA,40.678710,-75.236840,1251
west elizabeth,PA,40.270900,-79.899220,508
west elkridge,MD,39.207050,-76.726920,28734
west elmira,NY,42.078130,-76.845240,4967
west elsdon,IL,41.793920,-87.724500,19219
west end,NY,42.468690,-75.093780,1940
west end-cobb town,AL,33.652500,-85.874200,3465
west englewood,IL,41.778090,-87.666720,32156
west fairview,PA,40.275090,-76.915530,1282
west falls church,VA,38.864840,-77.187870,29207
west falmouth,MA,41.604270,-70.634470,1738
west fargo,ND,46.874970,-96.900360,33597
west farms,NY,40.839820,-73.877640,772
west fens,MA,42.342980,-71.098390,6548
west ferriday,LA,31.640440,-91.573180,1478
west forest park,MD,39.320360,-76.691760,2196
west fork,AR,35.924250,-94.188540,2543
west frankfort,IL,37.897830,-88.931460,8067
west freehold,NJ,40.242060,-74.301260,13613
west garfield park,IL,41.880590,-87.729220,17742
west gate,FL,26.702570,-80.098100,7975
west gate,VA,38.782890,-77.497490,8046
west glendive,MT,47.110850,-104.749680,1948
west glens falls,NY,43.300070,-73.684010,7071
west greenwich,RI,41.637000,-71.660040,6135
west grove,PA,39.822050,-75.827440,2859
west gulfport,MS,30.404090,-89.094200,71329
west hamburg,PA,40.547590,-76.002160,1979
west hamlin,WV,38.285640,-82.195700,762
west hammond,NM,36.680710,-108.049210,2790
west hartford,CT,41.762040,-72.742040,63268
west hattiesburg,MS,31.319060,-89.375060,5909
west haven,CT,41.270650,-72.947050,54927
west haven,OR,45.517620,-122.769540,6009
west haven,UT,41.203000,-112.051050,11921
west haven-sylvan,OR,45.516130,-122.768090,8001
west haverstraw,NY,41.209540,-73.985420,10421
west hazleton,PA,40.958700,-75.996040,4503
west helena,AR,34.550660,-90.641770,7679
west hempstead,NY,40.704820,-73.650130,18862
west henrietta,NY,43.040060,-77.661670,11691
west hill,OH,41.232830,-80.519240,2273
west hills,CA,34.197310,-118.643980,41426
west hills,MD,39.297360,-76.706620,1876
west hills,NY,40.816210,-73.432340,5592
west hills,PA,40.824230,-79.543100,1263
west hollywood,CA,34.090010,-118.361740,36222
west hollywood,FL,26.020650,-80.183940,60806
west homestead,PA,40.393960,-79.911990,1919
west hurley,NY,41.997310,-74.104860,1939
west ishpeming,MI,46.483550,-87.700970,2662
west islip,NY,40.706210,-73.306230,28335
west jefferson,NC,36.403740,-81.492880,1308
west jefferson,OH,39.944780,-83.268800,4279
west jordan,UT,40.609670,-111.939100,111946
west kennebunk,ME,43.408700,-70.581440,1176
west kensington,PA,39.986500,-75.139070,11532
west kittanning,PA,40.810340,-79.529490,1134
west lafayette,IN,40.425870,-86.908070,45550
west lafayette,OH,40.275350,-81.750960,2286
west lake hills,TX,30.297980,-97.801950,3317
west lake sammamish,WA,47.577600,-122.101230,33929
west lake stevens,WA,47.993430,-122.101800,21047
west laurel,MD,39.101220,-76.899700,4230
west lawn,IL,41.772810,-87.722270,32749
west lawn,PA,40.329810,-75.994380,1715
west lebanon,IN,40.270040,-87.386680,703
west leechburg,PA,40.622290,-79.612820,1294
west liberty,IA,41.570020,-91.263770,3728
west liberty,KY,37.921480,-83.259620,3330
west liberty,OH,40.252280,-83.755770,1775
west liberty,WV,40.169790,-80.593690,1590
west linn,OR,45.365680,-122.612310,26593
west little river,FL,25.857040,-80.236990,34699
west livingston,TX,30.698250,-95.001880,8071
west loch estates,HI,21.372440,-158.024180,5523
west long branch,NJ,40.290390,-74.017640,7994
west longview,WA,46.167890,-122.999000,2698
west lynchburg,VA,37.403200,-79.178080,65517
west mansfield,OH,40.402000,-83.545210,667
west marion,NC,35.657900,-82.025390,1348
west mayfield,PA,40.780060,-80.338400,1213
west melbourne,FL,28.071680,-80.653390,20679
west memphis,AR,35.146480,-90.184540,25052
west menlo park,CA,37.433550,-122.203020,3659
west miami,FL,25.763430,-80.296160,5965
west middlesex,PA,41.174220,-80.453400,841
west mifflin,PA,40.363400,-79.866440,20075
west milford,NJ,41.131210,-74.367370,26968
west milford,WV,39.200920,-80.404260,619
west milton,OH,39.962550,-84.328000,4714
west milton,PA,41.020080,-76.871630,900
west milwaukee,WI,43.012510,-87.972590,4212
west modesto,CA,37.617540,-121.039140,5682
west monroe,LA,32.518480,-92.147640,12966
west monroe,MI,41.913930,-83.431600,3503
west mount airy,PA,40.052610,-75.197960,12635
west mountain,UT,40.060790,-111.788270,1186
west nanticoke,PA,41.221750,-76.015200,749
west new york,NJ,40.787880,-74.014310,53366
west newbury,MA,42.801480,-70.989780,4221
west newton,MA,42.350100,-71.232830,9347
west newton,PA,40.209790,-79.766990,2544
west norriton,PA,40.129550,-75.378520,14702
west nyack,NY,41.096490,-73.972920,3439
west oak lane,PA,40.069280,-75.166290,38699
west ocean city,MD,38.331500,-75.106850,4375
west odessa,TX,31.842350,-102.498760,22707
west orange,NJ,40.798710,-74.239040,48131
west orange,TX,30.082150,-93.758220,3458
west palm beach,FL,26.715340,-80.053370,120932
west paris,ME,44.324230,-70.573950,1790
west park,CA,36.710230,-119.851260,1157
west park,FL,25.984540,-80.198940,15097
west pasco,WA,46.245410,-119.182790,3739
west pawlet,VT,43.353680,-73.252050,502
west pelzer,SC,34.644840,-82.470130,906
west pensacola,FL,30.426590,-87.279690,21339
west peoria,IL,40.692540,-89.627880,4418
west perrine,FL,25.605940,-80.362830,10602
west pittsburg,PA,40.932840,-80.363400,808
west pittston,PA,41.327580,-75.792970,4772
west plains,MO,36.728120,-91.852370,12285
west pleasant view,CO,39.732560,-105.178520,3840
west point,AL,34.238710,-86.959170,593
west point,CA,38.399080,-120.527430,674
west point,GA,32.877910,-85.183270,3728
west point,IA,40.716700,-91.450150,962
west point,KY,37.999520,-85.943570,868
west point,MS,33.607620,-88.650330,10990
west point,NE,41.841670,-96.708640,3368
west point,NY,41.391480,-73.955970,6763
west point,UT,41.118280,-112.084110,10345
west point,VA,37.531530,-76.796350,3333
west portsmouth,OH,38.758410,-83.029060,3149
west puente valley,CA,34.051680,-117.968400,22636
west raleigh,NC,35.786820,-78.663890,338759
west rancho dominguez,CA,33.893900,-118.270630,5669
west reading,PA,40.333700,-75.947430,4191
west richland,WA,46.304300,-119.361410,13746
west ridge,IL,41.999750,-87.692840,72211
west roxbury,MA,42.279260,-71.149500,30442
west rutland,VT,43.593120,-73.045110,2024
west sacramento,CA,38.580460,-121.530230,52721
west saint paul,MN,44.916080,-93.101610,19540
west salem,IL,38.520880,-88.004760,872
west salem,OH,40.971440,-82.109870,1487
west salem,WI,43.899130,-91.081250,5014
west samoset,FL,27.469480,-82.556760,5583
west sand lake,NY,42.643410,-73.608730,2660
west sayville,NY,40.727880,-73.097610,5011
west scarborough,ME,43.570360,-70.387830,27706
west sedona,AZ,34.867240,-111.805430,11299
west seneca,NY,42.850060,-78.799750,44711
west sharyland,TX,26.272570,-98.328630,2309
west side highway,WA,46.183990,-122.917150,5517
west siloam springs,OK,36.176190,-94.574940,840
west simsbury,CT,41.873150,-72.858150,2447
west slope,OR,45.498730,-122.764540,6554
west somerville/davis square,MA,42.395930,-71.122550,6393
west springfield,MA,42.107040,-72.620370,27912
west springfield,VA,38.772610,-77.221090,22460
west stockbridge,MA,42.345920,-73.366220,1441
west swanzey,NH,42.870080,-72.321750,1308
west tawakoni,TX,32.893730,-96.029410,1576
west terre haute,IN,39.465040,-87.450020,2217
west tisbury,MA,41.381220,-70.674470,2510
west torrington,CT,41.818430,-73.143720,36000
west town,IL,41.893810,-87.674930,86429
west union,IA,42.962760,-91.808220,2409
west union,OH,38.794520,-83.545190,3179
west union,WV,39.296470,-80.777050,831
west unity,OH,41.586160,-84.434950,1645
west university place,TX,29.718010,-95.433830,15741
west valley,NY,42.402840,-78.610030,518
west valley,WA,46.592070,-120.605070,12655
west valley city,UT,40.691610,-112.001050,136208
west vero corridor,FL,27.637750,-80.485760,7138
west view,PA,40.522290,-80.034220,6685
west village,NY,40.733610,-74.009170,32518
west wareham,MA,41.789830,-70.760310,2064
west warrenton,GA,33.412170,-82.675170,2300
west warwick,RI,41.696890,-71.521940,30146
west wenatchee,WA,47.443740,-120.353410,1565
west wendover,NV,40.739100,-114.073350,4294
west whittier-los nietos,CA,33.976000,-118.069090,25540
west wildwood,NJ,39.002340,-74.824330,572
west winfield,NY,42.885350,-75.193220,873
west wood,UT,39.605190,-110.842430,844
west wyoming,PA,41.319800,-75.846030,2703
west wyomissing,PA,40.324540,-75.990770,3407
west yarmouth,MA,41.650110,-70.241130,6012
west yellowstone,MT,44.662150,-111.104110,1339
west york,PA,39.952600,-76.751360,4569
westborough,MA,42.269540,-71.616180,4045
westbrook,ME,43.677030,-70.371160,17978
westbrook,MN,44.042180,-95.436110,726
westbrook center,CT,41.279970,-72.442540,2413
westbury,NY,40.755660,-73.587630,15379
westby,WI,43.656920,-90.854300,2263
westchase,FL,28.055020,-82.609820,21747
westchester,FL,25.754820,-80.327270,29862
westchester,IL,41.850590,-87.882000,16729
westcliffe,CO,38.134720,-105.465840,577
westerleigh,NY,40.621210,-74.131810,8927
westerly,RI,41.377600,-71.827290,17936
western lake,TX,32.623380,-97.811550,1525
western springs,IL,41.809750,-87.900620,13369
westernport,MD,39.485370,-79.044750,1810
westerville,OH,40.126170,-82.929070,38384
westfield,IL,39.456420,-87.996150,580
westfield,IN,40.042820,-86.127490,36738
westfield,MA,42.125090,-72.749540,41690
westfield,MD,39.359170,-76.551480,3111
westfield,ME,46.570320,-67.922530,581
westfield,NJ,40.658990,-74.347370,30548
westfield,NY,42.322280,-79.578100,3090
westfield,PA,41.919240,-77.538870,1052
westfield,WI,43.883590,-89.493460,1226
westfield center,OH,41.026440,-81.933200,1134
westford,MA,42.579260,-71.437840,21587
westgate,MD,39.284450,-76.706730,2647
westhampton,MA,42.302870,-72.774540,1494
westhampton,NY,40.824540,-72.666210,3079
westhampton beach,NY,40.803160,-72.614540,1721
westhaven-moonstone,CA,41.044890,-124.102390,1205
westlake,LA,30.242150,-93.250710,4615
westlake,OH,41.455320,-81.917920,32428
westlake,TX,32.991240,-97.195010,1264
westlake corner,VA,37.123200,-79.699480,976
westlake village,CA,34.145840,-118.805650,8507
westland,MI,42.324200,-83.400210,82000
westley,CA,37.549380,-121.199100,603
westmere,NY,42.691190,-73.868730,7284
westminster,CA,33.759180,-118.006730,92114
westminster,CO,39.836650,-105.037200,116317
westminster,LA,30.413800,-91.087600,3008
westminster,MA,42.545920,-71.910630,7028
westminster,MD,39.575380,-76.995810,18670
westminster,SC,34.664820,-83.096540,2484
westminster,TX,33.362610,-96.461930,861
westmont,CA,33.941400,-118.302300,31853
westmont,IL,41.795860,-87.975620,24941
westmont,PA,40.315630,-78.951690,4938
westmoreland,KS,39.393890,-96.413610,774
westmoreland,NH,42.962030,-72.442310,1861
westmoreland,TN,36.561990,-86.248040,2291
westmorland,CA,33.037270,-115.621380,2267
weston,FL,26.100370,-80.399770,69959
weston,MA,42.366760,-71.303110,11682
weston,MO,39.411110,-94.901630,1724
weston,NJ,40.522000,-74.578000,1235
weston,OH,41.344770,-83.797160,1638
weston,OR,45.813740,-118.424690,647
weston,VT,43.291190,-72.793150,570
weston,WI,44.890800,-89.547620,15069
weston,WV,39.038430,-80.467310,4082
weston lakes,TX,29.683240,-95.935710,2589
weston mills,NY,42.075900,-78.372520,1472
westons mills,NY,42.062290,-78.377240,1750
westover,AL,33.349550,-86.535820,1473
westover,WV,39.634530,-79.969790,4223
westover hills,TX,32.744850,-97.413630,721
westpark,CA,33.685270,-117.813710,22993
westphalia,MD,38.845390,-76.811080,7266
westphalia,MI,42.929480,-84.798600,937
westpoint,IN,40.345040,-87.043070,594
westport,CT,41.141490,-73.357900,26391
westport,IN,39.175890,-85.573030,1422
westport,MD,39.262050,-76.635520,1287
westport,ME,43.899250,-69.708380,775
westport,NC,35.501250,-80.978690,4026
westport,NY,44.183940,-73.435680,518
westport,WA,46.890090,-124.104060,2023
westvale,NY,43.047570,-76.220480,4963
westview,FL,25.882040,-80.241990,9650
westville,IL,40.042260,-87.638630,3105
westville,IN,41.541430,-86.900580,5662
westville,NJ,40.844540,-74.299590,4439
westville,OK,35.992580,-94.568000,1567
westway,TX,31.958710,-106.578050,4188
westwego,LA,29.906040,-90.142300,8542
westwood,CA,34.056120,-118.430630,2019
westwood,KS,39.040560,-94.616900,1719
westwood,KY,38.483140,-82.669880,4746
westwood,MA,42.213990,-71.224500,14029
westwood,MI,42.302820,-85.633620,8653
westwood,NJ,40.991210,-74.032640,11247
westwood,PA,39.971770,-75.853280,950
westwood lake,FL,25.729270,-80.372830,11838
westworth,TX,32.757350,-97.410850,2124
wetherington,OH,39.363670,-84.377440,1302
wethersfield,CT,41.714270,-72.652590,26668
wetumka,OK,35.237590,-96.241670,1245
wetumpka,AL,32.543740,-86.211910,7994
wewahitchka,FL,30.112700,-85.200470,1995
weweantic,MA,41.735380,-70.731980,2105
wewoka,OK,35.158690,-96.493350,3445
weyauwega,WI,44.321370,-88.933720,1866
weyers cave,VA,38.288460,-78.913080,2473
weymouth,MA,42.220930,-70.939770,54395
wharton,NJ,40.893150,-74.581830,6613
wharton,PA,39.926780,-75.157120,49732
wharton,TX,29.311640,-96.102740,8726
what cheer,IA,41.401400,-92.354630,622
whately,MA,42.439810,-72.634810,1600
wheat ridge,CO,39.766100,-105.077210,31192
wheatfield,IN,41.193090,-87.055580,845
wheatland,CA,39.009890,-121.423010,3725
wheatland,IA,41.831690,-90.838200,733
wheatland,PA,40.039540,-76.351070,723
wheatland,WY,42.054070,-104.952950,3659
wheatley heights,NY,40.763710,-73.369840,5130
wheaton,IL,41.866140,-88.107010,53715
wheaton,MD,39.039830,-77.055260,48284
wheaton,MN,45.804410,-96.499230,1362
wheaton,MO,36.762850,-94.056040,699
wheeler,TX,35.445330,-100.270960,1656
wheeler army airfield,HI,21.475150,-158.033950,2412
wheelersburg,OH,38.730350,-82.855450,6437
wheeling,IL,42.139190,-87.928960,38079
wheeling,WV,40.063960,-80.720910,27648
wheelwright,KY,37.332600,-82.720990,551
whetstone,AZ,31.692510,-110.350130,2617
whippany,NJ,40.824540,-74.417100,8822
whiskey creek,FL,26.572580,-81.890090,4655
whispering pines,NC,35.255710,-79.372250,3148
whitaker,PA,40.398400,-79.889770,1254
whitakers,NC,36.105430,-77.712750,725
white,GA,34.282870,-84.745210,724
white bear lake,MN,45.084690,-93.009940,25205
white bluff,TN,36.107560,-87.220840,3402
white castle,LA,30.169920,-91.147050,1825
white center,WA,47.517320,-122.354850,13495
white city,FL,27.373930,-80.333940,3719
white city,KS,38.795560,-96.735840,581
white city,OR,42.437350,-122.832000,7975
white city,UT,40.565780,-111.864380,5407
white cloud,MI,43.550300,-85.772000,1383
white cone,AZ,35.605290,-110.068180,817
white deer,TX,35.435320,-101.172940,966
white earth,MN,47.096630,-95.843380,580
white hall,AL,32.327080,-86.711920,811
white hall,AR,34.273990,-92.090980,5180
white hall,IL,39.436990,-90.403180,2410
white hall,WV,39.421200,-80.182580,663
white haven,MT,48.344950,-115.517390,577
white haven,PA,41.060640,-75.774080,1097
white horse,NJ,40.190670,-74.702380,9494
white house,TN,36.470320,-86.651380,11226
white island shores,MA,41.800100,-70.634750,2106
white lake,NC,34.640450,-78.483900,782
white marsh,MD,39.383720,-76.432180,9513
white meadow lake,NJ,40.923710,-74.510710,8836
white mills,PA,41.526200,-75.203510,659
white mountain lake,AZ,34.348650,-109.997890,2205
white oak,MD,39.039830,-76.993030,17403
white oak,MS,34.645940,-90.354260,692
white oak,OH,39.213110,-84.599390,19167
white oak,PA,40.337570,-79.809210,7775
white oak,TX,32.527920,-94.861330,6345
white pigeon,MI,41.798110,-85.643320,1514
white pine,TN,36.107590,-83.286830,2244
white plains,AL,33.747320,-85.689130,811
white plains,KY,37.183660,-87.383610,872
white plains,NC,36.445690,-80.633400,1074
white plains,NY,41.033990,-73.762910,58459
white river,SD,43.568050,-100.745420,575
white river junction,VT,43.648960,-72.319260,2286
white river junction va medical center,VT,42.830490,-72.567860,2286
white rock,NM,35.827530,-106.203910,5725
white salmon,WA,45.727620,-121.486460,2343
white sands,NM,32.380930,-106.479440,1651
white settlement,TX,32.759570,-97.458350,17077
white springs,FL,30.329670,-82.759020,773
white sulphur springs,MT,46.548280,-110.902160,910
white sulphur springs,WV,37.796510,-80.297570,2438
white swan,WA,46.382900,-120.731180,793
whitefield,ME,44.170070,-69.625320,2363
whitefield,NH,44.373120,-71.610080,1142
whitefish,MT,48.411080,-114.337630,7073
whitefish bay,WI,43.113340,-87.900090,14110
whitehall,MI,43.410010,-86.348680,2711
whitehall,MT,45.870760,-112.097490,1094
whitehall,NY,43.555620,-73.403720,2582
whitehall,OH,39.966730,-82.885460,18694
whitehall,PA,40.361180,-79.990890,13834
whitehall,WI,44.367460,-91.316550,1568
whitehall township,PA,40.666760,-75.499910,24896
whitehouse,OH,41.518940,-83.803830,4462
whitehouse,TX,32.226820,-95.225500,8189
whitehouse station,NJ,40.615380,-74.770440,2089
whiteland,IN,39.550050,-86.079710,4320
whitelaw,WI,44.144720,-87.821480,744
whiteman air force base,MO,38.730180,-93.558950,2556
whitemarsh island,GA,32.028820,-81.016780,6792
whiteriver,AZ,33.836990,-109.964270,4104
whitesboro,AL,34.163430,-86.069420,2138
whitesboro,NJ,39.039000,-74.856840,2205
whitesboro,NY,43.122010,-75.291560,3694
whitesboro,TX,33.656220,-96.906950,3909
whitesboro-burleigh,NJ,39.043050,-74.865380,2205
whitesburg,GA,33.494000,-84.913830,596
whitesburg,KY,37.118430,-82.826830,2006
whitestone,NY,40.794550,-73.818470,36984
whitestown,IN,39.997260,-86.345830,6013
whitesville,KY,37.683110,-86.871380,538
whiteville,NC,34.338780,-78.703070,5589
whiteville,TN,35.326470,-89.149510,4523
whitewater,KS,37.964740,-97.147530,710
whitewater,WI,42.833620,-88.732330,14692
whitewood,SD,44.461100,-103.638530,919
whitewright,TX,33.512890,-96.392480,1633
whitfield,FL,27.411710,-82.565930,2882
whitfield,PA,40.335930,-76.006050,4733
whiting,IA,42.127490,-96.149460,753
whiting,IN,41.679760,-87.494490,4872
whiting,WI,44.493580,-89.558730,1727
whitinsville,MA,42.111210,-71.666180,6704
whitley city,KY,36.723410,-84.470490,1170
whitman,MA,42.080660,-70.935600,14495
whitman,PA,39.916780,-75.155460,49732
whitmire,SC,34.502910,-81.611490,1462
whitmore lake,MI,42.439700,-83.745300,6423
whitmore village,HI,21.514290,-158.024640,4499
whitney,NV,36.098310,-115.036300,38585
whitney,TX,31.951820,-97.321400,2101
whitney point,NY,42.328960,-75.967700,941
whitsett,NC,36.071250,-79.564470,623
whittier,CA,33.979180,-118.032840,87438
whittingham,NJ,40.329820,-74.445110,2476
whitwell,TN,35.201460,-85.519130,1725
wibaux,MT,46.985010,-104.188270,666
wichita,KS,37.692240,-97.337540,396119
wichita falls,TX,33.913710,-98.493390,104710
wickenburg,AZ,33.968640,-112.729620,6806
wickerham manor-fisher,PA,40.177490,-79.906840,1728
wickes,AR,34.303170,-94.338270,734
wickett,TX,31.570130,-103.000990,539
wickliffe,KY,36.964780,-89.089230,685
wickliffe,OH,41.605330,-81.453450,12545
wiconisco,PA,40.573420,-76.691360,921
wiggins,CO,40.230540,-104.072730,893
wiggins,MS,30.858240,-89.135330,4550
wilber,NE,40.481390,-96.960580,1870
wilberforce,OH,39.716170,-83.877710,2271
wilbraham,MA,42.123710,-72.431470,3915
wilbur,WA,47.758760,-118.705560,849
wilburton,OK,34.918710,-95.309140,2683
wilburton,WA,47.603150,-122.180960,3790
wild peach village,TX,29.083580,-95.633840,2452
wild rose,WI,44.178590,-89.249010,699
wilder,ID,43.676550,-116.911820,1622
wilder,KY,39.056450,-84.486890,3088
wilder,VT,43.672850,-72.308700,1690
wilderness rim,WA,47.446970,-121.768570,1523
wildomar,CA,33.598910,-117.280040,35632
wildwood,FL,28.865420,-82.040580,6590
wildwood,MO,38.582830,-90.662900,35899
wildwood,NJ,38.991780,-74.814890,5149
wildwood,TN,35.803700,-83.871290,1098
wildwood,TX,30.524090,-94.441580,1235
wildwood crest,NJ,38.974840,-74.833500,3182
wildwood lake,TN,35.092020,-84.854390,3124
wiley ford,WV,39.614530,-78.775020,1026
wilhoit,AZ,34.425860,-112.586840,868
wilkerson,CA,37.279430,-118.387690,563
wilkes-barre,PA,41.245910,-75.881310,40780
wilkesboro,NC,36.145960,-81.160640,3531
wilkinsburg,PA,40.441740,-79.881990,15731
wilkinson heights,SC,33.490000,-80.832000,2493
willacoochee,GA,31.340760,-83.045980,1393
willamina,OR,45.078730,-123.485940,2106
willard,MO,37.305050,-93.428530,5454
willard,OH,41.053110,-82.726290,6063
willard,UT,41.409110,-112.036060,1787
willards,MD,38.391230,-75.348530,989
willcox,AZ,32.252850,-109.832010,3552
williams,AZ,35.249460,-112.191000,3122
williams,CA,39.154610,-122.149420,5196
williams,OR,42.218730,-123.273940,1072
williams bay,WI,42.578070,-88.540930,2600
williamsburg,CO,38.381940,-105.151930,656
williamsburg,FL,28.414450,-81.442850,7646
williamsburg,IA,41.661120,-92.009070,3195
williamsburg,KY,36.743420,-84.159660,5293
williamsburg,MA,42.393140,-72.730090,2469
williamsburg,NY,40.714270,-73.953470,33000
williamsburg,OH,39.054230,-84.052990,2549
williamsburg,PA,40.462020,-78.199730,1222
williamsburg,VA,37.270700,-76.707460,15052
williamsdale,OH,39.441170,-84.529950,581
williamsfield,IL,40.922540,-90.014560,560
williamson,AZ,34.690020,-112.541010,5438
williamson,NY,43.223950,-77.186090,2495
williamson,WV,37.674270,-82.277360,3003
williamsport,IN,40.288370,-87.293900,1848
williamsport,MD,39.600650,-77.820550,2162
williamsport,OH,39.585900,-83.120460,1051
williamsport,PA,41.241190,-77.001080,29201
williamston,MI,42.688920,-84.283020,3883
williamston,NC,35.854600,-77.055510,5508
williamston,SC,34.618450,-82.477910,4124
williamstown,KY,38.638120,-84.560500,3943
williamstown,MA,42.712020,-73.203720,4325
williamstown,NJ,39.686230,-74.995170,15567
williamstown,PA,40.580090,-76.617740,1375
williamstown,VT,44.121730,-72.541490,1162
williamstown,WV,39.400630,-81.448180,2965
williamsville,IL,39.954220,-89.548710,1496
williamsville,NY,42.963950,-78.737810,5254
willimantic,CT,41.710650,-72.208130,17737
willingboro,NJ,40.027890,-74.869050,31668
willis,TX,30.424930,-95.479940,6313
williston,FL,29.387470,-82.446770,2746
williston,ND,48.146970,-103.617970,26977
williston,SC,33.402650,-81.420110,3028
williston,VT,44.437550,-73.068180,8314
williston highlands,FL,29.340520,-82.541500,2275
williston park,NY,40.756490,-73.644850,7331
willisville,IL,37.983940,-89.589540,608
willits,CA,39.409610,-123.355570,4861
willmar,MN,45.121910,-95.043340,19638
willoughby,OH,41.639770,-81.406500,22631
willoughby hills,OH,41.598380,-81.418450,9382
willow,AK,61.747220,-150.037500,2102
willow creek,CA,40.939580,-123.631440,1710
willow grove,PA,40.144000,-75.115730,15726
willow oak,FL,27.916140,-82.017860,6732
willow park,TX,32.762630,-97.650580,4922
willow springs,IL,41.740870,-87.860330,5695
willow springs,MO,36.992280,-91.969870,2150
willow street,PA,39.979270,-76.276350,7578
willow valley,AZ,34.911950,-114.606630,1062
willowbrook,CA,33.916960,-118.255070,35983
willowbrook,IL,41.769750,-87.935890,8613
willowbrook,NY,40.603160,-74.138480,2930
willowick,OH,41.633100,-81.468730,13957
willows,CA,39.524330,-122.193590,6069
wills point,TX,32.709300,-96.008300,3547
willsboro,NY,44.357270,-73.392070,753
wilmar,AR,33.629000,-91.931520,508
wilmer,AL,30.823240,-88.361400,597
wilmer,TX,32.589020,-96.685270,3928
wilmerding,PA,40.390900,-79.810050,2156
wilmette,IL,42.072250,-87.722840,27413
wilmington,CA,33.780020,-118.262570,52000
wilmington,DE,39.745950,-75.546590,70898
wilmington,IL,41.307810,-88.146720,5694
wilmington,MA,42.546480,-71.173670,22325
wilmington,NC,34.235560,-77.946040,115933
wilmington,NY,44.388380,-73.815420,937
wilmington,OH,39.445340,-83.828540,12449
wilmington island,GA,32.003550,-80.973720,15138
wilmington manor,DE,39.686780,-75.584370,7889
wilmore,KY,37.862020,-84.661610,6247
wilmot,AR,33.057350,-91.573450,518
wilmot,NH,43.451740,-71.913690,1218
wilmot,SD,45.408570,-96.857850,504
wilroads gardens,KS,37.724190,-99.933190,609
wilson,AR,35.568140,-90.042030,871
wilson,KS,38.825010,-98.475340,760
wilson,LA,30.920180,-91.115660,574
wilson,NC,35.721270,-77.915540,49643
wilson,NY,43.309780,-78.826150,1231
wilson,OK,34.162040,-97.425860,1730
wilson,PA,40.683990,-75.241840,7781
wilson,WY,43.500760,-110.875210,1482
wilson park,MD,39.343500,-76.605390,660
wilson-conococheague,MD,39.653510,-77.831570,2282
wilsons mills,NC,35.584050,-78.355830,2277
wilsonville,AL,33.234280,-86.483590,1980
wilsonville,IL,39.070880,-89.856210,566
wilsonville,OR,45.299840,-122.773710,22729
wilton,AL,33.078730,-86.881660,687
wilton,CA,38.411860,-121.272170,5363
wilton,CT,41.195370,-73.437900,18062
wilton,IA,41.588920,-91.016820,2805
wilton,ME,44.592840,-70.228120,2198
wilton,ND,47.158600,-100.783470,725
wilton,NH,42.843420,-71.735070,1163
wilton,NY,43.180070,-73.744290,17361
wilton,WI,43.813580,-90.527910,506
wilton manors,FL,26.160360,-80.138930,12385
wimauma,FL,27.712530,-82.298980,6373
wimberley,TX,29.997440,-98.098620,2670
wimer,OR,42.538730,-123.148940,678
winamac,IN,41.051430,-86.603060,2402
winchendon,MA,42.686200,-72.043970,4213
winchester,CA,33.706970,-117.084470,2534
winchester,IL,39.629770,-90.456240,1513
winchester,IN,40.171990,-84.981350,4769
winchester,KS,39.322220,-95.266920,535
winchester,KY,37.990080,-84.179650,18446
winchester,MA,42.452320,-71.137000,21374
winchester,MO,38.590330,-90.527900,1540
winchester,NH,42.773420,-72.383140,1733
winchester,NV,36.129970,-115.118890,27978
winchester,OH,38.941740,-83.650750,1035
winchester,OK,35.786210,-95.992220,506
winchester,TN,35.185920,-86.112210,8539
winchester,VA,39.185660,-78.163330,27284
winchester,WI,44.198590,-88.664830,671
winchester center,CT,41.900100,-73.134830,10830
winchester park,PA,40.055110,-75.029620,1884
wind gap,PA,40.848150,-75.291570,2701
wind lake,WI,42.829460,-88.158700,5342
wind point,WI,42.784460,-87.766190,1710
windber,PA,40.239800,-78.835020,3974
windcrest,TX,29.515510,-98.380290,5794
windemere,TX,30.458860,-97.660660,1037
winder,GA,33.992610,-83.720170,15447
windermere,FL,28.495560,-81.534800,3249
windfall,IN,40.363090,-85.956370,803
windham,CT,41.699820,-72.157020,23072
windham,NH,42.800640,-71.304230,13091
windham,OH,41.235060,-81.049260,2205
winding falls,KY,38.283130,-85.643850,644
windom,MN,43.866350,-95.116940,4550
window rock,AZ,35.680570,-109.052590,2712
windsor,CA,38.547130,-122.816380,27464
windsor,CO,40.477480,-104.901360,32716
windsor,CT,41.852600,-72.643700,28778
windsor,IL,39.440870,-88.594780,1162
windsor,MA,42.511750,-73.057880,890
windsor,ME,44.310630,-69.580600,2291
windsor,MO,38.532240,-93.522150,2808
windsor,NC,35.998490,-76.946060,3785
windsor,NY,42.075910,-75.640460,896
windsor,PA,39.916210,-76.584410,1480
windsor,VA,36.808480,-76.744120,2671
windsor,VT,43.480350,-72.384810,2066
windsor,WI,43.218330,-89.341510,3573
windsor heights,IA,41.597770,-93.708280,4889
windsor locks,CT,41.929260,-72.627310,12498
windy hills,KY,38.273960,-85.634410,2428
winfall,NC,36.219050,-76.463830,600
winfield,AL,33.928990,-87.817250,4570
winfield,IA,41.123080,-91.441270,1142
winfield,IL,41.861700,-88.160900,9657
winfield,IN,41.405310,-87.275310,5406
winfield,KS,37.239750,-96.995590,12204
winfield,MO,38.997270,-90.738460,1434
winfield,NJ,40.642600,-74.285430,1514
winfield,PA,40.909250,-76.855240,900
winfield,TN,36.555910,-84.451600,951
winfield,TX,33.167340,-95.111880,524
winfield,WV,38.533140,-81.893470,2354
wingate,NC,34.984320,-80.449230,3854
wingo,KY,36.642280,-88.738940,640
wink,TX,31.751240,-103.159890,1060
winlock,WA,46.491220,-122.937900,1320
winnebago,IL,42.266130,-89.241220,3012
winnebago,MN,43.767730,-94.165790,1378
winnebago,NE,42.235830,-96.472530,787
winneconne,WI,44.110820,-88.712610,2445
winnemucca,NV,40.972960,-117.735680,7887
winner,SD,43.376670,-99.859010,2825
winnetka,CA,34.213340,-118.572030,47000
winnetka,IL,42.108080,-87.735900,12472
winnett,MT,47.002760,-108.352070,179
winnfield,LA,31.925580,-92.641310,4565
winnie,TX,29.820220,-94.384080,3254
winnsboro,LA,32.163210,-91.720680,4762
winnsboro,SC,34.380700,-81.086480,3351
winnsboro,TX,32.957340,-95.290220,3340
winnsboro mills,SC,34.361810,-81.085370,1898
winona,MN,44.049960,-91.639320,27094
winona,MO,37.009770,-91.323470,1310
winona,MS,33.482070,-89.728140,4439
winona,TX,32.489590,-95.167170,598
winona lake,IN,41.227270,-85.821930,4951
winooski,VT,44.491440,-73.185680,7193
winslow,AZ,35.024190,-110.697360,9600
winslow,IN,38.382270,-87.212790,847
winslow,ME,44.547010,-69.621160,7794
winsted,CT,41.921210,-73.060110,7712
winsted,MN,44.963850,-94.047470,2296
winston,FL,28.031690,-82.014810,9050
winston,OR,43.122340,-123.412570,5393
winston-salem,NC,36.099860,-80.244220,241218
winter beach,FL,27.719200,-80.420610,2067
winter garden,FL,28.565280,-81.586180,40356
winter gardens,CA,32.831160,-116.933360,20631
winter haven,FL,28.022240,-81.732860,37689
winter hill,MA,42.395930,-71.098940,12613
winter park,CO,39.891650,-105.763060,993
winter park,FL,28.600000,-81.339240,29943
winter springs,FL,28.698890,-81.308120,34789
winterport,ME,44.637850,-68.845040,1340
winters,CA,38.524910,-121.970800,7034
winters,TX,31.956530,-99.962310,2563
winterset,IA,41.330820,-94.013840,5176
winterstown,PA,39.835380,-76.618020,625
wintersville,OH,40.375350,-80.703690,3795
winterville,GA,33.967060,-83.278210,1172
winterville,NC,35.529050,-77.401080,9464
winthrop,IA,42.473320,-91.734330,849
winthrop,MA,42.375100,-70.982830,17618
winthrop,ME,44.305070,-69.977000,2650
winthrop,MN,44.543020,-94.366370,1363
winthrop,NY,44.794780,-74.786860,510
winthrop harbor,IL,42.478910,-87.823680,6818
winton,CA,37.389380,-120.613250,10613
winton,NC,36.395710,-76.931900,745
wiscasset,ME,44.002860,-69.665600,1097
wiscon,FL,28.540830,-82.462040,706
wisconsin dells,WI,43.627480,-89.770960,2705
wisconsin rapids,WI,44.383580,-89.817350,17897
wise,VA,36.975930,-82.575710,3119
wishek,ND,46.256920,-99.557060,988
wisner,LA,31.980990,-91.655680,931
wisner,NE,41.987220,-96.914210,1184
wissinoming,PA,40.022330,-75.063230,21445
wister,OK,34.967320,-94.724670,1069
wister,PA,40.035110,-75.157950,4318
withamsville,OH,39.062280,-84.288270,7021
witt,IL,39.256440,-89.348140,872
wittenberg,WI,44.827200,-89.169560,1022
wittmann,AZ,33.776420,-112.528500,763
wixom,MI,42.524760,-83.536330,13746
woburn,MA,42.479260,-71.152280,39555
wofford heights,CA,35.706900,-118.456200,2200
wolcott,CT,41.602320,-72.986770,16639
wolcott,IN,40.758090,-87.041680,989
wolcott,NY,43.220620,-76.814960,1645
wolcottville,IN,41.525880,-85.366650,1015
wolf creek,UT,41.333270,-111.827160,1336
wolf lake,MI,43.254740,-86.109780,4104
wolf point,MT,48.090570,-105.640560,2850
wolf trap,VA,38.939830,-77.286090,16131
wolfdale,PA,40.192850,-80.287840,2888
wolfe city,TX,33.370670,-96.068860,1416
wolfeboro,NH,43.583970,-71.207290,2838
wolfforth,TX,33.505920,-102.009060,4249
wolfhurst,OH,40.069240,-80.783700,1239
wollochet,WA,47.268710,-122.584020,6651
wolverine lake,MI,42.556700,-83.473830,4312
womelsdorf,PA,40.361760,-76.184110,2859
womens bay,AK,57.682220,-152.668610,719
wonder lake,IL,42.385300,-88.347310,4026
wonewoc,WI,43.652750,-90.223460,796
wood dale,IL,41.963360,-87.978960,13917
wood heights,MO,39.339450,-94.162720,698
wood river,IL,38.861160,-90.097610,10294
wood river,NE,40.820570,-98.600070,1367
wood village,OR,45.534290,-122.418700,4017
wood-lynne,NJ,39.917340,-75.096290,2978
wood-ridge,NJ,40.845660,-74.087920,8249
woodacre,CA,38.012700,-122.645260,1348
woodall,OK,35.834820,-95.068290,823
woodbine,GA,30.963960,-81.724160,1285
woodbine,IA,41.738320,-95.702780,1422
woodbine,NJ,39.241780,-74.815170,2482
woodbourne,PA,40.192330,-74.888780,3851
woodbranch,TX,30.181050,-95.188820,1377
woodbridge,CA,33.677240,-117.794420,24966
woodbridge,CT,41.352600,-73.008440,9355
woodbridge,NJ,40.557600,-74.284590,19265
woodbridge,VA,38.658170,-77.249700,4055
woodburn,IN,41.125330,-84.853300,1611
woodburn,OR,45.143730,-122.855370,25173
woodburn,VA,38.847450,-77.236050,8480
woodbury,CT,41.544540,-73.209000,9755
woodbury,GA,32.983740,-84.582700,909
woodbury,MN,44.923860,-92.959380,67855
woodbury,NJ,39.838170,-75.152680,10020
woodbury,NY,41.364540,-74.105980,10879
woodbury,TN,35.827570,-86.071660,2762
woodbury center,CT,41.544530,-73.204760,1294
woodbury heights,NJ,39.817060,-75.155180,3010
woodcliff lake,NJ,41.023430,-74.066530,5917
woodcreek,TX,30.028270,-98.111120,1528
woodcrest,CA,33.882240,-117.357270,14347
woodfield,SC,34.059320,-80.930920,9303
woodfin,NC,35.633440,-82.582070,6349
woodhaven,MI,42.138930,-83.241600,12539
woodhaven,NY,40.689270,-73.857910,36555
woodhull,IL,41.178930,-90.315960,788
woodinville,WA,47.754270,-122.163460,11782
woodlake,CA,36.413560,-119.098720,7654
woodlake,VA,37.421060,-77.679310,7319
woodland,CA,38.678520,-121.773300,58567
woodland,ME,45.157020,-67.404720,952
woodland,NC,36.331540,-77.212740,744
woodland,WA,45.904560,-122.743990,5842
woodland beach,MI,41.940050,-83.313260,2049
woodland heights,PA,41.409780,-79.711720,1261
woodland hills,CA,34.168340,-118.605920,70000
woodland hills,KY,38.240350,-85.524130,696
woodland hills,UT,40.015320,-111.648680,1482
woodland park,CO,38.993880,-105.056930,7222
woodland park,NJ,40.889820,-74.194870,12518
woodlands,CA,35.028880,-120.552390,576
woodlawn,IL,41.779480,-87.599490,24150
woodlawn,MD,39.322880,-76.728030,37879
woodlawn,NC,36.110140,-79.295300,900
woodlawn,NY,40.898160,-73.867360,7317
woodlawn,OH,39.252000,-84.470220,3292
woodlawn,VA,38.716780,-77.132760,20804
woodlawn beach,FL,30.388250,-86.990800,1785
woodlawn park,KY,38.261460,-85.629130,974
woodley park,DC,38.928720,-77.055810,9856
woodlyn,PA,39.872330,-75.337130,9485
woodmere,LA,29.857980,-90.080350,12080
woodmere,NY,40.632050,-73.712630,17121
woodmere,OH,41.462280,-81.480670,864
woodmont,CT,41.228150,-72.991490,1505
woodmoor,CO,39.101380,-104.847480,8741
woodmore,MD,38.921220,-76.803030,3936
woodridge,DC,38.931220,-76.971090,6671
woodridge,IL,41.746970,-88.050340,33370
woodridge,NY,41.710650,-74.574330,797
woodrow,NY,40.541500,-74.191060,21005
woodruff,SC,34.739570,-82.037050,4129
woodruff,WI,45.896340,-89.699040,966
woods bay,MT,48.001620,-114.050390,661
woods creek,WA,47.878710,-121.898460,5589
woods cross,UT,40.871610,-111.892160,11284
woods hole,MA,41.527010,-70.673240,781
woodsboro,MD,39.533160,-77.314710,1196
woodsboro,TX,28.238340,-97.319990,1483
woodsburgh,NY,40.623990,-73.708460,783
woodsfield,OH,39.762570,-81.115380,2348
woodside,CA,37.429940,-122.253860,5561
woodside,NY,40.745380,-73.905410,41981
woodside,PA,40.232000,-74.860000,2425
woodside east,DE,39.067560,-75.537480,2316
woodson,IL,39.628940,-90.219010,512
woodson terrace,MO,38.725050,-90.358450,4072
woodstock,AL,33.206780,-87.150000,1547
woodstock,GA,34.101490,-84.519380,29898
woodstock,IL,42.314740,-88.448700,25189
woodstock,ME,44.374940,-70.608490,1352
woodstock,NH,43.977570,-71.685080,1213
woodstock,NY,42.040920,-74.118200,2088
woodstock,VA,38.881780,-78.505840,5248
woodstock,VT,43.624240,-72.518430,871
woodstown,NJ,39.651500,-75.328250,3524
woodsville,NH,44.152290,-72.037310,1126
woodville,AL,34.627870,-86.274430,735
woodville,CA,36.093560,-119.199000,1740
woodville,FL,30.314090,-84.247400,2978
woodville,MS,31.104620,-91.299560,995
woodville,OH,41.451440,-83.365760,2083
woodville,TX,30.775200,-94.415480,2478
woodville,WI,44.953020,-92.291300,1339
woodward,IA,41.856930,-93.921900,1503
woodward,OK,36.433650,-99.390390,12993
woodway,TX,31.506000,-97.205010,8777
woodway,WA,47.796210,-122.382910,1364
woodworth,LA,31.146580,-92.497360,1084
woolwich,ME,43.918690,-69.801160,2922
woonsocket,RI,42.002880,-71.514780,41475
woonsocket,SD,44.053600,-98.275640,659
wooster,AR,35.202030,-92.455990,999
wooster,OH,40.805170,-81.936460,26749
worcester,MA,42.262590,-71.802290,206518
worcester,NY,42.591460,-74.750430,1113
worden,IL,38.931440,-89.838990,1028
worden,MT,45.959960,-108.160950,577
worland,WY,44.016900,-107.955370,5372
wormleysburg,PA,40.262870,-76.913860,3079
worth,IL,41.689750,-87.797280,10784
wortham,TX,31.787940,-96.462480,1028
worthing,SD,43.329150,-96.762830,942
worthington,IN,39.125040,-86.979450,1428
worthington,KY,38.315620,-85.561630,1643
worthington,MN,43.619960,-95.596400,13090
worthington,OH,40.093120,-83.017960,14498
worthington,PA,40.837560,-79.631990,614
worthington hills,KY,38.308960,-85.526900,1496
woxall,PA,40.310660,-75.448790,1318
wrangell,AK,56.470830,-132.376670,2382
wray,CO,40.075820,-102.223250,2378
wrens,GA,33.207650,-82.391790,2051
wrentham,MA,42.066770,-71.328110,11251
wright,FL,30.455750,-86.638290,23127
wright,WY,43.751240,-105.492010,1862
wright city,MO,38.827550,-91.020140,3445
wright city,OK,34.060110,-95.003280,745
wright-patterson afb,OH,39.811130,-84.057310,1821
wrightsboro,NC,34.288500,-77.921100,4896
wrightstown,NJ,40.036220,-74.617930,796
wrightstown,WI,44.325820,-88.162880,3325
wrightsville,AR,34.602320,-92.216810,2260
wrightsville,GA,32.729330,-82.719860,3642
wrightsville,PA,40.025650,-76.529970,2290
wrightsville beach,NC,34.208500,-77.796370,2564
wrightwood,CA,34.360830,-117.633390,4525
wurtland,KY,38.550360,-82.777940,1043
wurtsboro,NY,41.576760,-74.487100,1173
wyalusing,PA,41.668130,-76.261880,572
wyandanch,NY,40.753990,-73.360400,11647
wyandotte,MI,42.214210,-83.149920,25156
wyanet,IL,41.365310,-89.583980,956
wyckoff,NJ,41.009540,-74.172920,17124
wye,MT,46.952980,-114.121500,511
wykagyl,NY,40.941490,-73.799020,14146
wyldwood,TX,30.129380,-97.472770,2505
wylie,TX,33.015120,-96.538880,46708
wymore,NE,40.122220,-96.662520,1414
wynantskill,NY,42.696750,-73.644280,3276
wyncote,PA,40.094550,-75.148790,3044
wyndham,VA,37.698480,-77.612490,9785
wyndmoor,PA,40.081220,-75.189340,5498
wynne,AR,35.224530,-90.786780,8193
wynnefield heights,PA,40.003450,-75.204620,7595
wynnewood,OK,34.643420,-97.164470,2223
wyocena,WI,43.495820,-89.308450,744
wyoming,DE,39.118170,-75.558810,1465
wyoming,IA,42.059180,-91.007370,511
wyoming,IL,41.061700,-89.773160,1376
wyoming,MI,42.913360,-85.705310,75275
wyoming,MN,45.336360,-92.997160,7813
wyoming,OH,39.231170,-84.465780,8411
wyoming,PA,41.311750,-75.837420,3044
wyomissing,PA,40.329540,-75.965210,10469
wyomissing hills,PA,40.337590,-75.979660,2606
wytheville,VA,36.948450,-81.084810,8115
xenia,OH,39.684780,-83.929650,25976
yachats,OR,44.311230,-124.104840,718
yacolt,WA,45.865950,-122.406210,1686
yadkinville,NC,36.134580,-80.659510,2927
yah-ta-hey,NM,35.628080,-108.780360,590
yakima,WA,46.602070,-120.505900,93701
yakutat,AK,59.546940,-139.727220,662
yalaha,FL,28.738600,-81.808690,1364
yale,MI,43.130030,-82.798260,1905
yale,OK,36.114230,-96.699190,1223
yale heights,MD,39.276120,-76.690560,2046
yamhill,OR,45.341500,-123.187330,1094
yanceyville,NC,36.404030,-79.336130,2004
yankeetown,FL,29.029970,-82.715940,501
yankton,SD,42.871110,-97.397280,14557
yaphank,NY,40.836770,-72.917050,5945
yardley,PA,40.245660,-74.846000,2441
yardville,NJ,40.181220,-74.664320,7186
yarmouth,MA,41.705670,-70.228630,25243
yarmouth,ME,43.800640,-70.186720,5869
yarmouth port,MA,41.702050,-70.249470,5320
yarnell,AZ,34.221690,-112.747400,649
yarrow point,WA,47.646210,-122.217350,1081
yates center,KS,37.881150,-95.733320,1331
yates city,IL,40.778650,-90.014840,670
yatesville,PA,40.825090,-76.171330,617
yaupon beach,NC,33.904900,-78.078330,922
yazoo city,MS,32.855130,-90.405650,11245
yeadon,PA,39.939000,-75.255460,11523
yeagertown,PA,40.643130,-77.580550,1050
yellow springs,OH,39.806450,-83.886870,3793
yellville,AR,36.226180,-92.684890,1169
yelm,WA,46.942040,-122.605960,8434
yemassee,SC,32.690180,-80.850660,981
yerington,NV,38.985750,-119.162930,3064
yermo,CA,34.904980,-116.820310,623
yoakum,TX,29.287750,-97.151930,6016
yoe,PA,39.908990,-76.636910,1011
yokuts valley,CA,36.740230,-119.246790,3162
yonah,GA,34.641210,-83.753510,507
yoncalla,OR,43.598450,-123.283420,1053
yonkers,NY,40.930400,-73.897890,201116
yorba linda,CA,33.888630,-117.813110,67973
york,AL,32.486250,-88.296420,2399
york,AZ,32.911000,-109.195000,557
york,NE,40.868070,-97.592000,7864
york,PA,39.962600,-76.727740,43992
york,SC,34.994300,-81.242020,8009
york beach,ME,43.171480,-70.608940,12854
york hamlet,NY,42.869560,-77.887230,544
york harbor,ME,43.136760,-70.645610,3033
york haven,PA,40.110930,-76.715800,700
york springs,PA,40.008980,-77.115540,838
yorketown,NJ,40.307890,-74.337650,6535
yorklyn,PA,39.992320,-76.646350,1912
yorkshire,NY,42.530060,-78.472800,1180
yorkshire,VA,38.793170,-77.447770,7541
yorktown,IN,40.173650,-85.494140,11231
yorktown,PA,39.973450,-75.152960,5909
yorktown,TX,28.981090,-97.502770,2145
yorktown,VA,37.238580,-76.508940,195
yorktown heights,NY,41.270930,-73.777630,1781
yorkville,IL,41.641140,-88.447290,18451
yorkville,NY,43.112850,-75.271000,2634
yorkville,OH,40.154520,-80.710360,1044
yosemite lakes,CA,37.191060,-119.772650,4952
yosemite valley,CA,37.740750,-119.577880,1035
young,AZ,34.101430,-110.963740,666
young america (historical),MN,44.782740,-93.913580,1530
young harris,GA,34.933150,-83.847120,1325
youngstown,FL,30.364360,-85.438260,4324
youngstown,NY,43.247280,-79.050050,1921
youngstown,OH,41.099780,-80.649520,64628
youngsville,LA,30.099650,-91.990120,11961
youngsville,NC,36.024870,-78.474440,1217
youngsville,PA,40.781210,-75.476850,1732
youngtown,AZ,33.593930,-112.302940,6613
youngwood,PA,40.240350,-79.576710,2956
yountville,CA,38.401580,-122.360810,3017
ypsilanti,MI,42.241150,-83.612990,19945
yreka,CA,41.735420,-122.634470,7597
yuba city,CA,39.140450,-121.616910,66941
yucaipa,CA,34.033630,-117.043090,53328
yucca valley,CA,34.114170,-116.432240,21600
yukon,OK,35.506720,-97.762540,25892
yukon,PA,40.212570,-79.682820,677
yulee,FL,30.631900,-81.606490,11491
yuma,AZ,32.725320,-114.624400,95548
yuma,CO,40.122210,-102.725210,3596
yutan,NE,41.245000,-96.397250,1212
zachary,LA,30.648520,-91.156500,16448
zanesville,IN,40.917270,-85.280530,610
zanesville,OH,39.940350,-82.013190,25498
zapata,TX,26.907260,-99.271430,5089
zavalla,TX,31.158520,-94.426310,715
zayante,CA,37.091890,-122.043570,705
zearing,IA,42.161100,-93.297150,537
zebulon,GA,33.102350,-84.342700,1153
zebulon,NC,35.824320,-78.314720,4964
zeeland,MI,42.812520,-86.018650,5626
zeigler,IL,37.899490,-89.052020,1765
zelienople,PA,40.794510,-80.136730,3709
zellwood,FL,28.731110,-81.601180,2817
zena,NY,42.016760,-74.076250,1031
zephyr cove,NV,39.002130,-119.956010,565
zephyrhills,FL,28.233620,-82.181190,14611
zephyrhills north,FL,28.251720,-82.165570,2600
zephyrhills south,FL,28.214920,-82.188730,5276
zephyrhills west,FL,28.230810,-82.205560,5865
zia pueblo,NM,35.506980,-106.720310,737
zillah,WA,46.402070,-120.262000,3138
zilwaukee,MI,43.476410,-83.920530,1577
zimmerman,MN,45.443300,-93.589960,5350
zion,IL,42.446130,-87.832850,24117
zion,PA,40.914230,-77.684720,2030
zionsville,IN,39.950870,-86.261940,26296
zolfo springs,FL,27.493370,-81.795920,1803
zumbrota,MN,44.294130,-92.669080,3365
zuni pueblo,NM,35.072530,-108.850640,6302
zwolle,LA,31.631560,-93.644070,1972
ʻewa beach-iroquois point,HI,21.315320,-157.991330,21088
ʻewa gentry-west loch,HI,21.353350,-158.028360,35828
ʻewa villages-honouliuli,HI,21.345300,-158.051210,6699
‘aiea,HI,21.382220,-157.933610,9338
‘aiea heights,HI,21.390830,-157.920530,5487
‘ele‘ele,HI,21.907380,-159.583220,2390
‘ewa beach,HI,21.315560,-158.007220,16415
‘ewa gentry,HI,21.339990,-158.030390,22690
‘ewa villages,HI,21.341270,-158.039700,6108
‘āhuimanu,HI,21.444720,-157.837780,8810
‘ālewa heights,HI,21.340510,-157.848170,2305
‘ōma‘o,HI,21.925810,-159.488180,1301
